step,att,aql,awt,throughput,intersection_0_1_queued,intersection_0_1_moving,intersection_0_1_occupancy,intersection_0_1_tau,intersection_0_2_queued,intersection_0_2_moving,intersection_0_2_occupancy,intersection_0_2_tau,intersection_0_3_queued,intersection_0_3_moving,intersection_0_3_occupancy,intersection_0_3_tau,intersection_0_4_queued,intersection_0_4_moving,intersection_0_4_occupancy,intersection_0_4_tau,intersection_1_0_queued,intersection_1_0_moving,intersection_1_0_occupancy,intersection_1_0_tau,intersection_1_1_queued,intersection_1_1_moving,intersection_1_1_occupancy,intersection_1_1_tau,intersection_1_2_queued,intersection_1_2_moving,intersection_1_2_occupancy,intersection_1_2_tau,intersection_1_3_queued,intersection_1_3_moving,intersection_1_3_occupancy,intersection_1_3_tau,intersection_1_4_queued,intersection_1_4_moving,intersection_1_4_occupancy,intersection_1_4_tau,intersection_1_5_queued,intersection_1_5_moving,intersection_1_5_occupancy,intersection_1_5_tau,intersection_2_0_queued,intersection_2_0_moving,intersection_2_0_occupancy,intersection_2_0_tau,intersection_2_1_queued,intersection_2_1_moving,intersection_2_1_occupancy,intersection_2_1_tau,intersection_2_2_queued,intersection_2_2_moving,intersection_2_2_occupancy,intersection_2_2_tau,intersection_2_3_queued,intersection_2_3_moving,intersection_2_3_occupancy,intersection_2_3_tau,intersection_2_4_queued,intersection_2_4_moving,intersection_2_4_occupancy,intersection_2_4_tau,intersection_2_5_queued,intersection_2_5_moving,intersection_2_5_occupancy,intersection_2_5_tau,intersection_3_0_queued,intersection_3_0_moving,intersection_3_0_occupancy,intersection_3_0_tau,intersection_3_1_queued,intersection_3_1_moving,intersection_3_1_occupancy,intersection_3_1_tau,intersection_3_2_queued,intersection_3_2_moving,intersection_3_2_occupancy,intersection_3_2_tau,intersection_3_3_queued,intersection_3_3_moving,intersection_3_3_occupancy,intersection_3_3_tau,intersection_3_4_queued,intersection_3_4_moving,intersection_3_4_occupancy,intersection_3_4_tau,intersection_3_5_queued,intersection_3_5_moving,intersection_3_5_occupancy,intersection_3_5_tau,intersection_4_0_queued,intersection_4_0_moving,intersection_4_0_occupancy,intersection_4_0_tau,intersection_4_1_queued,intersection_4_1_moving,intersection_4_1_occupancy,intersection_4_1_tau,intersection_4_2_queued,intersection_4_2_moving,intersection_4_2_occupancy,intersection_4_2_tau,intersection_4_3_queued,intersection_4_3_moving,intersection_4_3_occupancy,intersection_4_3_tau,intersection_4_4_queued,intersection_4_4_moving,intersection_4_4_occupancy,intersection_4_4_tau,intersection_4_5_queued,intersection_4_5_moving,intersection_4_5_occupancy,intersection_4_5_tau,intersection_5_1_queued,intersection_5_1_moving,intersection_5_1_occupancy,intersection_5_1_tau,intersection_5_2_queued,intersection_5_2_moving,intersection_5_2_occupancy,intersection_5_2_tau,intersection_5_3_queued,intersection_5_3_moving,intersection_5_3_occupancy,intersection_5_3_tau,intersection_5_4_queued,intersection_5_4_moving,intersection_5_4_occupancy,intersection_5_4_tau
0,0.0,0.0,0.0,0,0,0,0.0,0.0,0,0,0.0,0.0,0,0,0.0,0.0,0,0,0.0,0.0,0,0,0.0,0.0,0,0,0.0,0.0,0,0,0.0,0.0,0,0,0.0,0.0,0,0,0.0,0.0,0,0,0.0,0.0,0,0,0.0,0.0,0,0,0.0,0.0,0,0,0.0,0.0,0,0,0.0,0.0,0,0,0.0,0.0,0,0,0.0,0.0,0,0,0.0,0.0,0,0,0.0,0.0,0,0,0.0,0.0,0,0,0.0,0.0,0,0,0.0,0.0,0,0,0.0,0.0,0,0,0.0,0.0,0,0,0.0,0.0,0,0,0.0,0.0,0,0,0.0,0.0,0,0,0.0,0.0,0,0,0.0,0.0,0,0,0.0,0.0,0,0,0.0,0.0,0,0,0.0,0.0,0,0,0.0,0.0
1,1.0,0.0,0.0,0,0,3,0.037,0.0,0,3,0.037,0.0,0,3,0.037,0.0,0,3,0.037,0.0,0,3,0.037,0.0,0,3,0.037,0.0,0,3,0.037,0.0,0,3,0.037,0.0,0,3,0.037,0.0,0,3,0.037,0.0,0,3,0.037,0.0,0,3,0.037,0.0,0,3,0.037,0.0,0,3,0.037,0.0,0,3,0.037,0.0,0,3,0.037,0.0,0,3,0.037,0.0,0,3,0.037,0.0,0,3,0.037,0.0,0,3,0.037,0.0,0,3,0.037,0.0,0,3,0.037,0.0,0,3,0.037,0.0,0,3,0.037,0.0,0,3,0.037,0.0,0,3,0.037,0.0,0,3,0.037,0.0,0,3,0.037,0.0,0,3,0.037,0.0,0,3,0.037,0.0,0,3,0.037,0.0,0,3,0.037,0.0
2,1.45,0.0,0.0,0,0,6,0.075,0.0,0,6,0.075,0.0,0,6,0.075,0.0,0,6,0.075,0.0,0,6,0.075,0.0,0,6,0.075,0.0,0,6,0.075,0.0,0,6,0.075,0.0,0,6,0.075,0.0,0,6,0.075,0.0,0,6,0.075,0.0,0,6,0.075,0.0,0,6,0.075,0.0,0,6,0.075,0.0,0,6,0.075,0.0,0,6,0.075,0.0,0,6,0.075,0.0,0,6,0.075,0.0,0,6,0.075,0.0,0,6,0.075,0.0,0,6,0.075,0.0,0,6,0.075,0.0,0,6,0.075,0.0,0,6,0.075,0.0,0,6,0.075,0.0,0,6,0.075,0.0,0,6,0.075,0.0,0,6,0.075,0.0,0,6,0.075,0.0,0,6,0.075,0.0,0,6,0.075,0.0,0,6,0.075,0.0
3,2.23,0.0,0.0,0,0,7,0.087,0.0,0,7,0.087,0.0,0,7,0.087,0.0,0,7,0.087,0.0,0,7,0.087,0.0,0,7,0.087,0.0,0,7,0.087,0.0,0,7,0.087,0.0,0,7,0.087,0.0,0,7,0.087,0.0,0,7,0.087,0.0,0,7,0.087,0.0,0,7,0.087,0.0,0,7,0.087,0.0,0,7,0.087,0.0,0,7,0.087,0.0,0,7,0.087,0.0,0,7,0.087,0.0,0,7,0.087,0.0,0,7,0.087,0.0,0,7,0.087,0.0,0,7,0.087,0.0,0,7,0.087,0.0,0,7,0.087,0.0,0,7,0.087,0.0,0,7,0.087,0.0,0,7,0.087,0.0,0,7,0.087,0.0,0,7,0.087,0.0,0,7,0.087,0.0,0,7,0.087,0.0,0,7,0.087,0.0
4,3.07,0.0,0.0,0,0,9,0.113,0.0,0,9,0.113,0.0,0,9,0.113,0.0,0,9,0.113,0.0,0,9,0.113,0.0,0,9,0.113,0.0,0,9,0.113,0.0,0,9,0.113,0.0,0,9,0.113,0.0,0,9,0.113,0.0,0,9,0.113,0.0,0,9,0.113,0.0,0,9,0.113,0.0,0,9,0.113,0.0,0,9,0.113,0.0,0,9,0.113,0.0,0,9,0.113,0.0,0,9,0.113,0.0,0,9,0.113,0.0,0,9,0.113,0.0,0,9,0.113,0.0,0,9,0.113,0.0,0,9,0.113,0.0,0,9,0.113,0.0,0,9,0.113,0.0,0,9,0.113,0.0,0,9,0.113,0.0,0,9,0.113,0.0,0,9,0.113,0.0,0,9,0.113,0.0,0,9,0.113,0.0,0,9,0.113,0.0
5,4.07,0.0,0.0,0,0,10,0.125,0.0,0,10,0.125,0.0,0,10,0.125,0.0,0,10,0.125,0.0,0,10,0.125,0.0,0,10,0.125,0.0,0,10,0.125,0.0,0,10,0.125,0.0,0,10,0.125,0.0,0,10,0.125,0.0,0,10,0.125,0.0,0,10,0.125,0.0,0,10,0.125,0.0,0,10,0.125,0.0,0,10,0.125,0.0,0,10,0.125,0.0,0,10,0.125,0.0,0,10,0.125,0.0,0,10,0.125,0.0,0,10,0.125,0.0,0,10,0.125,0.0,0,10,0.125,0.0,0,10,0.125,0.0,0,10,0.125,0.0,0,10,0.125,0.0,0,10,0.125,0.0,0,10,0.125,0.0,0,10,0.125,0.0,0,10,0.125,0.0,0,10,0.125,0.0,0,10,0.125,0.0,0,10,0.125,0.0
6,4.0,0.0,0.0,0,0,13,0.163,0.0,0,13,0.163,0.0,0,13,0.163,0.0,0,13,0.163,0.0,0,13,0.163,0.0,0,13,0.163,0.0,0,13,0.163,0.0,0,13,0.163,0.0,0,13,0.163,0.0,0,13,0.163,0.0,0,13,0.163,0.0,0,13,0.163,0.0,0,13,0.163,0.0,0,13,0.163,0.0,0,13,0.163,0.0,0,13,0.163,0.0,0,13,0.163,0.0,0,13,0.163,0.0,0,13,0.163,0.0,0,13,0.163,0.0,0,13,0.163,0.0,0,13,0.163,0.0,0,13,0.163,0.0,0,13,0.163,0.0,0,13,0.163,0.0,0,13,0.163,0.0,0,13,0.163,0.0,0,13,0.163,0.0,0,13,0.163,0.0,0,13,0.163,0.0,0,13,0.163,0.0,0,13,0.163,0.0
7,4.04,0.0,0.0,0,0,17,0.212,0.0,0,17,0.212,0.0,0,17,0.212,0.0,0,17,0.212,0.0,0,17,0.212,0.0,0,17,0.212,0.0,0,17,0.212,0.0,0,17,0.212,0.0,0,17,0.212,0.0,0,17,0.212,0.0,0,17,0.212,0.0,0,17,0.212,0.0,0,17,0.212,0.0,0,17,0.212,0.0,0,17,0.212,0.0,0,17,0.212,0.0,0,17,0.212,0.0,0,17,0.212,0.0,0,17,0.212,0.0,0,17,0.212,0.0,0,17,0.212,0.0,0,17,0.212,0.0,0,17,0.212,0.0,0,17,0.212,0.0,0,17,0.212,0.0,0,17,0.212,0.0,0,17,0.212,0.0,0,17,0.212,0.0,0,17,0.212,0.0,0,17,0.212,0.0,0,17,0.212,0.0,0,17,0.212,0.0
8,4.48,0.0,0.0,0,0,17,0.212,0.0,0,17,0.212,0.0,0,17,0.212,0.0,0,17,0.212,0.0,0,17,0.212,0.0,0,17,0.212,0.0,0,17,0.212,0.0,0,17,0.212,0.0,0,17,0.212,0.0,0,17,0.212,0.0,0,17,0.212,0.0,0,17,0.212,0.0,0,17,0.212,0.0,0,17,0.212,0.0,0,17,0.212,0.0,0,17,0.212,0.0,0,17,0.212,0.0,0,17,0.212,0.0,0,17,0.212,0.0,0,17,0.212,0.0,0,17,0.212,0.0,0,17,0.212,0.0,0,17,0.212,0.0,0,17,0.212,0.0,0,17,0.212,0.0,0,17,0.212,0.0,0,17,0.212,0.0,0,17,0.212,0.0,0,17,0.212,0.0,0,17,0.212,0.0,0,17,0.212,0.0,0,17,0.212,0.0
9,4.94,0.0,0.0,0,0,19,0.237,0.0,0,19,0.237,0.0,0,19,0.237,0.0,0,19,0.237,0.0,0,19,0.237,0.0,0,19,0.237,0.0,0,19,0.237,0.0,0,19,0.237,0.0,0,19,0.237,0.0,0,19,0.237,0.0,0,19,0.237,0.0,0,19,0.237,0.0,0,19,0.237,0.0,0,19,0.237,0.0,0,19,0.237,0.0,0,19,0.237,0.0,0,19,0.237,0.0,0,19,0.237,0.0,0,19,0.237,0.0,0,19,0.237,0.0,0,19,0.237,0.0,0,19,0.237,0.0,0,19,0.237,0.0,0,19,0.237,0.0,0,19,0.237,0.0,0,19,0.237,0.0,0,19,0.237,0.0,0,19,0.237,0.0,0,19,0.237,0.0,0,19,0.237,0.0,0,19,0.237,0.0,0,19,0.237,0.0
10,5.53,0.0,0.0,0,0,21,0.263,0.0,0,21,0.263,0.0,0,21,0.263,0.0,0,21,0.263,0.0,0,21,0.263,0.0,0,21,0.263,0.0,0,21,0.263,0.0,0,21,0.263,0.0,0,21,0.263,0.0,0,21,0.263,0.0,0,21,0.263,0.0,0,21,0.263,0.0,0,21,0.263,0.0,0,21,0.263,0.0,0,21,0.263,0.0,0,21,0.263,0.0,0,21,0.263,0.0,0,21,0.263,0.0,0,21,0.263,0.0,0,21,0.263,0.0,0,21,0.263,0.0,0,21,0.263,0.0,0,21,0.263,0.0,0,21,0.263,0.0,0,21,0.263,0.0,0,21,0.263,0.0,0,21,0.263,0.0,0,21,0.263,0.0,0,21,0.263,0.0,0,21,0.263,0.0,0,21,0.263,0.0,0,21,0.263,0.0
11,6.1,0.0,0.0,0,0,21,0.263,0.0,0,21,0.263,0.0,0,21,0.263,0.0,0,21,0.263,0.0,0,21,0.263,0.0,0,21,0.263,0.0,0,21,0.263,0.0,0,21,0.263,0.0,0,21,0.263,0.0,0,21,0.263,0.0,0,21,0.263,0.0,0,21,0.263,0.0,0,21,0.263,0.0,0,21,0.263,0.0,0,21,0.263,0.0,0,21,0.263,0.0,0,21,0.263,0.0,0,21,0.263,0.0,0,21,0.263,0.0,0,21,0.263,0.0,0,21,0.263,0.0,0,21,0.263,0.0,0,21,0.263,0.0,0,21,0.263,0.0,0,21,0.263,0.0,0,21,0.263,0.0,0,21,0.263,0.0,0,21,0.263,0.0,0,21,0.263,0.0,0,21,0.263,0.0,0,21,0.263,0.0,0,21,0.263,0.0
12,6.8,0.0,0.0,0,0,23,0.287,0.0,0,23,0.287,0.0,0,23,0.287,0.0,0,23,0.287,0.0,0,23,0.287,0.0,0,23,0.287,0.0,0,23,0.287,0.0,0,23,0.287,0.0,0,23,0.287,0.0,0,23,0.287,0.0,0,23,0.287,0.0,0,23,0.287,0.0,0,23,0.287,0.0,0,23,0.287,0.0,0,23,0.287,0.0,0,23,0.287,0.0,0,23,0.287,0.0,0,23,0.287,0.0,0,23,0.287,0.0,0,23,0.287,0.0,0,23,0.287,0.0,0,23,0.287,0.0,0,23,0.287,0.0,0,23,0.287,0.0,0,23,0.287,0.0,0,23,0.287,0.0,0,23,0.287,0.0,0,23,0.287,0.0,0,23,0.287,0.0,0,23,0.287,0.0,0,23,0.287,0.0,0,23,0.287,0.0
13,7.49,0.0,0.0,0,0,26,0.325,0.0,0,26,0.325,0.0,0,26,0.325,0.0,0,26,0.325,0.0,0,26,0.325,0.0,0,26,0.325,0.0,0,26,0.325,0.0,0,26,0.325,0.0,0,26,0.325,0.0,0,26,0.325,0.0,0,26,0.325,0.0,0,26,0.325,0.0,0,26,0.325,0.0,0,26,0.325,0.0,0,26,0.325,0.0,0,26,0.325,0.0,0,26,0.325,0.0,0,26,0.325,0.0,0,26,0.325,0.0,0,26,0.325,0.0,0,26,0.325,0.0,0,26,0.325,0.0,0,26,0.325,0.0,0,26,0.325,0.0,0,26,0.325,0.0,0,26,0.325,0.0,0,26,0.325,0.0,0,26,0.325,0.0,0,26,0.325,0.0,0,26,0.325,0.0,0,26,0.325,0.0,0,26,0.325,0.0
14,8.16,0.0,0.0,0,0,27,0.338,0.0,0,27,0.338,0.0,0,27,0.338,0.0,0,27,0.338,0.0,0,27,0.338,0.0,0,27,0.338,0.0,0,27,0.338,0.0,0,27,0.338,0.0,0,27,0.338,0.0,0,27,0.338,0.0,0,27,0.338,0.0,0,27,0.338,0.0,0,27,0.338,0.0,0,27,0.338,0.0,0,27,0.338,0.0,0,27,0.338,0.0,0,27,0.338,0.0,0,27,0.338,0.0,0,27,0.338,0.0,0,27,0.338,0.0,0,27,0.338,0.0,0,27,0.338,0.0,0,27,0.338,0.0,0,27,0.338,0.0,0,27,0.338,0.0,0,27,0.338,0.0,0,27,0.338,0.0,0,27,0.338,0.0,0,27,0.338,0.0,0,27,0.338,0.0,0,27,0.338,0.0,0,27,0.338,0.0
15,8.98,0.0,0.0,0,0,28,0.35,0.0,0,28,0.35,0.0,0,28,0.35,0.0,0,28,0.35,0.0,0,28,0.35,0.0,0,28,0.35,0.0,0,28,0.35,0.0,0,28,0.35,0.0,0,28,0.35,0.0,0,28,0.35,0.0,0,28,0.35,0.0,0,28,0.35,0.0,0,28,0.35,0.0,0,28,0.35,0.0,0,28,0.35,0.0,0,28,0.35,0.0,0,28,0.35,0.0,0,28,0.35,0.0,0,28,0.35,0.0,0,28,0.35,0.0,0,28,0.35,0.0,0,28,0.35,0.0,0,28,0.35,0.0,0,28,0.35,0.0,0,28,0.35,0.0,0,28,0.35,0.0,0,28,0.35,0.0,0,28,0.35,0.0,0,28,0.35,0.0,0,28,0.35,0.0,0,28,0.35,0.0,0,28,0.35,0.0
16,9.26,0.0,0.0,0,0,31,0.388,0.0,0,31,0.388,0.0,0,31,0.388,0.0,0,31,0.388,0.0,0,31,0.388,0.0,0,31,0.388,0.0,0,31,0.388,0.0,0,31,0.388,0.0,0,31,0.388,0.0,0,31,0.388,0.0,0,31,0.388,0.0,0,31,0.388,0.0,0,31,0.388,0.0,0,31,0.388,0.0,0,31,0.388,0.0,0,31,0.388,0.0,0,31,0.388,0.0,0,31,0.388,0.0,0,31,0.388,0.0,0,31,0.388,0.0,0,31,0.388,0.0,0,31,0.388,0.0,0,31,0.388,0.0,0,31,0.388,0.0,0,31,0.388,0.0,0,31,0.388,0.0,0,31,0.388,0.0,0,31,0.388,0.0,0,31,0.388,0.0,0,31,0.388,0.0,0,31,0.388,0.0,0,31,0.388,0.0
17,9.9,0.0,0.0,0,0,31,0.388,0.0,0,31,0.388,0.0,0,31,0.388,0.0,0,31,0.388,0.0,0,31,0.388,0.0,0,31,0.388,0.0,0,31,0.388,0.0,0,31,0.388,0.0,0,31,0.388,0.0,0,31,0.388,0.0,0,31,0.388,0.0,0,31,0.388,0.0,0,31,0.388,0.0,0,31,0.388,0.0,0,31,0.388,0.0,0,31,0.388,0.0,0,31,0.388,0.0,0,31,0.388,0.0,0,31,0.388,0.0,0,31,0.388,0.0,0,31,0.388,0.0,0,31,0.388,0.0,0,31,0.388,0.0,0,31,0.388,0.0,0,31,0.388,0.0,0,31,0.388,0.0,0,31,0.388,0.0,0,31,0.388,0.0,0,31,0.388,0.0,0,31,0.388,0.0,0,31,0.388,0.0,0,31,0.388,0.0
18,10.36,0.0,0.0,0,0,33,0.412,0.0,0,33,0.412,0.0,0,33,0.412,0.0,0,33,0.412,0.0,0,33,0.412,0.0,0,33,0.412,0.0,0,33,0.412,0.0,0,33,0.412,0.0,0,33,0.412,0.0,0,33,0.412,0.0,0,33,0.412,0.0,0,33,0.412,0.0,0,33,0.412,0.0,0,33,0.412,0.0,0,33,0.412,0.0,0,33,0.412,0.0,0,33,0.412,0.0,0,33,0.412,0.0,0,33,0.412,0.0,0,33,0.412,0.0,0,33,0.412,0.0,0,33,0.412,0.0,0,33,0.412,0.0,0,33,0.412,0.0,0,33,0.412,0.0,0,33,0.412,0.0,0,33,0.412,0.0,0,33,0.412,0.0,0,33,0.412,0.0,0,33,0.412,0.0,0,33,0.412,0.0,0,33,0.412,0.0
19,10.83,0.0,0.0,0,0,36,0.45,0.0,0,36,0.45,0.0,0,36,0.45,0.0,0,36,0.45,0.0,0,36,0.45,0.0,0,36,0.45,0.0,0,36,0.45,0.0,0,36,0.45,0.0,0,36,0.45,0.0,0,36,0.45,0.0,0,36,0.45,0.0,0,36,0.45,0.0,0,36,0.45,0.0,0,36,0.45,0.0,0,36,0.45,0.0,0,36,0.45,0.0,0,36,0.45,0.0,0,36,0.45,0.0,0,36,0.45,0.0,0,36,0.45,0.0,0,36,0.45,0.0,0,36,0.45,0.0,0,36,0.45,0.0,0,36,0.45,0.0,0,36,0.45,0.0,0,36,0.45,0.0,0,36,0.45,0.0,0,36,0.45,0.0,0,36,0.45,0.0,0,36,0.45,0.0,0,36,0.45,0.0,0,36,0.45,0.0
20,11.83,0.0,0.0,0,0,36,0.45,0.0,0,36,0.45,0.0,0,36,0.45,0.0,0,36,0.45,0.0,0,36,0.45,0.0,0,36,0.45,0.0,0,36,0.45,0.0,0,36,0.45,0.0,0,36,0.45,0.0,0,36,0.45,0.0,0,36,0.45,0.0,0,36,0.45,0.0,0,36,0.45,0.0,0,36,0.45,0.0,0,36,0.45,0.0,0,36,0.45,0.0,0,36,0.45,0.0,0,36,0.45,0.0,0,36,0.45,0.0,0,36,0.45,0.0,0,36,0.45,0.0,0,36,0.45,0.0,0,36,0.45,0.0,0,36,0.45,0.0,0,36,0.45,0.0,0,36,0.45,0.0,0,36,0.45,0.0,0,36,0.45,0.0,0,36,0.45,0.0,0,36,0.45,0.0,0,36,0.45,0.0,0,36,0.45,0.0
21,12.25,0.0,0.0,0,0,38,0.475,0.0,0,38,0.475,0.0,0,38,0.475,0.0,0,38,0.475,0.0,0,38,0.475,0.0,0,38,0.475,0.0,0,38,0.475,0.0,0,38,0.475,0.0,0,38,0.475,0.0,0,38,0.475,0.0,0,38,0.475,0.0,0,38,0.475,0.0,0,38,0.475,0.0,0,38,0.475,0.0,0,38,0.475,0.0,0,38,0.475,0.0,0,38,0.475,0.0,0,38,0.475,0.0,0,38,0.475,0.0,0,38,0.475,0.0,0,38,0.475,0.0,0,38,0.475,0.0,0,38,0.475,0.0,0,38,0.475,0.0,0,38,0.475,0.0,0,38,0.475,0.0,0,38,0.475,0.0,0,38,0.475,0.0,0,38,0.475,0.0,0,38,0.475,0.0,0,38,0.475,0.0,0,38,0.475,0.0
22,12.86,0.0,0.0,0,0,41,0.512,0.0,0,41,0.512,0.0,0,41,0.512,0.0,0,41,0.512,0.0,0,41,0.512,0.0,0,41,0.512,0.0,0,41,0.512,0.0,0,41,0.512,0.0,0,41,0.512,0.0,0,41,0.512,0.0,0,41,0.512,0.0,0,41,0.512,0.0,0,41,0.512,0.0,0,41,0.512,0.0,0,41,0.512,0.0,0,41,0.512,0.0,0,41,0.512,0.0,0,41,0.512,0.0,0,41,0.512,0.0,0,41,0.512,0.0,0,41,0.512,0.0,0,41,0.512,0.0,0,41,0.512,0.0,0,41,0.512,0.0,0,41,0.512,0.0,0,41,0.512,0.0,0,41,0.512,0.0,0,41,0.512,0.0,0,41,0.512,0.0,0,41,0.512,0.0,0,41,0.512,0.0,0,41,0.512,0.0
23,13.46,0.0,0.0,0,0,41,0.512,0.0,0,41,0.512,0.0,0,41,0.512,0.0,0,41,0.512,0.0,0,41,0.512,0.0,0,41,0.512,0.0,0,41,0.512,0.0,0,41,0.512,0.0,0,41,0.512,0.0,0,41,0.512,0.0,0,41,0.512,0.0,0,41,0.512,0.0,0,41,0.512,0.0,0,41,0.512,0.0,0,41,0.512,0.0,0,41,0.512,0.0,0,41,0.512,0.0,0,41,0.512,0.0,0,41,0.512,0.0,0,41,0.512,0.0,0,41,0.512,0.0,0,41,0.512,0.0,0,41,0.512,0.0,0,41,0.512,0.0,0,41,0.512,0.0,0,41,0.512,0.0,0,41,0.512,0.0,0,41,0.512,0.0,0,41,0.512,0.0,0,41,0.512,0.0,0,41,0.512,0.0,0,41,0.512,0.0
24,14.06,0.0,0.0,0,0,42,0.525,0.0,0,42,0.525,0.0,0,42,0.525,0.0,0,42,0.525,0.0,0,42,0.525,0.0,0,42,0.525,0.0,0,42,0.525,0.0,0,42,0.525,0.0,0,42,0.525,0.0,0,42,0.525,0.0,0,42,0.525,0.0,0,42,0.525,0.0,0,42,0.525,0.0,0,42,0.525,0.0,0,42,0.525,0.0,0,42,0.525,0.0,0,42,0.525,0.0,0,42,0.525,0.0,0,42,0.525,0.0,0,42,0.525,0.0,0,42,0.525,0.0,0,42,0.525,0.0,0,42,0.525,0.0,0,42,0.525,0.0,0,42,0.525,0.0,0,42,0.525,0.0,0,42,0.525,0.0,0,42,0.525,0.0,0,42,0.525,0.0,0,42,0.525,0.0,0,42,0.525,0.0,0,42,0.525,0.0
25,14.85,0.0,0.0,0,0,44,0.55,0.0,0,44,0.55,0.0,0,44,0.55,0.0,0,44,0.55,0.0,0,44,0.55,0.0,0,44,0.55,0.0,0,44,0.55,0.0,0,44,0.55,0.0,0,44,0.55,0.0,0,44,0.55,0.0,0,44,0.55,0.0,0,44,0.55,0.0,0,44,0.55,0.0,0,44,0.55,0.0,0,44,0.55,0.0,0,44,0.55,0.0,0,44,0.55,0.0,0,44,0.55,0.0,0,44,0.55,0.0,0,44,0.55,0.0,0,44,0.55,0.0,0,44,0.55,0.0,0,44,0.55,0.0,0,44,0.55,0.0,0,44,0.55,0.0,0,44,0.55,0.0,0,44,0.55,0.0,0,44,0.55,0.0,0,44,0.55,0.0,0,44,0.55,0.0,0,44,0.55,0.0,0,44,0.55,0.0
26,15.43,0.0,0.0,0,0,46,0.575,0.0,0,46,0.575,0.0,0,46,0.575,0.0,0,46,0.575,0.0,0,46,0.575,0.0,0,46,0.575,0.0,0,46,0.575,0.0,0,46,0.575,0.0,0,46,0.575,0.0,0,46,0.575,0.0,0,46,0.575,0.0,0,46,0.575,0.0,0,46,0.575,0.0,0,46,0.575,0.0,0,46,0.575,0.0,0,46,0.575,0.0,0,46,0.575,0.0,0,46,0.575,0.0,0,46,0.575,0.0,0,46,0.575,0.0,0,46,0.575,0.0,0,46,0.575,0.0,0,46,0.575,0.0,0,46,0.575,0.0,0,46,0.575,0.0,0,46,0.575,0.0,0,46,0.575,0.0,0,46,0.575,0.0,0,46,0.575,0.0,0,46,0.575,0.0,0,46,0.575,0.0,0,46,0.575,0.0
27,16.43,0.0,0.0,0,0,47,0.588,0.0,0,47,0.588,0.0,0,47,0.588,0.0,0,47,0.588,0.0,0,47,0.588,0.0,0,47,0.588,0.0,0,47,0.588,0.0,0,47,0.588,0.0,0,47,0.588,0.0,0,47,0.588,0.0,0,47,0.588,0.0,0,47,0.588,0.0,0,47,0.588,0.0,0,47,0.588,0.0,0,47,0.588,0.0,0,47,0.588,0.0,0,47,0.588,0.0,0,47,0.588,0.0,0,47,0.588,0.0,0,47,0.588,0.0,0,47,0.588,0.0,0,47,0.588,0.0,0,47,0.588,0.0,0,47,0.588,0.0,0,47,0.588,0.0,0,47,0.588,0.0,0,47,0.588,0.0,0,47,0.588,0.0,0,47,0.588,0.0,0,47,0.588,0.0,0,47,0.588,0.0,0,47,0.588,0.0
28,17.2,0.0,0.0,0,0,49,0.613,0.0,0,49,0.613,0.0,0,49,0.613,0.0,0,49,0.613,0.0,0,49,0.613,0.0,0,49,0.613,0.0,0,49,0.613,0.0,0,49,0.613,0.0,0,49,0.613,0.0,0,49,0.613,0.0,0,49,0.613,0.0,0,49,0.613,0.0,0,49,0.613,0.0,0,49,0.613,0.0,0,49,0.613,0.0,0,49,0.613,0.0,0,49,0.613,0.0,0,49,0.613,0.0,0,49,0.613,0.0,0,49,0.613,0.0,0,49,0.613,0.0,0,49,0.613,0.0,0,49,0.613,0.0,0,49,0.613,0.0,0,49,0.613,0.0,0,49,0.613,0.0,0,49,0.613,0.0,0,49,0.613,0.0,0,49,0.613,0.0,0,49,0.613,0.0,0,49,0.613,0.0,0,49,0.613,0.0
29,17.28,0.0,0.0,0,0,51,0.637,0.0,0,51,0.637,0.0,0,51,0.637,0.0,0,51,0.637,0.0,0,51,0.637,0.0,0,51,0.637,0.0,0,51,0.637,0.0,0,51,0.637,0.0,0,51,0.637,0.0,0,51,0.637,0.0,0,51,0.637,0.0,0,51,0.637,0.0,0,51,0.637,0.0,0,51,0.637,0.0,0,51,0.637,0.0,0,51,0.637,0.0,0,51,0.637,0.0,0,51,0.637,0.0,0,51,0.637,0.0,0,51,0.637,0.0,0,51,0.637,0.0,0,51,0.637,0.0,0,51,0.637,0.0,0,51,0.637,0.0,0,51,0.637,0.0,0,51,0.637,0.0,0,51,0.637,0.0,0,51,0.637,0.0,0,51,0.637,0.0,0,51,0.637,0.0,0,51,0.637,0.0,0,51,0.637,0.0
30,17.62,0.0,0.0,0,0,52,0.65,0.0,0,52,0.65,0.0,0,52,0.65,0.0,0,52,0.65,0.0,0,52,0.65,0.0,0,52,0.65,0.0,0,52,0.65,0.0,0,52,0.65,0.0,0,52,0.65,0.0,0,52,0.65,0.0,0,52,0.65,0.0,0,52,0.65,0.0,0,52,0.65,0.0,0,52,0.65,0.0,0,52,0.65,0.0,0,52,0.65,0.0,0,52,0.65,0.0,0,52,0.65,0.0,0,52,0.65,0.0,0,52,0.65,0.0,0,52,0.65,0.0,0,52,0.65,0.0,0,52,0.65,0.0,0,52,0.65,0.0,0,52,0.65,0.0,0,52,0.65,0.0,0,52,0.65,0.0,0,52,0.65,0.0,0,52,0.65,0.0,0,52,0.65,0.0,0,52,0.65,0.0,0,52,0.65,0.0
31,17.96,0.0,0.0,0,0,56,0.7,0.0,0,56,0.7,0.0,0,56,0.7,0.0,0,56,0.7,0.0,0,56,0.7,0.0,0,56,0.7,0.0,0,56,0.7,0.0,0,56,0.7,0.0,0,56,0.7,0.0,0,56,0.7,0.0,0,56,0.7,0.0,0,56,0.7,0.0,0,56,0.7,0.0,0,56,0.7,0.0,0,56,0.7,0.0,0,56,0.7,0.0,0,56,0.7,0.0,0,56,0.7,0.0,0,56,0.7,0.0,0,56,0.7,0.0,0,56,0.7,0.0,0,56,0.7,0.0,0,56,0.7,0.0,0,56,0.7,0.0,0,56,0.7,0.0,0,56,0.7,0.0,0,56,0.7,0.0,0,56,0.7,0.0,0,56,0.7,0.0,0,56,0.7,0.0,0,56,0.7,0.0,0,56,0.7,0.0
32,18.12,0.0,0.0,0,0,57,0.713,0.0,0,57,0.713,0.0,0,57,0.713,0.0,0,57,0.713,0.0,0,57,0.713,0.0,0,57,0.713,0.0,0,57,0.713,0.0,0,57,0.713,0.0,0,57,0.713,0.0,0,57,0.713,0.0,0,57,0.713,0.0,0,57,0.713,0.0,0,57,0.713,0.0,0,57,0.713,0.0,0,57,0.713,0.0,0,57,0.713,0.0,0,57,0.713,0.0,0,57,0.713,0.0,0,57,0.713,0.0,0,57,0.713,0.0,0,57,0.713,0.0,0,57,0.713,0.0,0,57,0.713,0.0,0,57,0.713,0.0,0,57,0.713,0.0,0,57,0.713,0.0,0,57,0.713,0.0,0,57,0.713,0.0,0,57,0.713,0.0,0,57,0.713,0.0,0,57,0.713,0.0,0,57,0.713,0.0
33,18.91,0.02,0.04,0,4,54,0.725,1.7,4,54,0.725,1.7,4,54,0.725,1.7,4,54,0.725,1.7,4,54,0.725,1.7,4,54,0.725,1.7,4,54,0.725,1.7,4,54,0.725,1.7,4,54,0.725,1.7,4,54,0.725,1.7,4,54,0.725,1.7,4,54,0.725,1.7,4,54,0.725,1.7,4,54,0.725,1.7,4,54,0.725,1.7,4,54,0.725,1.7,4,54,0.725,1.7,4,54,0.725,1.7,4,54,0.725,1.7,4,54,0.725,1.7,4,54,0.725,1.7,4,54,0.725,1.7,4,54,0.725,1.7,4,54,0.725,1.7,4,54,0.725,1.7,4,54,0.725,1.7,4,54,0.725,1.7,4,54,0.725,1.7,4,54,0.725,1.7,4,54,0.725,1.7,4,54,0.725,1.7,4,54,0.725,1.7
34,19.48,0.02,0.05,0,5,55,0.75,2.1,5,55,0.75,2.1,5,55,0.75,2.1,5,55,0.75,2.1,5,55,0.75,2.1,5,55,0.75,2.1,5,55,0.75,2.1,5,55,0.75,2.1,5,55,0.75,2.1,5,55,0.75,2.1,5,55,0.75,2.1,5,55,0.75,2.1,5,55,0.75,2.1,5,55,0.75,2.1,5,55,0.75,2.1,5,55,0.75,2.1,5,55,0.75,2.1,5,55,0.75,2.1,5,55,0.75,2.1,5,55,0.75,2.1,5,55,0.75,2.1,5,55,0.75,2.1,5,55,0.75,2.1,5,55,0.75,2.1,5,55,0.75,2.1,5,55,0.75,2.1,5,55,0.75,2.1,5,55,0.75,2.1,5,55,0.75,2.1,5,55,0.75,2.1,5,55,0.75,2.1,5,55,0.75,2.1
35,20.48,0.03,0.08,0,8,52,0.75,3.3,8,52,0.75,3.3,8,52,0.75,3.3,8,52,0.75,3.3,8,52,0.75,3.3,8,52,0.75,3.3,8,52,0.75,3.3,8,52,0.75,3.3,8,52,0.75,3.3,8,52,0.75,3.3,8,52,0.75,3.3,8,52,0.75,3.3,8,52,0.75,3.3,8,52,0.75,3.3,8,52,0.75,3.3,8,52,0.75,3.3,8,52,0.75,3.3,8,52,0.75,3.3,8,52,0.75,3.3,8,52,0.75,3.3,8,52,0.75,3.3,8,52,0.75,3.3,8,52,0.75,3.3,8,52,0.75,3.3,8,52,0.75,3.3,8,52,0.75,3.3,8,52,0.75,3.3,8,52,0.75,3.3,8,52,0.75,3.3,8,52,0.75,3.3,8,52,0.75,3.3,8,52,0.75,3.3
36,21.02,0.03,0.08,0,8,55,0.787,3.2,8,55,0.787,3.2,8,55,0.787,3.2,8,55,0.787,3.2,8,55,0.787,3.2,8,55,0.787,3.2,8,55,0.787,3.2,8,55,0.787,3.2,8,55,0.787,3.2,8,55,0.787,3.2,8,55,0.787,3.2,8,55,0.787,3.2,8,55,0.787,3.2,8,55,0.787,3.2,8,55,0.787,3.2,8,55,0.787,3.2,8,55,0.787,3.2,8,55,0.787,3.2,8,55,0.787,3.2,8,55,0.787,3.2,8,55,0.787,3.2,8,55,0.787,3.2,8,55,0.787,3.2,8,55,0.787,3.2,8,55,0.787,3.2,8,55,0.787,3.2,8,55,0.787,3.2,8,55,0.787,3.2,8,55,0.787,3.2,8,55,0.787,3.2,8,55,0.787,3.2,8,55,0.787,3.2
37,21.79,0.04,0.1,0,10,56,0.825,3.8,10,56,0.825,3.8,10,56,0.825,3.8,10,56,0.825,3.8,10,56,0.825,3.8,10,56,0.825,3.8,10,56,0.825,3.8,10,56,0.825,3.8,10,56,0.825,3.8,10,56,0.825,3.8,10,56,0.825,3.8,10,56,0.825,3.8,10,56,0.825,3.8,10,56,0.825,3.8,10,56,0.825,3.8,10,56,0.825,3.8,10,56,0.825,3.8,10,56,0.825,3.8,10,56,0.825,3.8,10,56,0.825,3.8,10,56,0.825,3.8,10,56,0.825,3.8,10,56,0.825,3.8,10,56,0.825,3.8,10,56,0.825,3.8,10,56,0.825,3.8,10,56,0.825,3.8,10,56,0.825,3.8,10,56,0.825,3.8,10,56,0.825,3.8,10,56,0.825,3.8,10,56,0.825,3.8
38,21.66,0.06,0.15,0,14,52,0.825,5.3,14,52,0.825,5.3,14,52,0.825,5.3,14,52,0.825,5.3,14,52,0.825,5.3,14,52,0.825,5.3,14,52,0.825,5.3,14,52,0.825,5.3,14,52,0.825,5.3,14,52,0.825,5.3,14,52,0.825,5.3,14,52,0.825,5.3,14,52,0.825,5.3,14,52,0.825,5.3,14,52,0.825,5.3,14,52,0.825,5.3,14,52,0.825,5.3,14,52,0.825,5.3,14,52,0.825,5.3,14,52,0.825,5.3,14,52,0.825,5.3,14,52,0.825,5.3,14,52,0.825,5.3,14,52,0.825,5.3,14,52,0.825,5.3,14,52,0.825,5.3,14,52,0.825,5.3,14,52,0.825,5.3,14,52,0.825,5.3,14,52,0.825,5.3,14,52,0.825,5.3,14,52,0.825,5.3
39,22.43,0.07,0.17,0,16,53,0.863,5.8,16,53,0.863,5.8,16,53,0.863,5.8,16,53,0.863,5.8,16,53,0.863,5.8,16,53,0.863,5.8,16,53,0.863,5.8,16,53,0.863,5.8,16,53,0.863,5.8,16,53,0.863,5.8,16,53,0.863,5.8,16,53,0.863,5.8,16,53,0.863,5.8,16,53,0.863,5.8,16,53,0.863,5.8,16,53,0.863,5.8,16,53,0.863,5.8,16,53,0.863,5.8,16,53,0.863,5.8,16,53,0.863,5.8,16,53,0.863,5.8,16,53,0.863,5.8,16,53,0.863,5.8,16,53,0.863,5.8,16,53,0.863,5.8,16,53,0.863,5.8,16,53,0.863,5.8,16,53,0.863,5.8,16,53,0.863,5.8,16,53,0.863,5.8,16,53,0.863,5.8,16,53,0.863,5.8
40,22.98,0.08,0.2,0,19,54,0.912,6.5,19,54,0.912,6.5,19,54,0.912,6.5,19,54,0.912,6.5,19,54,0.912,6.5,19,54,0.912,6.5,19,54,0.912,6.5,19,54,0.912,6.5,19,54,0.912,6.5,19,54,0.912,6.5,19,54,0.912,6.5,19,54,0.912,6.5,19,54,0.912,6.5,19,54,0.912,6.5,19,54,0.912,6.5,19,54,0.912,6.5,19,54,0.912,6.5,19,54,0.912,6.5,19,54,0.912,6.5,19,54,0.912,6.5,19,54,0.912,6.5,19,54,0.912,6.5,19,54,0.912,6.5,19,54,0.912,6.5,19,54,0.912,6.5,19,54,0.912,6.5,19,54,0.912,6.5,19,54,0.912,6.5,19,54,0.912,6.5,19,54,0.912,6.5,19,54,0.912,6.5,19,54,0.912,6.5
41,23.3,0.08,0.2,0,19,54,0.912,6.5,19,54,0.912,6.5,19,54,0.912,6.5,19,54,0.912,6.5,19,54,0.912,6.5,19,54,0.912,6.5,19,54,0.912,6.5,19,54,0.912,6.5,19,54,0.912,6.5,19,54,0.912,6.5,19,54,0.912,6.5,19,54,0.912,6.5,19,54,0.912,6.5,19,54,0.912,6.5,19,54,0.912,6.5,19,54,0.912,6.5,19,54,0.912,6.5,19,54,0.912,6.5,19,54,0.912,6.5,19,54,0.912,6.5,19,54,0.912,6.5,19,54,0.912,6.5,19,54,0.912,6.5,19,54,0.912,6.5,19,54,0.912,6.5,19,54,0.912,6.5,19,54,0.912,6.5,19,54,0.912,6.5,19,54,0.912,6.5,19,54,0.912,6.5,19,54,0.912,6.5,19,54,0.912,6.5
42,23.64,0.09,0.23,0,22,53,0.938,7.3,22,53,0.938,7.3,22,53,0.938,7.3,22,53,0.938,7.3,22,53,0.938,7.3,22,53,0.938,7.3,22,53,0.938,7.3,22,53,0.938,7.3,22,53,0.938,7.3,22,53,0.938,7.3,22,53,0.938,7.3,22,53,0.938,7.3,22,53,0.938,7.3,22,53,0.938,7.3,22,53,0.938,7.3,22,53,0.938,7.3,22,53,0.938,7.3,22,53,0.938,7.3,22,53,0.938,7.3,22,53,0.938,7.3,22,53,0.938,7.3,22,53,0.938,7.3,22,53,0.938,7.3,22,53,0.938,7.3,22,53,0.938,7.3,22,53,0.938,7.3,22,53,0.938,7.3,22,53,0.938,7.3,22,53,0.938,7.3,22,53,0.938,7.3,22,53,0.938,7.3,22,53,0.938,7.3
43,24.64,0.1,0.24,0,23,55,0.975,7.4,23,55,0.975,7.4,23,55,0.975,7.4,23,55,0.975,7.4,23,55,0.975,7.4,23,55,0.975,7.4,23,55,0.975,7.4,23,55,0.975,7.4,23,55,0.975,7.4,23,55,0.975,7.4,23,55,0.975,7.4,23,55,0.975,7.4,23,55,0.975,7.4,23,55,0.975,7.4,23,55,0.975,7.4,23,55,0.975,7.4,23,55,0.975,7.4,23,55,0.975,7.4,23,55,0.975,7.4,23,55,0.975,7.4,23,55,0.975,7.4,23,55,0.975,7.4,23,55,0.975,7.4,23,55,0.975,7.4,23,55,0.975,7.4,23,55,0.975,7.4,23,55,0.975,7.4,23,55,0.975,7.4,23,55,0.975,7.4,23,55,0.975,7.4,23,55,0.975,7.4,23,55,0.975,7.4
44,24.95,0.1,0.26,0,25,52,0.963,8.1,25,52,0.963,8.1,25,52,0.963,8.1,25,52,0.963,8.1,25,52,0.963,8.1,25,52,0.963,8.1,25,52,0.963,8.1,25,52,0.963,8.1,25,52,0.963,8.1,25,52,0.963,8.1,25,52,0.963,8.1,25,52,0.963,8.1,25,52,0.963,8.1,25,52,0.963,8.1,25,52,0.963,8.1,25,52,0.963,8.1,25,52,0.963,8.1,25,52,0.963,8.1,25,52,0.963,8.1,25,52,0.963,8.1,25,52,0.963,8.1,25,52,0.963,8.1,25,52,0.963,8.1,25,52,0.963,8.1,25,52,0.963,8.1,25,52,0.963,8.1,25,52,0.963,8.1,25,52,0.963,8.1,25,52,0.963,8.1,25,52,0.963,8.1,25,52,0.963,8.1,25,52,0.963,8.1
45,25.5,0.11,0.28,0,27,51,0.975,8.7,27,51,0.975,8.7,27,51,0.975,8.7,27,51,0.975,8.7,27,51,0.975,8.7,27,51,0.975,8.7,27,51,0.975,8.7,27,51,0.975,8.7,27,51,0.975,8.7,27,51,0.975,8.7,27,51,0.975,8.7,27,51,0.975,8.7,27,51,0.975,8.7,27,51,0.975,8.7,27,51,0.975,8.7,27,51,0.975,8.7,27,51,0.975,8.7,27,51,0.975,8.7,27,51,0.975,8.7,27,51,0.975,8.7,27,51,0.975,8.7,27,51,0.975,8.7,27,51,0.975,8.7,27,51,0.975,8.7,27,51,0.975,8.7,27,51,0.975,8.7,27,51,0.975,8.7,27,51,0.975,8.7,27,51,0.975,8.7,27,51,0.975,8.7,27,51,0.975,8.7,27,51,0.975,8.7
46,26.04,0.12,0.29,0,28,54,1.0,8.5,28,54,1.0,8.5,28,54,1.0,8.5,28,54,1.0,8.5,28,54,1.0,8.5,28,54,1.0,8.5,28,54,1.0,8.5,28,54,1.0,8.5,28,54,1.0,8.5,28,54,1.0,8.5,28,54,1.0,8.5,28,54,1.0,8.5,28,54,1.0,8.5,28,54,1.0,8.5,28,54,1.0,8.5,28,54,1.0,8.5,28,54,1.0,8.5,28,54,1.0,8.5,28,54,1.0,8.5,28,54,1.0,8.5,28,54,1.0,8.5,28,54,1.0,8.5,28,54,1.0,8.5,28,54,1.0,8.5,28,54,1.0,8.5,28,54,1.0,8.5,28,54,1.0,8.5,28,54,1.0,8.5,28,54,1.0,8.5,28,54,1.0,8.5,28,54,1.0,8.5,28,54,1.0,8.5
47,26.81,0.13,0.32,0,31,51,1.0,9.5,31,51,1.0,9.5,31,51,1.0,9.5,31,51,1.0,9.5,31,51,1.0,9.5,31,51,1.0,9.5,31,51,1.0,9.5,31,51,1.0,9.5,31,51,1.0,9.5,31,51,1.0,9.5,31,51,1.0,9.5,31,51,1.0,9.5,31,51,1.0,9.5,31,51,1.0,9.5,31,51,1.0,9.5,31,51,1.0,9.5,31,51,1.0,9.5,31,51,1.0,9.5,31,51,1.0,9.5,31,51,1.0,9.5,31,51,1.0,9.5,31,51,1.0,9.5,31,51,1.0,9.5,31,51,1.0,9.5,31,51,1.0,9.5,31,51,1.0,9.5,31,51,1.0,9.5,31,51,1.0,9.5,31,51,1.0,9.5,31,51,1.0,9.5,31,51,1.0,9.5,31,51,1.0,9.5
48,27.58,0.13,0.33,0,32,51,1.0,9.6,32,51,1.0,9.6,32,51,1.0,9.6,32,51,1.0,9.6,32,51,1.0,9.6,32,51,1.0,9.6,32,51,1.0,9.6,32,51,1.0,9.6,32,51,1.0,9.6,32,51,1.0,9.6,32,51,1.0,9.6,32,51,1.0,9.6,32,51,1.0,9.6,32,51,1.0,9.6,32,51,1.0,9.6,32,51,1.0,9.6,32,51,1.0,9.6,32,51,1.0,9.6,32,51,1.0,9.6,32,51,1.0,9.6,32,51,1.0,9.6,32,51,1.0,9.6,32,51,1.0,9.6,32,51,1.0,9.6,32,51,1.0,9.6,32,51,1.0,9.6,32,51,1.0,9.6,32,51,1.0,9.6,32,51,1.0,9.6,32,51,1.0,9.6,32,51,1.0,9.6,32,51,1.0,9.6
49,28.34,0.15,0.38,0,36,49,1.0,10.6,36,49,1.0,10.6,36,49,1.0,10.6,36,49,1.0,10.6,36,49,1.0,10.6,36,49,1.0,10.6,36,49,1.0,10.6,36,49,1.0,10.6,36,49,1.0,10.6,36,49,1.0,10.6,36,49,1.0,10.6,36,49,1.0,10.6,36,49,1.0,10.6,36,49,1.0,10.6,36,49,1.0,10.6,36,49,1.0,10.6,36,49,1.0,10.6,36,49,1.0,10.6,36,49,1.0,10.6,36,49,1.0,10.6,36,49,1.0,10.6,36,49,1.0,10.6,36,49,1.0,10.6,36,49,1.0,10.6,36,49,1.0,10.6,36,49,1.0,10.6,36,49,1.0,10.6,36,49,1.0,10.6,36,49,1.0,10.6,36,49,1.0,10.6,36,49,1.0,10.6,36,49,1.0,10.6
50,27.71,0.15,0.38,0,36,50,1.0,10.5,36,50,1.0,10.5,36,50,1.0,10.5,36,50,1.0,10.5,36,50,1.0,10.5,36,50,1.0,10.5,36,50,1.0,10.5,36,50,1.0,10.5,36,50,1.0,10.5,36,50,1.0,10.5,36,50,1.0,10.5,36,50,1.0,10.5,36,50,1.0,10.5,36,50,1.0,10.5,36,50,1.0,10.5,36,50,1.0,10.5,36,50,1.0,10.5,36,50,1.0,10.5,36,50,1.0,10.5,36,50,1.0,10.5,36,50,1.0,10.5,36,50,1.0,10.5,36,50,1.0,10.5,36,50,1.0,10.5,36,50,1.0,10.5,36,50,1.0,10.5,36,50,1.0,10.5,36,50,1.0,10.5,36,50,1.0,10.5,36,50,1.0,10.5,36,50,1.0,10.5,36,50,1.0,10.5
51,28.49,0.16,0.4,0,38,50,1.0,10.8,38,50,1.0,10.8,38,50,1.0,10.8,38,50,1.0,10.8,38,50,1.0,10.8,38,50,1.0,10.8,38,50,1.0,10.8,38,50,1.0,10.8,38,50,1.0,10.8,38,50,1.0,10.8,38,50,1.0,10.8,38,50,1.0,10.8,38,50,1.0,10.8,38,50,1.0,10.8,38,50,1.0,10.8,38,50,1.0,10.8,38,50,1.0,10.8,38,50,1.0,10.8,38,50,1.0,10.8,38,50,1.0,10.8,38,50,1.0,10.8,38,50,1.0,10.8,38,50,1.0,10.8,38,50,1.0,10.8,38,50,1.0,10.8,38,50,1.0,10.8,38,50,1.0,10.8,38,50,1.0,10.8,38,50,1.0,10.8,38,50,1.0,10.8,38,50,1.0,10.8,38,50,1.0,10.8
52,29.26,0.16,0.41,0,39,53,1.0,10.6,39,53,1.0,10.6,39,53,1.0,10.6,39,53,1.0,10.6,39,53,1.0,10.6,39,53,1.0,10.6,39,53,1.0,10.6,39,53,1.0,10.6,39,53,1.0,10.6,39,53,1.0,10.6,39,53,1.0,10.6,39,53,1.0,10.6,39,53,1.0,10.6,39,53,1.0,10.6,39,53,1.0,10.6,39,53,1.0,10.6,39,53,1.0,10.6,39,53,1.0,10.6,39,53,1.0,10.6,39,53,1.0,10.6,39,53,1.0,10.6,39,53,1.0,10.6,39,53,1.0,10.6,39,53,1.0,10.6,39,53,1.0,10.6,39,53,1.0,10.6,39,53,1.0,10.6,39,53,1.0,10.6,39,53,1.0,10.6,39,53,1.0,10.6,39,53,1.0,10.6,39,53,1.0,10.6
53,29.79,0.16,0.41,0,39,54,1.0,10.5,39,54,1.0,10.5,39,54,1.0,10.5,39,54,1.0,10.5,39,54,1.0,10.5,39,54,1.0,10.5,39,54,1.0,10.5,39,54,1.0,10.5,39,54,1.0,10.5,39,54,1.0,10.5,39,54,1.0,10.5,39,54,1.0,10.5,39,54,1.0,10.5,39,54,1.0,10.5,39,54,1.0,10.5,39,54,1.0,10.5,39,54,1.0,10.5,39,54,1.0,10.5,39,54,1.0,10.5,39,54,1.0,10.5,39,54,1.0,10.5,39,54,1.0,10.5,39,54,1.0,10.5,39,54,1.0,10.5,39,54,1.0,10.5,39,54,1.0,10.5,39,54,1.0,10.5,39,54,1.0,10.5,39,54,1.0,10.5,39,54,1.0,10.5,39,54,1.0,10.5,39,54,1.0,10.5
54,30.33,0.17,0.44,0,42,53,1.0,11.1,42,53,1.0,11.1,42,53,1.0,11.1,42,53,1.0,11.1,42,53,1.0,11.1,42,53,1.0,11.1,42,53,1.0,11.1,42,53,1.0,11.1,42,53,1.0,11.1,42,53,1.0,11.1,42,53,1.0,11.1,42,53,1.0,11.1,42,53,1.0,11.1,42,53,1.0,11.1,42,53,1.0,11.1,42,53,1.0,11.1,42,53,1.0,11.1,42,53,1.0,11.1,42,53,1.0,11.1,42,53,1.0,11.1,42,53,1.0,11.1,42,53,1.0,11.1,42,53,1.0,11.1,42,53,1.0,11.1,42,53,1.0,11.1,42,53,1.0,11.1,42,53,1.0,11.1,42,53,1.0,11.1,42,53,1.0,11.1,42,53,1.0,11.1,42,53,1.0,11.1,42,53,1.0,11.1
55,31.09,0.17,0.44,0,42,54,1.0,10.9,42,54,1.0,10.9,42,54,1.0,10.9,42,54,1.0,10.9,42,54,1.0,10.9,42,54,1.0,10.9,42,54,1.0,10.9,42,54,1.0,10.9,42,54,1.0,10.9,42,54,1.0,10.9,42,54,1.0,10.9,42,54,1.0,10.9,42,54,1.0,10.9,42,54,1.0,10.9,42,54,1.0,10.9,42,54,1.0,10.9,42,54,1.0,10.9,42,54,1.0,10.9,42,54,1.0,10.9,42,54,1.0,10.9,42,54,1.0,10.9,42,54,1.0,10.9,42,54,1.0,10.9,42,54,1.0,10.9,42,54,1.0,10.9,42,54,1.0,10.9,42,54,1.0,10.9,42,54,1.0,10.9,42,54,1.0,10.9,42,54,1.0,10.9,42,54,1.0,10.9,42,54,1.0,10.9
56,31.85,0.19,0.47,0,45,51,1.0,11.7,45,51,1.0,11.7,45,51,1.0,11.7,45,51,1.0,11.7,45,51,1.0,11.7,45,51,1.0,11.7,45,51,1.0,11.7,45,51,1.0,11.7,45,51,1.0,11.7,45,51,1.0,11.7,45,51,1.0,11.7,45,51,1.0,11.7,45,51,1.0,11.7,45,51,1.0,11.7,45,51,1.0,11.7,45,51,1.0,11.7,45,51,1.0,11.7,45,51,1.0,11.7,45,51,1.0,11.7,45,51,1.0,11.7,45,51,1.0,11.7,45,51,1.0,11.7,45,51,1.0,11.7,45,51,1.0,11.7,45,51,1.0,11.7,45,51,1.0,11.7,45,51,1.0,11.7,45,51,1.0,11.7,45,51,1.0,11.7,45,51,1.0,11.7,45,51,1.0,11.7,45,51,1.0,11.7
57,32.37,0.19,0.47,0,45,52,1.0,11.6,45,52,1.0,11.6,45,52,1.0,11.6,45,52,1.0,11.6,45,52,1.0,11.6,45,52,1.0,11.6,45,52,1.0,11.6,45,52,1.0,11.6,45,52,1.0,11.6,45,52,1.0,11.6,45,52,1.0,11.6,45,52,1.0,11.6,45,52,1.0,11.6,45,52,1.0,11.6,45,52,1.0,11.6,45,52,1.0,11.6,45,52,1.0,11.6,45,52,1.0,11.6,45,52,1.0,11.6,45,52,1.0,11.6,45,52,1.0,11.6,45,52,1.0,11.6,45,52,1.0,11.6,45,52,1.0,11.6,45,52,1.0,11.6,45,52,1.0,11.6,45,52,1.0,11.6,45,52,1.0,11.6,45,52,1.0,11.6,45,52,1.0,11.6,45,52,1.0,11.6,45,52,1.0,11.6
58,32.89,0.21,0.52,0,50,50,1.0,12.5,50,50,1.0,12.5,50,50,1.0,12.5,50,50,1.0,12.5,50,50,1.0,12.5,50,50,1.0,12.5,50,50,1.0,12.5,50,50,1.0,12.5,50,50,1.0,12.5,50,50,1.0,12.5,50,50,1.0,12.5,50,50,1.0,12.5,50,50,1.0,12.5,50,50,1.0,12.5,50,50,1.0,12.5,50,50,1.0,12.5,50,50,1.0,12.5,50,50,1.0,12.5,50,50,1.0,12.5,50,50,1.0,12.5,50,50,1.0,12.5,50,50,1.0,12.5,50,50,1.0,12.5,50,50,1.0,12.5,50,50,1.0,12.5,50,50,1.0,12.5,50,50,1.0,12.5,50,50,1.0,12.5,50,50,1.0,12.5,50,50,1.0,12.5,50,50,1.0,12.5,50,50,1.0,12.5
59,33.17,0.22,0.54,0,52,46,1.0,13.3,52,46,1.0,13.3,52,46,1.0,13.3,52,46,1.0,13.3,52,46,1.0,13.3,52,46,1.0,13.3,52,46,1.0,13.3,52,46,1.0,13.3,52,46,1.0,13.3,52,46,1.0,13.3,52,46,1.0,13.3,52,46,1.0,13.3,52,46,1.0,13.3,52,46,1.0,13.3,52,46,1.0,13.3,52,46,1.0,13.3,52,46,1.0,13.3,52,46,1.0,13.3,52,46,1.0,13.3,52,46,1.0,13.3,52,46,1.0,13.3,52,46,1.0,13.3,52,46,1.0,13.3,52,46,1.0,13.3,52,46,1.0,13.3,52,46,1.0,13.3,52,46,1.0,13.3,52,46,1.0,13.3,52,46,1.0,13.3,52,46,1.0,13.3,52,46,1.0,13.3,52,46,1.0,13.3
60,33.69,0.22,0.55,0,53,47,1.0,13.2,53,47,1.0,13.2,53,47,1.0,13.2,53,47,1.0,13.2,53,47,1.0,13.2,53,47,1.0,13.2,53,47,1.0,13.2,53,47,1.0,13.2,53,47,1.0,13.2,53,47,1.0,13.2,53,47,1.0,13.2,53,47,1.0,13.2,53,47,1.0,13.2,53,47,1.0,13.2,53,47,1.0,13.2,53,47,1.0,13.2,53,47,1.0,13.2,53,47,1.0,13.2,53,47,1.0,13.2,53,47,1.0,13.2,53,47,1.0,13.2,53,47,1.0,13.2,53,47,1.0,13.2,53,47,1.0,13.2,53,47,1.0,13.2,53,47,1.0,13.2,53,47,1.0,13.2,53,47,1.0,13.2,53,47,1.0,13.2,53,47,1.0,13.2,53,47,1.0,13.2,53,47,1.0,13.2
61,33.52,0.21,0.53,0,51,50,1.0,12.6,51,50,1.0,12.6,51,50,1.0,12.6,51,50,1.0,12.6,51,50,1.0,12.6,51,50,1.0,12.6,51,50,1.0,12.6,51,50,1.0,12.6,51,50,1.0,12.6,51,50,1.0,12.6,51,50,1.0,12.6,51,50,1.0,12.6,51,50,1.0,12.6,51,50,1.0,12.6,51,50,1.0,12.6,51,50,1.0,12.6,51,50,1.0,12.6,51,50,1.0,12.6,51,50,1.0,12.6,51,50,1.0,12.6,51,50,1.0,12.6,51,50,1.0,12.6,51,50,1.0,12.6,51,50,1.0,12.6,51,50,1.0,12.6,51,50,1.0,12.6,51,50,1.0,12.6,51,50,1.0,12.6,51,50,1.0,12.6,51,50,1.0,12.6,51,50,1.0,12.6,51,50,1.0,12.6
62,34.29,0.19,0.48,0,46,54,1.0,11.5,46,54,1.0,11.5,46,54,1.0,11.5,46,54,1.0,11.5,46,54,1.0,11.5,46,54,1.0,11.5,46,54,1.0,11.5,46,54,1.0,11.5,46,54,1.0,11.5,46,54,1.0,11.5,46,54,1.0,11.5,46,54,1.0,11.5,46,54,1.0,11.5,46,54,1.0,11.5,46,54,1.0,11.5,46,54,1.0,11.5,46,54,1.0,11.5,46,54,1.0,11.5,46,54,1.0,11.5,46,54,1.0,11.5,46,54,1.0,11.5,46,54,1.0,11.5,46,54,1.0,11.5,46,54,1.0,11.5,46,54,1.0,11.5,46,54,1.0,11.5,46,54,1.0,11.5,46,54,1.0,11.5,46,54,1.0,11.5,46,54,1.0,11.5,46,54,1.0,11.5,46,54,1.0,11.5
63,34.82,0.19,0.48,0,46,59,1.0,11.0,46,59,1.0,11.0,46,59,1.0,11.0,46,59,1.0,11.0,46,59,1.0,11.0,46,59,1.0,11.0,46,59,1.0,11.0,46,59,1.0,11.0,46,59,1.0,11.0,46,59,1.0,11.0,46,59,1.0,11.0,46,59,1.0,11.0,46,59,1.0,11.0,46,59,1.0,11.0,46,59,1.0,11.0,46,59,1.0,11.0,46,59,1.0,11.0,46,59,1.0,11.0,46,59,1.0,11.0,46,59,1.0,11.0,46,59,1.0,11.0,46,59,1.0,11.0,46,59,1.0,11.0,46,59,1.0,11.0,46,59,1.0,11.0,46,59,1.0,11.0,46,59,1.0,11.0,46,59,1.0,11.0,46,59,1.0,11.0,46,59,1.0,11.0,46,59,1.0,11.0,46,59,1.0,11.0
64,34.24,0.2,0.49,0,47,64,1.0,10.6,47,64,1.0,10.6,47,64,1.0,10.6,47,64,1.0,10.6,47,64,1.0,10.6,47,64,1.0,10.6,47,64,1.0,10.6,47,64,1.0,10.6,47,64,1.0,10.6,47,64,1.0,10.6,47,64,1.0,10.6,47,64,1.0,10.6,47,64,1.0,10.6,47,64,1.0,10.6,47,64,1.0,10.6,47,64,1.0,10.6,47,64,1.0,10.6,47,64,1.0,10.6,47,64,1.0,10.6,47,64,1.0,10.6,47,64,1.0,10.6,47,64,1.0,10.6,47,64,1.0,10.6,47,64,1.0,10.6,47,64,1.0,10.6,47,64,1.0,10.6,47,64,1.0,10.6,47,64,1.0,10.6,47,64,1.0,10.6,47,64,1.0,10.6,47,64,1.0,10.6,47,64,1.0,10.6
65,35.24,0.2,0.49,0,47,64,1.0,10.6,47,64,1.0,10.6,47,64,1.0,10.6,47,64,1.0,10.6,47,64,1.0,10.6,47,64,1.0,10.6,47,64,1.0,10.6,47,64,1.0,10.6,47,64,1.0,10.6,47,64,1.0,10.6,47,64,1.0,10.6,47,64,1.0,10.6,47,64,1.0,10.6,47,64,1.0,10.6,47,64,1.0,10.6,47,64,1.0,10.6,47,64,1.0,10.6,47,64,1.0,10.6,47,64,1.0,10.6,47,64,1.0,10.6,47,64,1.0,10.6,47,64,1.0,10.6,47,64,1.0,10.6,47,64,1.0,10.6,47,64,1.0,10.6,47,64,1.0,10.6,47,64,1.0,10.6,47,64,1.0,10.6,47,64,1.0,10.6,47,64,1.0,10.6,47,64,1.0,10.6,47,64,1.0,10.6
66,36.24,0.2,0.49,0,47,65,1.0,10.5,47,65,1.0,10.5,47,65,1.0,10.5,47,65,1.0,10.5,47,65,1.0,10.5,47,65,1.0,10.5,47,65,1.0,10.5,47,65,1.0,10.5,47,65,1.0,10.5,47,65,1.0,10.5,47,65,1.0,10.5,47,65,1.0,10.5,47,65,1.0,10.5,47,65,1.0,10.5,47,65,1.0,10.5,47,65,1.0,10.5,47,65,1.0,10.5,47,65,1.0,10.5,47,65,1.0,10.5,47,65,1.0,10.5,47,65,1.0,10.5,47,65,1.0,10.5,47,65,1.0,10.5,47,65,1.0,10.5,47,65,1.0,10.5,47,65,1.0,10.5,47,65,1.0,10.5,47,65,1.0,10.5,47,65,1.0,10.5,47,65,1.0,10.5,47,65,1.0,10.5,47,65,1.0,10.5
67,36.78,0.2,0.5,0,48,66,1.0,10.5,48,66,1.0,10.5,48,66,1.0,10.5,48,66,1.0,10.5,48,66,1.0,10.5,48,66,1.0,10.5,48,66,1.0,10.5,48,66,1.0,10.5,48,66,1.0,10.5,48,66,1.0,10.5,48,66,1.0,10.5,48,66,1.0,10.5,48,66,1.0,10.5,48,66,1.0,10.5,48,66,1.0,10.5,48,66,1.0,10.5,48,66,1.0,10.5,48,66,1.0,10.5,48,66,1.0,10.5,48,66,1.0,10.5,48,66,1.0,10.5,48,66,1.0,10.5,48,66,1.0,10.5,48,66,1.0,10.5,48,66,1.0,10.5,48,66,1.0,10.5,48,66,1.0,10.5,48,66,1.0,10.5,48,66,1.0,10.5,48,66,1.0,10.5,48,66,1.0,10.5,48,66,1.0,10.5
68,37.08,0.21,0.52,0,50,66,1.0,10.8,50,66,1.0,10.8,50,66,1.0,10.8,50,66,1.0,10.8,50,66,1.0,10.8,50,66,1.0,10.8,50,66,1.0,10.8,50,66,1.0,10.8,50,66,1.0,10.8,50,66,1.0,10.8,50,66,1.0,10.8,50,66,1.0,10.8,50,66,1.0,10.8,50,66,1.0,10.8,50,66,1.0,10.8,50,66,1.0,10.8,50,66,1.0,10.8,50,66,1.0,10.8,50,66,1.0,10.8,50,66,1.0,10.8,50,66,1.0,10.8,50,66,1.0,10.8,50,66,1.0,10.8,50,66,1.0,10.8,50,66,1.0,10.8,50,66,1.0,10.8,50,66,1.0,10.8,50,66,1.0,10.8,50,66,1.0,10.8,50,66,1.0,10.8,50,66,1.0,10.8,50,66,1.0,10.8
69,36.95,0.2,0.49,0,47,71,1.0,10.0,47,71,1.0,10.0,47,71,1.0,10.0,47,71,1.0,10.0,47,71,1.0,10.0,47,71,1.0,10.0,47,71,1.0,10.0,47,71,1.0,10.0,47,71,1.0,10.0,47,71,1.0,10.0,47,71,1.0,10.0,47,71,1.0,10.0,47,71,1.0,10.0,47,71,1.0,10.0,47,71,1.0,10.0,47,71,1.0,10.0,47,71,1.0,10.0,47,71,1.0,10.0,47,71,1.0,10.0,47,71,1.0,10.0,47,71,1.0,10.0,47,71,1.0,10.0,47,71,1.0,10.0,47,71,1.0,10.0,47,71,1.0,10.0,47,71,1.0,10.0,47,71,1.0,10.0,47,71,1.0,10.0,47,71,1.0,10.0,47,71,1.0,10.0,47,71,1.0,10.0,47,71,1.0,10.0
70,37.95,0.21,0.53,0,51,69,1.0,10.6,51,69,1.0,10.6,51,69,1.0,10.6,51,69,1.0,10.6,51,69,1.0,10.6,51,69,1.0,10.6,51,69,1.0,10.6,51,69,1.0,10.6,51,69,1.0,10.6,51,69,1.0,10.6,51,69,1.0,10.6,51,69,1.0,10.6,51,69,1.0,10.6,51,69,1.0,10.6,51,69,1.0,10.6,51,69,1.0,10.6,51,69,1.0,10.6,51,69,1.0,10.6,51,69,1.0,10.6,51,69,1.0,10.6,51,69,1.0,10.6,51,69,1.0,10.6,51,69,1.0,10.6,51,69,1.0,10.6,51,69,1.0,10.6,51,69,1.0,10.6,51,69,1.0,10.6,51,69,1.0,10.6,51,69,1.0,10.6,51,69,1.0,10.6,51,69,1.0,10.6,51,69,1.0,10.6
71,38.72,0.2,0.5,0,48,73,1.0,9.9,48,73,1.0,9.9,48,73,1.0,9.9,48,73,1.0,9.9,48,73,1.0,9.9,48,73,1.0,9.9,48,73,1.0,9.9,48,73,1.0,9.9,48,73,1.0,9.9,48,73,1.0,9.9,48,73,1.0,9.9,48,73,1.0,9.9,48,73,1.0,9.9,48,73,1.0,9.9,48,73,1.0,9.9,48,73,1.0,9.9,48,73,1.0,9.9,48,73,1.0,9.9,48,73,1.0,9.9,48,73,1.0,9.9,48,73,1.0,9.9,48,73,1.0,9.9,48,73,1.0,9.9,48,73,1.0,9.9,48,73,1.0,9.9,48,73,1.0,9.9,48,73,1.0,9.9,48,73,1.0,9.9,48,73,1.0,9.9,48,73,1.0,9.9,48,73,1.0,9.9,48,73,1.0,9.9
72,39.03,0.2,0.51,0,49,74,1.0,10.0,49,74,1.0,10.0,49,74,1.0,10.0,49,74,1.0,10.0,49,74,1.0,10.0,49,74,1.0,10.0,49,74,1.0,10.0,49,74,1.0,10.0,49,74,1.0,10.0,49,74,1.0,10.0,49,74,1.0,10.0,49,74,1.0,10.0,49,74,1.0,10.0,49,74,1.0,10.0,49,74,1.0,10.0,49,74,1.0,10.0,49,74,1.0,10.0,49,74,1.0,10.0,49,74,1.0,10.0,49,74,1.0,10.0,49,74,1.0,10.0,49,74,1.0,10.0,49,74,1.0,10.0,49,74,1.0,10.0,49,74,1.0,10.0,49,74,1.0,10.0,49,74,1.0,10.0,49,74,1.0,10.0,49,74,1.0,10.0,49,74,1.0,10.0,49,74,1.0,10.0,49,74,1.0,10.0
73,38.68,0.21,0.52,0,50,77,1.0,9.8,50,77,1.0,9.8,50,77,1.0,9.8,50,77,1.0,9.8,50,77,1.0,9.8,50,77,1.0,9.8,50,77,1.0,9.8,50,77,1.0,9.8,50,77,1.0,9.8,50,77,1.0,9.8,50,77,1.0,9.8,50,77,1.0,9.8,50,77,1.0,9.8,50,77,1.0,9.8,50,77,1.0,9.8,50,77,1.0,9.8,50,77,1.0,9.8,50,77,1.0,9.8,50,77,1.0,9.8,50,77,1.0,9.8,50,77,1.0,9.8,50,77,1.0,9.8,50,77,1.0,9.8,50,77,1.0,9.8,50,77,1.0,9.8,50,77,1.0,9.8,50,77,1.0,9.8,50,77,1.0,9.8,50,77,1.0,9.8,50,77,1.0,9.8,50,77,1.0,9.8,50,77,1.0,9.8
74,39.03,0.2,0.49,0,47,81,1.0,9.2,47,81,1.0,9.2,47,81,1.0,9.2,47,81,1.0,9.2,47,81,1.0,9.2,47,81,1.0,9.2,47,81,1.0,9.2,47,81,1.0,9.2,47,81,1.0,9.2,47,81,1.0,9.2,47,81,1.0,9.2,47,81,1.0,9.2,47,81,1.0,9.2,47,81,1.0,9.2,47,81,1.0,9.2,47,81,1.0,9.2,47,81,1.0,9.2,47,81,1.0,9.2,47,81,1.0,9.2,47,81,1.0,9.2,47,81,1.0,9.2,47,81,1.0,9.2,47,81,1.0,9.2,47,81,1.0,9.2,47,81,1.0,9.2,47,81,1.0,9.2,47,81,1.0,9.2,47,81,1.0,9.2,47,81,1.0,9.2,47,81,1.0,9.2,47,81,1.0,9.2,47,81,1.0,9.2
75,39.38,0.2,0.5,0,48,80,1.0,9.4,48,80,1.0,9.4,48,80,1.0,9.4,48,80,1.0,9.4,48,80,1.0,9.4,48,80,1.0,9.4,48,80,1.0,9.4,48,80,1.0,9.4,48,80,1.0,9.4,48,80,1.0,9.4,48,80,1.0,9.4,48,80,1.0,9.4,48,80,1.0,9.4,48,80,1.0,9.4,48,80,1.0,9.4,48,80,1.0,9.4,48,80,1.0,9.4,48,80,1.0,9.4,48,80,1.0,9.4,48,80,1.0,9.4,48,80,1.0,9.4,48,80,1.0,9.4,48,80,1.0,9.4,48,80,1.0,9.4,48,80,1.0,9.4,48,80,1.0,9.4,48,80,1.0,9.4,48,80,1.0,9.4,48,80,1.0,9.4,48,80,1.0,9.4,48,80,1.0,9.4,48,80,1.0,9.4
76,39.73,0.2,0.51,0,49,83,1.0,9.3,49,83,1.0,9.3,49,83,1.0,9.3,49,83,1.0,9.3,49,83,1.0,9.3,49,83,1.0,9.3,49,83,1.0,9.3,49,83,1.0,9.3,49,83,1.0,9.3,49,83,1.0,9.3,49,83,1.0,9.3,49,83,1.0,9.3,49,83,1.0,9.3,49,83,1.0,9.3,49,83,1.0,9.3,49,83,1.0,9.3,49,83,1.0,9.3,49,83,1.0,9.3,49,83,1.0,9.3,49,83,1.0,9.3,49,83,1.0,9.3,49,83,1.0,9.3,49,83,1.0,9.3,49,83,1.0,9.3,49,83,1.0,9.3,49,83,1.0,9.3,49,83,1.0,9.3,49,83,1.0,9.3,49,83,1.0,9.3,49,83,1.0,9.3,49,83,1.0,9.3,49,83,1.0,9.3
77,40.3,0.2,0.51,0,49,83,1.0,9.3,49,83,1.0,9.3,49,83,1.0,9.3,49,83,1.0,9.3,49,83,1.0,9.3,49,83,1.0,9.3,49,83,1.0,9.3,49,83,1.0,9.3,49,83,1.0,9.3,49,83,1.0,9.3,49,83,1.0,9.3,49,83,1.0,9.3,49,83,1.0,9.3,49,83,1.0,9.3,49,83,1.0,9.3,49,83,1.0,9.3,49,83,1.0,9.3,49,83,1.0,9.3,49,83,1.0,9.3,49,83,1.0,9.3,49,83,1.0,9.3,49,83,1.0,9.3,49,83,1.0,9.3,49,83,1.0,9.3,49,83,1.0,9.3,49,83,1.0,9.3,49,83,1.0,9.3,49,83,1.0,9.3,49,83,1.0,9.3,49,83,1.0,9.3,49,83,1.0,9.3,49,83,1.0,9.3
78,40.66,0.2,0.5,0,48,87,1.0,8.9,48,87,1.0,8.9,48,87,1.0,8.9,48,87,1.0,8.9,48,87,1.0,8.9,48,87,1.0,8.9,48,87,1.0,8.9,48,87,1.0,8.9,48,87,1.0,8.9,48,87,1.0,8.9,48,87,1.0,8.9,48,87,1.0,8.9,48,87,1.0,8.9,48,87,1.0,8.9,48,87,1.0,8.9,48,87,1.0,8.9,48,87,1.0,8.9,48,87,1.0,8.9,48,87,1.0,8.9,48,87,1.0,8.9,48,87,1.0,8.9,48,87,1.0,8.9,48,87,1.0,8.9,48,87,1.0,8.9,48,87,1.0,8.9,48,87,1.0,8.9,48,87,1.0,8.9,48,87,1.0,8.9,48,87,1.0,8.9,48,87,1.0,8.9,48,87,1.0,8.9,48,87,1.0,8.9
79,41.02,0.21,0.52,0,50,89,1.0,9.0,50,89,1.0,9.0,50,89,1.0,9.0,50,89,1.0,9.0,50,89,1.0,9.0,50,89,1.0,9.0,50,89,1.0,9.0,50,89,1.0,9.0,50,89,1.0,9.0,50,89,1.0,9.0,50,89,1.0,9.0,50,89,1.0,9.0,50,89,1.0,9.0,50,89,1.0,9.0,50,89,1.0,9.0,50,89,1.0,9.0,50,89,1.0,9.0,50,89,1.0,9.0,50,89,1.0,9.0,50,89,1.0,9.0,50,89,1.0,9.0,50,89,1.0,9.0,50,89,1.0,9.0,50,89,1.0,9.0,50,89,1.0,9.0,50,89,1.0,9.0,50,89,1.0,9.0,50,89,1.0,9.0,50,89,1.0,9.0,50,89,1.0,9.0,50,89,1.0,9.0,50,89,1.0,9.0
80,41.81,0.2,0.5,0,48,91,1.0,8.6,48,91,1.0,8.6,48,91,1.0,8.6,48,91,1.0,8.6,48,91,1.0,8.6,48,91,1.0,8.6,48,91,1.0,8.6,48,91,1.0,8.6,48,91,1.0,8.6,48,91,1.0,8.6,48,91,1.0,8.6,48,91,1.0,8.6,48,91,1.0,8.6,48,91,1.0,8.6,48,91,1.0,8.6,48,91,1.0,8.6,48,91,1.0,8.6,48,91,1.0,8.6,48,91,1.0,8.6,48,91,1.0,8.6,48,91,1.0,8.6,48,91,1.0,8.6,48,91,1.0,8.6,48,91,1.0,8.6,48,91,1.0,8.6,48,91,1.0,8.6,48,91,1.0,8.6,48,91,1.0,8.6,48,91,1.0,8.6,48,91,1.0,8.6,48,91,1.0,8.6,48,91,1.0,8.6
81,42.16,0.19,0.48,0,46,95,1.0,8.2,46,95,1.0,8.2,46,95,1.0,8.2,46,95,1.0,8.2,46,95,1.0,8.2,46,95,1.0,8.2,46,95,1.0,8.2,46,95,1.0,8.2,46,95,1.0,8.2,46,95,1.0,8.2,46,95,1.0,8.2,46,95,1.0,8.2,46,95,1.0,8.2,46,95,1.0,8.2,46,95,1.0,8.2,46,95,1.0,8.2,46,95,1.0,8.2,46,95,1.0,8.2,46,95,1.0,8.2,46,95,1.0,8.2,46,95,1.0,8.2,46,95,1.0,8.2,46,95,1.0,8.2,46,95,1.0,8.2,46,95,1.0,8.2,46,95,1.0,8.2,46,95,1.0,8.2,46,95,1.0,8.2,46,95,1.0,8.2,46,95,1.0,8.2,46,95,1.0,8.2,46,95,1.0,8.2
82,42.74,0.2,0.51,0,49,94,1.0,8.6,49,94,1.0,8.6,49,94,1.0,8.6,49,94,1.0,8.6,49,94,1.0,8.6,49,94,1.0,8.6,49,94,1.0,8.6,49,94,1.0,8.6,49,94,1.0,8.6,49,94,1.0,8.6,49,94,1.0,8.6,49,94,1.0,8.6,49,94,1.0,8.6,49,94,1.0,8.6,49,94,1.0,8.6,49,94,1.0,8.6,49,94,1.0,8.6,49,94,1.0,8.6,49,94,1.0,8.6,49,94,1.0,8.6,49,94,1.0,8.6,49,94,1.0,8.6,49,94,1.0,8.6,49,94,1.0,8.6,49,94,1.0,8.6,49,94,1.0,8.6,49,94,1.0,8.6,49,94,1.0,8.6,49,94,1.0,8.6,49,94,1.0,8.6,49,94,1.0,8.6,49,94,1.0,8.6
83,43.09,0.19,0.48,0,46,98,1.0,8.0,46,98,1.0,8.0,46,98,1.0,8.0,46,98,1.0,8.0,46,98,1.0,8.0,46,98,1.0,8.0,46,98,1.0,8.0,46,98,1.0,8.0,46,98,1.0,8.0,46,98,1.0,8.0,46,98,1.0,8.0,46,98,1.0,8.0,46,98,1.0,8.0,46,98,1.0,8.0,46,98,1.0,8.0,46,98,1.0,8.0,46,98,1.0,8.0,46,98,1.0,8.0,46,98,1.0,8.0,46,98,1.0,8.0,46,98,1.0,8.0,46,98,1.0,8.0,46,98,1.0,8.0,46,98,1.0,8.0,46,98,1.0,8.0,46,98,1.0,8.0,46,98,1.0,8.0,46,98,1.0,8.0,46,98,1.0,8.0,46,98,1.0,8.0,46,98,1.0,8.0,46,98,1.0,8.0
84,43.88,0.19,0.48,0,46,101,1.0,7.8,46,101,1.0,7.8,46,101,1.0,7.8,46,101,1.0,7.8,46,101,1.0,7.8,46,101,1.0,7.8,46,101,1.0,7.8,46,101,1.0,7.8,46,101,1.0,7.8,46,101,1.0,7.8,46,101,1.0,7.8,46,101,1.0,7.8,46,101,1.0,7.8,46,101,1.0,7.8,46,101,1.0,7.8,46,101,1.0,7.8,46,101,1.0,7.8,46,101,1.0,7.8,46,101,1.0,7.8,46,101,1.0,7.8,46,101,1.0,7.8,46,101,1.0,7.8,46,101,1.0,7.8,46,101,1.0,7.8,46,101,1.0,7.8,46,101,1.0,7.8,46,101,1.0,7.8,46,101,1.0,7.8,46,101,1.0,7.8,46,101,1.0,7.8,46,101,1.0,7.8,46,101,1.0,7.8
85,44.23,0.2,0.5,0,48,100,1.0,8.1,48,100,1.0,8.1,48,100,1.0,8.1,48,100,1.0,8.1,48,100,1.0,8.1,48,100,1.0,8.1,48,100,1.0,8.1,48,100,1.0,8.1,48,100,1.0,8.1,48,100,1.0,8.1,48,100,1.0,8.1,48,100,1.0,8.1,48,100,1.0,8.1,48,100,1.0,8.1,48,100,1.0,8.1,48,100,1.0,8.1,48,100,1.0,8.1,48,100,1.0,8.1,48,100,1.0,8.1,48,100,1.0,8.1,48,100,1.0,8.1,48,100,1.0,8.1,48,100,1.0,8.1,48,100,1.0,8.1,48,100,1.0,8.1,48,100,1.0,8.1,48,100,1.0,8.1,48,100,1.0,8.1,48,100,1.0,8.1,48,100,1.0,8.1,48,100,1.0,8.1,48,100,1.0,8.1
86,45.22,0.21,0.52,0,50,98,1.0,8.4,50,98,1.0,8.4,50,98,1.0,8.4,50,98,1.0,8.4,50,98,1.0,8.4,50,98,1.0,8.4,50,98,1.0,8.4,50,98,1.0,8.4,50,98,1.0,8.4,50,98,1.0,8.4,50,98,1.0,8.4,50,98,1.0,8.4,50,98,1.0,8.4,50,98,1.0,8.4,50,98,1.0,8.4,50,98,1.0,8.4,50,98,1.0,8.4,50,98,1.0,8.4,50,98,1.0,8.4,50,98,1.0,8.4,50,98,1.0,8.4,50,98,1.0,8.4,50,98,1.0,8.4,50,98,1.0,8.4,50,98,1.0,8.4,50,98,1.0,8.4,50,98,1.0,8.4,50,98,1.0,8.4,50,98,1.0,8.4,50,98,1.0,8.4,50,98,1.0,8.4,50,98,1.0,8.4
87,45.56,0.2,0.5,0,48,102,1.0,8.0,48,102,1.0,8.0,48,102,1.0,8.0,48,102,1.0,8.0,48,102,1.0,8.0,48,102,1.0,8.0,48,102,1.0,8.0,48,102,1.0,8.0,48,102,1.0,8.0,48,102,1.0,8.0,48,102,1.0,8.0,48,102,1.0,8.0,48,102,1.0,8.0,48,102,1.0,8.0,48,102,1.0,8.0,48,102,1.0,8.0,48,102,1.0,8.0,48,102,1.0,8.0,48,102,1.0,8.0,48,102,1.0,8.0,48,102,1.0,8.0,48,102,1.0,8.0,48,102,1.0,8.0,48,102,1.0,8.0,48,102,1.0,8.0,48,102,1.0,8.0,48,102,1.0,8.0,48,102,1.0,8.0,48,102,1.0,8.0,48,102,1.0,8.0,48,102,1.0,8.0,48,102,1.0,8.0
88,45.9,0.2,0.51,0,49,106,1.0,7.9,49,106,1.0,7.9,49,106,1.0,7.9,49,106,1.0,7.9,49,106,1.0,7.9,49,106,1.0,7.9,49,106,1.0,7.9,49,106,1.0,7.9,49,106,1.0,7.9,49,106,1.0,7.9,49,106,1.0,7.9,49,106,1.0,7.9,49,106,1.0,7.9,49,106,1.0,7.9,49,106,1.0,7.9,49,106,1.0,7.9,49,106,1.0,7.9,49,106,1.0,7.9,49,106,1.0,7.9,49,106,1.0,7.9,49,106,1.0,7.9,49,106,1.0,7.9,49,106,1.0,7.9,49,106,1.0,7.9,49,106,1.0,7.9,49,106,1.0,7.9,49,106,1.0,7.9,49,106,1.0,7.9,49,106,1.0,7.9,49,106,1.0,7.9,49,106,1.0,7.9,49,106,1.0,7.9
89,46.04,0.22,0.54,0,52,105,1.0,8.3,52,105,1.0,8.3,52,105,1.0,8.3,52,105,1.0,8.3,52,105,1.0,8.3,52,105,1.0,8.3,52,105,1.0,8.3,52,105,1.0,8.3,52,105,1.0,8.3,52,105,1.0,8.3,52,105,1.0,8.3,52,105,1.0,8.3,52,105,1.0,8.3,52,105,1.0,8.3,52,105,1.0,8.3,52,105,1.0,8.3,52,105,1.0,8.3,52,105,1.0,8.3,52,105,1.0,8.3,52,105,1.0,8.3,52,105,1.0,8.3,52,105,1.0,8.3,52,105,1.0,8.3,52,105,1.0,8.3,52,105,1.0,8.3,52,105,1.0,8.3,52,105,1.0,8.3,52,105,1.0,8.3,52,105,1.0,8.3,52,105,1.0,8.3,52,105,1.0,8.3,52,105,1.0,8.3
90,46.61,0.21,0.52,0,50,104,1.0,8.1,50,104,1.0,8.1,50,104,1.0,8.1,50,104,1.0,8.1,50,104,1.0,8.1,50,104,1.0,8.1,50,104,1.0,8.1,50,104,1.0,8.1,50,104,1.0,8.1,50,104,1.0,8.1,50,104,1.0,8.1,50,104,1.0,8.1,50,104,1.0,8.1,50,104,1.0,8.1,50,104,1.0,8.1,50,104,1.0,8.1,50,104,1.0,8.1,50,104,1.0,8.1,50,104,1.0,8.1,50,104,1.0,8.1,50,104,1.0,8.1,50,104,1.0,8.1,50,104,1.0,8.1,50,104,1.0,8.1,50,104,1.0,8.1,50,104,1.0,8.1,50,104,1.0,8.1,50,104,1.0,8.1,50,104,1.0,8.1,50,104,1.0,8.1,50,104,1.0,8.1,50,104,1.0,8.1
91,46.76,0.21,0.52,0,50,103,1.0,8.2,50,103,1.0,8.2,50,103,1.0,8.2,50,103,1.0,8.2,50,103,1.0,8.2,50,103,1.0,8.2,50,103,1.0,8.2,50,103,1.0,8.2,50,103,1.0,8.2,50,103,1.0,8.2,50,103,1.0,8.2,50,103,1.0,8.2,50,103,1.0,8.2,50,103,1.0,8.2,50,103,1.0,8.2,50,103,1.0,8.2,50,103,1.0,8.2,50,103,1.0,8.2,50,103,1.0,8.2,50,103,1.0,8.2,50,103,1.0,8.2,50,103,1.0,8.2,50,103,1.0,8.2,50,103,1.0,8.2,50,103,1.0,8.2,50,103,1.0,8.2,50,103,1.0,8.2,50,103,1.0,8.2,50,103,1.0,8.2,50,103,1.0,8.2,50,103,1.0,8.2,50,103,1.0,8.2
92,47.54,0.19,0.47,0,45,113,1.0,7.1,45,113,1.0,7.1,45,113,1.0,7.1,45,113,1.0,7.1,45,113,1.0,7.1,45,113,1.0,7.1,45,113,1.0,7.1,45,113,1.0,7.1,45,113,1.0,7.1,45,113,1.0,7.1,45,113,1.0,7.1,45,113,1.0,7.1,45,113,1.0,7.1,45,113,1.0,7.1,45,113,1.0,7.1,45,113,1.0,7.1,45,113,1.0,7.1,45,113,1.0,7.1,45,113,1.0,7.1,45,113,1.0,7.1,45,113,1.0,7.1,45,113,1.0,7.1,45,113,1.0,7.1,45,113,1.0,7.1,45,113,1.0,7.1,45,113,1.0,7.1,45,113,1.0,7.1,45,113,1.0,7.1,45,113,1.0,7.1,45,113,1.0,7.1,45,113,1.0,7.1,45,113,1.0,7.1
93,47.9,0.19,0.47,0,45,116,1.0,7.0,45,116,1.0,7.0,45,116,1.0,7.0,45,116,1.0,7.0,45,116,1.0,7.0,45,116,1.0,7.0,45,116,1.0,7.0,45,116,1.0,7.0,45,116,1.0,7.0,45,116,1.0,7.0,45,116,1.0,7.0,45,116,1.0,7.0,45,116,1.0,7.0,45,116,1.0,7.0,45,116,1.0,7.0,45,116,1.0,7.0,45,116,1.0,7.0,45,116,1.0,7.0,45,116,1.0,7.0,45,116,1.0,7.0,45,116,1.0,7.0,45,116,1.0,7.0,45,116,1.0,7.0,45,116,1.0,7.0,45,116,1.0,7.0,45,116,1.0,7.0,45,116,1.0,7.0,45,116,1.0,7.0,45,116,1.0,7.0,45,116,1.0,7.0,45,116,1.0,7.0,45,116,1.0,7.0
94,48.26,0.19,0.47,0,45,119,1.0,6.9,45,119,1.0,6.9,45,119,1.0,6.9,45,119,1.0,6.9,45,119,1.0,6.9,45,119,1.0,6.9,45,119,1.0,6.9,45,119,1.0,6.9,45,119,1.0,6.9,45,119,1.0,6.9,45,119,1.0,6.9,45,119,1.0,6.9,45,119,1.0,6.9,45,119,1.0,6.9,45,119,1.0,6.9,45,119,1.0,6.9,45,119,1.0,6.9,45,119,1.0,6.9,45,119,1.0,6.9,45,119,1.0,6.9,45,119,1.0,6.9,45,119,1.0,6.9,45,119,1.0,6.9,45,119,1.0,6.9,45,119,1.0,6.9,45,119,1.0,6.9,45,119,1.0,6.9,45,119,1.0,6.9,45,119,1.0,6.9,45,119,1.0,6.9,45,119,1.0,6.9,45,119,1.0,6.9
95,48.84,0.2,0.51,0,49,119,1.0,7.3,49,119,1.0,7.3,49,119,1.0,7.3,49,119,1.0,7.3,49,119,1.0,7.3,49,119,1.0,7.3,49,119,1.0,7.3,49,119,1.0,7.3,49,119,1.0,7.3,49,119,1.0,7.3,49,119,1.0,7.3,49,119,1.0,7.3,49,119,1.0,7.3,49,119,1.0,7.3,49,119,1.0,7.3,49,119,1.0,7.3,49,119,1.0,7.3,49,119,1.0,7.3,49,119,1.0,7.3,49,119,1.0,7.3,49,119,1.0,7.3,49,119,1.0,7.3,49,119,1.0,7.3,49,119,1.0,7.3,49,119,1.0,7.3,49,119,1.0,7.3,49,119,1.0,7.3,49,119,1.0,7.3,49,119,1.0,7.3,49,119,1.0,7.3,49,119,1.0,7.3,49,119,1.0,7.3
96,49.83,0.22,0.54,0,52,117,1.0,7.7,52,117,1.0,7.7,52,117,1.0,7.7,52,117,1.0,7.7,52,117,1.0,7.7,52,117,1.0,7.7,52,117,1.0,7.7,52,117,1.0,7.7,52,117,1.0,7.7,52,117,1.0,7.7,52,117,1.0,7.7,52,117,1.0,7.7,52,117,1.0,7.7,52,117,1.0,7.7,52,117,1.0,7.7,52,117,1.0,7.7,52,117,1.0,7.7,52,117,1.0,7.7,52,117,1.0,7.7,52,117,1.0,7.7,52,117,1.0,7.7,52,117,1.0,7.7,52,117,1.0,7.7,52,117,1.0,7.7,52,117,1.0,7.7,52,117,1.0,7.7,52,117,1.0,7.7,52,117,1.0,7.7,52,117,1.0,7.7,52,117,1.0,7.7,52,117,1.0,7.7,52,117,1.0,7.7
97,49.76,0.24,0.59,0,57,117,1.0,8.2,57,117,1.0,8.2,57,117,1.0,8.2,57,117,1.0,8.2,57,117,1.0,8.2,57,117,1.0,8.2,57,117,1.0,8.2,57,117,1.0,8.2,57,117,1.0,8.2,57,117,1.0,8.2,57,117,1.0,8.2,57,117,1.0,8.2,57,117,1.0,8.2,57,117,1.0,8.2,57,117,1.0,8.2,57,117,1.0,8.2,57,117,1.0,8.2,57,117,1.0,8.2,57,117,1.0,8.2,57,117,1.0,8.2,57,117,1.0,8.2,57,117,1.0,8.2,57,117,1.0,8.2,57,117,1.0,8.2,57,117,1.0,8.2,57,117,1.0,8.2,57,117,1.0,8.2,57,117,1.0,8.2,57,117,1.0,8.2,57,117,1.0,8.2,57,117,1.0,8.2,57,117,1.0,8.2
98,50.34,0.26,0.65,0,62,112,1.0,8.9,62,112,1.0,8.9,62,112,1.0,8.9,62,112,1.0,8.9,62,112,1.0,8.9,62,112,1.0,8.9,62,112,1.0,8.9,62,112,1.0,8.9,62,112,1.0,8.9,62,112,1.0,8.9,62,112,1.0,8.9,62,112,1.0,8.9,62,112,1.0,8.9,62,112,1.0,8.9,62,112,1.0,8.9,62,112,1.0,8.9,62,112,1.0,8.9,62,112,1.0,8.9,62,112,1.0,8.9,62,112,1.0,8.9,62,112,1.0,8.9,62,112,1.0,8.9,62,112,1.0,8.9,62,112,1.0,8.9,62,112,1.0,8.9,62,112,1.0,8.9,62,112,1.0,8.9,62,112,1.0,8.9,62,112,1.0,8.9,62,112,1.0,8.9,62,112,1.0,8.9,62,112,1.0,8.9
99,50.7,0.25,0.62,0,60,115,1.0,8.6,60,115,1.0,8.6,60,115,1.0,8.6,60,115,1.0,8.6,60,115,1.0,8.6,60,115,1.0,8.6,60,115,1.0,8.6,60,115,1.0,8.6,60,115,1.0,8.6,60,115,1.0,8.6,60,115,1.0,8.6,60,115,1.0,8.6,60,115,1.0,8.6,60,115,1.0,8.6,60,115,1.0,8.6,60,115,1.0,8.6,60,115,1.0,8.6,60,115,1.0,8.6,60,115,1.0,8.6,60,115,1.0,8.6,60,115,1.0,8.6,60,115,1.0,8.6,60,115,1.0,8.6,60,115,1.0,8.6,60,115,1.0,8.6,60,115,1.0,8.6,60,115,1.0,8.6,60,115,1.0,8.6,60,115,1.0,8.6,60,115,1.0,8.6,60,115,1.0,8.6,60,115,1.0,8.6
100,50.86,0.29,0.72,0,69,111,1.0,9.6,69,111,1.0,9.6,69,111,1.0,9.6,69,111,1.0,9.6,69,111,1.0,9.6,69,111,1.0,9.6,69,111,1.0,9.6,69,111,1.0,9.6,69,111,1.0,9.6,69,111,1.0,9.6,69,111,1.0,9.6,69,111,1.0,9.6,69,111,1.0,9.6,69,111,1.0,9.6,69,111,1.0,9.6,69,111,1.0,9.6,69,111,1.0,9.6,69,111,1.0,9.6,69,111,1.0,9.6,69,111,1.0,9.6,69,111,1.0,9.6,69,111,1.0,9.6,69,111,1.0,9.6,69,111,1.0,9.6,69,111,1.0,9.6,69,111,1.0,9.6,69,111,1.0,9.6,69,111,1.0,9.6,69,111,1.0,9.6,69,111,1.0,9.6,69,111,1.0,9.6,69,111,1.0,9.6
101,51.65,0.28,0.71,0,68,111,1.0,9.5,68,111,1.0,9.5,68,111,1.0,9.5,68,111,1.0,9.5,68,111,1.0,9.5,68,111,1.0,9.5,68,111,1.0,9.5,68,111,1.0,9.5,68,111,1.0,9.5,68,111,1.0,9.5,68,111,1.0,9.5,68,111,1.0,9.5,68,111,1.0,9.5,68,111,1.0,9.5,68,111,1.0,9.5,68,111,1.0,9.5,68,111,1.0,9.5,68,111,1.0,9.5,68,111,1.0,9.5,68,111,1.0,9.5,68,111,1.0,9.5,68,111,1.0,9.5,68,111,1.0,9.5,68,111,1.0,9.5,68,111,1.0,9.5,68,111,1.0,9.5,68,111,1.0,9.5,68,111,1.0,9.5,68,111,1.0,9.5,68,111,1.0,9.5,68,111,1.0,9.5,68,111,1.0,9.5
102,52.02,0.29,0.73,0,70,112,1.0,9.6,70,112,1.0,9.6,70,112,1.0,9.6,70,112,1.0,9.6,70,112,1.0,9.6,70,112,1.0,9.6,70,112,1.0,9.6,70,112,1.0,9.6,70,112,1.0,9.6,70,112,1.0,9.6,70,112,1.0,9.6,70,112,1.0,9.6,70,112,1.0,9.6,70,112,1.0,9.6,70,112,1.0,9.6,70,112,1.0,9.6,70,112,1.0,9.6,70,112,1.0,9.6,70,112,1.0,9.6,70,112,1.0,9.6,70,112,1.0,9.6,70,112,1.0,9.6,70,112,1.0,9.6,70,112,1.0,9.6,70,112,1.0,9.6,70,112,1.0,9.6,70,112,1.0,9.6,70,112,1.0,9.6,70,112,1.0,9.6,70,112,1.0,9.6,70,112,1.0,9.6,70,112,1.0,9.6
103,53.02,0.33,0.82,0,79,106,1.0,10.7,79,106,1.0,10.7,79,106,1.0,10.7,79,106,1.0,10.7,79,106,1.0,10.7,79,106,1.0,10.7,79,106,1.0,10.7,79,106,1.0,10.7,79,106,1.0,10.7,79,106,1.0,10.7,79,106,1.0,10.7,79,106,1.0,10.7,79,106,1.0,10.7,79,106,1.0,10.7,79,106,1.0,10.7,79,106,1.0,10.7,79,106,1.0,10.7,79,106,1.0,10.7,79,106,1.0,10.7,79,106,1.0,10.7,79,106,1.0,10.7,79,106,1.0,10.7,79,106,1.0,10.7,79,106,1.0,10.7,79,106,1.0,10.7,79,106,1.0,10.7,79,106,1.0,10.7,79,106,1.0,10.7,79,106,1.0,10.7,79,106,1.0,10.7,79,106,1.0,10.7,79,106,1.0,10.7
104,53.38,0.33,0.81,0,78,107,1.0,10.5,78,107,1.0,10.5,78,107,1.0,10.5,78,107,1.0,10.5,78,107,1.0,10.5,78,107,1.0,10.5,78,107,1.0,10.5,78,107,1.0,10.5,78,107,1.0,10.5,78,107,1.0,10.5,78,107,1.0,10.5,78,107,1.0,10.5,78,107,1.0,10.5,78,107,1.0,10.5,78,107,1.0,10.5,78,107,1.0,10.5,78,107,1.0,10.5,78,107,1.0,10.5,78,107,1.0,10.5,78,107,1.0,10.5,78,107,1.0,10.5,78,107,1.0,10.5,78,107,1.0,10.5,78,107,1.0,10.5,78,107,1.0,10.5,78,107,1.0,10.5,78,107,1.0,10.5,78,107,1.0,10.5,78,107,1.0,10.5,78,107,1.0,10.5,78,107,1.0,10.5,78,107,1.0,10.5
105,54.16,0.35,0.88,0,84,105,1.0,11.1,84,105,1.0,11.1,84,105,1.0,11.1,84,105,1.0,11.1,84,105,1.0,11.1,84,105,1.0,11.1,84,105,1.0,11.1,84,105,1.0,11.1,84,105,1.0,11.1,84,105,1.0,11.1,84,105,1.0,11.1,84,105,1.0,11.1,84,105,1.0,11.1,84,105,1.0,11.1,84,105,1.0,11.1,84,105,1.0,11.1,84,105,1.0,11.1,84,105,1.0,11.1,84,105,1.0,11.1,84,105,1.0,11.1,84,105,1.0,11.1,84,105,1.0,11.1,84,105,1.0,11.1,84,105,1.0,11.1,84,105,1.0,11.1,84,105,1.0,11.1,84,105,1.0,11.1,84,105,1.0,11.1,84,105,1.0,11.1,84,105,1.0,11.1,84,105,1.0,11.1,84,105,1.0,11.1
106,53.69,0.36,0.9,0,86,106,1.0,11.2,86,106,1.0,11.2,86,106,1.0,11.2,86,106,1.0,11.2,86,106,1.0,11.2,86,106,1.0,11.2,86,106,1.0,11.2,86,106,1.0,11.2,86,106,1.0,11.2,86,106,1.0,11.2,86,106,1.0,11.2,86,106,1.0,11.2,86,106,1.0,11.2,86,106,1.0,11.2,86,106,1.0,11.2,86,106,1.0,11.2,86,106,1.0,11.2,86,106,1.0,11.2,86,106,1.0,11.2,86,106,1.0,11.2,86,106,1.0,11.2,86,106,1.0,11.2,86,106,1.0,11.2,86,106,1.0,11.2,86,106,1.0,11.2,86,106,1.0,11.2,86,106,1.0,11.2,86,106,1.0,11.2,86,106,1.0,11.2,86,106,1.0,11.2,86,106,1.0,11.2,86,106,1.0,11.2
107,54.27,0.38,0.95,0,91,100,1.0,11.9,91,100,1.0,11.9,91,100,1.0,11.9,91,100,1.0,11.9,91,100,1.0,11.9,91,100,1.0,11.9,91,100,1.0,11.9,91,100,1.0,11.9,91,100,1.0,11.9,91,100,1.0,11.9,91,100,1.0,11.9,91,100,1.0,11.9,91,100,1.0,11.9,91,100,1.0,11.9,91,100,1.0,11.9,91,100,1.0,11.9,91,100,1.0,11.9,91,100,1.0,11.9,91,100,1.0,11.9,91,100,1.0,11.9,91,100,1.0,11.9,91,100,1.0,11.9,91,100,1.0,11.9,91,100,1.0,11.9,91,100,1.0,11.9,91,100,1.0,11.9,91,100,1.0,11.9,91,100,1.0,11.9,91,100,1.0,11.9,91,100,1.0,11.9,91,100,1.0,11.9,91,100,1.0,11.9
108,55.06,0.38,0.96,0,92,101,1.0,11.9,92,101,1.0,11.9,92,101,1.0,11.9,92,101,1.0,11.9,92,101,1.0,11.9,92,101,1.0,11.9,92,101,1.0,11.9,92,101,1.0,11.9,92,101,1.0,11.9,92,101,1.0,11.9,92,101,1.0,11.9,92,101,1.0,11.9,92,101,1.0,11.9,92,101,1.0,11.9,92,101,1.0,11.9,92,101,1.0,11.9,92,101,1.0,11.9,92,101,1.0,11.9,92,101,1.0,11.9,92,101,1.0,11.9,92,101,1.0,11.9,92,101,1.0,11.9,92,101,1.0,11.9,92,101,1.0,11.9,92,101,1.0,11.9,92,101,1.0,11.9,92,101,1.0,11.9,92,101,1.0,11.9,92,101,1.0,11.9,92,101,1.0,11.9,92,101,1.0,11.9,92,101,1.0,11.9
109,55.43,0.4,1.01,0,97,99,1.0,12.4,97,99,1.0,12.4,97,99,1.0,12.4,97,99,1.0,12.4,97,99,1.0,12.4,97,99,1.0,12.4,97,99,1.0,12.4,97,99,1.0,12.4,97,99,1.0,12.4,97,99,1.0,12.4,97,99,1.0,12.4,97,99,1.0,12.4,97,99,1.0,12.4,97,99,1.0,12.4,97,99,1.0,12.4,97,99,1.0,12.4,97,99,1.0,12.4,97,99,1.0,12.4,97,99,1.0,12.4,97,99,1.0,12.4,97,99,1.0,12.4,97,99,1.0,12.4,97,99,1.0,12.4,97,99,1.0,12.4,97,99,1.0,12.4,97,99,1.0,12.4,97,99,1.0,12.4,97,99,1.0,12.4,97,99,1.0,12.4,97,99,1.0,12.4,97,99,1.0,12.4,97,99,1.0,12.4
110,55.8,0.42,1.05,0,101,95,1.0,12.9,101,95,1.0,12.9,101,95,1.0,12.9,101,95,1.0,12.9,101,95,1.0,12.9,101,95,1.0,12.9,101,95,1.0,12.9,101,95,1.0,12.9,101,95,1.0,12.9,101,95,1.0,12.9,101,95,1.0,12.9,101,95,1.0,12.9,101,95,1.0,12.9,101,95,1.0,12.9,101,95,1.0,12.9,101,95,1.0,12.9,101,95,1.0,12.9,101,95,1.0,12.9,101,95,1.0,12.9,101,95,1.0,12.9,101,95,1.0,12.9,101,95,1.0,12.9,101,95,1.0,12.9,101,95,1.0,12.9,101,95,1.0,12.9,101,95,1.0,12.9,101,95,1.0,12.9,101,95,1.0,12.9,101,95,1.0,12.9,101,95,1.0,12.9,101,95,1.0,12.9,101,95,1.0,12.9
111,56.18,0.43,1.07,0,103,96,1.0,12.9,103,96,1.0,12.9,103,96,1.0,12.9,103,96,1.0,12.9,103,96,1.0,12.9,103,96,1.0,12.9,103,96,1.0,12.9,103,96,1.0,12.9,103,96,1.0,12.9,103,96,1.0,12.9,103,96,1.0,12.9,103,96,1.0,12.9,103,96,1.0,12.9,103,96,1.0,12.9,103,96,1.0,12.9,103,96,1.0,12.9,103,96,1.0,12.9,103,96,1.0,12.9,103,96,1.0,12.9,103,96,1.0,12.9,103,96,1.0,12.9,103,96,1.0,12.9,103,96,1.0,12.9,103,96,1.0,12.9,103,96,1.0,12.9,103,96,1.0,12.9,103,96,1.0,12.9,103,96,1.0,12.9,103,96,1.0,12.9,103,96,1.0,12.9,103,96,1.0,12.9,103,96,1.0,12.9
112,57.17,0.46,1.16,0,111,91,1.0,13.7,111,91,1.0,13.7,111,91,1.0,13.7,111,91,1.0,13.7,111,91,1.0,13.7,111,91,1.0,13.7,111,91,1.0,13.7,111,91,1.0,13.7,111,91,1.0,13.7,111,91,1.0,13.7,111,91,1.0,13.7,111,91,1.0,13.7,111,91,1.0,13.7,111,91,1.0,13.7,111,91,1.0,13.7,111,91,1.0,13.7,111,91,1.0,13.7,111,91,1.0,13.7,111,91,1.0,13.7,111,91,1.0,13.7,111,91,1.0,13.7,111,91,1.0,13.7,111,91,1.0,13.7,111,91,1.0,13.7,111,91,1.0,13.7,111,91,1.0,13.7,111,91,1.0,13.7,111,91,1.0,13.7,111,91,1.0,13.7,111,91,1.0,13.7,111,91,1.0,13.7,111,91,1.0,13.7
113,57.75,0.47,1.18,0,113,88,1.0,14.1,113,88,1.0,14.1,113,88,1.0,14.1,113,88,1.0,14.1,113,88,1.0,14.1,113,88,1.0,14.1,113,88,1.0,14.1,113,88,1.0,14.1,113,88,1.0,14.1,113,88,1.0,14.1,113,88,1.0,14.1,113,88,1.0,14.1,113,88,1.0,14.1,113,88,1.0,14.1,113,88,1.0,14.1,113,88,1.0,14.1,113,88,1.0,14.1,113,88,1.0,14.1,113,88,1.0,14.1,113,88,1.0,14.1,113,88,1.0,14.1,113,88,1.0,14.1,113,88,1.0,14.1,113,88,1.0,14.1,113,88,1.0,14.1,113,88,1.0,14.1,113,88,1.0,14.1,113,88,1.0,14.1,113,88,1.0,14.1,113,88,1.0,14.1,113,88,1.0,14.1,113,88,1.0,14.1
114,57.91,0.49,1.22,0,117,87,1.0,14.3,117,87,1.0,14.3,117,87,1.0,14.3,117,87,1.0,14.3,117,87,1.0,14.3,117,87,1.0,14.3,117,87,1.0,14.3,117,87,1.0,14.3,117,87,1.0,14.3,117,87,1.0,14.3,117,87,1.0,14.3,117,87,1.0,14.3,117,87,1.0,14.3,117,87,1.0,14.3,117,87,1.0,14.3,117,87,1.0,14.3,117,87,1.0,14.3,117,87,1.0,14.3,117,87,1.0,14.3,117,87,1.0,14.3,117,87,1.0,14.3,117,87,1.0,14.3,117,87,1.0,14.3,117,87,1.0,14.3,117,87,1.0,14.3,117,87,1.0,14.3,117,87,1.0,14.3,117,87,1.0,14.3,117,87,1.0,14.3,117,87,1.0,14.3,117,87,1.0,14.3,117,87,1.0,14.3
115,58.28,0.5,1.24,0,119,88,1.0,14.4,119,88,1.0,14.4,119,88,1.0,14.4,119,88,1.0,14.4,119,88,1.0,14.4,119,88,1.0,14.4,119,88,1.0,14.4,119,88,1.0,14.4,119,88,1.0,14.4,119,88,1.0,14.4,119,88,1.0,14.4,119,88,1.0,14.4,119,88,1.0,14.4,119,88,1.0,14.4,119,88,1.0,14.4,119,88,1.0,14.4,119,88,1.0,14.4,119,88,1.0,14.4,119,88,1.0,14.4,119,88,1.0,14.4,119,88,1.0,14.4,119,88,1.0,14.4,119,88,1.0,14.4,119,88,1.0,14.4,119,88,1.0,14.4,119,88,1.0,14.4,119,88,1.0,14.4,119,88,1.0,14.4,119,88,1.0,14.4,119,88,1.0,14.4,119,88,1.0,14.4,119,88,1.0,14.4
116,58.66,0.51,1.27,0,122,84,1.0,14.8,122,84,1.0,14.8,122,84,1.0,14.8,122,84,1.0,14.8,122,84,1.0,14.8,122,84,1.0,14.8,122,84,1.0,14.8,122,84,1.0,14.8,122,84,1.0,14.8,122,84,1.0,14.8,122,84,1.0,14.8,122,84,1.0,14.8,122,84,1.0,14.8,122,84,1.0,14.8,122,84,1.0,14.8,122,84,1.0,14.8,122,84,1.0,14.8,122,84,1.0,14.8,122,84,1.0,14.8,122,84,1.0,14.8,122,84,1.0,14.8,122,84,1.0,14.8,122,84,1.0,14.8,122,84,1.0,14.8,122,84,1.0,14.8,122,84,1.0,14.8,122,84,1.0,14.8,122,84,1.0,14.8,122,84,1.0,14.8,122,84,1.0,14.8,122,84,1.0,14.8,122,84,1.0,14.8
117,59.45,0.53,1.31,0,126,82,1.0,15.1,126,82,1.0,15.1,126,82,1.0,15.1,126,82,1.0,15.1,126,82,1.0,15.1,126,82,1.0,15.1,126,82,1.0,15.1,126,82,1.0,15.1,126,82,1.0,15.1,126,82,1.0,15.1,126,82,1.0,15.1,126,82,1.0,15.1,126,82,1.0,15.1,126,82,1.0,15.1,126,82,1.0,15.1,126,82,1.0,15.1,126,82,1.0,15.1,126,82,1.0,15.1,126,82,1.0,15.1,126,82,1.0,15.1,126,82,1.0,15.1,126,82,1.0,15.1,126,82,1.0,15.1,126,82,1.0,15.1,126,82,1.0,15.1,126,82,1.0,15.1,126,82,1.0,15.1,126,82,1.0,15.1,126,82,1.0,15.1,126,82,1.0,15.1,126,82,1.0,15.1,126,82,1.0,15.1
118,60.23,0.54,1.34,0,129,80,1.0,15.4,129,80,1.0,15.4,129,80,1.0,15.4,129,80,1.0,15.4,129,80,1.0,15.4,129,80,1.0,15.4,129,80,1.0,15.4,129,80,1.0,15.4,129,80,1.0,15.4,129,80,1.0,15.4,129,80,1.0,15.4,129,80,1.0,15.4,129,80,1.0,15.4,129,80,1.0,15.4,129,80,1.0,15.4,129,80,1.0,15.4,129,80,1.0,15.4,129,80,1.0,15.4,129,80,1.0,15.4,129,80,1.0,15.4,129,80,1.0,15.4,129,80,1.0,15.4,129,80,1.0,15.4,129,80,1.0,15.4,129,80,1.0,15.4,129,80,1.0,15.4,129,80,1.0,15.4,129,80,1.0,15.4,129,80,1.0,15.4,129,80,1.0,15.4,129,80,1.0,15.4,129,80,1.0,15.4
119,60.8,0.54,1.35,0,130,82,1.0,15.3,130,82,1.0,15.3,130,82,1.0,15.3,130,82,1.0,15.3,130,82,1.0,15.3,130,82,1.0,15.3,130,82,1.0,15.3,130,82,1.0,15.3,130,82,1.0,15.3,130,82,1.0,15.3,130,82,1.0,15.3,130,82,1.0,15.3,130,82,1.0,15.3,130,82,1.0,15.3,130,82,1.0,15.3,130,82,1.0,15.3,130,82,1.0,15.3,130,82,1.0,15.3,130,82,1.0,15.3,130,82,1.0,15.3,130,82,1.0,15.3,130,82,1.0,15.3,130,82,1.0,15.3,130,82,1.0,15.3,130,82,1.0,15.3,130,82,1.0,15.3,130,82,1.0,15.3,130,82,1.0,15.3,130,82,1.0,15.3,130,82,1.0,15.3,130,82,1.0,15.3,130,82,1.0,15.3
120,61.59,0.56,1.41,0,135,78,1.0,15.8,135,78,1.0,15.8,135,78,1.0,15.8,135,78,1.0,15.8,135,78,1.0,15.8,135,78,1.0,15.8,135,78,1.0,15.8,135,78,1.0,15.8,135,78,1.0,15.8,135,78,1.0,15.8,135,78,1.0,15.8,135,78,1.0,15.8,135,78,1.0,15.8,135,78,1.0,15.8,135,78,1.0,15.8,135,78,1.0,15.8,135,78,1.0,15.8,135,78,1.0,15.8,135,78,1.0,15.8,135,78,1.0,15.8,135,78,1.0,15.8,135,78,1.0,15.8,135,78,1.0,15.8,135,78,1.0,15.8,135,78,1.0,15.8,135,78,1.0,15.8,135,78,1.0,15.8,135,78,1.0,15.8,135,78,1.0,15.8,135,78,1.0,15.8,135,78,1.0,15.8,135,78,1.0,15.8
121,62.57,0.59,1.47,0,141,69,1.0,16.8,141,69,1.0,16.8,141,69,1.0,16.8,141,69,1.0,16.8,141,69,1.0,16.8,141,69,1.0,16.8,141,69,1.0,16.8,141,69,1.0,16.8,141,69,1.0,16.8,141,69,1.0,16.8,141,69,1.0,16.8,141,69,1.0,16.8,141,69,1.0,16.8,141,69,1.0,16.8,141,69,1.0,16.8,141,69,1.0,16.8,141,69,1.0,16.8,141,69,1.0,16.8,141,69,1.0,16.8,141,69,1.0,16.8,141,69,1.0,16.8,141,69,1.0,16.8,141,69,1.0,16.8,141,69,1.0,16.8,141,69,1.0,16.8,141,69,1.0,16.8,141,69,1.0,16.8,141,69,1.0,16.8,141,69,1.0,16.8,141,69,1.0,16.8,141,69,1.0,16.8,141,69,1.0,16.8
122,62.27,0.6,1.51,0,145,66,1.0,17.2,145,66,1.0,17.2,145,66,1.0,17.2,145,66,1.0,17.2,145,66,1.0,17.2,145,66,1.0,17.2,145,66,1.0,17.2,145,66,1.0,17.2,145,66,1.0,17.2,145,66,1.0,17.2,145,66,1.0,17.2,145,66,1.0,17.2,145,66,1.0,17.2,145,66,1.0,17.2,145,66,1.0,17.2,145,66,1.0,17.2,145,66,1.0,17.2,145,66,1.0,17.2,145,66,1.0,17.2,145,66,1.0,17.2,145,66,1.0,17.2,145,66,1.0,17.2,145,66,1.0,17.2,145,66,1.0,17.2,145,66,1.0,17.2,145,66,1.0,17.2,145,66,1.0,17.2,145,66,1.0,17.2,145,66,1.0,17.2,145,66,1.0,17.2,145,66,1.0,17.2,145,66,1.0,17.2
123,62.82,0.62,1.56,0,150,61,1.0,17.8,150,61,1.0,17.8,150,61,1.0,17.8,150,61,1.0,17.8,150,61,1.0,17.8,150,61,1.0,17.8,150,61,1.0,17.8,150,61,1.0,17.8,150,61,1.0,17.8,150,61,1.0,17.8,150,61,1.0,17.8,150,61,1.0,17.8,150,61,1.0,17.8,150,61,1.0,17.8,150,61,1.0,17.8,150,61,1.0,17.8,150,61,1.0,17.8,150,61,1.0,17.8,150,61,1.0,17.8,150,61,1.0,17.8,150,61,1.0,17.8,150,61,1.0,17.8,150,61,1.0,17.8,150,61,1.0,17.8,150,61,1.0,17.8,150,61,1.0,17.8,150,61,1.0,17.8,150,61,1.0,17.8,150,61,1.0,17.8,150,61,1.0,17.8,150,61,1.0,17.8,150,61,1.0,17.8
124,63.36,0.62,1.56,0,150,63,1.0,17.6,150,63,1.0,17.6,150,63,1.0,17.6,150,63,1.0,17.6,150,63,1.0,17.6,150,63,1.0,17.6,150,63,1.0,17.6,150,63,1.0,17.6,150,63,1.0,17.6,150,63,1.0,17.6,150,63,1.0,17.6,150,63,1.0,17.6,150,63,1.0,17.6,150,63,1.0,17.6,150,63,1.0,17.6,150,63,1.0,17.6,150,63,1.0,17.6,150,63,1.0,17.6,150,63,1.0,17.6,150,63,1.0,17.6,150,63,1.0,17.6,150,63,1.0,17.6,150,63,1.0,17.6,150,63,1.0,17.6,150,63,1.0,17.6,150,63,1.0,17.6,150,63,1.0,17.6,150,63,1.0,17.6,150,63,1.0,17.6,150,63,1.0,17.6,150,63,1.0,17.6,150,63,1.0,17.6
125,63.91,0.64,1.59,0,153,62,1.0,17.8,153,62,1.0,17.8,153,62,1.0,17.8,153,62,1.0,17.8,153,62,1.0,17.8,153,62,1.0,17.8,153,62,1.0,17.8,153,62,1.0,17.8,153,62,1.0,17.8,153,62,1.0,17.8,153,62,1.0,17.8,153,62,1.0,17.8,153,62,1.0,17.8,153,62,1.0,17.8,153,62,1.0,17.8,153,62,1.0,17.8,153,62,1.0,17.8,153,62,1.0,17.8,153,62,1.0,17.8,153,62,1.0,17.8,153,62,1.0,17.8,153,62,1.0,17.8,153,62,1.0,17.8,153,62,1.0,17.8,153,62,1.0,17.8,153,62,1.0,17.8,153,62,1.0,17.8,153,62,1.0,17.8,153,62,1.0,17.8,153,62,1.0,17.8,153,62,1.0,17.8,153,62,1.0,17.8
126,64.45,0.67,1.67,0,160,55,1.0,18.6,160,55,1.0,18.6,160,55,1.0,18.6,160,55,1.0,18.6,160,55,1.0,18.6,160,55,1.0,18.6,160,55,1.0,18.6,160,55,1.0,18.6,160,55,1.0,18.6,160,55,1.0,18.6,160,55,1.0,18.6,160,55,1.0,18.6,160,55,1.0,18.6,160,55,1.0,18.6,160,55,1.0,18.6,160,55,1.0,18.6,160,55,1.0,18.6,160,55,1.0,18.6,160,55,1.0,18.6,160,55,1.0,18.6,160,55,1.0,18.6,160,55,1.0,18.6,160,55,1.0,18.6,160,55,1.0,18.6,160,55,1.0,18.6,160,55,1.0,18.6,160,55,1.0,18.6,160,55,1.0,18.6,160,55,1.0,18.6,160,55,1.0,18.6,160,55,1.0,18.6,160,55,1.0,18.6
127,64.78,0.67,1.67,0,160,59,1.0,18.3,160,59,1.0,18.3,160,59,1.0,18.3,160,59,1.0,18.3,160,59,1.0,18.3,160,59,1.0,18.3,160,59,1.0,18.3,160,59,1.0,18.3,160,59,1.0,18.3,160,59,1.0,18.3,160,59,1.0,18.3,160,59,1.0,18.3,160,59,1.0,18.3,160,59,1.0,18.3,160,59,1.0,18.3,160,59,1.0,18.3,160,59,1.0,18.3,160,59,1.0,18.3,160,59,1.0,18.3,160,59,1.0,18.3,160,59,1.0,18.3,160,59,1.0,18.3,160,59,1.0,18.3,160,59,1.0,18.3,160,59,1.0,18.3,160,59,1.0,18.3,160,59,1.0,18.3,160,59,1.0,18.3,160,59,1.0,18.3,160,59,1.0,18.3,160,59,1.0,18.3,160,59,1.0,18.3
128,65.33,0.69,1.73,0,166,54,1.0,18.9,166,54,1.0,18.9,166,54,1.0,18.9,166,54,1.0,18.9,166,54,1.0,18.9,166,54,1.0,18.9,166,54,1.0,18.9,166,54,1.0,18.9,166,54,1.0,18.9,166,54,1.0,18.9,166,54,1.0,18.9,166,54,1.0,18.9,166,54,1.0,18.9,166,54,1.0,18.9,166,54,1.0,18.9,166,54,1.0,18.9,166,54,1.0,18.9,166,54,1.0,18.9,166,54,1.0,18.9,166,54,1.0,18.9,166,54,1.0,18.9,166,54,1.0,18.9,166,54,1.0,18.9,166,54,1.0,18.9,166,54,1.0,18.9,166,54,1.0,18.9,166,54,1.0,18.9,166,54,1.0,18.9,166,54,1.0,18.9,166,54,1.0,18.9,166,54,1.0,18.9,166,54,1.0,18.9
129,65.24,0.71,1.77,0,170,52,1.0,19.1,170,52,1.0,19.1,170,52,1.0,19.1,170,52,1.0,19.1,170,52,1.0,19.1,170,52,1.0,19.1,170,52,1.0,19.1,170,52,1.0,19.1,170,52,1.0,19.1,170,52,1.0,19.1,170,52,1.0,19.1,170,52,1.0,19.1,170,52,1.0,19.1,170,52,1.0,19.1,170,52,1.0,19.1,170,52,1.0,19.1,170,52,1.0,19.1,170,52,1.0,19.1,170,52,1.0,19.1,170,52,1.0,19.1,170,52,1.0,19.1,170,52,1.0,19.1,170,52,1.0,19.1,170,52,1.0,19.1,170,52,1.0,19.1,170,52,1.0,19.1,170,52,1.0,19.1,170,52,1.0,19.1,170,52,1.0,19.1,170,52,1.0,19.1,170,52,1.0,19.1,170,52,1.0,19.1
130,64.98,0.72,1.79,0,172,53,1.0,19.1,172,53,1.0,19.1,172,53,1.0,19.1,172,53,1.0,19.1,172,53,1.0,19.1,172,53,1.0,19.1,172,53,1.0,19.1,172,53,1.0,19.1,172,53,1.0,19.1,172,53,1.0,19.1,172,53,1.0,19.1,172,53,1.0,19.1,172,53,1.0,19.1,172,53,1.0,19.1,172,53,1.0,19.1,172,53,1.0,19.1,172,53,1.0,19.1,172,53,1.0,19.1,172,53,1.0,19.1,172,53,1.0,19.1,172,53,1.0,19.1,172,53,1.0,19.1,172,53,1.0,19.1,172,53,1.0,19.1,172,53,1.0,19.1,172,53,1.0,19.1,172,53,1.0,19.1,172,53,1.0,19.1,172,53,1.0,19.1,172,53,1.0,19.1,172,53,1.0,19.1,172,53,1.0,19.1
131,65.14,0.74,1.84,0,177,50,1.0,19.5,177,50,1.0,19.5,177,50,1.0,19.5,177,50,1.0,19.5,177,50,1.0,19.5,177,50,1.0,19.5,177,50,1.0,19.5,177,50,1.0,19.5,177,50,1.0,19.5,177,50,1.0,19.5,177,50,1.0,19.5,177,50,1.0,19.5,177,50,1.0,19.5,177,50,1.0,19.5,177,50,1.0,19.5,177,50,1.0,19.5,177,50,1.0,19.5,177,50,1.0,19.5,177,50,1.0,19.5,177,50,1.0,19.5,177,50,1.0,19.5,177,50,1.0,19.5,177,50,1.0,19.5,177,50,1.0,19.5,177,50,1.0,19.5,177,50,1.0,19.5,177,50,1.0,19.5,177,50,1.0,19.5,177,50,1.0,19.5,177,50,1.0,19.5,177,50,1.0,19.5,177,50,1.0,19.5
132,65.7,0.74,1.85,0,178,52,1.0,19.3,178,52,1.0,19.3,178,52,1.0,19.3,178,52,1.0,19.3,178,52,1.0,19.3,178,52,1.0,19.3,178,52,1.0,19.3,178,52,1.0,19.3,178,52,1.0,19.3,178,52,1.0,19.3,178,52,1.0,19.3,178,52,1.0,19.3,178,52,1.0,19.3,178,52,1.0,19.3,178,52,1.0,19.3,178,52,1.0,19.3,178,52,1.0,19.3,178,52,1.0,19.3,178,52,1.0,19.3,178,52,1.0,19.3,178,52,1.0,19.3,178,52,1.0,19.3,178,52,1.0,19.3,178,52,1.0,19.3,178,52,1.0,19.3,178,52,1.0,19.3,178,52,1.0,19.3,178,52,1.0,19.3,178,52,1.0,19.3,178,52,1.0,19.3,178,52,1.0,19.3,178,52,1.0,19.3
133,66.47,0.75,1.89,0,181,52,1.0,19.4,181,52,1.0,19.4,181,52,1.0,19.4,181,52,1.0,19.4,181,52,1.0,19.4,181,52,1.0,19.4,181,52,1.0,19.4,181,52,1.0,19.4,181,52,1.0,19.4,181,52,1.0,19.4,181,52,1.0,19.4,181,52,1.0,19.4,181,52,1.0,19.4,181,52,1.0,19.4,181,52,1.0,19.4,181,52,1.0,19.4,181,52,1.0,19.4,181,52,1.0,19.4,181,52,1.0,19.4,181,52,1.0,19.4,181,52,1.0,19.4,181,52,1.0,19.4,181,52,1.0,19.4,181,52,1.0,19.4,181,52,1.0,19.4,181,52,1.0,19.4,181,52,1.0,19.4,181,52,1.0,19.4,181,52,1.0,19.4,181,52,1.0,19.4,181,52,1.0,19.4,181,52,1.0,19.4
134,66.83,0.77,1.93,0,185,49,1.0,19.8,185,49,1.0,19.8,185,49,1.0,19.8,185,49,1.0,19.8,185,49,1.0,19.8,185,49,1.0,19.8,185,49,1.0,19.8,185,49,1.0,19.8,185,49,1.0,19.8,185,49,1.0,19.8,185,49,1.0,19.8,185,49,1.0,19.8,185,49,1.0,19.8,185,49,1.0,19.8,185,49,1.0,19.8,185,49,1.0,19.8,185,49,1.0,19.8,185,49,1.0,19.8,185,49,1.0,19.8,185,49,1.0,19.8,185,49,1.0,19.8,185,49,1.0,19.8,185,49,1.0,19.8,185,49,1.0,19.8,185,49,1.0,19.8,185,49,1.0,19.8,185,49,1.0,19.8,185,49,1.0,19.8,185,49,1.0,19.8,185,49,1.0,19.8,185,49,1.0,19.8,185,49,1.0,19.8
135,67.79,0.78,1.96,0,188,46,1.0,20.1,188,46,1.0,20.1,188,46,1.0,20.1,188,46,1.0,20.1,188,46,1.0,20.1,188,46,1.0,20.1,188,46,1.0,20.1,188,46,1.0,20.1,188,46,1.0,20.1,188,46,1.0,20.1,188,46,1.0,20.1,188,46,1.0,20.1,188,46,1.0,20.1,188,46,1.0,20.1,188,46,1.0,20.1,188,46,1.0,20.1,188,46,1.0,20.1,188,46,1.0,20.1,188,46,1.0,20.1,188,46,1.0,20.1,188,46,1.0,20.1,188,46,1.0,20.1,188,46,1.0,20.1,188,46,1.0,20.1,188,46,1.0,20.1,188,46,1.0,20.1,188,46,1.0,20.1,188,46,1.0,20.1,188,46,1.0,20.1,188,46,1.0,20.1,188,46,1.0,20.1,188,46,1.0,20.1
136,68.55,0.79,1.98,0,190,46,1.0,20.1,190,46,1.0,20.1,190,46,1.0,20.1,190,46,1.0,20.1,190,46,1.0,20.1,190,46,1.0,20.1,190,46,1.0,20.1,190,46,1.0,20.1,190,46,1.0,20.1,190,46,1.0,20.1,190,46,1.0,20.1,190,46,1.0,20.1,190,46,1.0,20.1,190,46,1.0,20.1,190,46,1.0,20.1,190,46,1.0,20.1,190,46,1.0,20.1,190,46,1.0,20.1,190,46,1.0,20.1,190,46,1.0,20.1,190,46,1.0,20.1,190,46,1.0,20.1,190,46,1.0,20.1,190,46,1.0,20.1,190,46,1.0,20.1,190,46,1.0,20.1,190,46,1.0,20.1,190,46,1.0,20.1,190,46,1.0,20.1,190,46,1.0,20.1,190,46,1.0,20.1,190,46,1.0,20.1
137,69.31,0.8,2.0,0,192,45,1.0,20.3,192,45,1.0,20.3,192,45,1.0,20.3,192,45,1.0,20.3,192,45,1.0,20.3,192,45,1.0,20.3,192,45,1.0,20.3,192,45,1.0,20.3,192,45,1.0,20.3,192,45,1.0,20.3,192,45,1.0,20.3,192,45,1.0,20.3,192,45,1.0,20.3,192,45,1.0,20.3,192,45,1.0,20.3,192,45,1.0,20.3,192,45,1.0,20.3,192,45,1.0,20.3,192,45,1.0,20.3,192,45,1.0,20.3,192,45,1.0,20.3,192,45,1.0,20.3,192,45,1.0,20.3,192,45,1.0,20.3,192,45,1.0,20.3,192,45,1.0,20.3,192,45,1.0,20.3,192,45,1.0,20.3,192,45,1.0,20.3,192,45,1.0,20.3,192,45,1.0,20.3,192,45,1.0,20.3
138,69.85,0.81,2.02,0,194,44,1.0,20.4,194,44,1.0,20.4,194,44,1.0,20.4,194,44,1.0,20.4,194,44,1.0,20.4,194,44,1.0,20.4,194,44,1.0,20.4,194,44,1.0,20.4,194,44,1.0,20.4,194,44,1.0,20.4,194,44,1.0,20.4,194,44,1.0,20.4,194,44,1.0,20.4,194,44,1.0,20.4,194,44,1.0,20.4,194,44,1.0,20.4,194,44,1.0,20.4,194,44,1.0,20.4,194,44,1.0,20.4,194,44,1.0,20.4,194,44,1.0,20.4,194,44,1.0,20.4,194,44,1.0,20.4,194,44,1.0,20.4,194,44,1.0,20.4,194,44,1.0,20.4,194,44,1.0,20.4,194,44,1.0,20.4,194,44,1.0,20.4,194,44,1.0,20.4,194,44,1.0,20.4,194,44,1.0,20.4
139,70.19,0.81,2.03,0,195,44,1.0,20.4,195,44,1.0,20.4,195,44,1.0,20.4,195,44,1.0,20.4,195,44,1.0,20.4,195,44,1.0,20.4,195,44,1.0,20.4,195,44,1.0,20.4,195,44,1.0,20.4,195,44,1.0,20.4,195,44,1.0,20.4,195,44,1.0,20.4,195,44,1.0,20.4,195,44,1.0,20.4,195,44,1.0,20.4,195,44,1.0,20.4,195,44,1.0,20.4,195,44,1.0,20.4,195,44,1.0,20.4,195,44,1.0,20.4,195,44,1.0,20.4,195,44,1.0,20.4,195,44,1.0,20.4,195,44,1.0,20.4,195,44,1.0,20.4,195,44,1.0,20.4,195,44,1.0,20.4,195,44,1.0,20.4,195,44,1.0,20.4,195,44,1.0,20.4,195,44,1.0,20.4,195,44,1.0,20.4
140,70.73,0.82,2.06,0,198,43,1.0,20.5,198,43,1.0,20.5,198,43,1.0,20.5,198,43,1.0,20.5,198,43,1.0,20.5,198,43,1.0,20.5,198,43,1.0,20.5,198,43,1.0,20.5,198,43,1.0,20.5,198,43,1.0,20.5,198,43,1.0,20.5,198,43,1.0,20.5,198,43,1.0,20.5,198,43,1.0,20.5,198,43,1.0,20.5,198,43,1.0,20.5,198,43,1.0,20.5,198,43,1.0,20.5,198,43,1.0,20.5,198,43,1.0,20.5,198,43,1.0,20.5,198,43,1.0,20.5,198,43,1.0,20.5,198,43,1.0,20.5,198,43,1.0,20.5,198,43,1.0,20.5,198,43,1.0,20.5,198,43,1.0,20.5,198,43,1.0,20.5,198,43,1.0,20.5,198,43,1.0,20.5,198,43,1.0,20.5
141,71.48,0.83,2.07,0,199,43,1.0,20.6,199,43,1.0,20.6,199,43,1.0,20.6,199,43,1.0,20.6,199,43,1.0,20.6,199,43,1.0,20.6,199,43,1.0,20.6,199,43,1.0,20.6,199,43,1.0,20.6,199,43,1.0,20.6,199,43,1.0,20.6,199,43,1.0,20.6,199,43,1.0,20.6,199,43,1.0,20.6,199,43,1.0,20.6,199,43,1.0,20.6,199,43,1.0,20.6,199,43,1.0,20.6,199,43,1.0,20.6,199,43,1.0,20.6,199,43,1.0,20.6,199,43,1.0,20.6,199,43,1.0,20.6,199,43,1.0,20.6,199,43,1.0,20.6,199,43,1.0,20.6,199,43,1.0,20.6,199,43,1.0,20.6,199,43,1.0,20.6,199,43,1.0,20.6,199,43,1.0,20.6,199,43,1.0,20.6
142,72.23,0.84,2.1,0,202,40,1.0,20.9,202,40,1.0,20.9,202,40,1.0,20.9,202,40,1.0,20.9,202,40,1.0,20.9,202,40,1.0,20.9,202,40,1.0,20.9,202,40,1.0,20.9,202,40,1.0,20.9,202,40,1.0,20.9,202,40,1.0,20.9,202,40,1.0,20.9,202,40,1.0,20.9,202,40,1.0,20.9,202,40,1.0,20.9,202,40,1.0,20.9,202,40,1.0,20.9,202,40,1.0,20.9,202,40,1.0,20.9,202,40,1.0,20.9,202,40,1.0,20.9,202,40,1.0,20.9,202,40,1.0,20.9,202,40,1.0,20.9,202,40,1.0,20.9,202,40,1.0,20.9,202,40,1.0,20.9,202,40,1.0,20.9,202,40,1.0,20.9,202,40,1.0,20.9,202,40,1.0,20.9,202,40,1.0,20.9
143,72.98,0.85,2.14,0,205,39,1.0,21.0,205,39,1.0,21.0,205,39,1.0,21.0,205,39,1.0,21.0,205,39,1.0,21.0,205,39,1.0,21.0,205,39,1.0,21.0,205,39,1.0,21.0,205,39,1.0,21.0,205,39,1.0,21.0,205,39,1.0,21.0,205,39,1.0,21.0,205,39,1.0,21.0,205,39,1.0,21.0,205,39,1.0,21.0,205,39,1.0,21.0,205,39,1.0,21.0,205,39,1.0,21.0,205,39,1.0,21.0,205,39,1.0,21.0,205,39,1.0,21.0,205,39,1.0,21.0,205,39,1.0,21.0,205,39,1.0,21.0,205,39,1.0,21.0,205,39,1.0,21.0,205,39,1.0,21.0,205,39,1.0,21.0,205,39,1.0,21.0,205,39,1.0,21.0,205,39,1.0,21.0,205,39,1.0,21.0
144,73.73,0.86,2.16,0,207,36,1.0,21.3,207,36,1.0,21.3,207,36,1.0,21.3,207,36,1.0,21.3,207,36,1.0,21.3,207,36,1.0,21.3,207,36,1.0,21.3,207,36,1.0,21.3,207,36,1.0,21.3,207,36,1.0,21.3,207,36,1.0,21.3,207,36,1.0,21.3,207,36,1.0,21.3,207,36,1.0,21.3,207,36,1.0,21.3,207,36,1.0,21.3,207,36,1.0,21.3,207,36,1.0,21.3,207,36,1.0,21.3,207,36,1.0,21.3,207,36,1.0,21.3,207,36,1.0,21.3,207,36,1.0,21.3,207,36,1.0,21.3,207,36,1.0,21.3,207,36,1.0,21.3,207,36,1.0,21.3,207,36,1.0,21.3,207,36,1.0,21.3,207,36,1.0,21.3,207,36,1.0,21.3,207,36,1.0,21.3
145,74.04,0.88,2.2,0,211,33,1.0,21.6,211,33,1.0,21.6,211,33,1.0,21.6,211,33,1.0,21.6,211,33,1.0,21.6,211,33,1.0,21.6,211,33,1.0,21.6,211,33,1.0,21.6,211,33,1.0,21.6,211,33,1.0,21.6,211,33,1.0,21.6,211,33,1.0,21.6,211,33,1.0,21.6,211,33,1.0,21.6,211,33,1.0,21.6,211,33,1.0,21.6,211,33,1.0,21.6,211,33,1.0,21.6,211,33,1.0,21.6,211,33,1.0,21.6,211,33,1.0,21.6,211,33,1.0,21.6,211,33,1.0,21.6,211,33,1.0,21.6,211,33,1.0,21.6,211,33,1.0,21.6,211,33,1.0,21.6,211,33,1.0,21.6,211,33,1.0,21.6,211,33,1.0,21.6,211,33,1.0,21.6,211,33,1.0,21.6
146,74.36,0.89,2.22,0,213,34,1.0,21.6,213,34,1.0,21.6,213,34,1.0,21.6,213,34,1.0,21.6,213,34,1.0,21.6,213,34,1.0,21.6,213,34,1.0,21.6,213,34,1.0,21.6,213,34,1.0,21.6,213,34,1.0,21.6,213,34,1.0,21.6,213,34,1.0,21.6,213,34,1.0,21.6,213,34,1.0,21.6,213,34,1.0,21.6,213,34,1.0,21.6,213,34,1.0,21.6,213,34,1.0,21.6,213,34,1.0,21.6,213,34,1.0,21.6,213,34,1.0,21.6,213,34,1.0,21.6,213,34,1.0,21.6,213,34,1.0,21.6,213,34,1.0,21.6,213,34,1.0,21.6,213,34,1.0,21.6,213,34,1.0,21.6,213,34,1.0,21.6,213,34,1.0,21.6,213,34,1.0,21.6,213,34,1.0,21.6
147,74.68,0.9,2.26,0,217,31,1.0,21.9,217,31,1.0,21.9,217,31,1.0,21.9,217,31,1.0,21.9,217,31,1.0,21.9,217,31,1.0,21.9,217,31,1.0,21.9,217,31,1.0,21.9,217,31,1.0,21.9,217,31,1.0,21.9,217,31,1.0,21.9,217,31,1.0,21.9,217,31,1.0,21.9,217,31,1.0,21.9,217,31,1.0,21.9,217,31,1.0,21.9,217,31,1.0,21.9,217,31,1.0,21.9,217,31,1.0,21.9,217,31,1.0,21.9,217,31,1.0,21.9,217,31,1.0,21.9,217,31,1.0,21.9,217,31,1.0,21.9,217,31,1.0,21.9,217,31,1.0,21.9,217,31,1.0,21.9,217,31,1.0,21.9,217,31,1.0,21.9,217,31,1.0,21.9,217,31,1.0,21.9,217,31,1.0,21.9
148,75.0,0.92,2.29,0,220,30,1.0,22.0,220,30,1.0,22.0,220,30,1.0,22.0,220,30,1.0,22.0,220,30,1.0,22.0,220,30,1.0,22.0,220,30,1.0,22.0,220,30,1.0,22.0,220,30,1.0,22.0,220,30,1.0,22.0,220,30,1.0,22.0,220,30,1.0,22.0,220,30,1.0,22.0,220,30,1.0,22.0,220,30,1.0,22.0,220,30,1.0,22.0,220,30,1.0,22.0,220,30,1.0,22.0,220,30,1.0,22.0,220,30,1.0,22.0,220,30,1.0,22.0,220,30,1.0,22.0,220,30,1.0,22.0,220,30,1.0,22.0,220,30,1.0,22.0,220,30,1.0,22.0,220,30,1.0,22.0,220,30,1.0,22.0,220,30,1.0,22.0,220,30,1.0,22.0,220,30,1.0,22.0,220,30,1.0,22.0
149,75.75,0.93,2.33,0,224,28,1.0,22.2,224,28,1.0,22.2,224,28,1.0,22.2,224,28,1.0,22.2,224,28,1.0,22.2,224,28,1.0,22.2,224,28,1.0,22.2,224,28,1.0,22.2,224,28,1.0,22.2,224,28,1.0,22.2,224,28,1.0,22.2,224,28,1.0,22.2,224,28,1.0,22.2,224,28,1.0,22.2,224,28,1.0,22.2,224,28,1.0,22.2,224,28,1.0,22.2,224,28,1.0,22.2,224,28,1.0,22.2,224,28,1.0,22.2,224,28,1.0,22.2,224,28,1.0,22.2,224,28,1.0,22.2,224,28,1.0,22.2,224,28,1.0,22.2,224,28,1.0,22.2,224,28,1.0,22.2,224,28,1.0,22.2,224,28,1.0,22.2,224,28,1.0,22.2,224,28,1.0,22.2,224,28,1.0,22.2
150,75.86,0.94,2.35,0,226,28,1.0,22.2,226,28,1.0,22.2,226,28,1.0,22.2,226,28,1.0,22.2,226,28,1.0,22.2,226,28,1.0,22.2,226,28,1.0,22.2,226,28,1.0,22.2,226,28,1.0,22.2,226,28,1.0,22.2,226,28,1.0,22.2,226,28,1.0,22.2,226,28,1.0,22.2,226,28,1.0,22.2,226,28,1.0,22.2,226,28,1.0,22.2,226,28,1.0,22.2,226,28,1.0,22.2,226,28,1.0,22.2,226,28,1.0,22.2,226,28,1.0,22.2,226,28,1.0,22.2,226,28,1.0,22.2,226,28,1.0,22.2,226,28,1.0,22.2,226,28,1.0,22.2,226,28,1.0,22.2,226,28,1.0,22.2,226,28,1.0,22.2,226,28,1.0,22.2,226,28,1.0,22.2,226,28,1.0,22.2
151,76.82,0.92,2.3,0,221,24,1.0,22.6,221,24,1.0,22.6,221,24,1.0,22.6,221,24,1.0,22.6,221,24,1.0,22.6,221,24,1.0,22.6,221,24,1.0,22.6,221,24,1.0,22.6,221,24,1.0,22.6,221,24,1.0,22.6,221,24,1.0,22.6,221,24,1.0,22.6,221,24,1.0,22.6,221,24,1.0,22.6,221,24,1.0,22.6,221,24,1.0,22.6,221,24,1.0,22.6,221,24,1.0,22.6,221,24,1.0,22.6,221,24,1.0,22.6,221,24,1.0,22.6,221,24,1.0,22.6,221,24,1.0,22.6,221,24,1.0,22.6,221,24,1.0,22.6,221,24,1.0,22.6,221,24,1.0,22.6,221,24,1.0,22.6,221,24,1.0,22.6,221,24,1.0,22.6,221,24,1.0,22.6,221,24,1.0,22.6
152,77.36,0.91,2.27,0,218,28,1.0,22.2,218,28,1.0,22.2,218,28,1.0,22.2,218,28,1.0,22.2,218,28,1.0,22.2,218,28,1.0,22.2,218,28,1.0,22.2,218,28,1.0,22.2,218,28,1.0,22.2,218,28,1.0,22.2,218,28,1.0,22.2,218,28,1.0,22.2,218,28,1.0,22.2,218,28,1.0,22.2,218,28,1.0,22.2,218,28,1.0,22.2,218,28,1.0,22.2,218,28,1.0,22.2,218,28,1.0,22.2,218,28,1.0,22.2,218,28,1.0,22.2,218,28,1.0,22.2,218,28,1.0,22.2,218,28,1.0,22.2,218,28,1.0,22.2,218,28,1.0,22.2,218,28,1.0,22.2,218,28,1.0,22.2,218,28,1.0,22.2,218,28,1.0,22.2,218,28,1.0,22.2,218,28,1.0,22.2
153,77.68,0.91,2.27,0,218,31,1.0,21.9,218,31,1.0,21.9,218,31,1.0,21.9,218,31,1.0,21.9,218,31,1.0,21.9,218,31,1.0,21.9,218,31,1.0,21.9,218,31,1.0,21.9,218,31,1.0,21.9,218,31,1.0,21.9,218,31,1.0,21.9,218,31,1.0,21.9,218,31,1.0,21.9,218,31,1.0,21.9,218,31,1.0,21.9,218,31,1.0,21.9,218,31,1.0,21.9,218,31,1.0,21.9,218,31,1.0,21.9,218,31,1.0,21.9,218,31,1.0,21.9,218,31,1.0,21.9,218,31,1.0,21.9,218,31,1.0,21.9,218,31,1.0,21.9,218,31,1.0,21.9,218,31,1.0,21.9,218,31,1.0,21.9,218,31,1.0,21.9,218,31,1.0,21.9,218,31,1.0,21.9,218,31,1.0,21.9
154,78.21,0.9,2.26,0,217,31,1.0,21.9,217,31,1.0,21.9,217,31,1.0,21.9,217,31,1.0,21.9,217,31,1.0,21.9,217,31,1.0,21.9,217,31,1.0,21.9,217,31,1.0,21.9,217,31,1.0,21.9,217,31,1.0,21.9,217,31,1.0,21.9,217,31,1.0,21.9,217,31,1.0,21.9,217,31,1.0,21.9,217,31,1.0,21.9,217,31,1.0,21.9,217,31,1.0,21.9,217,31,1.0,21.9,217,31,1.0,21.9,217,31,1.0,21.9,217,31,1.0,21.9,217,31,1.0,21.9,217,31,1.0,21.9,217,31,1.0,21.9,217,31,1.0,21.9,217,31,1.0,21.9,217,31,1.0,21.9,217,31,1.0,21.9,217,31,1.0,21.9,217,31,1.0,21.9,217,31,1.0,21.9,217,31,1.0,21.9
155,78.11,0.9,2.26,0,217,36,1.0,21.4,217,36,1.0,21.4,217,36,1.0,21.4,217,36,1.0,21.4,217,36,1.0,21.4,217,36,1.0,21.4,217,36,1.0,21.4,217,36,1.0,21.4,217,36,1.0,21.4,217,36,1.0,21.4,217,36,1.0,21.4,217,36,1.0,21.4,217,36,1.0,21.4,217,36,1.0,21.4,217,36,1.0,21.4,217,36,1.0,21.4,217,36,1.0,21.4,217,36,1.0,21.4,217,36,1.0,21.4,217,36,1.0,21.4,217,36,1.0,21.4,217,36,1.0,21.4,217,36,1.0,21.4,217,36,1.0,21.4,217,36,1.0,21.4,217,36,1.0,21.4,217,36,1.0,21.4,217,36,1.0,21.4,217,36,1.0,21.4,217,36,1.0,21.4,217,36,1.0,21.4,217,36,1.0,21.4
156,78.24,0.91,2.27,0,218,38,1.0,21.3,218,38,1.0,21.3,218,38,1.0,21.3,218,38,1.0,21.3,218,38,1.0,21.3,218,38,1.0,21.3,218,38,1.0,21.3,218,38,1.0,21.3,218,38,1.0,21.3,218,38,1.0,21.3,218,38,1.0,21.3,218,38,1.0,21.3,218,38,1.0,21.3,218,38,1.0,21.3,218,38,1.0,21.3,218,38,1.0,21.3,218,38,1.0,21.3,218,38,1.0,21.3,218,38,1.0,21.3,218,38,1.0,21.3,218,38,1.0,21.3,218,38,1.0,21.3,218,38,1.0,21.3,218,38,1.0,21.3,218,38,1.0,21.3,218,38,1.0,21.3,218,38,1.0,21.3,218,38,1.0,21.3,218,38,1.0,21.3,218,38,1.0,21.3,218,38,1.0,21.3,218,38,1.0,21.3
157,78.58,0.9,2.26,0,217,38,1.0,21.3,217,38,1.0,21.3,217,38,1.0,21.3,217,38,1.0,21.3,217,38,1.0,21.3,217,38,1.0,21.3,217,38,1.0,21.3,217,38,1.0,21.3,217,38,1.0,21.3,217,38,1.0,21.3,217,38,1.0,21.3,217,38,1.0,21.3,217,38,1.0,21.3,217,38,1.0,21.3,217,38,1.0,21.3,217,38,1.0,21.3,217,38,1.0,21.3,217,38,1.0,21.3,217,38,1.0,21.3,217,38,1.0,21.3,217,38,1.0,21.3,217,38,1.0,21.3,217,38,1.0,21.3,217,38,1.0,21.3,217,38,1.0,21.3,217,38,1.0,21.3,217,38,1.0,21.3,217,38,1.0,21.3,217,38,1.0,21.3,217,38,1.0,21.3,217,38,1.0,21.3,217,38,1.0,21.3
158,78.71,0.9,2.25,0,216,43,1.0,20.8,216,43,1.0,20.8,216,43,1.0,20.8,216,43,1.0,20.8,216,43,1.0,20.8,216,43,1.0,20.8,216,43,1.0,20.8,216,43,1.0,20.8,216,43,1.0,20.8,216,43,1.0,20.8,216,43,1.0,20.8,216,43,1.0,20.8,216,43,1.0,20.8,216,43,1.0,20.8,216,43,1.0,20.8,216,43,1.0,20.8,216,43,1.0,20.8,216,43,1.0,20.8,216,43,1.0,20.8,216,43,1.0,20.8,216,43,1.0,20.8,216,43,1.0,20.8,216,43,1.0,20.8,216,43,1.0,20.8,216,43,1.0,20.8,216,43,1.0,20.8,216,43,1.0,20.8,216,43,1.0,20.8,216,43,1.0,20.8,216,43,1.0,20.8,216,43,1.0,20.8,216,43,1.0,20.8
159,79.68,0.9,2.24,0,215,46,1.0,20.6,215,46,1.0,20.6,215,46,1.0,20.6,215,46,1.0,20.6,215,46,1.0,20.6,215,46,1.0,20.6,215,46,1.0,20.6,215,46,1.0,20.6,215,46,1.0,20.6,215,46,1.0,20.6,215,46,1.0,20.6,215,46,1.0,20.6,215,46,1.0,20.6,215,46,1.0,20.6,215,46,1.0,20.6,215,46,1.0,20.6,215,46,1.0,20.6,215,46,1.0,20.6,215,46,1.0,20.6,215,46,1.0,20.6,215,46,1.0,20.6,215,46,1.0,20.6,215,46,1.0,20.6,215,46,1.0,20.6,215,46,1.0,20.6,215,46,1.0,20.6,215,46,1.0,20.6,215,46,1.0,20.6,215,46,1.0,20.6,215,46,1.0,20.6,215,46,1.0,20.6,215,46,1.0,20.6
160,80.43,0.9,2.25,0,216,46,1.0,20.6,216,46,1.0,20.6,216,46,1.0,20.6,216,46,1.0,20.6,216,46,1.0,20.6,216,46,1.0,20.6,216,46,1.0,20.6,216,46,1.0,20.6,216,46,1.0,20.6,216,46,1.0,20.6,216,46,1.0,20.6,216,46,1.0,20.6,216,46,1.0,20.6,216,46,1.0,20.6,216,46,1.0,20.6,216,46,1.0,20.6,216,46,1.0,20.6,216,46,1.0,20.6,216,46,1.0,20.6,216,46,1.0,20.6,216,46,1.0,20.6,216,46,1.0,20.6,216,46,1.0,20.6,216,46,1.0,20.6,216,46,1.0,20.6,216,46,1.0,20.6,216,46,1.0,20.6,216,46,1.0,20.6,216,46,1.0,20.6,216,46,1.0,20.6,216,46,1.0,20.6,216,46,1.0,20.6
161,81.39,0.9,2.26,0,217,46,1.0,20.6,217,46,1.0,20.6,217,46,1.0,20.6,217,46,1.0,20.6,217,46,1.0,20.6,217,46,1.0,20.6,217,46,1.0,20.6,217,46,1.0,20.6,217,46,1.0,20.6,217,46,1.0,20.6,217,46,1.0,20.6,217,46,1.0,20.6,217,46,1.0,20.6,217,46,1.0,20.6,217,46,1.0,20.6,217,46,1.0,20.6,217,46,1.0,20.6,217,46,1.0,20.6,217,46,1.0,20.6,217,46,1.0,20.6,217,46,1.0,20.6,217,46,1.0,20.6,217,46,1.0,20.6,217,46,1.0,20.6,217,46,1.0,20.6,217,46,1.0,20.6,217,46,1.0,20.6,217,46,1.0,20.6,217,46,1.0,20.6,217,46,1.0,20.6,217,46,1.0,20.6,217,46,1.0,20.6
162,81.72,0.9,2.26,0,217,48,1.0,20.5,217,48,1.0,20.5,217,48,1.0,20.5,217,48,1.0,20.5,217,48,1.0,20.5,217,48,1.0,20.5,217,48,1.0,20.5,217,48,1.0,20.5,217,48,1.0,20.5,217,48,1.0,20.5,217,48,1.0,20.5,217,48,1.0,20.5,217,48,1.0,20.5,217,48,1.0,20.5,217,48,1.0,20.5,217,48,1.0,20.5,217,48,1.0,20.5,217,48,1.0,20.5,217,48,1.0,20.5,217,48,1.0,20.5,217,48,1.0,20.5,217,48,1.0,20.5,217,48,1.0,20.5,217,48,1.0,20.5,217,48,1.0,20.5,217,48,1.0,20.5,217,48,1.0,20.5,217,48,1.0,20.5,217,48,1.0,20.5,217,48,1.0,20.5,217,48,1.0,20.5,217,48,1.0,20.5
163,82.68,0.9,2.26,0,217,49,1.0,20.4,217,49,1.0,20.4,217,49,1.0,20.4,217,49,1.0,20.4,217,49,1.0,20.4,217,49,1.0,20.4,217,49,1.0,20.4,217,49,1.0,20.4,217,49,1.0,20.4,217,49,1.0,20.4,217,49,1.0,20.4,217,49,1.0,20.4,217,49,1.0,20.4,217,49,1.0,20.4,217,49,1.0,20.4,217,49,1.0,20.4,217,49,1.0,20.4,217,49,1.0,20.4,217,49,1.0,20.4,217,49,1.0,20.4,217,49,1.0,20.4,217,49,1.0,20.4,217,49,1.0,20.4,217,49,1.0,20.4,217,49,1.0,20.4,217,49,1.0,20.4,217,49,1.0,20.4,217,49,1.0,20.4,217,49,1.0,20.4,217,49,1.0,20.4,217,49,1.0,20.4,217,49,1.0,20.4
164,83.01,0.91,2.27,0,218,49,1.0,20.4,218,49,1.0,20.4,218,49,1.0,20.4,218,49,1.0,20.4,218,49,1.0,20.4,218,49,1.0,20.4,218,49,1.0,20.4,218,49,1.0,20.4,218,49,1.0,20.4,218,49,1.0,20.4,218,49,1.0,20.4,218,49,1.0,20.4,218,49,1.0,20.4,218,49,1.0,20.4,218,49,1.0,20.4,218,49,1.0,20.4,218,49,1.0,20.4,218,49,1.0,20.4,218,49,1.0,20.4,218,49,1.0,20.4,218,49,1.0,20.4,218,49,1.0,20.4,218,49,1.0,20.4,218,49,1.0,20.4,218,49,1.0,20.4,218,49,1.0,20.4,218,49,1.0,20.4,218,49,1.0,20.4,218,49,1.0,20.4,218,49,1.0,20.4,218,49,1.0,20.4,218,49,1.0,20.4
165,83.54,0.91,2.27,0,218,51,1.0,20.3,218,51,1.0,20.3,218,51,1.0,20.3,218,51,1.0,20.3,218,51,1.0,20.3,218,51,1.0,20.3,218,51,1.0,20.3,218,51,1.0,20.3,218,51,1.0,20.3,218,51,1.0,20.3,218,51,1.0,20.3,218,51,1.0,20.3,218,51,1.0,20.3,218,51,1.0,20.3,218,51,1.0,20.3,218,51,1.0,20.3,218,51,1.0,20.3,218,51,1.0,20.3,218,51,1.0,20.3,218,51,1.0,20.3,218,51,1.0,20.3,218,51,1.0,20.3,218,51,1.0,20.3,218,51,1.0,20.3,218,51,1.0,20.3,218,51,1.0,20.3,218,51,1.0,20.3,218,51,1.0,20.3,218,51,1.0,20.3,218,51,1.0,20.3,218,51,1.0,20.3,218,51,1.0,20.3
166,84.29,0.9,2.26,0,217,52,1.0,20.2,217,52,1.0,20.2,217,52,1.0,20.2,217,52,1.0,20.2,217,52,1.0,20.2,217,52,1.0,20.2,217,52,1.0,20.2,217,52,1.0,20.2,217,52,1.0,20.2,217,52,1.0,20.2,217,52,1.0,20.2,217,52,1.0,20.2,217,52,1.0,20.2,217,52,1.0,20.2,217,52,1.0,20.2,217,52,1.0,20.2,217,52,1.0,20.2,217,52,1.0,20.2,217,52,1.0,20.2,217,52,1.0,20.2,217,52,1.0,20.2,217,52,1.0,20.2,217,52,1.0,20.2,217,52,1.0,20.2,217,52,1.0,20.2,217,52,1.0,20.2,217,52,1.0,20.2,217,52,1.0,20.2,217,52,1.0,20.2,217,52,1.0,20.2,217,52,1.0,20.2,217,52,1.0,20.2
167,84.83,0.9,2.25,0,216,55,1.0,19.9,216,55,1.0,19.9,216,55,1.0,19.9,216,55,1.0,19.9,216,55,1.0,19.9,216,55,1.0,19.9,216,55,1.0,19.9,216,55,1.0,19.9,216,55,1.0,19.9,216,55,1.0,19.9,216,55,1.0,19.9,216,55,1.0,19.9,216,55,1.0,19.9,216,55,1.0,19.9,216,55,1.0,19.9,216,55,1.0,19.9,216,55,1.0,19.9,216,55,1.0,19.9,216,55,1.0,19.9,216,55,1.0,19.9,216,55,1.0,19.9,216,55,1.0,19.9,216,55,1.0,19.9,216,55,1.0,19.9,216,55,1.0,19.9,216,55,1.0,19.9,216,55,1.0,19.9,216,55,1.0,19.9,216,55,1.0,19.9,216,55,1.0,19.9,216,55,1.0,19.9,216,55,1.0,19.9
168,84.94,0.9,2.25,0,216,57,1.0,19.8,216,57,1.0,19.8,216,57,1.0,19.8,216,57,1.0,19.8,216,57,1.0,19.8,216,57,1.0,19.8,216,57,1.0,19.8,216,57,1.0,19.8,216,57,1.0,19.8,216,57,1.0,19.8,216,57,1.0,19.8,216,57,1.0,19.8,216,57,1.0,19.8,216,57,1.0,19.8,216,57,1.0,19.8,216,57,1.0,19.8,216,57,1.0,19.8,216,57,1.0,19.8,216,57,1.0,19.8,216,57,1.0,19.8,216,57,1.0,19.8,216,57,1.0,19.8,216,57,1.0,19.8,216,57,1.0,19.8,216,57,1.0,19.8,216,57,1.0,19.8,216,57,1.0,19.8,216,57,1.0,19.8,216,57,1.0,19.8,216,57,1.0,19.8,216,57,1.0,19.8,216,57,1.0,19.8
169,85.9,0.9,2.25,0,216,57,1.0,19.8,216,57,1.0,19.8,216,57,1.0,19.8,216,57,1.0,19.8,216,57,1.0,19.8,216,57,1.0,19.8,216,57,1.0,19.8,216,57,1.0,19.8,216,57,1.0,19.8,216,57,1.0,19.8,216,57,1.0,19.8,216,57,1.0,19.8,216,57,1.0,19.8,216,57,1.0,19.8,216,57,1.0,19.8,216,57,1.0,19.8,216,57,1.0,19.8,216,57,1.0,19.8,216,57,1.0,19.8,216,57,1.0,19.8,216,57,1.0,19.8,216,57,1.0,19.8,216,57,1.0,19.8,216,57,1.0,19.8,216,57,1.0,19.8,216,57,1.0,19.8,216,57,1.0,19.8,216,57,1.0,19.8,216,57,1.0,19.8,216,57,1.0,19.8,216,57,1.0,19.8,216,57,1.0,19.8
170,86.43,0.9,2.25,0,216,58,1.0,19.7,216,58,1.0,19.7,216,58,1.0,19.7,216,58,1.0,19.7,216,58,1.0,19.7,216,58,1.0,19.7,216,58,1.0,19.7,216,58,1.0,19.7,216,58,1.0,19.7,216,58,1.0,19.7,216,58,1.0,19.7,216,58,1.0,19.7,216,58,1.0,19.7,216,58,1.0,19.7,216,58,1.0,19.7,216,58,1.0,19.7,216,58,1.0,19.7,216,58,1.0,19.7,216,58,1.0,19.7,216,58,1.0,19.7,216,58,1.0,19.7,216,58,1.0,19.7,216,58,1.0,19.7,216,58,1.0,19.7,216,58,1.0,19.7,216,58,1.0,19.7,216,58,1.0,19.7,216,58,1.0,19.7,216,58,1.0,19.7,216,58,1.0,19.7,216,58,1.0,19.7,216,58,1.0,19.7
171,86.75,0.9,2.26,0,217,59,1.0,19.7,217,59,1.0,19.7,217,59,1.0,19.7,217,59,1.0,19.7,217,59,1.0,19.7,217,59,1.0,19.7,217,59,1.0,19.7,217,59,1.0,19.7,217,59,1.0,19.7,217,59,1.0,19.7,217,59,1.0,19.7,217,59,1.0,19.7,217,59,1.0,19.7,217,59,1.0,19.7,217,59,1.0,19.7,217,59,1.0,19.7,217,59,1.0,19.7,217,59,1.0,19.7,217,59,1.0,19.7,217,59,1.0,19.7,217,59,1.0,19.7,217,59,1.0,19.7,217,59,1.0,19.7,217,59,1.0,19.7,217,59,1.0,19.7,217,59,1.0,19.7,217,59,1.0,19.7,217,59,1.0,19.7,217,59,1.0,19.7,217,59,1.0,19.7,217,59,1.0,19.7,217,59,1.0,19.7
172,86.65,0.91,2.27,0,218,59,1.0,19.7,218,59,1.0,19.7,218,59,1.0,19.7,218,59,1.0,19.7,218,59,1.0,19.7,218,59,1.0,19.7,218,59,1.0,19.7,218,59,1.0,19.7,218,59,1.0,19.7,218,59,1.0,19.7,218,59,1.0,19.7,218,59,1.0,19.7,218,59,1.0,19.7,218,59,1.0,19.7,218,59,1.0,19.7,218,59,1.0,19.7,218,59,1.0,19.7,218,59,1.0,19.7,218,59,1.0,19.7,218,59,1.0,19.7,218,59,1.0,19.7,218,59,1.0,19.7,218,59,1.0,19.7,218,59,1.0,19.7,218,59,1.0,19.7,218,59,1.0,19.7,218,59,1.0,19.7,218,59,1.0,19.7,218,59,1.0,19.7,218,59,1.0,19.7,218,59,1.0,19.7,218,59,1.0,19.7
173,87.4,0.91,2.27,0,218,61,1.0,19.5,218,61,1.0,19.5,218,61,1.0,19.5,218,61,1.0,19.5,218,61,1.0,19.5,218,61,1.0,19.5,218,61,1.0,19.5,218,61,1.0,19.5,218,61,1.0,19.5,218,61,1.0,19.5,218,61,1.0,19.5,218,61,1.0,19.5,218,61,1.0,19.5,218,61,1.0,19.5,218,61,1.0,19.5,218,61,1.0,19.5,218,61,1.0,19.5,218,61,1.0,19.5,218,61,1.0,19.5,218,61,1.0,19.5,218,61,1.0,19.5,218,61,1.0,19.5,218,61,1.0,19.5,218,61,1.0,19.5,218,61,1.0,19.5,218,61,1.0,19.5,218,61,1.0,19.5,218,61,1.0,19.5,218,61,1.0,19.5,218,61,1.0,19.5,218,61,1.0,19.5,218,61,1.0,19.5
174,88.15,0.92,2.29,0,220,62,1.0,19.5,220,62,1.0,19.5,220,62,1.0,19.5,220,62,1.0,19.5,220,62,1.0,19.5,220,62,1.0,19.5,220,62,1.0,19.5,220,62,1.0,19.5,220,62,1.0,19.5,220,62,1.0,19.5,220,62,1.0,19.5,220,62,1.0,19.5,220,62,1.0,19.5,220,62,1.0,19.5,220,62,1.0,19.5,220,62,1.0,19.5,220,62,1.0,19.5,220,62,1.0,19.5,220,62,1.0,19.5,220,62,1.0,19.5,220,62,1.0,19.5,220,62,1.0,19.5,220,62,1.0,19.5,220,62,1.0,19.5,220,62,1.0,19.5,220,62,1.0,19.5,220,62,1.0,19.5,220,62,1.0,19.5,220,62,1.0,19.5,220,62,1.0,19.5,220,62,1.0,19.5,220,62,1.0,19.5
175,88.26,0.92,2.29,0,220,63,1.0,19.4,220,63,1.0,19.4,220,63,1.0,19.4,220,63,1.0,19.4,220,63,1.0,19.4,220,63,1.0,19.4,220,63,1.0,19.4,220,63,1.0,19.4,220,63,1.0,19.4,220,63,1.0,19.4,220,63,1.0,19.4,220,63,1.0,19.4,220,63,1.0,19.4,220,63,1.0,19.4,220,63,1.0,19.4,220,63,1.0,19.4,220,63,1.0,19.4,220,63,1.0,19.4,220,63,1.0,19.4,220,63,1.0,19.4,220,63,1.0,19.4,220,63,1.0,19.4,220,63,1.0,19.4,220,63,1.0,19.4,220,63,1.0,19.4,220,63,1.0,19.4,220,63,1.0,19.4,220,63,1.0,19.4,220,63,1.0,19.4,220,63,1.0,19.4,220,63,1.0,19.4,220,63,1.0,19.4
176,89.02,0.93,2.31,0,222,62,1.0,19.5,222,62,1.0,19.5,222,62,1.0,19.5,222,62,1.0,19.5,222,62,1.0,19.5,222,62,1.0,19.5,222,62,1.0,19.5,222,62,1.0,19.5,222,62,1.0,19.5,222,62,1.0,19.5,222,62,1.0,19.5,222,62,1.0,19.5,222,62,1.0,19.5,222,62,1.0,19.5,222,62,1.0,19.5,222,62,1.0,19.5,222,62,1.0,19.5,222,62,1.0,19.5,222,62,1.0,19.5,222,62,1.0,19.5,222,62,1.0,19.5,222,62,1.0,19.5,222,62,1.0,19.5,222,62,1.0,19.5,222,62,1.0,19.5,222,62,1.0,19.5,222,62,1.0,19.5,222,62,1.0,19.5,222,62,1.0,19.5,222,62,1.0,19.5,222,62,1.0,19.5,222,62,1.0,19.5
177,89.77,0.93,2.33,0,224,59,1.0,19.8,224,59,1.0,19.8,224,59,1.0,19.8,224,59,1.0,19.8,224,59,1.0,19.8,224,59,1.0,19.8,224,59,1.0,19.8,224,59,1.0,19.8,224,59,1.0,19.8,224,59,1.0,19.8,224,59,1.0,19.8,224,59,1.0,19.8,224,59,1.0,19.8,224,59,1.0,19.8,224,59,1.0,19.8,224,59,1.0,19.8,224,59,1.0,19.8,224,59,1.0,19.8,224,59,1.0,19.8,224,59,1.0,19.8,224,59,1.0,19.8,224,59,1.0,19.8,224,59,1.0,19.8,224,59,1.0,19.8,224,59,1.0,19.8,224,59,1.0,19.8,224,59,1.0,19.8,224,59,1.0,19.8,224,59,1.0,19.8,224,59,1.0,19.8,224,59,1.0,19.8,224,59,1.0,19.8
178,90.73,0.93,2.33,0,224,60,1.0,19.7,224,60,1.0,19.7,224,60,1.0,19.7,224,60,1.0,19.7,224,60,1.0,19.7,224,60,1.0,19.7,224,60,1.0,19.7,224,60,1.0,19.7,224,60,1.0,19.7,224,60,1.0,19.7,224,60,1.0,19.7,224,60,1.0,19.7,224,60,1.0,19.7,224,60,1.0,19.7,224,60,1.0,19.7,224,60,1.0,19.7,224,60,1.0,19.7,224,60,1.0,19.7,224,60,1.0,19.7,224,60,1.0,19.7,224,60,1.0,19.7,224,60,1.0,19.7,224,60,1.0,19.7,224,60,1.0,19.7,224,60,1.0,19.7,224,60,1.0,19.7,224,60,1.0,19.7,224,60,1.0,19.7,224,60,1.0,19.7,224,60,1.0,19.7,224,60,1.0,19.7,224,60,1.0,19.7
179,91.04,0.94,2.34,0,225,62,1.0,19.6,225,62,1.0,19.6,225,62,1.0,19.6,225,62,1.0,19.6,225,62,1.0,19.6,225,62,1.0,19.6,225,62,1.0,19.6,225,62,1.0,19.6,225,62,1.0,19.6,225,62,1.0,19.6,225,62,1.0,19.6,225,62,1.0,19.6,225,62,1.0,19.6,225,62,1.0,19.6,225,62,1.0,19.6,225,62,1.0,19.6,225,62,1.0,19.6,225,62,1.0,19.6,225,62,1.0,19.6,225,62,1.0,19.6,225,62,1.0,19.6,225,62,1.0,19.6,225,62,1.0,19.6,225,62,1.0,19.6,225,62,1.0,19.6,225,62,1.0,19.6,225,62,1.0,19.6,225,62,1.0,19.6,225,62,1.0,19.6,225,62,1.0,19.6,225,62,1.0,19.6,225,62,1.0,19.6
180,91.57,0.94,2.35,0,226,56,1.0,20.0,226,56,1.0,20.0,226,56,1.0,20.0,226,56,1.0,20.0,226,56,1.0,20.0,226,56,1.0,20.0,226,56,1.0,20.0,226,56,1.0,20.0,226,56,1.0,20.0,226,56,1.0,20.0,226,56,1.0,20.0,226,56,1.0,20.0,226,56,1.0,20.0,226,56,1.0,20.0,226,56,1.0,20.0,226,56,1.0,20.0,226,56,1.0,20.0,226,56,1.0,20.0,226,56,1.0,20.0,226,56,1.0,20.0,226,56,1.0,20.0,226,56,1.0,20.0,226,56,1.0,20.0,226,56,1.0,20.0,226,56,1.0,20.0,226,56,1.0,20.0,226,56,1.0,20.0,226,56,1.0,20.0,226,56,1.0,20.0,226,56,1.0,20.0,226,56,1.0,20.0,226,56,1.0,20.0
181,92.31,0.9,2.24,0,215,50,1.0,20.3,215,50,1.0,20.3,215,50,1.0,20.3,215,50,1.0,20.3,215,50,1.0,20.3,215,50,1.0,20.3,215,50,1.0,20.3,215,50,1.0,20.3,215,50,1.0,20.3,215,50,1.0,20.3,215,50,1.0,20.3,215,50,1.0,20.3,215,50,1.0,20.3,215,50,1.0,20.3,215,50,1.0,20.3,215,50,1.0,20.3,215,50,1.0,20.3,215,50,1.0,20.3,215,50,1.0,20.3,215,50,1.0,20.3,215,50,1.0,20.3,215,50,1.0,20.3,215,50,1.0,20.3,215,50,1.0,20.3,215,50,1.0,20.3,215,50,1.0,20.3,215,50,1.0,20.3,215,50,1.0,20.3,215,50,1.0,20.3,215,50,1.0,20.3,215,50,1.0,20.3,215,50,1.0,20.3
182,93.28,0.85,2.14,0,205,67,1.0,18.8,205,67,1.0,18.8,205,67,1.0,18.8,205,67,1.0,18.8,205,67,1.0,18.8,205,67,1.0,18.8,205,67,1.0,18.8,205,67,1.0,18.8,205,67,1.0,18.8,205,67,1.0,18.8,205,67,1.0,18.8,205,67,1.0,18.8,205,67,1.0,18.8,205,67,1.0,18.8,205,67,1.0,18.8,205,67,1.0,18.8,205,67,1.0,18.8,205,67,1.0,18.8,205,67,1.0,18.8,205,67,1.0,18.8,205,67,1.0,18.8,205,67,1.0,18.8,205,67,1.0,18.8,205,67,1.0,18.8,205,67,1.0,18.8,205,67,1.0,18.8,205,67,1.0,18.8,205,67,1.0,18.8,205,67,1.0,18.8,205,67,1.0,18.8,205,67,1.0,18.8,205,67,1.0,18.8
183,94.02,0.84,2.1,0,202,71,1.0,18.5,202,71,1.0,18.5,202,71,1.0,18.5,202,71,1.0,18.5,202,71,1.0,18.5,202,71,1.0,18.5,202,71,1.0,18.5,202,71,1.0,18.5,202,71,1.0,18.5,202,71,1.0,18.5,202,71,1.0,18.5,202,71,1.0,18.5,202,71,1.0,18.5,202,71,1.0,18.5,202,71,1.0,18.5,202,71,1.0,18.5,202,71,1.0,18.5,202,71,1.0,18.5,202,71,1.0,18.5,202,71,1.0,18.5,202,71,1.0,18.5,202,71,1.0,18.5,202,71,1.0,18.5,202,71,1.0,18.5,202,71,1.0,18.5,202,71,1.0,18.5,202,71,1.0,18.5,202,71,1.0,18.5,202,71,1.0,18.5,202,71,1.0,18.5,202,71,1.0,18.5,202,71,1.0,18.5
184,94.31,0.81,2.03,0,195,75,1.0,18.1,195,75,1.0,18.1,195,75,1.0,18.1,195,75,1.0,18.1,195,75,1.0,18.1,195,75,1.0,18.1,195,75,1.0,18.1,195,75,1.0,18.1,195,75,1.0,18.1,195,75,1.0,18.1,195,75,1.0,18.1,195,75,1.0,18.1,195,75,1.0,18.1,195,75,1.0,18.1,195,75,1.0,18.1,195,75,1.0,18.1,195,75,1.0,18.1,195,75,1.0,18.1,195,75,1.0,18.1,195,75,1.0,18.1,195,75,1.0,18.1,195,75,1.0,18.1,195,75,1.0,18.1,195,75,1.0,18.1,195,75,1.0,18.1,195,75,1.0,18.1,195,75,1.0,18.1,195,75,1.0,18.1,195,75,1.0,18.1,195,75,1.0,18.1,195,75,1.0,18.1,195,75,1.0,18.1
185,94.61,0.8,2.0,0,192,83,1.0,17.5,192,83,1.0,17.5,192,83,1.0,17.5,192,83,1.0,17.5,192,83,1.0,17.5,192,83,1.0,17.5,192,83,1.0,17.5,192,83,1.0,17.5,192,83,1.0,17.5,192,83,1.0,17.5,192,83,1.0,17.5,192,83,1.0,17.5,192,83,1.0,17.5,192,83,1.0,17.5,192,83,1.0,17.5,192,83,1.0,17.5,192,83,1.0,17.5,192,83,1.0,17.5,192,83,1.0,17.5,192,83,1.0,17.5,192,83,1.0,17.5,192,83,1.0,17.5,192,83,1.0,17.5,192,83,1.0,17.5,192,83,1.0,17.5,192,83,1.0,17.5,192,83,1.0,17.5,192,83,1.0,17.5,192,83,1.0,17.5,192,83,1.0,17.5,192,83,1.0,17.5,192,83,1.0,17.5
186,95.13,0.79,1.97,0,189,84,1.0,17.3,189,84,1.0,17.3,189,84,1.0,17.3,189,84,1.0,17.3,189,84,1.0,17.3,189,84,1.0,17.3,189,84,1.0,17.3,189,84,1.0,17.3,189,84,1.0,17.3,189,84,1.0,17.3,189,84,1.0,17.3,189,84,1.0,17.3,189,84,1.0,17.3,189,84,1.0,17.3,189,84,1.0,17.3,189,84,1.0,17.3,189,84,1.0,17.3,189,84,1.0,17.3,189,84,1.0,17.3,189,84,1.0,17.3,189,84,1.0,17.3,189,84,1.0,17.3,189,84,1.0,17.3,189,84,1.0,17.3,189,84,1.0,17.3,189,84,1.0,17.3,189,84,1.0,17.3,189,84,1.0,17.3,189,84,1.0,17.3,189,84,1.0,17.3,189,84,1.0,17.3,189,84,1.0,17.3
187,95.64,0.78,1.95,0,187,84,1.0,17.3,187,84,1.0,17.3,187,84,1.0,17.3,187,84,1.0,17.3,187,84,1.0,17.3,187,84,1.0,17.3,187,84,1.0,17.3,187,84,1.0,17.3,187,84,1.0,17.3,187,84,1.0,17.3,187,84,1.0,17.3,187,84,1.0,17.3,187,84,1.0,17.3,187,84,1.0,17.3,187,84,1.0,17.3,187,84,1.0,17.3,187,84,1.0,17.3,187,84,1.0,17.3,187,84,1.0,17.3,187,84,1.0,17.3,187,84,1.0,17.3,187,84,1.0,17.3,187,84,1.0,17.3,187,84,1.0,17.3,187,84,1.0,17.3,187,84,1.0,17.3,187,84,1.0,17.3,187,84,1.0,17.3,187,84,1.0,17.3,187,84,1.0,17.3,187,84,1.0,17.3,187,84,1.0,17.3
188,95.94,0.77,1.93,0,185,91,1.0,16.8,185,91,1.0,16.8,185,91,1.0,16.8,185,91,1.0,16.8,185,91,1.0,16.8,185,91,1.0,16.8,185,91,1.0,16.8,185,91,1.0,16.8,185,91,1.0,16.8,185,91,1.0,16.8,185,91,1.0,16.8,185,91,1.0,16.8,185,91,1.0,16.8,185,91,1.0,16.8,185,91,1.0,16.8,185,91,1.0,16.8,185,91,1.0,16.8,185,91,1.0,16.8,185,91,1.0,16.8,185,91,1.0,16.8,185,91,1.0,16.8,185,91,1.0,16.8,185,91,1.0,16.8,185,91,1.0,16.8,185,91,1.0,16.8,185,91,1.0,16.8,185,91,1.0,16.8,185,91,1.0,16.8,185,91,1.0,16.8,185,91,1.0,16.8,185,91,1.0,16.8,185,91,1.0,16.8
189,96.02,0.76,1.91,0,183,93,1.0,16.6,183,93,1.0,16.6,183,93,1.0,16.6,183,93,1.0,16.6,183,93,1.0,16.6,183,93,1.0,16.6,183,93,1.0,16.6,183,93,1.0,16.6,183,93,1.0,16.6,183,93,1.0,16.6,183,93,1.0,16.6,183,93,1.0,16.6,183,93,1.0,16.6,183,93,1.0,16.6,183,93,1.0,16.6,183,93,1.0,16.6,183,93,1.0,16.6,183,93,1.0,16.6,183,93,1.0,16.6,183,93,1.0,16.6,183,93,1.0,16.6,183,93,1.0,16.6,183,93,1.0,16.6,183,93,1.0,16.6,183,93,1.0,16.6,183,93,1.0,16.6,183,93,1.0,16.6,183,93,1.0,16.6,183,93,1.0,16.6,183,93,1.0,16.6,183,93,1.0,16.6,183,93,1.0,16.6
190,96.32,0.75,1.89,0,181,98,1.0,16.2,181,98,1.0,16.2,181,98,1.0,16.2,181,98,1.0,16.2,181,98,1.0,16.2,181,98,1.0,16.2,181,98,1.0,16.2,181,98,1.0,16.2,181,98,1.0,16.2,181,98,1.0,16.2,181,98,1.0,16.2,181,98,1.0,16.2,181,98,1.0,16.2,181,98,1.0,16.2,181,98,1.0,16.2,181,98,1.0,16.2,181,98,1.0,16.2,181,98,1.0,16.2,181,98,1.0,16.2,181,98,1.0,16.2,181,98,1.0,16.2,181,98,1.0,16.2,181,98,1.0,16.2,181,98,1.0,16.2,181,98,1.0,16.2,181,98,1.0,16.2,181,98,1.0,16.2,181,98,1.0,16.2,181,98,1.0,16.2,181,98,1.0,16.2,181,98,1.0,16.2,181,98,1.0,16.2
191,97.28,0.75,1.89,0,181,99,1.0,16.2,181,99,1.0,16.2,181,99,1.0,16.2,181,99,1.0,16.2,181,99,1.0,16.2,181,99,1.0,16.2,181,99,1.0,16.2,181,99,1.0,16.2,181,99,1.0,16.2,181,99,1.0,16.2,181,99,1.0,16.2,181,99,1.0,16.2,181,99,1.0,16.2,181,99,1.0,16.2,181,99,1.0,16.2,181,99,1.0,16.2,181,99,1.0,16.2,181,99,1.0,16.2,181,99,1.0,16.2,181,99,1.0,16.2,181,99,1.0,16.2,181,99,1.0,16.2,181,99,1.0,16.2,181,99,1.0,16.2,181,99,1.0,16.2,181,99,1.0,16.2,181,99,1.0,16.2,181,99,1.0,16.2,181,99,1.0,16.2,181,99,1.0,16.2,181,99,1.0,16.2,181,99,1.0,16.2
192,98.23,0.74,1.85,0,178,103,1.0,15.8,178,103,1.0,15.8,178,103,1.0,15.8,178,103,1.0,15.8,178,103,1.0,15.8,178,103,1.0,15.8,178,103,1.0,15.8,178,103,1.0,15.8,178,103,1.0,15.8,178,103,1.0,15.8,178,103,1.0,15.8,178,103,1.0,15.8,178,103,1.0,15.8,178,103,1.0,15.8,178,103,1.0,15.8,178,103,1.0,15.8,178,103,1.0,15.8,178,103,1.0,15.8,178,103,1.0,15.8,178,103,1.0,15.8,178,103,1.0,15.8,178,103,1.0,15.8,178,103,1.0,15.8,178,103,1.0,15.8,178,103,1.0,15.8,178,103,1.0,15.8,178,103,1.0,15.8,178,103,1.0,15.8,178,103,1.0,15.8,178,103,1.0,15.8,178,103,1.0,15.8,178,103,1.0,15.8
193,98.74,0.73,1.83,0,176,105,1.0,15.7,176,105,1.0,15.7,176,105,1.0,15.7,176,105,1.0,15.7,176,105,1.0,15.7,176,105,1.0,15.7,176,105,1.0,15.7,176,105,1.0,15.7,176,105,1.0,15.7,176,105,1.0,15.7,176,105,1.0,15.7,176,105,1.0,15.7,176,105,1.0,15.7,176,105,1.0,15.7,176,105,1.0,15.7,176,105,1.0,15.7,176,105,1.0,15.7,176,105,1.0,15.7,176,105,1.0,15.7,176,105,1.0,15.7,176,105,1.0,15.7,176,105,1.0,15.7,176,105,1.0,15.7,176,105,1.0,15.7,176,105,1.0,15.7,176,105,1.0,15.7,176,105,1.0,15.7,176,105,1.0,15.7,176,105,1.0,15.7,176,105,1.0,15.7,176,105,1.0,15.7,176,105,1.0,15.7
194,99.03,0.73,1.82,0,175,106,1.0,15.6,175,106,1.0,15.6,175,106,1.0,15.6,175,106,1.0,15.6,175,106,1.0,15.6,175,106,1.0,15.6,175,106,1.0,15.6,175,106,1.0,15.6,175,106,1.0,15.6,175,106,1.0,15.6,175,106,1.0,15.6,175,106,1.0,15.6,175,106,1.0,15.6,175,106,1.0,15.6,175,106,1.0,15.6,175,106,1.0,15.6,175,106,1.0,15.6,175,106,1.0,15.6,175,106,1.0,15.6,175,106,1.0,15.6,175,106,1.0,15.6,175,106,1.0,15.6,175,106,1.0,15.6,175,106,1.0,15.6,175,106,1.0,15.6,175,106,1.0,15.6,175,106,1.0,15.6,175,106,1.0,15.6,175,106,1.0,15.6,175,106,1.0,15.6,175,106,1.0,15.6,175,106,1.0,15.6
195,99.99,0.72,1.8,0,173,107,1.0,15.4,173,107,1.0,15.4,173,107,1.0,15.4,173,107,1.0,15.4,173,107,1.0,15.4,173,107,1.0,15.4,173,107,1.0,15.4,173,107,1.0,15.4,173,107,1.0,15.4,173,107,1.0,15.4,173,107,1.0,15.4,173,107,1.0,15.4,173,107,1.0,15.4,173,107,1.0,15.4,173,107,1.0,15.4,173,107,1.0,15.4,173,107,1.0,15.4,173,107,1.0,15.4,173,107,1.0,15.4,173,107,1.0,15.4,173,107,1.0,15.4,173,107,1.0,15.4,173,107,1.0,15.4,173,107,1.0,15.4,173,107,1.0,15.4,173,107,1.0,15.4,173,107,1.0,15.4,173,107,1.0,15.4,173,107,1.0,15.4,173,107,1.0,15.4,173,107,1.0,15.4,173,107,1.0,15.4
196,100.94,0.72,1.8,0,173,106,1.0,15.5,173,106,1.0,15.5,173,106,1.0,15.5,173,106,1.0,15.5,173,106,1.0,15.5,173,106,1.0,15.5,173,106,1.0,15.5,173,106,1.0,15.5,173,106,1.0,15.5,173,106,1.0,15.5,173,106,1.0,15.5,173,106,1.0,15.5,173,106,1.0,15.5,173,106,1.0,15.5,173,106,1.0,15.5,173,106,1.0,15.5,173,106,1.0,15.5,173,106,1.0,15.5,173,106,1.0,15.5,173,106,1.0,15.5,173,106,1.0,15.5,173,106,1.0,15.5,173,106,1.0,15.5,173,106,1.0,15.5,173,106,1.0,15.5,173,106,1.0,15.5,173,106,1.0,15.5,173,106,1.0,15.5,173,106,1.0,15.5,173,106,1.0,15.5,173,106,1.0,15.5,173,106,1.0,15.5
197,101.66,0.72,1.79,0,172,109,1.0,15.3,172,109,1.0,15.3,172,109,1.0,15.3,172,109,1.0,15.3,172,109,1.0,15.3,172,109,1.0,15.3,172,109,1.0,15.3,172,109,1.0,15.3,172,109,1.0,15.3,172,109,1.0,15.3,172,109,1.0,15.3,172,109,1.0,15.3,172,109,1.0,15.3,172,109,1.0,15.3,172,109,1.0,15.3,172,109,1.0,15.3,172,109,1.0,15.3,172,109,1.0,15.3,172,109,1.0,15.3,172,109,1.0,15.3,172,109,1.0,15.3,172,109,1.0,15.3,172,109,1.0,15.3,172,109,1.0,15.3,172,109,1.0,15.3,172,109,1.0,15.3,172,109,1.0,15.3,172,109,1.0,15.3,172,109,1.0,15.3,172,109,1.0,15.3,172,109,1.0,15.3,172,109,1.0,15.3
198,101.93,0.71,1.78,0,171,110,1.0,15.2,171,110,1.0,15.2,171,110,1.0,15.2,171,110,1.0,15.2,171,110,1.0,15.2,171,110,1.0,15.2,171,110,1.0,15.2,171,110,1.0,15.2,171,110,1.0,15.2,171,110,1.0,15.2,171,110,1.0,15.2,171,110,1.0,15.2,171,110,1.0,15.2,171,110,1.0,15.2,171,110,1.0,15.2,171,110,1.0,15.2,171,110,1.0,15.2,171,110,1.0,15.2,171,110,1.0,15.2,171,110,1.0,15.2,171,110,1.0,15.2,171,110,1.0,15.2,171,110,1.0,15.2,171,110,1.0,15.2,171,110,1.0,15.2,171,110,1.0,15.2,171,110,1.0,15.2,171,110,1.0,15.2,171,110,1.0,15.2,171,110,1.0,15.2,171,110,1.0,15.2,171,110,1.0,15.2
199,102.21,0.71,1.77,0,170,112,1.0,15.1,170,112,1.0,15.1,170,112,1.0,15.1,170,112,1.0,15.1,170,112,1.0,15.1,170,112,1.0,15.1,170,112,1.0,15.1,170,112,1.0,15.1,170,112,1.0,15.1,170,112,1.0,15.1,170,112,1.0,15.1,170,112,1.0,15.1,170,112,1.0,15.1,170,112,1.0,15.1,170,112,1.0,15.1,170,112,1.0,15.1,170,112,1.0,15.1,170,112,1.0,15.1,170,112,1.0,15.1,170,112,1.0,15.1,170,112,1.0,15.1,170,112,1.0,15.1,170,112,1.0,15.1,170,112,1.0,15.1,170,112,1.0,15.1,170,112,1.0,15.1,170,112,1.0,15.1,170,112,1.0,15.1,170,112,1.0,15.1,170,112,1.0,15.1,170,112,1.0,15.1,170,112,1.0,15.1
200,102.93,0.7,1.76,0,169,114,1.0,14.9,169,114,1.0,14.9,169,114,1.0,14.9,169,114,1.0,14.9,169,114,1.0,14.9,169,114,1.0,14.9,169,114,1.0,14.9,169,114,1.0,14.9,169,114,1.0,14.9,169,114,1.0,14.9,169,114,1.0,14.9,169,114,1.0,14.9,169,114,1.0,14.9,169,114,1.0,14.9,169,114,1.0,14.9,169,114,1.0,14.9,169,114,1.0,14.9,169,114,1.0,14.9,169,114,1.0,14.9,169,114,1.0,14.9,169,114,1.0,14.9,169,114,1.0,14.9,169,114,1.0,14.9,169,114,1.0,14.9,169,114,1.0,14.9,169,114,1.0,14.9,169,114,1.0,14.9,169,114,1.0,14.9,169,114,1.0,14.9,169,114,1.0,14.9,169,114,1.0,14.9,169,114,1.0,14.9
201,103.65,0.7,1.76,0,169,113,1.0,15.0,169,113,1.0,15.0,169,113,1.0,15.0,169,113,1.0,15.0,169,113,1.0,15.0,169,113,1.0,15.0,169,113,1.0,15.0,169,113,1.0,15.0,169,113,1.0,15.0,169,113,1.0,15.0,169,113,1.0,15.0,169,113,1.0,15.0,169,113,1.0,15.0,169,113,1.0,15.0,169,113,1.0,15.0,169,113,1.0,15.0,169,113,1.0,15.0,169,113,1.0,15.0,169,113,1.0,15.0,169,113,1.0,15.0,169,113,1.0,15.0,169,113,1.0,15.0,169,113,1.0,15.0,169,113,1.0,15.0,169,113,1.0,15.0,169,113,1.0,15.0,169,113,1.0,15.0,169,113,1.0,15.0,169,113,1.0,15.0,169,113,1.0,15.0,169,113,1.0,15.0,169,113,1.0,15.0
202,104.15,0.7,1.76,0,169,113,1.0,15.0,169,113,1.0,15.0,169,113,1.0,15.0,169,113,1.0,15.0,169,113,1.0,15.0,169,113,1.0,15.0,169,113,1.0,15.0,169,113,1.0,15.0,169,113,1.0,15.0,169,113,1.0,15.0,169,113,1.0,15.0,169,113,1.0,15.0,169,113,1.0,15.0,169,113,1.0,15.0,169,113,1.0,15.0,169,113,1.0,15.0,169,113,1.0,15.0,169,113,1.0,15.0,169,113,1.0,15.0,169,113,1.0,15.0,169,113,1.0,15.0,169,113,1.0,15.0,169,113,1.0,15.0,169,113,1.0,15.0,169,113,1.0,15.0,169,113,1.0,15.0,169,113,1.0,15.0,169,113,1.0,15.0,169,113,1.0,15.0,169,113,1.0,15.0,169,113,1.0,15.0,169,113,1.0,15.0
203,104.64,0.7,1.74,0,167,116,1.0,14.8,167,116,1.0,14.8,167,116,1.0,14.8,167,116,1.0,14.8,167,116,1.0,14.8,167,116,1.0,14.8,167,116,1.0,14.8,167,116,1.0,14.8,167,116,1.0,14.8,167,116,1.0,14.8,167,116,1.0,14.8,167,116,1.0,14.8,167,116,1.0,14.8,167,116,1.0,14.8,167,116,1.0,14.8,167,116,1.0,14.8,167,116,1.0,14.8,167,116,1.0,14.8,167,116,1.0,14.8,167,116,1.0,14.8,167,116,1.0,14.8,167,116,1.0,14.8,167,116,1.0,14.8,167,116,1.0,14.8,167,116,1.0,14.8,167,116,1.0,14.8,167,116,1.0,14.8,167,116,1.0,14.8,167,116,1.0,14.8,167,116,1.0,14.8,167,116,1.0,14.8,167,116,1.0,14.8
204,105.36,0.7,1.74,0,167,118,1.0,14.6,167,118,1.0,14.6,167,118,1.0,14.6,167,118,1.0,14.6,167,118,1.0,14.6,167,118,1.0,14.6,167,118,1.0,14.6,167,118,1.0,14.6,167,118,1.0,14.6,167,118,1.0,14.6,167,118,1.0,14.6,167,118,1.0,14.6,167,118,1.0,14.6,167,118,1.0,14.6,167,118,1.0,14.6,167,118,1.0,14.6,167,118,1.0,14.6,167,118,1.0,14.6,167,118,1.0,14.6,167,118,1.0,14.6,167,118,1.0,14.6,167,118,1.0,14.6,167,118,1.0,14.6,167,118,1.0,14.6,167,118,1.0,14.6,167,118,1.0,14.6,167,118,1.0,14.6,167,118,1.0,14.6,167,118,1.0,14.6,167,118,1.0,14.6,167,118,1.0,14.6,167,118,1.0,14.6
205,105.85,0.69,1.72,0,165,119,1.0,14.5,165,119,1.0,14.5,165,119,1.0,14.5,165,119,1.0,14.5,165,119,1.0,14.5,165,119,1.0,14.5,165,119,1.0,14.5,165,119,1.0,14.5,165,119,1.0,14.5,165,119,1.0,14.5,165,119,1.0,14.5,165,119,1.0,14.5,165,119,1.0,14.5,165,119,1.0,14.5,165,119,1.0,14.5,165,119,1.0,14.5,165,119,1.0,14.5,165,119,1.0,14.5,165,119,1.0,14.5,165,119,1.0,14.5,165,119,1.0,14.5,165,119,1.0,14.5,165,119,1.0,14.5,165,119,1.0,14.5,165,119,1.0,14.5,165,119,1.0,14.5,165,119,1.0,14.5,165,119,1.0,14.5,165,119,1.0,14.5,165,119,1.0,14.5,165,119,1.0,14.5,165,119,1.0,14.5
206,106.12,0.68,1.7,0,163,123,1.0,14.2,163,123,1.0,14.2,163,123,1.0,14.2,163,123,1.0,14.2,163,123,1.0,14.2,163,123,1.0,14.2,163,123,1.0,14.2,163,123,1.0,14.2,163,123,1.0,14.2,163,123,1.0,14.2,163,123,1.0,14.2,163,123,1.0,14.2,163,123,1.0,14.2,163,123,1.0,14.2,163,123,1.0,14.2,163,123,1.0,14.2,163,123,1.0,14.2,163,123,1.0,14.2,163,123,1.0,14.2,163,123,1.0,14.2,163,123,1.0,14.2,163,123,1.0,14.2,163,123,1.0,14.2,163,123,1.0,14.2,163,123,1.0,14.2,163,123,1.0,14.2,163,123,1.0,14.2,163,123,1.0,14.2,163,123,1.0,14.2,163,123,1.0,14.2,163,123,1.0,14.2,163,123,1.0,14.2
207,106.61,0.68,1.69,0,162,122,1.0,14.3,162,122,1.0,14.3,162,122,1.0,14.3,162,122,1.0,14.3,162,122,1.0,14.3,162,122,1.0,14.3,162,122,1.0,14.3,162,122,1.0,14.3,162,122,1.0,14.3,162,122,1.0,14.3,162,122,1.0,14.3,162,122,1.0,14.3,162,122,1.0,14.3,162,122,1.0,14.3,162,122,1.0,14.3,162,122,1.0,14.3,162,122,1.0,14.3,162,122,1.0,14.3,162,122,1.0,14.3,162,122,1.0,14.3,162,122,1.0,14.3,162,122,1.0,14.3,162,122,1.0,14.3,162,122,1.0,14.3,162,122,1.0,14.3,162,122,1.0,14.3,162,122,1.0,14.3,162,122,1.0,14.3,162,122,1.0,14.3,162,122,1.0,14.3,162,122,1.0,14.3,162,122,1.0,14.3
208,107.1,0.68,1.69,0,162,120,1.0,14.4,162,120,1.0,14.4,162,120,1.0,14.4,162,120,1.0,14.4,162,120,1.0,14.4,162,120,1.0,14.4,162,120,1.0,14.4,162,120,1.0,14.4,162,120,1.0,14.4,162,120,1.0,14.4,162,120,1.0,14.4,162,120,1.0,14.4,162,120,1.0,14.4,162,120,1.0,14.4,162,120,1.0,14.4,162,120,1.0,14.4,162,120,1.0,14.4,162,120,1.0,14.4,162,120,1.0,14.4,162,120,1.0,14.4,162,120,1.0,14.4,162,120,1.0,14.4,162,120,1.0,14.4,162,120,1.0,14.4,162,120,1.0,14.4,162,120,1.0,14.4,162,120,1.0,14.4,162,120,1.0,14.4,162,120,1.0,14.4,162,120,1.0,14.4,162,120,1.0,14.4,162,120,1.0,14.4
209,107.82,0.66,1.66,0,159,130,1.0,13.8,159,130,1.0,13.8,159,130,1.0,13.8,159,130,1.0,13.8,159,130,1.0,13.8,159,130,1.0,13.8,159,130,1.0,13.8,159,130,1.0,13.8,159,130,1.0,13.8,159,130,1.0,13.8,159,130,1.0,13.8,159,130,1.0,13.8,159,130,1.0,13.8,159,130,1.0,13.8,159,130,1.0,13.8,159,130,1.0,13.8,159,130,1.0,13.8,159,130,1.0,13.8,159,130,1.0,13.8,159,130,1.0,13.8,159,130,1.0,13.8,159,130,1.0,13.8,159,130,1.0,13.8,159,130,1.0,13.8,159,130,1.0,13.8,159,130,1.0,13.8,159,130,1.0,13.8,159,130,1.0,13.8,159,130,1.0,13.8,159,130,1.0,13.8,159,130,1.0,13.8,159,130,1.0,13.8
210,108.08,0.67,1.67,0,160,119,1.0,14.3,160,119,1.0,14.3,160,119,1.0,14.3,160,119,1.0,14.3,160,119,1.0,14.3,160,119,1.0,14.3,160,119,1.0,14.3,160,119,1.0,14.3,160,119,1.0,14.3,160,119,1.0,14.3,160,119,1.0,14.3,160,119,1.0,14.3,160,119,1.0,14.3,160,119,1.0,14.3,160,119,1.0,14.3,160,119,1.0,14.3,160,119,1.0,14.3,160,119,1.0,14.3,160,119,1.0,14.3,160,119,1.0,14.3,160,119,1.0,14.3,160,119,1.0,14.3,160,119,1.0,14.3,160,119,1.0,14.3,160,119,1.0,14.3,160,119,1.0,14.3,160,119,1.0,14.3,160,119,1.0,14.3,160,119,1.0,14.3,160,119,1.0,14.3,160,119,1.0,14.3,160,119,1.0,14.3
211,108.12,0.64,1.59,0,153,118,1.0,14.1,153,118,1.0,14.1,153,118,1.0,14.1,153,118,1.0,14.1,153,118,1.0,14.1,153,118,1.0,14.1,153,118,1.0,14.1,153,118,1.0,14.1,153,118,1.0,14.1,153,118,1.0,14.1,153,118,1.0,14.1,153,118,1.0,14.1,153,118,1.0,14.1,153,118,1.0,14.1,153,118,1.0,14.1,153,118,1.0,14.1,153,118,1.0,14.1,153,118,1.0,14.1,153,118,1.0,14.1,153,118,1.0,14.1,153,118,1.0,14.1,153,118,1.0,14.1,153,118,1.0,14.1,153,118,1.0,14.1,153,118,1.0,14.1,153,118,1.0,14.1,153,118,1.0,14.1,153,118,1.0,14.1,153,118,1.0,14.1,153,118,1.0,14.1,153,118,1.0,14.1,153,118,1.0,14.1
212,109.06,0.62,1.55,0,149,136,1.0,13.1,149,136,1.0,13.1,149,136,1.0,13.1,149,136,1.0,13.1,149,136,1.0,13.1,149,136,1.0,13.1,149,136,1.0,13.1,149,136,1.0,13.1,149,136,1.0,13.1,149,136,1.0,13.1,149,136,1.0,13.1,149,136,1.0,13.1,149,136,1.0,13.1,149,136,1.0,13.1,149,136,1.0,13.1,149,136,1.0,13.1,149,136,1.0,13.1,149,136,1.0,13.1,149,136,1.0,13.1,149,136,1.0,13.1,149,136,1.0,13.1,149,136,1.0,13.1,149,136,1.0,13.1,149,136,1.0,13.1,149,136,1.0,13.1,149,136,1.0,13.1,149,136,1.0,13.1,149,136,1.0,13.1,149,136,1.0,13.1,149,136,1.0,13.1,149,136,1.0,13.1,149,136,1.0,13.1
213,109.77,0.62,1.55,0,149,136,1.0,13.1,149,136,1.0,13.1,149,136,1.0,13.1,149,136,1.0,13.1,149,136,1.0,13.1,149,136,1.0,13.1,149,136,1.0,13.1,149,136,1.0,13.1,149,136,1.0,13.1,149,136,1.0,13.1,149,136,1.0,13.1,149,136,1.0,13.1,149,136,1.0,13.1,149,136,1.0,13.1,149,136,1.0,13.1,149,136,1.0,13.1,149,136,1.0,13.1,149,136,1.0,13.1,149,136,1.0,13.1,149,136,1.0,13.1,149,136,1.0,13.1,149,136,1.0,13.1,149,136,1.0,13.1,149,136,1.0,13.1,149,136,1.0,13.1,149,136,1.0,13.1,149,136,1.0,13.1,149,136,1.0,13.1,149,136,1.0,13.1,149,136,1.0,13.1,149,136,1.0,13.1,149,136,1.0,13.1
214,110.48,0.61,1.53,0,147,136,1.0,13.0,147,136,1.0,13.0,147,136,1.0,13.0,147,136,1.0,13.0,147,136,1.0,13.0,147,136,1.0,13.0,147,136,1.0,13.0,147,136,1.0,13.0,147,136,1.0,13.0,147,136,1.0,13.0,147,136,1.0,13.0,147,136,1.0,13.0,147,136,1.0,13.0,147,136,1.0,13.0,147,136,1.0,13.0,147,136,1.0,13.0,147,136,1.0,13.0,147,136,1.0,13.0,147,136,1.0,13.0,147,136,1.0,13.0,147,136,1.0,13.0,147,136,1.0,13.0,147,136,1.0,13.0,147,136,1.0,13.0,147,136,1.0,13.0,147,136,1.0,13.0,147,136,1.0,13.0,147,136,1.0,13.0,147,136,1.0,13.0,147,136,1.0,13.0,147,136,1.0,13.0,147,136,1.0,13.0
215,110.96,0.64,1.6,0,154,133,1.0,13.4,154,133,1.0,13.4,154,133,1.0,13.4,154,133,1.0,13.4,154,133,1.0,13.4,154,133,1.0,13.4,154,133,1.0,13.4,154,133,1.0,13.4,154,133,1.0,13.4,154,133,1.0,13.4,154,133,1.0,13.4,154,133,1.0,13.4,154,133,1.0,13.4,154,133,1.0,13.4,154,133,1.0,13.4,154,133,1.0,13.4,154,133,1.0,13.4,154,133,1.0,13.4,154,133,1.0,13.4,154,133,1.0,13.4,154,133,1.0,13.4,154,133,1.0,13.4,154,133,1.0,13.4,154,133,1.0,13.4,154,133,1.0,13.4,154,133,1.0,13.4,154,133,1.0,13.4,154,133,1.0,13.4,154,133,1.0,13.4,154,133,1.0,13.4,154,133,1.0,13.4,154,133,1.0,13.4
216,111.21,0.66,1.66,0,159,128,1.0,13.9,159,128,1.0,13.9,159,128,1.0,13.9,159,128,1.0,13.9,159,128,1.0,13.9,159,128,1.0,13.9,159,128,1.0,13.9,159,128,1.0,13.9,159,128,1.0,13.9,159,128,1.0,13.9,159,128,1.0,13.9,159,128,1.0,13.9,159,128,1.0,13.9,159,128,1.0,13.9,159,128,1.0,13.9,159,128,1.0,13.9,159,128,1.0,13.9,159,128,1.0,13.9,159,128,1.0,13.9,159,128,1.0,13.9,159,128,1.0,13.9,159,128,1.0,13.9,159,128,1.0,13.9,159,128,1.0,13.9,159,128,1.0,13.9,159,128,1.0,13.9,159,128,1.0,13.9,159,128,1.0,13.9,159,128,1.0,13.9,159,128,1.0,13.9,159,128,1.0,13.9,159,128,1.0,13.9
217,111.46,0.67,1.67,0,160,131,1.0,13.7,160,131,1.0,13.7,160,131,1.0,13.7,160,131,1.0,13.7,160,131,1.0,13.7,160,131,1.0,13.7,160,131,1.0,13.7,160,131,1.0,13.7,160,131,1.0,13.7,160,131,1.0,13.7,160,131,1.0,13.7,160,131,1.0,13.7,160,131,1.0,13.7,160,131,1.0,13.7,160,131,1.0,13.7,160,131,1.0,13.7,160,131,1.0,13.7,160,131,1.0,13.7,160,131,1.0,13.7,160,131,1.0,13.7,160,131,1.0,13.7,160,131,1.0,13.7,160,131,1.0,13.7,160,131,1.0,13.7,160,131,1.0,13.7,160,131,1.0,13.7,160,131,1.0,13.7,160,131,1.0,13.7,160,131,1.0,13.7,160,131,1.0,13.7,160,131,1.0,13.7,160,131,1.0,13.7
218,111.72,0.7,1.74,0,167,125,1.0,14.3,167,125,1.0,14.3,167,125,1.0,14.3,167,125,1.0,14.3,167,125,1.0,14.3,167,125,1.0,14.3,167,125,1.0,14.3,167,125,1.0,14.3,167,125,1.0,14.3,167,125,1.0,14.3,167,125,1.0,14.3,167,125,1.0,14.3,167,125,1.0,14.3,167,125,1.0,14.3,167,125,1.0,14.3,167,125,1.0,14.3,167,125,1.0,14.3,167,125,1.0,14.3,167,125,1.0,14.3,167,125,1.0,14.3,167,125,1.0,14.3,167,125,1.0,14.3,167,125,1.0,14.3,167,125,1.0,14.3,167,125,1.0,14.3,167,125,1.0,14.3,167,125,1.0,14.3,167,125,1.0,14.3,167,125,1.0,14.3,167,125,1.0,14.3,167,125,1.0,14.3,167,125,1.0,14.3
219,112.43,0.69,1.72,0,165,127,1.0,14.1,165,127,1.0,14.1,165,127,1.0,14.1,165,127,1.0,14.1,165,127,1.0,14.1,165,127,1.0,14.1,165,127,1.0,14.1,165,127,1.0,14.1,165,127,1.0,14.1,165,127,1.0,14.1,165,127,1.0,14.1,165,127,1.0,14.1,165,127,1.0,14.1,165,127,1.0,14.1,165,127,1.0,14.1,165,127,1.0,14.1,165,127,1.0,14.1,165,127,1.0,14.1,165,127,1.0,14.1,165,127,1.0,14.1,165,127,1.0,14.1,165,127,1.0,14.1,165,127,1.0,14.1,165,127,1.0,14.1,165,127,1.0,14.1,165,127,1.0,14.1,165,127,1.0,14.1,165,127,1.0,14.1,165,127,1.0,14.1,165,127,1.0,14.1,165,127,1.0,14.1,165,127,1.0,14.1
220,112.91,0.7,1.76,0,169,124,1.0,14.4,169,124,1.0,14.4,169,124,1.0,14.4,169,124,1.0,14.4,169,124,1.0,14.4,169,124,1.0,14.4,169,124,1.0,14.4,169,124,1.0,14.4,169,124,1.0,14.4,169,124,1.0,14.4,169,124,1.0,14.4,169,124,1.0,14.4,169,124,1.0,14.4,169,124,1.0,14.4,169,124,1.0,14.4,169,124,1.0,14.4,169,124,1.0,14.4,169,124,1.0,14.4,169,124,1.0,14.4,169,124,1.0,14.4,169,124,1.0,14.4,169,124,1.0,14.4,169,124,1.0,14.4,169,124,1.0,14.4,169,124,1.0,14.4,169,124,1.0,14.4,169,124,1.0,14.4,169,124,1.0,14.4,169,124,1.0,14.4,169,124,1.0,14.4,169,124,1.0,14.4,169,124,1.0,14.4
221,113.63,0.7,1.75,0,168,125,1.0,14.3,168,125,1.0,14.3,168,125,1.0,14.3,168,125,1.0,14.3,168,125,1.0,14.3,168,125,1.0,14.3,168,125,1.0,14.3,168,125,1.0,14.3,168,125,1.0,14.3,168,125,1.0,14.3,168,125,1.0,14.3,168,125,1.0,14.3,168,125,1.0,14.3,168,125,1.0,14.3,168,125,1.0,14.3,168,125,1.0,14.3,168,125,1.0,14.3,168,125,1.0,14.3,168,125,1.0,14.3,168,125,1.0,14.3,168,125,1.0,14.3,168,125,1.0,14.3,168,125,1.0,14.3,168,125,1.0,14.3,168,125,1.0,14.3,168,125,1.0,14.3,168,125,1.0,14.3,168,125,1.0,14.3,168,125,1.0,14.3,168,125,1.0,14.3,168,125,1.0,14.3,168,125,1.0,14.3
222,114.11,0.73,1.83,0,176,119,1.0,14.9,176,119,1.0,14.9,176,119,1.0,14.9,176,119,1.0,14.9,176,119,1.0,14.9,176,119,1.0,14.9,176,119,1.0,14.9,176,119,1.0,14.9,176,119,1.0,14.9,176,119,1.0,14.9,176,119,1.0,14.9,176,119,1.0,14.9,176,119,1.0,14.9,176,119,1.0,14.9,176,119,1.0,14.9,176,119,1.0,14.9,176,119,1.0,14.9,176,119,1.0,14.9,176,119,1.0,14.9,176,119,1.0,14.9,176,119,1.0,14.9,176,119,1.0,14.9,176,119,1.0,14.9,176,119,1.0,14.9,176,119,1.0,14.9,176,119,1.0,14.9,176,119,1.0,14.9,176,119,1.0,14.9,176,119,1.0,14.9,176,119,1.0,14.9,176,119,1.0,14.9,176,119,1.0,14.9
223,114.82,0.75,1.86,0,179,117,1.0,15.1,179,117,1.0,15.1,179,117,1.0,15.1,179,117,1.0,15.1,179,117,1.0,15.1,179,117,1.0,15.1,179,117,1.0,15.1,179,117,1.0,15.1,179,117,1.0,15.1,179,117,1.0,15.1,179,117,1.0,15.1,179,117,1.0,15.1,179,117,1.0,15.1,179,117,1.0,15.1,179,117,1.0,15.1,179,117,1.0,15.1,179,117,1.0,15.1,179,117,1.0,15.1,179,117,1.0,15.1,179,117,1.0,15.1,179,117,1.0,15.1,179,117,1.0,15.1,179,117,1.0,15.1,179,117,1.0,15.1,179,117,1.0,15.1,179,117,1.0,15.1,179,117,1.0,15.1,179,117,1.0,15.1,179,117,1.0,15.1,179,117,1.0,15.1,179,117,1.0,15.1,179,117,1.0,15.1
224,115.07,0.75,1.86,0,179,117,1.0,15.1,179,117,1.0,15.1,179,117,1.0,15.1,179,117,1.0,15.1,179,117,1.0,15.1,179,117,1.0,15.1,179,117,1.0,15.1,179,117,1.0,15.1,179,117,1.0,15.1,179,117,1.0,15.1,179,117,1.0,15.1,179,117,1.0,15.1,179,117,1.0,15.1,179,117,1.0,15.1,179,117,1.0,15.1,179,117,1.0,15.1,179,117,1.0,15.1,179,117,1.0,15.1,179,117,1.0,15.1,179,117,1.0,15.1,179,117,1.0,15.1,179,117,1.0,15.1,179,117,1.0,15.1,179,117,1.0,15.1,179,117,1.0,15.1,179,117,1.0,15.1,179,117,1.0,15.1,179,117,1.0,15.1,179,117,1.0,15.1,179,117,1.0,15.1,179,117,1.0,15.1,179,117,1.0,15.1
225,115.32,0.77,1.93,0,185,112,1.0,15.6,185,112,1.0,15.6,185,112,1.0,15.6,185,112,1.0,15.6,185,112,1.0,15.6,185,112,1.0,15.6,185,112,1.0,15.6,185,112,1.0,15.6,185,112,1.0,15.6,185,112,1.0,15.6,185,112,1.0,15.6,185,112,1.0,15.6,185,112,1.0,15.6,185,112,1.0,15.6,185,112,1.0,15.6,185,112,1.0,15.6,185,112,1.0,15.6,185,112,1.0,15.6,185,112,1.0,15.6,185,112,1.0,15.6,185,112,1.0,15.6,185,112,1.0,15.6,185,112,1.0,15.6,185,112,1.0,15.6,185,112,1.0,15.6,185,112,1.0,15.6,185,112,1.0,15.6,185,112,1.0,15.6,185,112,1.0,15.6,185,112,1.0,15.6,185,112,1.0,15.6,185,112,1.0,15.6
226,116.26,0.77,1.93,0,185,113,1.0,15.5,185,113,1.0,15.5,185,113,1.0,15.5,185,113,1.0,15.5,185,113,1.0,15.5,185,113,1.0,15.5,185,113,1.0,15.5,185,113,1.0,15.5,185,113,1.0,15.5,185,113,1.0,15.5,185,113,1.0,15.5,185,113,1.0,15.5,185,113,1.0,15.5,185,113,1.0,15.5,185,113,1.0,15.5,185,113,1.0,15.5,185,113,1.0,15.5,185,113,1.0,15.5,185,113,1.0,15.5,185,113,1.0,15.5,185,113,1.0,15.5,185,113,1.0,15.5,185,113,1.0,15.5,185,113,1.0,15.5,185,113,1.0,15.5,185,113,1.0,15.5,185,113,1.0,15.5,185,113,1.0,15.5,185,113,1.0,15.5,185,113,1.0,15.5,185,113,1.0,15.5,185,113,1.0,15.5
227,116.97,0.79,1.98,0,190,107,1.0,16.0,190,107,1.0,16.0,190,107,1.0,16.0,190,107,1.0,16.0,190,107,1.0,16.0,190,107,1.0,16.0,190,107,1.0,16.0,190,107,1.0,16.0,190,107,1.0,16.0,190,107,1.0,16.0,190,107,1.0,16.0,190,107,1.0,16.0,190,107,1.0,16.0,190,107,1.0,16.0,190,107,1.0,16.0,190,107,1.0,16.0,190,107,1.0,16.0,190,107,1.0,16.0,190,107,1.0,16.0,190,107,1.0,16.0,190,107,1.0,16.0,190,107,1.0,16.0,190,107,1.0,16.0,190,107,1.0,16.0,190,107,1.0,16.0,190,107,1.0,16.0,190,107,1.0,16.0,190,107,1.0,16.0,190,107,1.0,16.0,190,107,1.0,16.0,190,107,1.0,16.0,190,107,1.0,16.0
228,117.91,0.79,1.98,0,190,106,1.0,16.0,190,106,1.0,16.0,190,106,1.0,16.0,190,106,1.0,16.0,190,106,1.0,16.0,190,106,1.0,16.0,190,106,1.0,16.0,190,106,1.0,16.0,190,106,1.0,16.0,190,106,1.0,16.0,190,106,1.0,16.0,190,106,1.0,16.0,190,106,1.0,16.0,190,106,1.0,16.0,190,106,1.0,16.0,190,106,1.0,16.0,190,106,1.0,16.0,190,106,1.0,16.0,190,106,1.0,16.0,190,106,1.0,16.0,190,106,1.0,16.0,190,106,1.0,16.0,190,106,1.0,16.0,190,106,1.0,16.0,190,106,1.0,16.0,190,106,1.0,16.0,190,106,1.0,16.0,190,106,1.0,16.0,190,106,1.0,16.0,190,106,1.0,16.0,190,106,1.0,16.0,190,106,1.0,16.0
229,118.39,0.82,2.04,0,196,101,1.0,16.5,196,101,1.0,16.5,196,101,1.0,16.5,196,101,1.0,16.5,196,101,1.0,16.5,196,101,1.0,16.5,196,101,1.0,16.5,196,101,1.0,16.5,196,101,1.0,16.5,196,101,1.0,16.5,196,101,1.0,16.5,196,101,1.0,16.5,196,101,1.0,16.5,196,101,1.0,16.5,196,101,1.0,16.5,196,101,1.0,16.5,196,101,1.0,16.5,196,101,1.0,16.5,196,101,1.0,16.5,196,101,1.0,16.5,196,101,1.0,16.5,196,101,1.0,16.5,196,101,1.0,16.5,196,101,1.0,16.5,196,101,1.0,16.5,196,101,1.0,16.5,196,101,1.0,16.5,196,101,1.0,16.5,196,101,1.0,16.5,196,101,1.0,16.5,196,101,1.0,16.5,196,101,1.0,16.5
230,119.09,0.83,2.08,0,200,100,1.0,16.7,200,100,1.0,16.7,200,100,1.0,16.7,200,100,1.0,16.7,200,100,1.0,16.7,200,100,1.0,16.7,200,100,1.0,16.7,200,100,1.0,16.7,200,100,1.0,16.7,200,100,1.0,16.7,200,100,1.0,16.7,200,100,1.0,16.7,200,100,1.0,16.7,200,100,1.0,16.7,200,100,1.0,16.7,200,100,1.0,16.7,200,100,1.0,16.7,200,100,1.0,16.7,200,100,1.0,16.7,200,100,1.0,16.7,200,100,1.0,16.7,200,100,1.0,16.7,200,100,1.0,16.7,200,100,1.0,16.7,200,100,1.0,16.7,200,100,1.0,16.7,200,100,1.0,16.7,200,100,1.0,16.7,200,100,1.0,16.7,200,100,1.0,16.7,200,100,1.0,16.7,200,100,1.0,16.7
231,119.56,0.84,2.1,0,202,99,1.0,16.8,202,99,1.0,16.8,202,99,1.0,16.8,202,99,1.0,16.8,202,99,1.0,16.8,202,99,1.0,16.8,202,99,1.0,16.8,202,99,1.0,16.8,202,99,1.0,16.8,202,99,1.0,16.8,202,99,1.0,16.8,202,99,1.0,16.8,202,99,1.0,16.8,202,99,1.0,16.8,202,99,1.0,16.8,202,99,1.0,16.8,202,99,1.0,16.8,202,99,1.0,16.8,202,99,1.0,16.8,202,99,1.0,16.8,202,99,1.0,16.8,202,99,1.0,16.8,202,99,1.0,16.8,202,99,1.0,16.8,202,99,1.0,16.8,202,99,1.0,16.8,202,99,1.0,16.8,202,99,1.0,16.8,202,99,1.0,16.8,202,99,1.0,16.8,202,99,1.0,16.8,202,99,1.0,16.8
232,120.03,0.87,2.17,0,208,94,1.0,17.2,208,94,1.0,17.2,208,94,1.0,17.2,208,94,1.0,17.2,208,94,1.0,17.2,208,94,1.0,17.2,208,94,1.0,17.2,208,94,1.0,17.2,208,94,1.0,17.2,208,94,1.0,17.2,208,94,1.0,17.2,208,94,1.0,17.2,208,94,1.0,17.2,208,94,1.0,17.2,208,94,1.0,17.2,208,94,1.0,17.2,208,94,1.0,17.2,208,94,1.0,17.2,208,94,1.0,17.2,208,94,1.0,17.2,208,94,1.0,17.2,208,94,1.0,17.2,208,94,1.0,17.2,208,94,1.0,17.2,208,94,1.0,17.2,208,94,1.0,17.2,208,94,1.0,17.2,208,94,1.0,17.2,208,94,1.0,17.2,208,94,1.0,17.2,208,94,1.0,17.2,208,94,1.0,17.2
233,120.04,0.88,2.21,0,212,91,1.0,17.5,212,91,1.0,17.5,212,91,1.0,17.5,212,91,1.0,17.5,212,91,1.0,17.5,212,91,1.0,17.5,212,91,1.0,17.5,212,91,1.0,17.5,212,91,1.0,17.5,212,91,1.0,17.5,212,91,1.0,17.5,212,91,1.0,17.5,212,91,1.0,17.5,212,91,1.0,17.5,212,91,1.0,17.5,212,91,1.0,17.5,212,91,1.0,17.5,212,91,1.0,17.5,212,91,1.0,17.5,212,91,1.0,17.5,212,91,1.0,17.5,212,91,1.0,17.5,212,91,1.0,17.5,212,91,1.0,17.5,212,91,1.0,17.5,212,91,1.0,17.5,212,91,1.0,17.5,212,91,1.0,17.5,212,91,1.0,17.5,212,91,1.0,17.5,212,91,1.0,17.5,212,91,1.0,17.5
234,120.75,0.9,2.24,0,215,88,1.0,17.7,215,88,1.0,17.7,215,88,1.0,17.7,215,88,1.0,17.7,215,88,1.0,17.7,215,88,1.0,17.7,215,88,1.0,17.7,215,88,1.0,17.7,215,88,1.0,17.7,215,88,1.0,17.7,215,88,1.0,17.7,215,88,1.0,17.7,215,88,1.0,17.7,215,88,1.0,17.7,215,88,1.0,17.7,215,88,1.0,17.7,215,88,1.0,17.7,215,88,1.0,17.7,215,88,1.0,17.7,215,88,1.0,17.7,215,88,1.0,17.7,215,88,1.0,17.7,215,88,1.0,17.7,215,88,1.0,17.7,215,88,1.0,17.7,215,88,1.0,17.7,215,88,1.0,17.7,215,88,1.0,17.7,215,88,1.0,17.7,215,88,1.0,17.7,215,88,1.0,17.7,215,88,1.0,17.7
235,121.22,0.9,2.26,0,217,88,1.0,17.8,217,88,1.0,17.8,217,88,1.0,17.8,217,88,1.0,17.8,217,88,1.0,17.8,217,88,1.0,17.8,217,88,1.0,17.8,217,88,1.0,17.8,217,88,1.0,17.8,217,88,1.0,17.8,217,88,1.0,17.8,217,88,1.0,17.8,217,88,1.0,17.8,217,88,1.0,17.8,217,88,1.0,17.8,217,88,1.0,17.8,217,88,1.0,17.8,217,88,1.0,17.8,217,88,1.0,17.8,217,88,1.0,17.8,217,88,1.0,17.8,217,88,1.0,17.8,217,88,1.0,17.8,217,88,1.0,17.8,217,88,1.0,17.8,217,88,1.0,17.8,217,88,1.0,17.8,217,88,1.0,17.8,217,88,1.0,17.8,217,88,1.0,17.8,217,88,1.0,17.8,217,88,1.0,17.8
236,122.16,0.92,2.3,0,221,85,1.0,18.1,221,85,1.0,18.1,221,85,1.0,18.1,221,85,1.0,18.1,221,85,1.0,18.1,221,85,1.0,18.1,221,85,1.0,18.1,221,85,1.0,18.1,221,85,1.0,18.1,221,85,1.0,18.1,221,85,1.0,18.1,221,85,1.0,18.1,221,85,1.0,18.1,221,85,1.0,18.1,221,85,1.0,18.1,221,85,1.0,18.1,221,85,1.0,18.1,221,85,1.0,18.1,221,85,1.0,18.1,221,85,1.0,18.1,221,85,1.0,18.1,221,85,1.0,18.1,221,85,1.0,18.1,221,85,1.0,18.1,221,85,1.0,18.1,221,85,1.0,18.1,221,85,1.0,18.1,221,85,1.0,18.1,221,85,1.0,18.1,221,85,1.0,18.1,221,85,1.0,18.1,221,85,1.0,18.1
237,123.1,0.93,2.32,0,223,83,1.0,18.2,223,83,1.0,18.2,223,83,1.0,18.2,223,83,1.0,18.2,223,83,1.0,18.2,223,83,1.0,18.2,223,83,1.0,18.2,223,83,1.0,18.2,223,83,1.0,18.2,223,83,1.0,18.2,223,83,1.0,18.2,223,83,1.0,18.2,223,83,1.0,18.2,223,83,1.0,18.2,223,83,1.0,18.2,223,83,1.0,18.2,223,83,1.0,18.2,223,83,1.0,18.2,223,83,1.0,18.2,223,83,1.0,18.2,223,83,1.0,18.2,223,83,1.0,18.2,223,83,1.0,18.2,223,83,1.0,18.2,223,83,1.0,18.2,223,83,1.0,18.2,223,83,1.0,18.2,223,83,1.0,18.2,223,83,1.0,18.2,223,83,1.0,18.2,223,83,1.0,18.2,223,83,1.0,18.2
238,123.8,0.95,2.38,0,228,77,1.0,18.7,228,77,1.0,18.7,228,77,1.0,18.7,228,77,1.0,18.7,228,77,1.0,18.7,228,77,1.0,18.7,228,77,1.0,18.7,228,77,1.0,18.7,228,77,1.0,18.7,228,77,1.0,18.7,228,77,1.0,18.7,228,77,1.0,18.7,228,77,1.0,18.7,228,77,1.0,18.7,228,77,1.0,18.7,228,77,1.0,18.7,228,77,1.0,18.7,228,77,1.0,18.7,228,77,1.0,18.7,228,77,1.0,18.7,228,77,1.0,18.7,228,77,1.0,18.7,228,77,1.0,18.7,228,77,1.0,18.7,228,77,1.0,18.7,228,77,1.0,18.7,228,77,1.0,18.7,228,77,1.0,18.7,228,77,1.0,18.7,228,77,1.0,18.7,228,77,1.0,18.7,228,77,1.0,18.7
239,124.74,0.96,2.41,0,231,74,1.0,18.9,231,74,1.0,18.9,231,74,1.0,18.9,231,74,1.0,18.9,231,74,1.0,18.9,231,74,1.0,18.9,231,74,1.0,18.9,231,74,1.0,18.9,231,74,1.0,18.9,231,74,1.0,18.9,231,74,1.0,18.9,231,74,1.0,18.9,231,74,1.0,18.9,231,74,1.0,18.9,231,74,1.0,18.9,231,74,1.0,18.9,231,74,1.0,18.9,231,74,1.0,18.9,231,74,1.0,18.9,231,74,1.0,18.9,231,74,1.0,18.9,231,74,1.0,18.9,231,74,1.0,18.9,231,74,1.0,18.9,231,74,1.0,18.9,231,74,1.0,18.9,231,74,1.0,18.9,231,74,1.0,18.9,231,74,1.0,18.9,231,74,1.0,18.9,231,74,1.0,18.9,231,74,1.0,18.9
240,125.2,0.97,2.43,0,233,75,1.0,18.9,233,75,1.0,18.9,233,75,1.0,18.9,233,75,1.0,18.9,233,75,1.0,18.9,233,75,1.0,18.9,233,75,1.0,18.9,233,75,1.0,18.9,233,75,1.0,18.9,233,75,1.0,18.9,233,75,1.0,18.9,233,75,1.0,18.9,233,75,1.0,18.9,233,75,1.0,18.9,233,75,1.0,18.9,233,75,1.0,18.9,233,75,1.0,18.9,233,75,1.0,18.9,233,75,1.0,18.9,233,75,1.0,18.9,233,75,1.0,18.9,233,75,1.0,18.9,233,75,1.0,18.9,233,75,1.0,18.9,233,75,1.0,18.9,233,75,1.0,18.9,233,75,1.0,18.9,233,75,1.0,18.9,233,75,1.0,18.9,233,75,1.0,18.9,233,75,1.0,18.9,233,75,1.0,18.9
241,125.17,0.98,2.46,0,236,69,1.0,19.3,236,69,1.0,19.3,236,69,1.0,19.3,236,69,1.0,19.3,236,69,1.0,19.3,236,69,1.0,19.3,236,69,1.0,19.3,236,69,1.0,19.3,236,69,1.0,19.3,236,69,1.0,19.3,236,69,1.0,19.3,236,69,1.0,19.3,236,69,1.0,19.3,236,69,1.0,19.3,236,69,1.0,19.3,236,69,1.0,19.3,236,69,1.0,19.3,236,69,1.0,19.3,236,69,1.0,19.3,236,69,1.0,19.3,236,69,1.0,19.3,236,69,1.0,19.3,236,69,1.0,19.3,236,69,1.0,19.3,236,69,1.0,19.3,236,69,1.0,19.3,236,69,1.0,19.3,236,69,1.0,19.3,236,69,1.0,19.3,236,69,1.0,19.3,236,69,1.0,19.3,236,69,1.0,19.3
242,125.86,1.0,2.5,0,240,67,1.0,19.5,240,67,1.0,19.5,240,67,1.0,19.5,240,67,1.0,19.5,240,67,1.0,19.5,240,67,1.0,19.5,240,67,1.0,19.5,240,67,1.0,19.5,240,67,1.0,19.5,240,67,1.0,19.5,240,67,1.0,19.5,240,67,1.0,19.5,240,67,1.0,19.5,240,67,1.0,19.5,240,67,1.0,19.5,240,67,1.0,19.5,240,67,1.0,19.5,240,67,1.0,19.5,240,67,1.0,19.5,240,67,1.0,19.5,240,67,1.0,19.5,240,67,1.0,19.5,240,67,1.0,19.5,240,67,1.0,19.5,240,67,1.0,19.5,240,67,1.0,19.5,240,67,1.0,19.5,240,67,1.0,19.5,240,67,1.0,19.5,240,67,1.0,19.5,240,67,1.0,19.5,240,67,1.0,19.5
243,126.31,1.0,2.51,0,241,65,1.0,19.7,241,65,1.0,19.7,241,65,1.0,19.7,241,65,1.0,19.7,241,65,1.0,19.7,241,65,1.0,19.7,241,65,1.0,19.7,241,65,1.0,19.7,241,65,1.0,19.7,241,65,1.0,19.7,241,65,1.0,19.7,241,65,1.0,19.7,241,65,1.0,19.7,241,65,1.0,19.7,241,65,1.0,19.7,241,65,1.0,19.7,241,65,1.0,19.7,241,65,1.0,19.7,241,65,1.0,19.7,241,65,1.0,19.7,241,65,1.0,19.7,241,65,1.0,19.7,241,65,1.0,19.7,241,65,1.0,19.7,241,65,1.0,19.7,241,65,1.0,19.7,241,65,1.0,19.7,241,65,1.0,19.7,241,65,1.0,19.7,241,65,1.0,19.7,241,65,1.0,19.7,241,65,1.0,19.7
244,127.0,1.02,2.55,0,245,61,1.0,20.0,245,61,1.0,20.0,245,61,1.0,20.0,245,61,1.0,20.0,245,61,1.0,20.0,245,61,1.0,20.0,245,61,1.0,20.0,245,61,1.0,20.0,245,61,1.0,20.0,245,61,1.0,20.0,245,61,1.0,20.0,245,61,1.0,20.0,245,61,1.0,20.0,245,61,1.0,20.0,245,61,1.0,20.0,245,61,1.0,20.0,245,61,1.0,20.0,245,61,1.0,20.0,245,61,1.0,20.0,245,61,1.0,20.0,245,61,1.0,20.0,245,61,1.0,20.0,245,61,1.0,20.0,245,61,1.0,20.0,245,61,1.0,20.0,245,61,1.0,20.0,245,61,1.0,20.0,245,61,1.0,20.0,245,61,1.0,20.0,245,61,1.0,20.0,245,61,1.0,20.0,245,61,1.0,20.0
245,127.68,1.03,2.58,0,248,60,1.0,20.1,248,60,1.0,20.1,248,60,1.0,20.1,248,60,1.0,20.1,248,60,1.0,20.1,248,60,1.0,20.1,248,60,1.0,20.1,248,60,1.0,20.1,248,60,1.0,20.1,248,60,1.0,20.1,248,60,1.0,20.1,248,60,1.0,20.1,248,60,1.0,20.1,248,60,1.0,20.1,248,60,1.0,20.1,248,60,1.0,20.1,248,60,1.0,20.1,248,60,1.0,20.1,248,60,1.0,20.1,248,60,1.0,20.1,248,60,1.0,20.1,248,60,1.0,20.1,248,60,1.0,20.1,248,60,1.0,20.1,248,60,1.0,20.1,248,60,1.0,20.1,248,60,1.0,20.1,248,60,1.0,20.1,248,60,1.0,20.1,248,60,1.0,20.1,248,60,1.0,20.1,248,60,1.0,20.1
246,128.36,1.03,2.58,0,248,61,1.0,20.1,248,61,1.0,20.1,248,61,1.0,20.1,248,61,1.0,20.1,248,61,1.0,20.1,248,61,1.0,20.1,248,61,1.0,20.1,248,61,1.0,20.1,248,61,1.0,20.1,248,61,1.0,20.1,248,61,1.0,20.1,248,61,1.0,20.1,248,61,1.0,20.1,248,61,1.0,20.1,248,61,1.0,20.1,248,61,1.0,20.1,248,61,1.0,20.1,248,61,1.0,20.1,248,61,1.0,20.1,248,61,1.0,20.1,248,61,1.0,20.1,248,61,1.0,20.1,248,61,1.0,20.1,248,61,1.0,20.1,248,61,1.0,20.1,248,61,1.0,20.1,248,61,1.0,20.1,248,61,1.0,20.1,248,61,1.0,20.1,248,61,1.0,20.1,248,61,1.0,20.1,248,61,1.0,20.1
247,127.85,1.06,2.65,0,254,54,1.0,20.6,254,54,1.0,20.6,254,54,1.0,20.6,254,54,1.0,20.6,254,54,1.0,20.6,254,54,1.0,20.6,254,54,1.0,20.6,254,54,1.0,20.6,254,54,1.0,20.6,254,54,1.0,20.6,254,54,1.0,20.6,254,54,1.0,20.6,254,54,1.0,20.6,254,54,1.0,20.6,254,54,1.0,20.6,254,54,1.0,20.6,254,54,1.0,20.6,254,54,1.0,20.6,254,54,1.0,20.6,254,54,1.0,20.6,254,54,1.0,20.6,254,54,1.0,20.6,254,54,1.0,20.6,254,54,1.0,20.6,254,54,1.0,20.6,254,54,1.0,20.6,254,54,1.0,20.6,254,54,1.0,20.6,254,54,1.0,20.6,254,54,1.0,20.6,254,54,1.0,20.6,254,54,1.0,20.6
248,128.3,1.07,2.69,0,258,53,1.0,20.7,258,53,1.0,20.7,258,53,1.0,20.7,258,53,1.0,20.7,258,53,1.0,20.7,258,53,1.0,20.7,258,53,1.0,20.7,258,53,1.0,20.7,258,53,1.0,20.7,258,53,1.0,20.7,258,53,1.0,20.7,258,53,1.0,20.7,258,53,1.0,20.7,258,53,1.0,20.7,258,53,1.0,20.7,258,53,1.0,20.7,258,53,1.0,20.7,258,53,1.0,20.7,258,53,1.0,20.7,258,53,1.0,20.7,258,53,1.0,20.7,258,53,1.0,20.7,258,53,1.0,20.7,258,53,1.0,20.7,258,53,1.0,20.7,258,53,1.0,20.7,258,53,1.0,20.7,258,53,1.0,20.7,258,53,1.0,20.7,258,53,1.0,20.7,258,53,1.0,20.7,258,53,1.0,20.7
249,129.23,1.08,2.71,0,260,52,1.0,20.8,260,52,1.0,20.8,260,52,1.0,20.8,260,52,1.0,20.8,260,52,1.0,20.8,260,52,1.0,20.8,260,52,1.0,20.8,260,52,1.0,20.8,260,52,1.0,20.8,260,52,1.0,20.8,260,52,1.0,20.8,260,52,1.0,20.8,260,52,1.0,20.8,260,52,1.0,20.8,260,52,1.0,20.8,260,52,1.0,20.8,260,52,1.0,20.8,260,52,1.0,20.8,260,52,1.0,20.8,260,52,1.0,20.8,260,52,1.0,20.8,260,52,1.0,20.8,260,52,1.0,20.8,260,52,1.0,20.8,260,52,1.0,20.8,260,52,1.0,20.8,260,52,1.0,20.8,260,52,1.0,20.8,260,52,1.0,20.8,260,52,1.0,20.8,260,52,1.0,20.8,260,52,1.0,20.8
250,129.44,1.1,2.74,0,263,51,1.0,20.9,263,51,1.0,20.9,263,51,1.0,20.9,263,51,1.0,20.9,263,51,1.0,20.9,263,51,1.0,20.9,263,51,1.0,20.9,263,51,1.0,20.9,263,51,1.0,20.9,263,51,1.0,20.9,263,51,1.0,20.9,263,51,1.0,20.9,263,51,1.0,20.9,263,51,1.0,20.9,263,51,1.0,20.9,263,51,1.0,20.9,263,51,1.0,20.9,263,51,1.0,20.9,263,51,1.0,20.9,263,51,1.0,20.9,263,51,1.0,20.9,263,51,1.0,20.9,263,51,1.0,20.9,263,51,1.0,20.9,263,51,1.0,20.9,263,51,1.0,20.9,263,51,1.0,20.9,263,51,1.0,20.9,263,51,1.0,20.9,263,51,1.0,20.9,263,51,1.0,20.9,263,51,1.0,20.9
251,129.88,1.11,2.77,0,266,52,1.0,20.9,266,52,1.0,20.9,266,52,1.0,20.9,266,52,1.0,20.9,266,52,1.0,20.9,266,52,1.0,20.9,266,52,1.0,20.9,266,52,1.0,20.9,266,52,1.0,20.9,266,52,1.0,20.9,266,52,1.0,20.9,266,52,1.0,20.9,266,52,1.0,20.9,266,52,1.0,20.9,266,52,1.0,20.9,266,52,1.0,20.9,266,52,1.0,20.9,266,52,1.0,20.9,266,52,1.0,20.9,266,52,1.0,20.9,266,52,1.0,20.9,266,52,1.0,20.9,266,52,1.0,20.9,266,52,1.0,20.9,266,52,1.0,20.9,266,52,1.0,20.9,266,52,1.0,20.9,266,52,1.0,20.9,266,52,1.0,20.9,266,52,1.0,20.9,266,52,1.0,20.9,266,52,1.0,20.9
252,130.1,1.12,2.79,0,268,51,1.0,21.0,268,51,1.0,21.0,268,51,1.0,21.0,268,51,1.0,21.0,268,51,1.0,21.0,268,51,1.0,21.0,268,51,1.0,21.0,268,51,1.0,21.0,268,51,1.0,21.0,268,51,1.0,21.0,268,51,1.0,21.0,268,51,1.0,21.0,268,51,1.0,21.0,268,51,1.0,21.0,268,51,1.0,21.0,268,51,1.0,21.0,268,51,1.0,21.0,268,51,1.0,21.0,268,51,1.0,21.0,268,51,1.0,21.0,268,51,1.0,21.0,268,51,1.0,21.0,268,51,1.0,21.0,268,51,1.0,21.0,268,51,1.0,21.0,268,51,1.0,21.0,268,51,1.0,21.0,268,51,1.0,21.0,268,51,1.0,21.0,268,51,1.0,21.0,268,51,1.0,21.0,268,51,1.0,21.0
253,130.31,1.13,2.83,0,272,49,1.0,21.2,272,49,1.0,21.2,272,49,1.0,21.2,272,49,1.0,21.2,272,49,1.0,21.2,272,49,1.0,21.2,272,49,1.0,21.2,272,49,1.0,21.2,272,49,1.0,21.2,272,49,1.0,21.2,272,49,1.0,21.2,272,49,1.0,21.2,272,49,1.0,21.2,272,49,1.0,21.2,272,49,1.0,21.2,272,49,1.0,21.2,272,49,1.0,21.2,272,49,1.0,21.2,272,49,1.0,21.2,272,49,1.0,21.2,272,49,1.0,21.2,272,49,1.0,21.2,272,49,1.0,21.2,272,49,1.0,21.2,272,49,1.0,21.2,272,49,1.0,21.2,272,49,1.0,21.2,272,49,1.0,21.2,272,49,1.0,21.2,272,49,1.0,21.2,272,49,1.0,21.2,272,49,1.0,21.2
254,131.0,1.15,2.89,0,277,46,1.0,21.4,277,46,1.0,21.4,277,46,1.0,21.4,277,46,1.0,21.4,277,46,1.0,21.4,277,46,1.0,21.4,277,46,1.0,21.4,277,46,1.0,21.4,277,46,1.0,21.4,277,46,1.0,21.4,277,46,1.0,21.4,277,46,1.0,21.4,277,46,1.0,21.4,277,46,1.0,21.4,277,46,1.0,21.4,277,46,1.0,21.4,277,46,1.0,21.4,277,46,1.0,21.4,277,46,1.0,21.4,277,46,1.0,21.4,277,46,1.0,21.4,277,46,1.0,21.4,277,46,1.0,21.4,277,46,1.0,21.4,277,46,1.0,21.4,277,46,1.0,21.4,277,46,1.0,21.4,277,46,1.0,21.4,277,46,1.0,21.4,277,46,1.0,21.4,277,46,1.0,21.4,277,46,1.0,21.4
255,131.22,1.15,2.89,0,277,49,1.0,21.2,277,49,1.0,21.2,277,49,1.0,21.2,277,49,1.0,21.2,277,49,1.0,21.2,277,49,1.0,21.2,277,49,1.0,21.2,277,49,1.0,21.2,277,49,1.0,21.2,277,49,1.0,21.2,277,49,1.0,21.2,277,49,1.0,21.2,277,49,1.0,21.2,277,49,1.0,21.2,277,49,1.0,21.2,277,49,1.0,21.2,277,49,1.0,21.2,277,49,1.0,21.2,277,49,1.0,21.2,277,49,1.0,21.2,277,49,1.0,21.2,277,49,1.0,21.2,277,49,1.0,21.2,277,49,1.0,21.2,277,49,1.0,21.2,277,49,1.0,21.2,277,49,1.0,21.2,277,49,1.0,21.2,277,49,1.0,21.2,277,49,1.0,21.2,277,49,1.0,21.2,277,49,1.0,21.2
256,132.14,1.17,2.93,0,281,44,1.0,21.6,281,44,1.0,21.6,281,44,1.0,21.6,281,44,1.0,21.6,281,44,1.0,21.6,281,44,1.0,21.6,281,44,1.0,21.6,281,44,1.0,21.6,281,44,1.0,21.6,281,44,1.0,21.6,281,44,1.0,21.6,281,44,1.0,21.6,281,44,1.0,21.6,281,44,1.0,21.6,281,44,1.0,21.6,281,44,1.0,21.6,281,44,1.0,21.6,281,44,1.0,21.6,281,44,1.0,21.6,281,44,1.0,21.6,281,44,1.0,21.6,281,44,1.0,21.6,281,44,1.0,21.6,281,44,1.0,21.6,281,44,1.0,21.6,281,44,1.0,21.6,281,44,1.0,21.6,281,44,1.0,21.6,281,44,1.0,21.6,281,44,1.0,21.6,281,44,1.0,21.6,281,44,1.0,21.6
257,132.36,1.19,2.98,0,286,39,1.0,22.0,286,39,1.0,22.0,286,39,1.0,22.0,286,39,1.0,22.0,286,39,1.0,22.0,286,39,1.0,22.0,286,39,1.0,22.0,286,39,1.0,22.0,286,39,1.0,22.0,286,39,1.0,22.0,286,39,1.0,22.0,286,39,1.0,22.0,286,39,1.0,22.0,286,39,1.0,22.0,286,39,1.0,22.0,286,39,1.0,22.0,286,39,1.0,22.0,286,39,1.0,22.0,286,39,1.0,22.0,286,39,1.0,22.0,286,39,1.0,22.0,286,39,1.0,22.0,286,39,1.0,22.0,286,39,1.0,22.0,286,39,1.0,22.0,286,39,1.0,22.0,286,39,1.0,22.0,286,39,1.0,22.0,286,39,1.0,22.0,286,39,1.0,22.0,286,39,1.0,22.0,286,39,1.0,22.0
258,132.81,1.2,3.0,0,288,39,1.0,22.0,288,39,1.0,22.0,288,39,1.0,22.0,288,39,1.0,22.0,288,39,1.0,22.0,288,39,1.0,22.0,288,39,1.0,22.0,288,39,1.0,22.0,288,39,1.0,22.0,288,39,1.0,22.0,288,39,1.0,22.0,288,39,1.0,22.0,288,39,1.0,22.0,288,39,1.0,22.0,288,39,1.0,22.0,288,39,1.0,22.0,288,39,1.0,22.0,288,39,1.0,22.0,288,39,1.0,22.0,288,39,1.0,22.0,288,39,1.0,22.0,288,39,1.0,22.0,288,39,1.0,22.0,288,39,1.0,22.0,288,39,1.0,22.0,288,39,1.0,22.0,288,39,1.0,22.0,288,39,1.0,22.0,288,39,1.0,22.0,288,39,1.0,22.0,288,39,1.0,22.0,288,39,1.0,22.0
259,133.73,1.21,3.03,0,291,35,1.0,22.3,291,35,1.0,22.3,291,35,1.0,22.3,291,35,1.0,22.3,291,35,1.0,22.3,291,35,1.0,22.3,291,35,1.0,22.3,291,35,1.0,22.3,291,35,1.0,22.3,291,35,1.0,22.3,291,35,1.0,22.3,291,35,1.0,22.3,291,35,1.0,22.3,291,35,1.0,22.3,291,35,1.0,22.3,291,35,1.0,22.3,291,35,1.0,22.3,291,35,1.0,22.3,291,35,1.0,22.3,291,35,1.0,22.3,291,35,1.0,22.3,291,35,1.0,22.3,291,35,1.0,22.3,291,35,1.0,22.3,291,35,1.0,22.3,291,35,1.0,22.3,291,35,1.0,22.3,291,35,1.0,22.3,291,35,1.0,22.3,291,35,1.0,22.3,291,35,1.0,22.3,291,35,1.0,22.3
260,134.65,1.23,3.07,0,295,32,1.0,22.6,295,32,1.0,22.6,295,32,1.0,22.6,295,32,1.0,22.6,295,32,1.0,22.6,295,32,1.0,22.6,295,32,1.0,22.6,295,32,1.0,22.6,295,32,1.0,22.6,295,32,1.0,22.6,295,32,1.0,22.6,295,32,1.0,22.6,295,32,1.0,22.6,295,32,1.0,22.6,295,32,1.0,22.6,295,32,1.0,22.6,295,32,1.0,22.6,295,32,1.0,22.6,295,32,1.0,22.6,295,32,1.0,22.6,295,32,1.0,22.6,295,32,1.0,22.6,295,32,1.0,22.6,295,32,1.0,22.6,295,32,1.0,22.6,295,32,1.0,22.6,295,32,1.0,22.6,295,32,1.0,22.6,295,32,1.0,22.6,295,32,1.0,22.6,295,32,1.0,22.6,295,32,1.0,22.6
261,135.33,1.24,3.09,0,297,33,1.0,22.5,297,33,1.0,22.5,297,33,1.0,22.5,297,33,1.0,22.5,297,33,1.0,22.5,297,33,1.0,22.5,297,33,1.0,22.5,297,33,1.0,22.5,297,33,1.0,22.5,297,33,1.0,22.5,297,33,1.0,22.5,297,33,1.0,22.5,297,33,1.0,22.5,297,33,1.0,22.5,297,33,1.0,22.5,297,33,1.0,22.5,297,33,1.0,22.5,297,33,1.0,22.5,297,33,1.0,22.5,297,33,1.0,22.5,297,33,1.0,22.5,297,33,1.0,22.5,297,33,1.0,22.5,297,33,1.0,22.5,297,33,1.0,22.5,297,33,1.0,22.5,297,33,1.0,22.5,297,33,1.0,22.5,297,33,1.0,22.5,297,33,1.0,22.5,297,33,1.0,22.5,297,33,1.0,22.5
262,136.26,1.25,3.11,0,299,31,1.0,22.7,299,31,1.0,22.7,299,31,1.0,22.7,299,31,1.0,22.7,299,31,1.0,22.7,299,31,1.0,22.7,299,31,1.0,22.7,299,31,1.0,22.7,299,31,1.0,22.7,299,31,1.0,22.7,299,31,1.0,22.7,299,31,1.0,22.7,299,31,1.0,22.7,299,31,1.0,22.7,299,31,1.0,22.7,299,31,1.0,22.7,299,31,1.0,22.7,299,31,1.0,22.7,299,31,1.0,22.7,299,31,1.0,22.7,299,31,1.0,22.7,299,31,1.0,22.7,299,31,1.0,22.7,299,31,1.0,22.7,299,31,1.0,22.7,299,31,1.0,22.7,299,31,1.0,22.7,299,31,1.0,22.7,299,31,1.0,22.7,299,31,1.0,22.7,299,31,1.0,22.7,299,31,1.0,22.7
263,136.45,1.26,3.15,0,302,28,1.0,22.9,302,28,1.0,22.9,302,28,1.0,22.9,302,28,1.0,22.9,302,28,1.0,22.9,302,28,1.0,22.9,302,28,1.0,22.9,302,28,1.0,22.9,302,28,1.0,22.9,302,28,1.0,22.9,302,28,1.0,22.9,302,28,1.0,22.9,302,28,1.0,22.9,302,28,1.0,22.9,302,28,1.0,22.9,302,28,1.0,22.9,302,28,1.0,22.9,302,28,1.0,22.9,302,28,1.0,22.9,302,28,1.0,22.9,302,28,1.0,22.9,302,28,1.0,22.9,302,28,1.0,22.9,302,28,1.0,22.9,302,28,1.0,22.9,302,28,1.0,22.9,302,28,1.0,22.9,302,28,1.0,22.9,302,28,1.0,22.9,302,28,1.0,22.9,302,28,1.0,22.9,302,28,1.0,22.9
264,136.42,1.27,3.17,0,304,31,1.0,22.7,304,31,1.0,22.7,304,31,1.0,22.7,304,31,1.0,22.7,304,31,1.0,22.7,304,31,1.0,22.7,304,31,1.0,22.7,304,31,1.0,22.7,304,31,1.0,22.7,304,31,1.0,22.7,304,31,1.0,22.7,304,31,1.0,22.7,304,31,1.0,22.7,304,31,1.0,22.7,304,31,1.0,22.7,304,31,1.0,22.7,304,31,1.0,22.7,304,31,1.0,22.7,304,31,1.0,22.7,304,31,1.0,22.7,304,31,1.0,22.7,304,31,1.0,22.7,304,31,1.0,22.7,304,31,1.0,22.7,304,31,1.0,22.7,304,31,1.0,22.7,304,31,1.0,22.7,304,31,1.0,22.7,304,31,1.0,22.7,304,31,1.0,22.7,304,31,1.0,22.7,304,31,1.0,22.7
265,136.62,1.28,3.21,0,308,28,1.0,22.9,308,28,1.0,22.9,308,28,1.0,22.9,308,28,1.0,22.9,308,28,1.0,22.9,308,28,1.0,22.9,308,28,1.0,22.9,308,28,1.0,22.9,308,28,1.0,22.9,308,28,1.0,22.9,308,28,1.0,22.9,308,28,1.0,22.9,308,28,1.0,22.9,308,28,1.0,22.9,308,28,1.0,22.9,308,28,1.0,22.9,308,28,1.0,22.9,308,28,1.0,22.9,308,28,1.0,22.9,308,28,1.0,22.9,308,28,1.0,22.9,308,28,1.0,22.9,308,28,1.0,22.9,308,28,1.0,22.9,308,28,1.0,22.9,308,28,1.0,22.9,308,28,1.0,22.9,308,28,1.0,22.9,308,28,1.0,22.9,308,28,1.0,22.9,308,28,1.0,22.9,308,28,1.0,22.9
266,136.83,1.3,3.26,0,313,22,1.0,23.4,313,22,1.0,23.4,313,22,1.0,23.4,313,22,1.0,23.4,313,22,1.0,23.4,313,22,1.0,23.4,313,22,1.0,23.4,313,22,1.0,23.4,313,22,1.0,23.4,313,22,1.0,23.4,313,22,1.0,23.4,313,22,1.0,23.4,313,22,1.0,23.4,313,22,1.0,23.4,313,22,1.0,23.4,313,22,1.0,23.4,313,22,1.0,23.4,313,22,1.0,23.4,313,22,1.0,23.4,313,22,1.0,23.4,313,22,1.0,23.4,313,22,1.0,23.4,313,22,1.0,23.4,313,22,1.0,23.4,313,22,1.0,23.4,313,22,1.0,23.4,313,22,1.0,23.4,313,22,1.0,23.4,313,22,1.0,23.4,313,22,1.0,23.4,313,22,1.0,23.4,313,22,1.0,23.4
267,137.28,1.32,3.29,0,316,21,1.0,23.4,316,21,1.0,23.4,316,21,1.0,23.4,316,21,1.0,23.4,316,21,1.0,23.4,316,21,1.0,23.4,316,21,1.0,23.4,316,21,1.0,23.4,316,21,1.0,23.4,316,21,1.0,23.4,316,21,1.0,23.4,316,21,1.0,23.4,316,21,1.0,23.4,316,21,1.0,23.4,316,21,1.0,23.4,316,21,1.0,23.4,316,21,1.0,23.4,316,21,1.0,23.4,316,21,1.0,23.4,316,21,1.0,23.4,316,21,1.0,23.4,316,21,1.0,23.4,316,21,1.0,23.4,316,21,1.0,23.4,316,21,1.0,23.4,316,21,1.0,23.4,316,21,1.0,23.4,316,21,1.0,23.4,316,21,1.0,23.4,316,21,1.0,23.4,316,21,1.0,23.4,316,21,1.0,23.4
268,137.96,1.32,3.31,0,318,19,1.0,23.6,318,19,1.0,23.6,318,19,1.0,23.6,318,19,1.0,23.6,318,19,1.0,23.6,318,19,1.0,23.6,318,19,1.0,23.6,318,19,1.0,23.6,318,19,1.0,23.6,318,19,1.0,23.6,318,19,1.0,23.6,318,19,1.0,23.6,318,19,1.0,23.6,318,19,1.0,23.6,318,19,1.0,23.6,318,19,1.0,23.6,318,19,1.0,23.6,318,19,1.0,23.6,318,19,1.0,23.6,318,19,1.0,23.6,318,19,1.0,23.6,318,19,1.0,23.6,318,19,1.0,23.6,318,19,1.0,23.6,318,19,1.0,23.6,318,19,1.0,23.6,318,19,1.0,23.6,318,19,1.0,23.6,318,19,1.0,23.6,318,19,1.0,23.6,318,19,1.0,23.6,318,19,1.0,23.6
269,137.94,1.33,3.33,0,320,19,1.0,23.6,320,19,1.0,23.6,320,19,1.0,23.6,320,19,1.0,23.6,320,19,1.0,23.6,320,19,1.0,23.6,320,19,1.0,23.6,320,19,1.0,23.6,320,19,1.0,23.6,320,19,1.0,23.6,320,19,1.0,23.6,320,19,1.0,23.6,320,19,1.0,23.6,320,19,1.0,23.6,320,19,1.0,23.6,320,19,1.0,23.6,320,19,1.0,23.6,320,19,1.0,23.6,320,19,1.0,23.6,320,19,1.0,23.6,320,19,1.0,23.6,320,19,1.0,23.6,320,19,1.0,23.6,320,19,1.0,23.6,320,19,1.0,23.6,320,19,1.0,23.6,320,19,1.0,23.6,320,19,1.0,23.6,320,19,1.0,23.6,320,19,1.0,23.6,320,19,1.0,23.6,320,19,1.0,23.6
270,138.62,1.35,3.36,0,323,16,1.0,23.8,323,16,1.0,23.8,323,16,1.0,23.8,323,16,1.0,23.8,323,16,1.0,23.8,323,16,1.0,23.8,323,16,1.0,23.8,323,16,1.0,23.8,323,16,1.0,23.8,323,16,1.0,23.8,323,16,1.0,23.8,323,16,1.0,23.8,323,16,1.0,23.8,323,16,1.0,23.8,323,16,1.0,23.8,323,16,1.0,23.8,323,16,1.0,23.8,323,16,1.0,23.8,323,16,1.0,23.8,323,16,1.0,23.8,323,16,1.0,23.8,323,16,1.0,23.8,323,16,1.0,23.8,323,16,1.0,23.8,323,16,1.0,23.8,323,16,1.0,23.8,323,16,1.0,23.8,323,16,1.0,23.8,323,16,1.0,23.8,323,16,1.0,23.8,323,16,1.0,23.8,323,16,1.0,23.8
271,138.6,1.32,3.29,0,316,15,1.0,23.9,316,15,1.0,23.9,316,15,1.0,23.9,316,15,1.0,23.9,316,15,1.0,23.9,316,15,1.0,23.9,316,15,1.0,23.9,316,15,1.0,23.9,316,15,1.0,23.9,316,15,1.0,23.9,316,15,1.0,23.9,316,15,1.0,23.9,316,15,1.0,23.9,316,15,1.0,23.9,316,15,1.0,23.9,316,15,1.0,23.9,316,15,1.0,23.9,316,15,1.0,23.9,316,15,1.0,23.9,316,15,1.0,23.9,316,15,1.0,23.9,316,15,1.0,23.9,316,15,1.0,23.9,316,15,1.0,23.9,316,15,1.0,23.9,316,15,1.0,23.9,316,15,1.0,23.9,316,15,1.0,23.9,316,15,1.0,23.9,316,15,1.0,23.9,316,15,1.0,23.9,316,15,1.0,23.9
272,139.52,1.28,3.21,0,308,23,1.0,23.3,308,23,1.0,23.3,308,23,1.0,23.3,308,23,1.0,23.3,308,23,1.0,23.3,308,23,1.0,23.3,308,23,1.0,23.3,308,23,1.0,23.3,308,23,1.0,23.3,308,23,1.0,23.3,308,23,1.0,23.3,308,23,1.0,23.3,308,23,1.0,23.3,308,23,1.0,23.3,308,23,1.0,23.3,308,23,1.0,23.3,308,23,1.0,23.3,308,23,1.0,23.3,308,23,1.0,23.3,308,23,1.0,23.3,308,23,1.0,23.3,308,23,1.0,23.3,308,23,1.0,23.3,308,23,1.0,23.3,308,23,1.0,23.3,308,23,1.0,23.3,308,23,1.0,23.3,308,23,1.0,23.3,308,23,1.0,23.3,308,23,1.0,23.3,308,23,1.0,23.3,308,23,1.0,23.3
273,139.97,1.28,3.2,0,307,26,1.0,23.0,307,26,1.0,23.0,307,26,1.0,23.0,307,26,1.0,23.0,307,26,1.0,23.0,307,26,1.0,23.0,307,26,1.0,23.0,307,26,1.0,23.0,307,26,1.0,23.0,307,26,1.0,23.0,307,26,1.0,23.0,307,26,1.0,23.0,307,26,1.0,23.0,307,26,1.0,23.0,307,26,1.0,23.0,307,26,1.0,23.0,307,26,1.0,23.0,307,26,1.0,23.0,307,26,1.0,23.0,307,26,1.0,23.0,307,26,1.0,23.0,307,26,1.0,23.0,307,26,1.0,23.0,307,26,1.0,23.0,307,26,1.0,23.0,307,26,1.0,23.0,307,26,1.0,23.0,307,26,1.0,23.0,307,26,1.0,23.0,307,26,1.0,23.0,307,26,1.0,23.0,307,26,1.0,23.0
274,139.95,1.26,3.16,0,303,30,1.0,22.7,303,30,1.0,22.7,303,30,1.0,22.7,303,30,1.0,22.7,303,30,1.0,22.7,303,30,1.0,22.7,303,30,1.0,22.7,303,30,1.0,22.7,303,30,1.0,22.7,303,30,1.0,22.7,303,30,1.0,22.7,303,30,1.0,22.7,303,30,1.0,22.7,303,30,1.0,22.7,303,30,1.0,22.7,303,30,1.0,22.7,303,30,1.0,22.7,303,30,1.0,22.7,303,30,1.0,22.7,303,30,1.0,22.7,303,30,1.0,22.7,303,30,1.0,22.7,303,30,1.0,22.7,303,30,1.0,22.7,303,30,1.0,22.7,303,30,1.0,22.7,303,30,1.0,22.7,303,30,1.0,22.7,303,30,1.0,22.7,303,30,1.0,22.7,303,30,1.0,22.7,303,30,1.0,22.7
275,140.87,1.25,3.14,0,301,33,1.0,22.5,301,33,1.0,22.5,301,33,1.0,22.5,301,33,1.0,22.5,301,33,1.0,22.5,301,33,1.0,22.5,301,33,1.0,22.5,301,33,1.0,22.5,301,33,1.0,22.5,301,33,1.0,22.5,301,33,1.0,22.5,301,33,1.0,22.5,301,33,1.0,22.5,301,33,1.0,22.5,301,33,1.0,22.5,301,33,1.0,22.5,301,33,1.0,22.5,301,33,1.0,22.5,301,33,1.0,22.5,301,33,1.0,22.5,301,33,1.0,22.5,301,33,1.0,22.5,301,33,1.0,22.5,301,33,1.0,22.5,301,33,1.0,22.5,301,33,1.0,22.5,301,33,1.0,22.5,301,33,1.0,22.5,301,33,1.0,22.5,301,33,1.0,22.5,301,33,1.0,22.5,301,33,1.0,22.5
276,141.32,1.25,3.11,0,299,36,1.0,22.3,299,36,1.0,22.3,299,36,1.0,22.3,299,36,1.0,22.3,299,36,1.0,22.3,299,36,1.0,22.3,299,36,1.0,22.3,299,36,1.0,22.3,299,36,1.0,22.3,299,36,1.0,22.3,299,36,1.0,22.3,299,36,1.0,22.3,299,36,1.0,22.3,299,36,1.0,22.3,299,36,1.0,22.3,299,36,1.0,22.3,299,36,1.0,22.3,299,36,1.0,22.3,299,36,1.0,22.3,299,36,1.0,22.3,299,36,1.0,22.3,299,36,1.0,22.3,299,36,1.0,22.3,299,36,1.0,22.3,299,36,1.0,22.3,299,36,1.0,22.3,299,36,1.0,22.3,299,36,1.0,22.3,299,36,1.0,22.3,299,36,1.0,22.3,299,36,1.0,22.3,299,36,1.0,22.3
277,141.53,1.24,3.1,0,298,37,1.0,22.2,298,37,1.0,22.2,298,37,1.0,22.2,298,37,1.0,22.2,298,37,1.0,22.2,298,37,1.0,22.2,298,37,1.0,22.2,298,37,1.0,22.2,298,37,1.0,22.2,298,37,1.0,22.2,298,37,1.0,22.2,298,37,1.0,22.2,298,37,1.0,22.2,298,37,1.0,22.2,298,37,1.0,22.2,298,37,1.0,22.2,298,37,1.0,22.2,298,37,1.0,22.2,298,37,1.0,22.2,298,37,1.0,22.2,298,37,1.0,22.2,298,37,1.0,22.2,298,37,1.0,22.2,298,37,1.0,22.2,298,37,1.0,22.2,298,37,1.0,22.2,298,37,1.0,22.2,298,37,1.0,22.2,298,37,1.0,22.2,298,37,1.0,22.2,298,37,1.0,22.2,298,37,1.0,22.2
278,141.51,1.24,3.09,0,297,42,1.0,21.9,297,42,1.0,21.9,297,42,1.0,21.9,297,42,1.0,21.9,297,42,1.0,21.9,297,42,1.0,21.9,297,42,1.0,21.9,297,42,1.0,21.9,297,42,1.0,21.9,297,42,1.0,21.9,297,42,1.0,21.9,297,42,1.0,21.9,297,42,1.0,21.9,297,42,1.0,21.9,297,42,1.0,21.9,297,42,1.0,21.9,297,42,1.0,21.9,297,42,1.0,21.9,297,42,1.0,21.9,297,42,1.0,21.9,297,42,1.0,21.9,297,42,1.0,21.9,297,42,1.0,21.9,297,42,1.0,21.9,297,42,1.0,21.9,297,42,1.0,21.9,297,42,1.0,21.9,297,42,1.0,21.9,297,42,1.0,21.9,297,42,1.0,21.9,297,42,1.0,21.9,297,42,1.0,21.9
279,141.97,1.23,3.08,0,296,45,1.0,21.7,296,45,1.0,21.7,296,45,1.0,21.7,296,45,1.0,21.7,296,45,1.0,21.7,296,45,1.0,21.7,296,45,1.0,21.7,296,45,1.0,21.7,296,45,1.0,21.7,296,45,1.0,21.7,296,45,1.0,21.7,296,45,1.0,21.7,296,45,1.0,21.7,296,45,1.0,21.7,296,45,1.0,21.7,296,45,1.0,21.7,296,45,1.0,21.7,296,45,1.0,21.7,296,45,1.0,21.7,296,45,1.0,21.7,296,45,1.0,21.7,296,45,1.0,21.7,296,45,1.0,21.7,296,45,1.0,21.7,296,45,1.0,21.7,296,45,1.0,21.7,296,45,1.0,21.7,296,45,1.0,21.7,296,45,1.0,21.7,296,45,1.0,21.7,296,45,1.0,21.7,296,45,1.0,21.7
280,141.96,1.23,3.07,0,295,48,1.0,21.5,295,48,1.0,21.5,295,48,1.0,21.5,295,48,1.0,21.5,295,48,1.0,21.5,295,48,1.0,21.5,295,48,1.0,21.5,295,48,1.0,21.5,295,48,1.0,21.5,295,48,1.0,21.5,295,48,1.0,21.5,295,48,1.0,21.5,295,48,1.0,21.5,295,48,1.0,21.5,295,48,1.0,21.5,295,48,1.0,21.5,295,48,1.0,21.5,295,48,1.0,21.5,295,48,1.0,21.5,295,48,1.0,21.5,295,48,1.0,21.5,295,48,1.0,21.5,295,48,1.0,21.5,295,48,1.0,21.5,295,48,1.0,21.5,295,48,1.0,21.5,295,48,1.0,21.5,295,48,1.0,21.5,295,48,1.0,21.5,295,48,1.0,21.5,295,48,1.0,21.5,295,48,1.0,21.5
281,142.42,1.23,3.06,0,294,49,1.0,21.4,294,49,1.0,21.4,294,49,1.0,21.4,294,49,1.0,21.4,294,49,1.0,21.4,294,49,1.0,21.4,294,49,1.0,21.4,294,49,1.0,21.4,294,49,1.0,21.4,294,49,1.0,21.4,294,49,1.0,21.4,294,49,1.0,21.4,294,49,1.0,21.4,294,49,1.0,21.4,294,49,1.0,21.4,294,49,1.0,21.4,294,49,1.0,21.4,294,49,1.0,21.4,294,49,1.0,21.4,294,49,1.0,21.4,294,49,1.0,21.4,294,49,1.0,21.4,294,49,1.0,21.4,294,49,1.0,21.4,294,49,1.0,21.4,294,49,1.0,21.4,294,49,1.0,21.4,294,49,1.0,21.4,294,49,1.0,21.4,294,49,1.0,21.4,294,49,1.0,21.4,294,49,1.0,21.4
282,143.34,1.22,3.05,0,293,51,1.0,21.3,293,51,1.0,21.3,293,51,1.0,21.3,293,51,1.0,21.3,293,51,1.0,21.3,293,51,1.0,21.3,293,51,1.0,21.3,293,51,1.0,21.3,293,51,1.0,21.3,293,51,1.0,21.3,293,51,1.0,21.3,293,51,1.0,21.3,293,51,1.0,21.3,293,51,1.0,21.3,293,51,1.0,21.3,293,51,1.0,21.3,293,51,1.0,21.3,293,51,1.0,21.3,293,51,1.0,21.3,293,51,1.0,21.3,293,51,1.0,21.3,293,51,1.0,21.3,293,51,1.0,21.3,293,51,1.0,21.3,293,51,1.0,21.3,293,51,1.0,21.3,293,51,1.0,21.3,293,51,1.0,21.3,293,51,1.0,21.3,293,51,1.0,21.3,293,51,1.0,21.3,293,51,1.0,21.3
283,143.56,1.22,3.05,0,293,54,1.0,21.1,293,54,1.0,21.1,293,54,1.0,21.1,293,54,1.0,21.1,293,54,1.0,21.1,293,54,1.0,21.1,293,54,1.0,21.1,293,54,1.0,21.1,293,54,1.0,21.1,293,54,1.0,21.1,293,54,1.0,21.1,293,54,1.0,21.1,293,54,1.0,21.1,293,54,1.0,21.1,293,54,1.0,21.1,293,54,1.0,21.1,293,54,1.0,21.1,293,54,1.0,21.1,293,54,1.0,21.1,293,54,1.0,21.1,293,54,1.0,21.1,293,54,1.0,21.1,293,54,1.0,21.1,293,54,1.0,21.1,293,54,1.0,21.1,293,54,1.0,21.1,293,54,1.0,21.1,293,54,1.0,21.1,293,54,1.0,21.1,293,54,1.0,21.1,293,54,1.0,21.1,293,54,1.0,21.1
284,144.02,1.21,3.03,0,291,56,1.0,21.0,291,56,1.0,21.0,291,56,1.0,21.0,291,56,1.0,21.0,291,56,1.0,21.0,291,56,1.0,21.0,291,56,1.0,21.0,291,56,1.0,21.0,291,56,1.0,21.0,291,56,1.0,21.0,291,56,1.0,21.0,291,56,1.0,21.0,291,56,1.0,21.0,291,56,1.0,21.0,291,56,1.0,21.0,291,56,1.0,21.0,291,56,1.0,21.0,291,56,1.0,21.0,291,56,1.0,21.0,291,56,1.0,21.0,291,56,1.0,21.0,291,56,1.0,21.0,291,56,1.0,21.0,291,56,1.0,21.0,291,56,1.0,21.0,291,56,1.0,21.0,291,56,1.0,21.0,291,56,1.0,21.0,291,56,1.0,21.0,291,56,1.0,21.0,291,56,1.0,21.0,291,56,1.0,21.0
285,144.71,1.22,3.04,0,292,55,1.0,21.0,292,55,1.0,21.0,292,55,1.0,21.0,292,55,1.0,21.0,292,55,1.0,21.0,292,55,1.0,21.0,292,55,1.0,21.0,292,55,1.0,21.0,292,55,1.0,21.0,292,55,1.0,21.0,292,55,1.0,21.0,292,55,1.0,21.0,292,55,1.0,21.0,292,55,1.0,21.0,292,55,1.0,21.0,292,55,1.0,21.0,292,55,1.0,21.0,292,55,1.0,21.0,292,55,1.0,21.0,292,55,1.0,21.0,292,55,1.0,21.0,292,55,1.0,21.0,292,55,1.0,21.0,292,55,1.0,21.0,292,55,1.0,21.0,292,55,1.0,21.0,292,55,1.0,21.0,292,55,1.0,21.0,292,55,1.0,21.0,292,55,1.0,21.0,292,55,1.0,21.0,292,55,1.0,21.0
286,145.17,1.21,3.03,0,291,57,1.0,20.9,291,57,1.0,20.9,291,57,1.0,20.9,291,57,1.0,20.9,291,57,1.0,20.9,291,57,1.0,20.9,291,57,1.0,20.9,291,57,1.0,20.9,291,57,1.0,20.9,291,57,1.0,20.9,291,57,1.0,20.9,291,57,1.0,20.9,291,57,1.0,20.9,291,57,1.0,20.9,291,57,1.0,20.9,291,57,1.0,20.9,291,57,1.0,20.9,291,57,1.0,20.9,291,57,1.0,20.9,291,57,1.0,20.9,291,57,1.0,20.9,291,57,1.0,20.9,291,57,1.0,20.9,291,57,1.0,20.9,291,57,1.0,20.9,291,57,1.0,20.9,291,57,1.0,20.9,291,57,1.0,20.9,291,57,1.0,20.9,291,57,1.0,20.9,291,57,1.0,20.9,291,57,1.0,20.9
287,145.16,1.21,3.02,0,290,60,1.0,20.7,290,60,1.0,20.7,290,60,1.0,20.7,290,60,1.0,20.7,290,60,1.0,20.7,290,60,1.0,20.7,290,60,1.0,20.7,290,60,1.0,20.7,290,60,1.0,20.7,290,60,1.0,20.7,290,60,1.0,20.7,290,60,1.0,20.7,290,60,1.0,20.7,290,60,1.0,20.7,290,60,1.0,20.7,290,60,1.0,20.7,290,60,1.0,20.7,290,60,1.0,20.7,290,60,1.0,20.7,290,60,1.0,20.7,290,60,1.0,20.7,290,60,1.0,20.7,290,60,1.0,20.7,290,60,1.0,20.7,290,60,1.0,20.7,290,60,1.0,20.7,290,60,1.0,20.7,290,60,1.0,20.7,290,60,1.0,20.7,290,60,1.0,20.7,290,60,1.0,20.7,290,60,1.0,20.7
288,146.09,1.21,3.02,0,290,58,1.0,20.8,290,58,1.0,20.8,290,58,1.0,20.8,290,58,1.0,20.8,290,58,1.0,20.8,290,58,1.0,20.8,290,58,1.0,20.8,290,58,1.0,20.8,290,58,1.0,20.8,290,58,1.0,20.8,290,58,1.0,20.8,290,58,1.0,20.8,290,58,1.0,20.8,290,58,1.0,20.8,290,58,1.0,20.8,290,58,1.0,20.8,290,58,1.0,20.8,290,58,1.0,20.8,290,58,1.0,20.8,290,58,1.0,20.8,290,58,1.0,20.8,290,58,1.0,20.8,290,58,1.0,20.8,290,58,1.0,20.8,290,58,1.0,20.8,290,58,1.0,20.8,290,58,1.0,20.8,290,58,1.0,20.8,290,58,1.0,20.8,290,58,1.0,20.8,290,58,1.0,20.8,290,58,1.0,20.8
289,146.08,1.21,3.02,0,290,59,1.0,20.8,290,59,1.0,20.8,290,59,1.0,20.8,290,59,1.0,20.8,290,59,1.0,20.8,290,59,1.0,20.8,290,59,1.0,20.8,290,59,1.0,20.8,290,59,1.0,20.8,290,59,1.0,20.8,290,59,1.0,20.8,290,59,1.0,20.8,290,59,1.0,20.8,290,59,1.0,20.8,290,59,1.0,20.8,290,59,1.0,20.8,290,59,1.0,20.8,290,59,1.0,20.8,290,59,1.0,20.8,290,59,1.0,20.8,290,59,1.0,20.8,290,59,1.0,20.8,290,59,1.0,20.8,290,59,1.0,20.8,290,59,1.0,20.8,290,59,1.0,20.8,290,59,1.0,20.8,290,59,1.0,20.8,290,59,1.0,20.8,290,59,1.0,20.8,290,59,1.0,20.8,290,59,1.0,20.8
290,146.31,1.21,3.03,0,291,58,1.0,20.8,291,58,1.0,20.8,291,58,1.0,20.8,291,58,1.0,20.8,291,58,1.0,20.8,291,58,1.0,20.8,291,58,1.0,20.8,291,58,1.0,20.8,291,58,1.0,20.8,291,58,1.0,20.8,291,58,1.0,20.8,291,58,1.0,20.8,291,58,1.0,20.8,291,58,1.0,20.8,291,58,1.0,20.8,291,58,1.0,20.8,291,58,1.0,20.8,291,58,1.0,20.8,291,58,1.0,20.8,291,58,1.0,20.8,291,58,1.0,20.8,291,58,1.0,20.8,291,58,1.0,20.8,291,58,1.0,20.8,291,58,1.0,20.8,291,58,1.0,20.8,291,58,1.0,20.8,291,58,1.0,20.8,291,58,1.0,20.8,291,58,1.0,20.8,291,58,1.0,20.8,291,58,1.0,20.8
291,146.77,1.21,3.03,0,291,58,1.0,20.8,291,58,1.0,20.8,291,58,1.0,20.8,291,58,1.0,20.8,291,58,1.0,20.8,291,58,1.0,20.8,291,58,1.0,20.8,291,58,1.0,20.8,291,58,1.0,20.8,291,58,1.0,20.8,291,58,1.0,20.8,291,58,1.0,20.8,291,58,1.0,20.8,291,58,1.0,20.8,291,58,1.0,20.8,291,58,1.0,20.8,291,58,1.0,20.8,291,58,1.0,20.8,291,58,1.0,20.8,291,58,1.0,20.8,291,58,1.0,20.8,291,58,1.0,20.8,291,58,1.0,20.8,291,58,1.0,20.8,291,58,1.0,20.8,291,58,1.0,20.8,291,58,1.0,20.8,291,58,1.0,20.8,291,58,1.0,20.8,291,58,1.0,20.8,291,58,1.0,20.8,291,58,1.0,20.8
292,147.0,1.22,3.04,0,292,58,1.0,20.9,292,58,1.0,20.9,292,58,1.0,20.9,292,58,1.0,20.9,292,58,1.0,20.9,292,58,1.0,20.9,292,58,1.0,20.9,292,58,1.0,20.9,292,58,1.0,20.9,292,58,1.0,20.9,292,58,1.0,20.9,292,58,1.0,20.9,292,58,1.0,20.9,292,58,1.0,20.9,292,58,1.0,20.9,292,58,1.0,20.9,292,58,1.0,20.9,292,58,1.0,20.9,292,58,1.0,20.9,292,58,1.0,20.9,292,58,1.0,20.9,292,58,1.0,20.9,292,58,1.0,20.9,292,58,1.0,20.9,292,58,1.0,20.9,292,58,1.0,20.9,292,58,1.0,20.9,292,58,1.0,20.9,292,58,1.0,20.9,292,58,1.0,20.9,292,58,1.0,20.9,292,58,1.0,20.9
293,147.92,1.23,3.06,0,294,56,1.0,21.0,294,56,1.0,21.0,294,56,1.0,21.0,294,56,1.0,21.0,294,56,1.0,21.0,294,56,1.0,21.0,294,56,1.0,21.0,294,56,1.0,21.0,294,56,1.0,21.0,294,56,1.0,21.0,294,56,1.0,21.0,294,56,1.0,21.0,294,56,1.0,21.0,294,56,1.0,21.0,294,56,1.0,21.0,294,56,1.0,21.0,294,56,1.0,21.0,294,56,1.0,21.0,294,56,1.0,21.0,294,56,1.0,21.0,294,56,1.0,21.0,294,56,1.0,21.0,294,56,1.0,21.0,294,56,1.0,21.0,294,56,1.0,21.0,294,56,1.0,21.0,294,56,1.0,21.0,294,56,1.0,21.0,294,56,1.0,21.0,294,56,1.0,21.0,294,56,1.0,21.0,294,56,1.0,21.0
294,147.68,1.22,3.05,0,293,57,1.0,20.9,293,57,1.0,20.9,293,57,1.0,20.9,293,57,1.0,20.9,293,57,1.0,20.9,293,57,1.0,20.9,293,57,1.0,20.9,293,57,1.0,20.9,293,57,1.0,20.9,293,57,1.0,20.9,293,57,1.0,20.9,293,57,1.0,20.9,293,57,1.0,20.9,293,57,1.0,20.9,293,57,1.0,20.9,293,57,1.0,20.9,293,57,1.0,20.9,293,57,1.0,20.9,293,57,1.0,20.9,293,57,1.0,20.9,293,57,1.0,20.9,293,57,1.0,20.9,293,57,1.0,20.9,293,57,1.0,20.9,293,57,1.0,20.9,293,57,1.0,20.9,293,57,1.0,20.9,293,57,1.0,20.9,293,57,1.0,20.9,293,57,1.0,20.9,293,57,1.0,20.9,293,57,1.0,20.9
295,148.38,1.23,3.06,0,294,58,1.0,20.9,294,58,1.0,20.9,294,58,1.0,20.9,294,58,1.0,20.9,294,58,1.0,20.9,294,58,1.0,20.9,294,58,1.0,20.9,294,58,1.0,20.9,294,58,1.0,20.9,294,58,1.0,20.9,294,58,1.0,20.9,294,58,1.0,20.9,294,58,1.0,20.9,294,58,1.0,20.9,294,58,1.0,20.9,294,58,1.0,20.9,294,58,1.0,20.9,294,58,1.0,20.9,294,58,1.0,20.9,294,58,1.0,20.9,294,58,1.0,20.9,294,58,1.0,20.9,294,58,1.0,20.9,294,58,1.0,20.9,294,58,1.0,20.9,294,58,1.0,20.9,294,58,1.0,20.9,294,58,1.0,20.9,294,58,1.0,20.9,294,58,1.0,20.9,294,58,1.0,20.9,294,58,1.0,20.9
296,149.07,1.22,3.05,0,293,58,1.0,20.9,293,58,1.0,20.9,293,58,1.0,20.9,293,58,1.0,20.9,293,58,1.0,20.9,293,58,1.0,20.9,293,58,1.0,20.9,293,58,1.0,20.9,293,58,1.0,20.9,293,58,1.0,20.9,293,58,1.0,20.9,293,58,1.0,20.9,293,58,1.0,20.9,293,58,1.0,20.9,293,58,1.0,20.9,293,58,1.0,20.9,293,58,1.0,20.9,293,58,1.0,20.9,293,58,1.0,20.9,293,58,1.0,20.9,293,58,1.0,20.9,293,58,1.0,20.9,293,58,1.0,20.9,293,58,1.0,20.9,293,58,1.0,20.9,293,58,1.0,20.9,293,58,1.0,20.9,293,58,1.0,20.9,293,58,1.0,20.9,293,58,1.0,20.9,293,58,1.0,20.9,293,58,1.0,20.9
297,149.76,1.22,3.04,0,292,61,1.0,20.7,292,61,1.0,20.7,292,61,1.0,20.7,292,61,1.0,20.7,292,61,1.0,20.7,292,61,1.0,20.7,292,61,1.0,20.7,292,61,1.0,20.7,292,61,1.0,20.7,292,61,1.0,20.7,292,61,1.0,20.7,292,61,1.0,20.7,292,61,1.0,20.7,292,61,1.0,20.7,292,61,1.0,20.7,292,61,1.0,20.7,292,61,1.0,20.7,292,61,1.0,20.7,292,61,1.0,20.7,292,61,1.0,20.7,292,61,1.0,20.7,292,61,1.0,20.7,292,61,1.0,20.7,292,61,1.0,20.7,292,61,1.0,20.7,292,61,1.0,20.7,292,61,1.0,20.7,292,61,1.0,20.7,292,61,1.0,20.7,292,61,1.0,20.7,292,61,1.0,20.7,292,61,1.0,20.7
298,150.22,1.22,3.05,0,293,61,1.0,20.7,293,61,1.0,20.7,293,61,1.0,20.7,293,61,1.0,20.7,293,61,1.0,20.7,293,61,1.0,20.7,293,61,1.0,20.7,293,61,1.0,20.7,293,61,1.0,20.7,293,61,1.0,20.7,293,61,1.0,20.7,293,61,1.0,20.7,293,61,1.0,20.7,293,61,1.0,20.7,293,61,1.0,20.7,293,61,1.0,20.7,293,61,1.0,20.7,293,61,1.0,20.7,293,61,1.0,20.7,293,61,1.0,20.7,293,61,1.0,20.7,293,61,1.0,20.7,293,61,1.0,20.7,293,61,1.0,20.7,293,61,1.0,20.7,293,61,1.0,20.7,293,61,1.0,20.7,293,61,1.0,20.7,293,61,1.0,20.7,293,61,1.0,20.7,293,61,1.0,20.7,293,61,1.0,20.7
299,151.15,1.22,3.05,0,293,61,1.0,20.7,293,61,1.0,20.7,293,61,1.0,20.7,293,61,1.0,20.7,293,61,1.0,20.7,293,61,1.0,20.7,293,61,1.0,20.7,293,61,1.0,20.7,293,61,1.0,20.7,293,61,1.0,20.7,293,61,1.0,20.7,293,61,1.0,20.7,293,61,1.0,20.7,293,61,1.0,20.7,293,61,1.0,20.7,293,61,1.0,20.7,293,61,1.0,20.7,293,61,1.0,20.7,293,61,1.0,20.7,293,61,1.0,20.7,293,61,1.0,20.7,293,61,1.0,20.7,293,61,1.0,20.7,293,61,1.0,20.7,293,61,1.0,20.7,293,61,1.0,20.7,293,61,1.0,20.7,293,61,1.0,20.7,293,61,1.0,20.7,293,61,1.0,20.7,293,61,1.0,20.7,293,61,1.0,20.7
300,151.84,1.23,3.06,0,294,56,1.0,21.0,294,56,1.0,21.0,294,56,1.0,21.0,294,56,1.0,21.0,294,56,1.0,21.0,294,56,1.0,21.0,294,56,1.0,21.0,294,56,1.0,21.0,294,56,1.0,21.0,294,56,1.0,21.0,294,56,1.0,21.0,294,56,1.0,21.0,294,56,1.0,21.0,294,56,1.0,21.0,294,56,1.0,21.0,294,56,1.0,21.0,294,56,1.0,21.0,294,56,1.0,21.0,294,56,1.0,21.0,294,56,1.0,21.0,294,56,1.0,21.0,294,56,1.0,21.0,294,56,1.0,21.0,294,56,1.0,21.0,294,56,1.0,21.0,294,56,1.0,21.0,294,56,1.0,21.0,294,56,1.0,21.0,294,56,1.0,21.0,294,56,1.0,21.0,294,56,1.0,21.0,294,56,1.0,21.0
301,152.05,1.15,2.88,0,276,53,1.0,21.0,276,53,1.0,21.0,276,53,1.0,21.0,276,53,1.0,21.0,276,53,1.0,21.0,276,53,1.0,21.0,276,53,1.0,21.0,276,53,1.0,21.0,276,53,1.0,21.0,276,53,1.0,21.0,276,53,1.0,21.0,276,53,1.0,21.0,276,53,1.0,21.0,276,53,1.0,21.0,276,53,1.0,21.0,276,53,1.0,21.0,276,53,1.0,21.0,276,53,1.0,21.0,276,53,1.0,21.0,276,53,1.0,21.0,276,53,1.0,21.0,276,53,1.0,21.0,276,53,1.0,21.0,276,53,1.0,21.0,276,53,1.0,21.0,276,53,1.0,21.0,276,53,1.0,21.0,276,53,1.0,21.0,276,53,1.0,21.0,276,53,1.0,21.0,276,53,1.0,21.0,276,53,1.0,21.0
302,152.98,1.09,2.72,0,261,74,1.0,19.5,261,74,1.0,19.5,261,74,1.0,19.5,261,74,1.0,19.5,261,74,1.0,19.5,261,74,1.0,19.5,261,74,1.0,19.5,261,74,1.0,19.5,261,74,1.0,19.5,261,74,1.0,19.5,261,74,1.0,19.5,261,74,1.0,19.5,261,74,1.0,19.5,261,74,1.0,19.5,261,74,1.0,19.5,261,74,1.0,19.5,261,74,1.0,19.5,261,74,1.0,19.5,261,74,1.0,19.5,261,74,1.0,19.5,261,74,1.0,19.5,261,74,1.0,19.5,261,74,1.0,19.5,261,74,1.0,19.5,261,74,1.0,19.5,261,74,1.0,19.5,261,74,1.0,19.5,261,74,1.0,19.5,261,74,1.0,19.5,261,74,1.0,19.5,261,74,1.0,19.5,261,74,1.0,19.5
303,153.43,1.07,2.67,0,256,80,1.0,19.0,256,80,1.0,19.0,256,80,1.0,19.0,256,80,1.0,19.0,256,80,1.0,19.0,256,80,1.0,19.0,256,80,1.0,19.0,256,80,1.0,19.0,256,80,1.0,19.0,256,80,1.0,19.0,256,80,1.0,19.0,256,80,1.0,19.0,256,80,1.0,19.0,256,80,1.0,19.0,256,80,1.0,19.0,256,80,1.0,19.0,256,80,1.0,19.0,256,80,1.0,19.0,256,80,1.0,19.0,256,80,1.0,19.0,256,80,1.0,19.0,256,80,1.0,19.0,256,80,1.0,19.0,256,80,1.0,19.0,256,80,1.0,19.0,256,80,1.0,19.0,256,80,1.0,19.0,256,80,1.0,19.0,256,80,1.0,19.0,256,80,1.0,19.0,256,80,1.0,19.0,256,80,1.0,19.0
304,154.11,1.05,2.62,0,252,81,1.0,18.9,252,81,1.0,18.9,252,81,1.0,18.9,252,81,1.0,18.9,252,81,1.0,18.9,252,81,1.0,18.9,252,81,1.0,18.9,252,81,1.0,18.9,252,81,1.0,18.9,252,81,1.0,18.9,252,81,1.0,18.9,252,81,1.0,18.9,252,81,1.0,18.9,252,81,1.0,18.9,252,81,1.0,18.9,252,81,1.0,18.9,252,81,1.0,18.9,252,81,1.0,18.9,252,81,1.0,18.9,252,81,1.0,18.9,252,81,1.0,18.9,252,81,1.0,18.9,252,81,1.0,18.9,252,81,1.0,18.9,252,81,1.0,18.9,252,81,1.0,18.9,252,81,1.0,18.9,252,81,1.0,18.9,252,81,1.0,18.9,252,81,1.0,18.9,252,81,1.0,18.9,252,81,1.0,18.9
305,155.03,1.02,2.55,0,245,91,1.0,18.2,245,91,1.0,18.2,245,91,1.0,18.2,245,91,1.0,18.2,245,91,1.0,18.2,245,91,1.0,18.2,245,91,1.0,18.2,245,91,1.0,18.2,245,91,1.0,18.2,245,91,1.0,18.2,245,91,1.0,18.2,245,91,1.0,18.2,245,91,1.0,18.2,245,91,1.0,18.2,245,91,1.0,18.2,245,91,1.0,18.2,245,91,1.0,18.2,245,91,1.0,18.2,245,91,1.0,18.2,245,91,1.0,18.2,245,91,1.0,18.2,245,91,1.0,18.2,245,91,1.0,18.2,245,91,1.0,18.2,245,91,1.0,18.2,245,91,1.0,18.2,245,91,1.0,18.2,245,91,1.0,18.2,245,91,1.0,18.2,245,91,1.0,18.2,245,91,1.0,18.2,245,91,1.0,18.2
306,155.71,1.01,2.53,0,243,91,1.0,18.2,243,91,1.0,18.2,243,91,1.0,18.2,243,91,1.0,18.2,243,91,1.0,18.2,243,91,1.0,18.2,243,91,1.0,18.2,243,91,1.0,18.2,243,91,1.0,18.2,243,91,1.0,18.2,243,91,1.0,18.2,243,91,1.0,18.2,243,91,1.0,18.2,243,91,1.0,18.2,243,91,1.0,18.2,243,91,1.0,18.2,243,91,1.0,18.2,243,91,1.0,18.2,243,91,1.0,18.2,243,91,1.0,18.2,243,91,1.0,18.2,243,91,1.0,18.2,243,91,1.0,18.2,243,91,1.0,18.2,243,91,1.0,18.2,243,91,1.0,18.2,243,91,1.0,18.2,243,91,1.0,18.2,243,91,1.0,18.2,243,91,1.0,18.2,243,91,1.0,18.2,243,91,1.0,18.2
307,156.15,0.99,2.48,0,238,92,1.0,18.0,238,92,1.0,18.0,238,92,1.0,18.0,238,92,1.0,18.0,238,92,1.0,18.0,238,92,1.0,18.0,238,92,1.0,18.0,238,92,1.0,18.0,238,92,1.0,18.0,238,92,1.0,18.0,238,92,1.0,18.0,238,92,1.0,18.0,238,92,1.0,18.0,238,92,1.0,18.0,238,92,1.0,18.0,238,92,1.0,18.0,238,92,1.0,18.0,238,92,1.0,18.0,238,92,1.0,18.0,238,92,1.0,18.0,238,92,1.0,18.0,238,92,1.0,18.0,238,92,1.0,18.0,238,92,1.0,18.0,238,92,1.0,18.0,238,92,1.0,18.0,238,92,1.0,18.0,238,92,1.0,18.0,238,92,1.0,18.0,238,92,1.0,18.0,238,92,1.0,18.0,238,92,1.0,18.0
308,157.07,0.98,2.45,0,235,104,1.0,17.3,235,104,1.0,17.3,235,104,1.0,17.3,235,104,1.0,17.3,235,104,1.0,17.3,235,104,1.0,17.3,235,104,1.0,17.3,235,104,1.0,17.3,235,104,1.0,17.3,235,104,1.0,17.3,235,104,1.0,17.3,235,104,1.0,17.3,235,104,1.0,17.3,235,104,1.0,17.3,235,104,1.0,17.3,235,104,1.0,17.3,235,104,1.0,17.3,235,104,1.0,17.3,235,104,1.0,17.3,235,104,1.0,17.3,235,104,1.0,17.3,235,104,1.0,17.3,235,104,1.0,17.3,235,104,1.0,17.3,235,104,1.0,17.3,235,104,1.0,17.3,235,104,1.0,17.3,235,104,1.0,17.3,235,104,1.0,17.3,235,104,1.0,17.3,235,104,1.0,17.3,235,104,1.0,17.3
309,157.51,0.95,2.39,0,229,109,1.0,16.9,229,109,1.0,16.9,229,109,1.0,16.9,229,109,1.0,16.9,229,109,1.0,16.9,229,109,1.0,16.9,229,109,1.0,16.9,229,109,1.0,16.9,229,109,1.0,16.9,229,109,1.0,16.9,229,109,1.0,16.9,229,109,1.0,16.9,229,109,1.0,16.9,229,109,1.0,16.9,229,109,1.0,16.9,229,109,1.0,16.9,229,109,1.0,16.9,229,109,1.0,16.9,229,109,1.0,16.9,229,109,1.0,16.9,229,109,1.0,16.9,229,109,1.0,16.9,229,109,1.0,16.9,229,109,1.0,16.9,229,109,1.0,16.9,229,109,1.0,16.9,229,109,1.0,16.9,229,109,1.0,16.9,229,109,1.0,16.9,229,109,1.0,16.9,229,109,1.0,16.9,229,109,1.0,16.9
310,157.23,0.95,2.38,0,228,111,1.0,16.8,228,111,1.0,16.8,228,111,1.0,16.8,228,111,1.0,16.8,228,111,1.0,16.8,228,111,1.0,16.8,228,111,1.0,16.8,228,111,1.0,16.8,228,111,1.0,16.8,228,111,1.0,16.8,228,111,1.0,16.8,228,111,1.0,16.8,228,111,1.0,16.8,228,111,1.0,16.8,228,111,1.0,16.8,228,111,1.0,16.8,228,111,1.0,16.8,228,111,1.0,16.8,228,111,1.0,16.8,228,111,1.0,16.8,228,111,1.0,16.8,228,111,1.0,16.8,228,111,1.0,16.8,228,111,1.0,16.8,228,111,1.0,16.8,228,111,1.0,16.8,228,111,1.0,16.8,228,111,1.0,16.8,228,111,1.0,16.8,228,111,1.0,16.8,228,111,1.0,16.8,228,111,1.0,16.8
311,157.92,0.94,2.35,0,226,115,1.0,16.6,226,115,1.0,16.6,226,115,1.0,16.6,226,115,1.0,16.6,226,115,1.0,16.6,226,115,1.0,16.6,226,115,1.0,16.6,226,115,1.0,16.6,226,115,1.0,16.6,226,115,1.0,16.6,226,115,1.0,16.6,226,115,1.0,16.6,226,115,1.0,16.6,226,115,1.0,16.6,226,115,1.0,16.6,226,115,1.0,16.6,226,115,1.0,16.6,226,115,1.0,16.6,226,115,1.0,16.6,226,115,1.0,16.6,226,115,1.0,16.6,226,115,1.0,16.6,226,115,1.0,16.6,226,115,1.0,16.6,226,115,1.0,16.6,226,115,1.0,16.6,226,115,1.0,16.6,226,115,1.0,16.6,226,115,1.0,16.6,226,115,1.0,16.6,226,115,1.0,16.6,226,115,1.0,16.6
312,158.83,0.93,2.31,0,222,121,1.0,16.2,222,121,1.0,16.2,222,121,1.0,16.2,222,121,1.0,16.2,222,121,1.0,16.2,222,121,1.0,16.2,222,121,1.0,16.2,222,121,1.0,16.2,222,121,1.0,16.2,222,121,1.0,16.2,222,121,1.0,16.2,222,121,1.0,16.2,222,121,1.0,16.2,222,121,1.0,16.2,222,121,1.0,16.2,222,121,1.0,16.2,222,121,1.0,16.2,222,121,1.0,16.2,222,121,1.0,16.2,222,121,1.0,16.2,222,121,1.0,16.2,222,121,1.0,16.2,222,121,1.0,16.2,222,121,1.0,16.2,222,121,1.0,16.2,222,121,1.0,16.2,222,121,1.0,16.2,222,121,1.0,16.2,222,121,1.0,16.2,222,121,1.0,16.2,222,121,1.0,16.2,222,121,1.0,16.2
313,159.75,0.91,2.28,0,219,123,1.0,16.0,219,123,1.0,16.0,219,123,1.0,16.0,219,123,1.0,16.0,219,123,1.0,16.0,219,123,1.0,16.0,219,123,1.0,16.0,219,123,1.0,16.0,219,123,1.0,16.0,219,123,1.0,16.0,219,123,1.0,16.0,219,123,1.0,16.0,219,123,1.0,16.0,219,123,1.0,16.0,219,123,1.0,16.0,219,123,1.0,16.0,219,123,1.0,16.0,219,123,1.0,16.0,219,123,1.0,16.0,219,123,1.0,16.0,219,123,1.0,16.0,219,123,1.0,16.0,219,123,1.0,16.0,219,123,1.0,16.0,219,123,1.0,16.0,219,123,1.0,16.0,219,123,1.0,16.0,219,123,1.0,16.0,219,123,1.0,16.0,219,123,1.0,16.0,219,123,1.0,16.0,219,123,1.0,16.0
314,160.43,0.9,2.26,0,217,127,1.0,15.8,217,127,1.0,15.8,217,127,1.0,15.8,217,127,1.0,15.8,217,127,1.0,15.8,217,127,1.0,15.8,217,127,1.0,15.8,217,127,1.0,15.8,217,127,1.0,15.8,217,127,1.0,15.8,217,127,1.0,15.8,217,127,1.0,15.8,217,127,1.0,15.8,217,127,1.0,15.8,217,127,1.0,15.8,217,127,1.0,15.8,217,127,1.0,15.8,217,127,1.0,15.8,217,127,1.0,15.8,217,127,1.0,15.8,217,127,1.0,15.8,217,127,1.0,15.8,217,127,1.0,15.8,217,127,1.0,15.8,217,127,1.0,15.8,217,127,1.0,15.8,217,127,1.0,15.8,217,127,1.0,15.8,217,127,1.0,15.8,217,127,1.0,15.8,217,127,1.0,15.8,217,127,1.0,15.8
315,160.86,0.9,2.25,0,216,128,1.0,15.7,216,128,1.0,15.7,216,128,1.0,15.7,216,128,1.0,15.7,216,128,1.0,15.7,216,128,1.0,15.7,216,128,1.0,15.7,216,128,1.0,15.7,216,128,1.0,15.7,216,128,1.0,15.7,216,128,1.0,15.7,216,128,1.0,15.7,216,128,1.0,15.7,216,128,1.0,15.7,216,128,1.0,15.7,216,128,1.0,15.7,216,128,1.0,15.7,216,128,1.0,15.7,216,128,1.0,15.7,216,128,1.0,15.7,216,128,1.0,15.7,216,128,1.0,15.7,216,128,1.0,15.7,216,128,1.0,15.7,216,128,1.0,15.7,216,128,1.0,15.7,216,128,1.0,15.7,216,128,1.0,15.7,216,128,1.0,15.7,216,128,1.0,15.7,216,128,1.0,15.7,216,128,1.0,15.7
316,161.54,0.89,2.22,0,213,131,1.0,15.5,213,131,1.0,15.5,213,131,1.0,15.5,213,131,1.0,15.5,213,131,1.0,15.5,213,131,1.0,15.5,213,131,1.0,15.5,213,131,1.0,15.5,213,131,1.0,15.5,213,131,1.0,15.5,213,131,1.0,15.5,213,131,1.0,15.5,213,131,1.0,15.5,213,131,1.0,15.5,213,131,1.0,15.5,213,131,1.0,15.5,213,131,1.0,15.5,213,131,1.0,15.5,213,131,1.0,15.5,213,131,1.0,15.5,213,131,1.0,15.5,213,131,1.0,15.5,213,131,1.0,15.5,213,131,1.0,15.5,213,131,1.0,15.5,213,131,1.0,15.5,213,131,1.0,15.5,213,131,1.0,15.5,213,131,1.0,15.5,213,131,1.0,15.5,213,131,1.0,15.5,213,131,1.0,15.5
317,161.97,0.88,2.21,0,212,135,1.0,15.3,212,135,1.0,15.3,212,135,1.0,15.3,212,135,1.0,15.3,212,135,1.0,15.3,212,135,1.0,15.3,212,135,1.0,15.3,212,135,1.0,15.3,212,135,1.0,15.3,212,135,1.0,15.3,212,135,1.0,15.3,212,135,1.0,15.3,212,135,1.0,15.3,212,135,1.0,15.3,212,135,1.0,15.3,212,135,1.0,15.3,212,135,1.0,15.3,212,135,1.0,15.3,212,135,1.0,15.3,212,135,1.0,15.3,212,135,1.0,15.3,212,135,1.0,15.3,212,135,1.0,15.3,212,135,1.0,15.3,212,135,1.0,15.3,212,135,1.0,15.3,212,135,1.0,15.3,212,135,1.0,15.3,212,135,1.0,15.3,212,135,1.0,15.3,212,135,1.0,15.3,212,135,1.0,15.3
318,162.65,0.89,2.23,0,214,133,1.0,15.4,214,133,1.0,15.4,214,133,1.0,15.4,214,133,1.0,15.4,214,133,1.0,15.4,214,133,1.0,15.4,214,133,1.0,15.4,214,133,1.0,15.4,214,133,1.0,15.4,214,133,1.0,15.4,214,133,1.0,15.4,214,133,1.0,15.4,214,133,1.0,15.4,214,133,1.0,15.4,214,133,1.0,15.4,214,133,1.0,15.4,214,133,1.0,15.4,214,133,1.0,15.4,214,133,1.0,15.4,214,133,1.0,15.4,214,133,1.0,15.4,214,133,1.0,15.4,214,133,1.0,15.4,214,133,1.0,15.4,214,133,1.0,15.4,214,133,1.0,15.4,214,133,1.0,15.4,214,133,1.0,15.4,214,133,1.0,15.4,214,133,1.0,15.4,214,133,1.0,15.4,214,133,1.0,15.4
319,162.84,0.88,2.21,0,212,133,1.0,15.4,212,133,1.0,15.4,212,133,1.0,15.4,212,133,1.0,15.4,212,133,1.0,15.4,212,133,1.0,15.4,212,133,1.0,15.4,212,133,1.0,15.4,212,133,1.0,15.4,212,133,1.0,15.4,212,133,1.0,15.4,212,133,1.0,15.4,212,133,1.0,15.4,212,133,1.0,15.4,212,133,1.0,15.4,212,133,1.0,15.4,212,133,1.0,15.4,212,133,1.0,15.4,212,133,1.0,15.4,212,133,1.0,15.4,212,133,1.0,15.4,212,133,1.0,15.4,212,133,1.0,15.4,212,133,1.0,15.4,212,133,1.0,15.4,212,133,1.0,15.4,212,133,1.0,15.4,212,133,1.0,15.4,212,133,1.0,15.4,212,133,1.0,15.4,212,133,1.0,15.4,212,133,1.0,15.4
320,163.52,0.88,2.19,0,210,138,1.0,15.1,210,138,1.0,15.1,210,138,1.0,15.1,210,138,1.0,15.1,210,138,1.0,15.1,210,138,1.0,15.1,210,138,1.0,15.1,210,138,1.0,15.1,210,138,1.0,15.1,210,138,1.0,15.1,210,138,1.0,15.1,210,138,1.0,15.1,210,138,1.0,15.1,210,138,1.0,15.1,210,138,1.0,15.1,210,138,1.0,15.1,210,138,1.0,15.1,210,138,1.0,15.1,210,138,1.0,15.1,210,138,1.0,15.1,210,138,1.0,15.1,210,138,1.0,15.1,210,138,1.0,15.1,210,138,1.0,15.1,210,138,1.0,15.1,210,138,1.0,15.1,210,138,1.0,15.1,210,138,1.0,15.1,210,138,1.0,15.1,210,138,1.0,15.1,210,138,1.0,15.1,210,138,1.0,15.1
321,164.19,0.87,2.17,0,208,140,1.0,14.9,208,140,1.0,14.9,208,140,1.0,14.9,208,140,1.0,14.9,208,140,1.0,14.9,208,140,1.0,14.9,208,140,1.0,14.9,208,140,1.0,14.9,208,140,1.0,14.9,208,140,1.0,14.9,208,140,1.0,14.9,208,140,1.0,14.9,208,140,1.0,14.9,208,140,1.0,14.9,208,140,1.0,14.9,208,140,1.0,14.9,208,140,1.0,14.9,208,140,1.0,14.9,208,140,1.0,14.9,208,140,1.0,14.9,208,140,1.0,14.9,208,140,1.0,14.9,208,140,1.0,14.9,208,140,1.0,14.9,208,140,1.0,14.9,208,140,1.0,14.9,208,140,1.0,14.9,208,140,1.0,14.9,208,140,1.0,14.9,208,140,1.0,14.9,208,140,1.0,14.9,208,140,1.0,14.9
322,164.14,0.87,2.17,0,208,140,1.0,14.9,208,140,1.0,14.9,208,140,1.0,14.9,208,140,1.0,14.9,208,140,1.0,14.9,208,140,1.0,14.9,208,140,1.0,14.9,208,140,1.0,14.9,208,140,1.0,14.9,208,140,1.0,14.9,208,140,1.0,14.9,208,140,1.0,14.9,208,140,1.0,14.9,208,140,1.0,14.9,208,140,1.0,14.9,208,140,1.0,14.9,208,140,1.0,14.9,208,140,1.0,14.9,208,140,1.0,14.9,208,140,1.0,14.9,208,140,1.0,14.9,208,140,1.0,14.9,208,140,1.0,14.9,208,140,1.0,14.9,208,140,1.0,14.9,208,140,1.0,14.9,208,140,1.0,14.9,208,140,1.0,14.9,208,140,1.0,14.9,208,140,1.0,14.9,208,140,1.0,14.9,208,140,1.0,14.9
323,164.1,0.87,2.18,0,209,142,1.0,14.9,209,142,1.0,14.9,209,142,1.0,14.9,209,142,1.0,14.9,209,142,1.0,14.9,209,142,1.0,14.9,209,142,1.0,14.9,209,142,1.0,14.9,209,142,1.0,14.9,209,142,1.0,14.9,209,142,1.0,14.9,209,142,1.0,14.9,209,142,1.0,14.9,209,142,1.0,14.9,209,142,1.0,14.9,209,142,1.0,14.9,209,142,1.0,14.9,209,142,1.0,14.9,209,142,1.0,14.9,209,142,1.0,14.9,209,142,1.0,14.9,209,142,1.0,14.9,209,142,1.0,14.9,209,142,1.0,14.9,209,142,1.0,14.9,209,142,1.0,14.9,209,142,1.0,14.9,209,142,1.0,14.9,209,142,1.0,14.9,209,142,1.0,14.9,209,142,1.0,14.9,209,142,1.0,14.9
324,164.54,0.86,2.16,0,207,146,1.0,14.7,207,146,1.0,14.7,207,146,1.0,14.7,207,146,1.0,14.7,207,146,1.0,14.7,207,146,1.0,14.7,207,146,1.0,14.7,207,146,1.0,14.7,207,146,1.0,14.7,207,146,1.0,14.7,207,146,1.0,14.7,207,146,1.0,14.7,207,146,1.0,14.7,207,146,1.0,14.7,207,146,1.0,14.7,207,146,1.0,14.7,207,146,1.0,14.7,207,146,1.0,14.7,207,146,1.0,14.7,207,146,1.0,14.7,207,146,1.0,14.7,207,146,1.0,14.7,207,146,1.0,14.7,207,146,1.0,14.7,207,146,1.0,14.7,207,146,1.0,14.7,207,146,1.0,14.7,207,146,1.0,14.7,207,146,1.0,14.7,207,146,1.0,14.7,207,146,1.0,14.7,207,146,1.0,14.7
325,165.46,0.85,2.12,0,204,148,1.0,14.5,204,148,1.0,14.5,204,148,1.0,14.5,204,148,1.0,14.5,204,148,1.0,14.5,204,148,1.0,14.5,204,148,1.0,14.5,204,148,1.0,14.5,204,148,1.0,14.5,204,148,1.0,14.5,204,148,1.0,14.5,204,148,1.0,14.5,204,148,1.0,14.5,204,148,1.0,14.5,204,148,1.0,14.5,204,148,1.0,14.5,204,148,1.0,14.5,204,148,1.0,14.5,204,148,1.0,14.5,204,148,1.0,14.5,204,148,1.0,14.5,204,148,1.0,14.5,204,148,1.0,14.5,204,148,1.0,14.5,204,148,1.0,14.5,204,148,1.0,14.5,204,148,1.0,14.5,204,148,1.0,14.5,204,148,1.0,14.5,204,148,1.0,14.5,204,148,1.0,14.5,204,148,1.0,14.5
326,164.94,0.85,2.12,0,204,150,1.0,14.4,204,150,1.0,14.4,204,150,1.0,14.4,204,150,1.0,14.4,204,150,1.0,14.4,204,150,1.0,14.4,204,150,1.0,14.4,204,150,1.0,14.4,204,150,1.0,14.4,204,150,1.0,14.4,204,150,1.0,14.4,204,150,1.0,14.4,204,150,1.0,14.4,204,150,1.0,14.4,204,150,1.0,14.4,204,150,1.0,14.4,204,150,1.0,14.4,204,150,1.0,14.4,204,150,1.0,14.4,204,150,1.0,14.4,204,150,1.0,14.4,204,150,1.0,14.4,204,150,1.0,14.4,204,150,1.0,14.4,204,150,1.0,14.4,204,150,1.0,14.4,204,150,1.0,14.4,204,150,1.0,14.4,204,150,1.0,14.4,204,150,1.0,14.4,204,150,1.0,14.4,204,150,1.0,14.4
327,165.62,0.85,2.11,0,203,151,1.0,14.3,203,151,1.0,14.3,203,151,1.0,14.3,203,151,1.0,14.3,203,151,1.0,14.3,203,151,1.0,14.3,203,151,1.0,14.3,203,151,1.0,14.3,203,151,1.0,14.3,203,151,1.0,14.3,203,151,1.0,14.3,203,151,1.0,14.3,203,151,1.0,14.3,203,151,1.0,14.3,203,151,1.0,14.3,203,151,1.0,14.3,203,151,1.0,14.3,203,151,1.0,14.3,203,151,1.0,14.3,203,151,1.0,14.3,203,151,1.0,14.3,203,151,1.0,14.3,203,151,1.0,14.3,203,151,1.0,14.3,203,151,1.0,14.3,203,151,1.0,14.3,203,151,1.0,14.3,203,151,1.0,14.3,203,151,1.0,14.3,203,151,1.0,14.3,203,151,1.0,14.3,203,151,1.0,14.3
328,166.54,0.84,2.09,0,201,151,1.0,14.3,201,151,1.0,14.3,201,151,1.0,14.3,201,151,1.0,14.3,201,151,1.0,14.3,201,151,1.0,14.3,201,151,1.0,14.3,201,151,1.0,14.3,201,151,1.0,14.3,201,151,1.0,14.3,201,151,1.0,14.3,201,151,1.0,14.3,201,151,1.0,14.3,201,151,1.0,14.3,201,151,1.0,14.3,201,151,1.0,14.3,201,151,1.0,14.3,201,151,1.0,14.3,201,151,1.0,14.3,201,151,1.0,14.3,201,151,1.0,14.3,201,151,1.0,14.3,201,151,1.0,14.3,201,151,1.0,14.3,201,151,1.0,14.3,201,151,1.0,14.3,201,151,1.0,14.3,201,151,1.0,14.3,201,151,1.0,14.3,201,151,1.0,14.3,201,151,1.0,14.3,201,151,1.0,14.3
329,166.98,0.83,2.07,0,199,159,1.0,13.9,199,159,1.0,13.9,199,159,1.0,13.9,199,159,1.0,13.9,199,159,1.0,13.9,199,159,1.0,13.9,199,159,1.0,13.9,199,159,1.0,13.9,199,159,1.0,13.9,199,159,1.0,13.9,199,159,1.0,13.9,199,159,1.0,13.9,199,159,1.0,13.9,199,159,1.0,13.9,199,159,1.0,13.9,199,159,1.0,13.9,199,159,1.0,13.9,199,159,1.0,13.9,199,159,1.0,13.9,199,159,1.0,13.9,199,159,1.0,13.9,199,159,1.0,13.9,199,159,1.0,13.9,199,159,1.0,13.9,199,159,1.0,13.9,199,159,1.0,13.9,199,159,1.0,13.9,199,159,1.0,13.9,199,159,1.0,13.9,199,159,1.0,13.9,199,159,1.0,13.9,199,159,1.0,13.9
330,167.42,0.82,2.05,0,197,153,1.0,14.1,197,153,1.0,14.1,197,153,1.0,14.1,197,153,1.0,14.1,197,153,1.0,14.1,197,153,1.0,14.1,197,153,1.0,14.1,197,153,1.0,14.1,197,153,1.0,14.1,197,153,1.0,14.1,197,153,1.0,14.1,197,153,1.0,14.1,197,153,1.0,14.1,197,153,1.0,14.1,197,153,1.0,14.1,197,153,1.0,14.1,197,153,1.0,14.1,197,153,1.0,14.1,197,153,1.0,14.1,197,153,1.0,14.1,197,153,1.0,14.1,197,153,1.0,14.1,197,153,1.0,14.1,197,153,1.0,14.1,197,153,1.0,14.1,197,153,1.0,14.1,197,153,1.0,14.1,197,153,1.0,14.1,197,153,1.0,14.1,197,153,1.0,14.1,197,153,1.0,14.1,197,153,1.0,14.1
331,168.09,0.79,1.98,0,190,146,1.0,14.1,190,146,1.0,14.1,190,146,1.0,14.1,190,146,1.0,14.1,190,146,1.0,14.1,190,146,1.0,14.1,190,146,1.0,14.1,190,146,1.0,14.1,190,146,1.0,14.1,190,146,1.0,14.1,190,146,1.0,14.1,190,146,1.0,14.1,190,146,1.0,14.1,190,146,1.0,14.1,190,146,1.0,14.1,190,146,1.0,14.1,190,146,1.0,14.1,190,146,1.0,14.1,190,146,1.0,14.1,190,146,1.0,14.1,190,146,1.0,14.1,190,146,1.0,14.1,190,146,1.0,14.1,190,146,1.0,14.1,190,146,1.0,14.1,190,146,1.0,14.1,190,146,1.0,14.1,190,146,1.0,14.1,190,146,1.0,14.1,190,146,1.0,14.1,190,146,1.0,14.1,190,146,1.0,14.1
332,168.53,0.77,1.93,0,185,164,1.0,13.3,185,164,1.0,13.3,185,164,1.0,13.3,185,164,1.0,13.3,185,164,1.0,13.3,185,164,1.0,13.3,185,164,1.0,13.3,185,164,1.0,13.3,185,164,1.0,13.3,185,164,1.0,13.3,185,164,1.0,13.3,185,164,1.0,13.3,185,164,1.0,13.3,185,164,1.0,13.3,185,164,1.0,13.3,185,164,1.0,13.3,185,164,1.0,13.3,185,164,1.0,13.3,185,164,1.0,13.3,185,164,1.0,13.3,185,164,1.0,13.3,185,164,1.0,13.3,185,164,1.0,13.3,185,164,1.0,13.3,185,164,1.0,13.3,185,164,1.0,13.3,185,164,1.0,13.3,185,164,1.0,13.3,185,164,1.0,13.3,185,164,1.0,13.3,185,164,1.0,13.3,185,164,1.0,13.3
333,168.96,0.77,1.92,0,184,167,1.0,13.1,184,167,1.0,13.1,184,167,1.0,13.1,184,167,1.0,13.1,184,167,1.0,13.1,184,167,1.0,13.1,184,167,1.0,13.1,184,167,1.0,13.1,184,167,1.0,13.1,184,167,1.0,13.1,184,167,1.0,13.1,184,167,1.0,13.1,184,167,1.0,13.1,184,167,1.0,13.1,184,167,1.0,13.1,184,167,1.0,13.1,184,167,1.0,13.1,184,167,1.0,13.1,184,167,1.0,13.1,184,167,1.0,13.1,184,167,1.0,13.1,184,167,1.0,13.1,184,167,1.0,13.1,184,167,1.0,13.1,184,167,1.0,13.1,184,167,1.0,13.1,184,167,1.0,13.1,184,167,1.0,13.1,184,167,1.0,13.1,184,167,1.0,13.1,184,167,1.0,13.1,184,167,1.0,13.1
334,169.39,0.76,1.91,0,183,163,1.0,13.2,183,163,1.0,13.2,183,163,1.0,13.2,183,163,1.0,13.2,183,163,1.0,13.2,183,163,1.0,13.2,183,163,1.0,13.2,183,163,1.0,13.2,183,163,1.0,13.2,183,163,1.0,13.2,183,163,1.0,13.2,183,163,1.0,13.2,183,163,1.0,13.2,183,163,1.0,13.2,183,163,1.0,13.2,183,163,1.0,13.2,183,163,1.0,13.2,183,163,1.0,13.2,183,163,1.0,13.2,183,163,1.0,13.2,183,163,1.0,13.2,183,163,1.0,13.2,183,163,1.0,13.2,183,163,1.0,13.2,183,163,1.0,13.2,183,163,1.0,13.2,183,163,1.0,13.2,183,163,1.0,13.2,183,163,1.0,13.2,183,163,1.0,13.2,183,163,1.0,13.2,183,163,1.0,13.2
335,170.3,0.78,1.95,0,187,165,1.0,13.3,187,165,1.0,13.3,187,165,1.0,13.3,187,165,1.0,13.3,187,165,1.0,13.3,187,165,1.0,13.3,187,165,1.0,13.3,187,165,1.0,13.3,187,165,1.0,13.3,187,165,1.0,13.3,187,165,1.0,13.3,187,165,1.0,13.3,187,165,1.0,13.3,187,165,1.0,13.3,187,165,1.0,13.3,187,165,1.0,13.3,187,165,1.0,13.3,187,165,1.0,13.3,187,165,1.0,13.3,187,165,1.0,13.3,187,165,1.0,13.3,187,165,1.0,13.3,187,165,1.0,13.3,187,165,1.0,13.3,187,165,1.0,13.3,187,165,1.0,13.3,187,165,1.0,13.3,187,165,1.0,13.3,187,165,1.0,13.3,187,165,1.0,13.3,187,165,1.0,13.3,187,165,1.0,13.3
336,170.97,0.81,2.02,0,194,154,1.0,13.9,194,154,1.0,13.9,194,154,1.0,13.9,194,154,1.0,13.9,194,154,1.0,13.9,194,154,1.0,13.9,194,154,1.0,13.9,194,154,1.0,13.9,194,154,1.0,13.9,194,154,1.0,13.9,194,154,1.0,13.9,194,154,1.0,13.9,194,154,1.0,13.9,194,154,1.0,13.9,194,154,1.0,13.9,194,154,1.0,13.9,194,154,1.0,13.9,194,154,1.0,13.9,194,154,1.0,13.9,194,154,1.0,13.9,194,154,1.0,13.9,194,154,1.0,13.9,194,154,1.0,13.9,194,154,1.0,13.9,194,154,1.0,13.9,194,154,1.0,13.9,194,154,1.0,13.9,194,154,1.0,13.9,194,154,1.0,13.9,194,154,1.0,13.9,194,154,1.0,13.9,194,154,1.0,13.9
337,170.91,0.81,2.03,0,195,156,1.0,13.9,195,156,1.0,13.9,195,156,1.0,13.9,195,156,1.0,13.9,195,156,1.0,13.9,195,156,1.0,13.9,195,156,1.0,13.9,195,156,1.0,13.9,195,156,1.0,13.9,195,156,1.0,13.9,195,156,1.0,13.9,195,156,1.0,13.9,195,156,1.0,13.9,195,156,1.0,13.9,195,156,1.0,13.9,195,156,1.0,13.9,195,156,1.0,13.9,195,156,1.0,13.9,195,156,1.0,13.9,195,156,1.0,13.9,195,156,1.0,13.9,195,156,1.0,13.9,195,156,1.0,13.9,195,156,1.0,13.9,195,156,1.0,13.9,195,156,1.0,13.9,195,156,1.0,13.9,195,156,1.0,13.9,195,156,1.0,13.9,195,156,1.0,13.9,195,156,1.0,13.9,195,156,1.0,13.9
338,171.83,0.84,2.1,0,202,152,1.0,14.3,202,152,1.0,14.3,202,152,1.0,14.3,202,152,1.0,14.3,202,152,1.0,14.3,202,152,1.0,14.3,202,152,1.0,14.3,202,152,1.0,14.3,202,152,1.0,14.3,202,152,1.0,14.3,202,152,1.0,14.3,202,152,1.0,14.3,202,152,1.0,14.3,202,152,1.0,14.3,202,152,1.0,14.3,202,152,1.0,14.3,202,152,1.0,14.3,202,152,1.0,14.3,202,152,1.0,14.3,202,152,1.0,14.3,202,152,1.0,14.3,202,152,1.0,14.3,202,152,1.0,14.3,202,152,1.0,14.3,202,152,1.0,14.3,202,152,1.0,14.3,202,152,1.0,14.3,202,152,1.0,14.3,202,152,1.0,14.3,202,152,1.0,14.3,202,152,1.0,14.3,202,152,1.0,14.3
339,171.77,0.85,2.12,0,204,147,1.0,14.5,204,147,1.0,14.5,204,147,1.0,14.5,204,147,1.0,14.5,204,147,1.0,14.5,204,147,1.0,14.5,204,147,1.0,14.5,204,147,1.0,14.5,204,147,1.0,14.5,204,147,1.0,14.5,204,147,1.0,14.5,204,147,1.0,14.5,204,147,1.0,14.5,204,147,1.0,14.5,204,147,1.0,14.5,204,147,1.0,14.5,204,147,1.0,14.5,204,147,1.0,14.5,204,147,1.0,14.5,204,147,1.0,14.5,204,147,1.0,14.5,204,147,1.0,14.5,204,147,1.0,14.5,204,147,1.0,14.5,204,147,1.0,14.5,204,147,1.0,14.5,204,147,1.0,14.5,204,147,1.0,14.5,204,147,1.0,14.5,204,147,1.0,14.5,204,147,1.0,14.5,204,147,1.0,14.5
340,171.96,0.88,2.21,0,212,143,1.0,14.9,212,143,1.0,14.9,212,143,1.0,14.9,212,143,1.0,14.9,212,143,1.0,14.9,212,143,1.0,14.9,212,143,1.0,14.9,212,143,1.0,14.9,212,143,1.0,14.9,212,143,1.0,14.9,212,143,1.0,14.9,212,143,1.0,14.9,212,143,1.0,14.9,212,143,1.0,14.9,212,143,1.0,14.9,212,143,1.0,14.9,212,143,1.0,14.9,212,143,1.0,14.9,212,143,1.0,14.9,212,143,1.0,14.9,212,143,1.0,14.9,212,143,1.0,14.9,212,143,1.0,14.9,212,143,1.0,14.9,212,143,1.0,14.9,212,143,1.0,14.9,212,143,1.0,14.9,212,143,1.0,14.9,212,143,1.0,14.9,212,143,1.0,14.9,212,143,1.0,14.9,212,143,1.0,14.9
341,171.91,0.89,2.22,0,213,142,1.0,15.0,213,142,1.0,15.0,213,142,1.0,15.0,213,142,1.0,15.0,213,142,1.0,15.0,213,142,1.0,15.0,213,142,1.0,15.0,213,142,1.0,15.0,213,142,1.0,15.0,213,142,1.0,15.0,213,142,1.0,15.0,213,142,1.0,15.0,213,142,1.0,15.0,213,142,1.0,15.0,213,142,1.0,15.0,213,142,1.0,15.0,213,142,1.0,15.0,213,142,1.0,15.0,213,142,1.0,15.0,213,142,1.0,15.0,213,142,1.0,15.0,213,142,1.0,15.0,213,142,1.0,15.0,213,142,1.0,15.0,213,142,1.0,15.0,213,142,1.0,15.0,213,142,1.0,15.0,213,142,1.0,15.0,213,142,1.0,15.0,213,142,1.0,15.0,213,142,1.0,15.0,213,142,1.0,15.0
342,171.16,0.91,2.27,0,218,138,1.0,15.3,218,138,1.0,15.3,218,138,1.0,15.3,218,138,1.0,15.3,218,138,1.0,15.3,218,138,1.0,15.3,218,138,1.0,15.3,218,138,1.0,15.3,218,138,1.0,15.3,218,138,1.0,15.3,218,138,1.0,15.3,218,138,1.0,15.3,218,138,1.0,15.3,218,138,1.0,15.3,218,138,1.0,15.3,218,138,1.0,15.3,218,138,1.0,15.3,218,138,1.0,15.3,218,138,1.0,15.3,218,138,1.0,15.3,218,138,1.0,15.3,218,138,1.0,15.3,218,138,1.0,15.3,218,138,1.0,15.3,218,138,1.0,15.3,218,138,1.0,15.3,218,138,1.0,15.3,218,138,1.0,15.3,218,138,1.0,15.3,218,138,1.0,15.3,218,138,1.0,15.3,218,138,1.0,15.3
343,171.83,0.94,2.35,0,226,129,1.0,15.9,226,129,1.0,15.9,226,129,1.0,15.9,226,129,1.0,15.9,226,129,1.0,15.9,226,129,1.0,15.9,226,129,1.0,15.9,226,129,1.0,15.9,226,129,1.0,15.9,226,129,1.0,15.9,226,129,1.0,15.9,226,129,1.0,15.9,226,129,1.0,15.9,226,129,1.0,15.9,226,129,1.0,15.9,226,129,1.0,15.9,226,129,1.0,15.9,226,129,1.0,15.9,226,129,1.0,15.9,226,129,1.0,15.9,226,129,1.0,15.9,226,129,1.0,15.9,226,129,1.0,15.9,226,129,1.0,15.9,226,129,1.0,15.9,226,129,1.0,15.9,226,129,1.0,15.9,226,129,1.0,15.9,226,129,1.0,15.9,226,129,1.0,15.9,226,129,1.0,15.9,226,129,1.0,15.9
344,172.27,0.94,2.35,0,226,134,1.0,15.7,226,134,1.0,15.7,226,134,1.0,15.7,226,134,1.0,15.7,226,134,1.0,15.7,226,134,1.0,15.7,226,134,1.0,15.7,226,134,1.0,15.7,226,134,1.0,15.7,226,134,1.0,15.7,226,134,1.0,15.7,226,134,1.0,15.7,226,134,1.0,15.7,226,134,1.0,15.7,226,134,1.0,15.7,226,134,1.0,15.7,226,134,1.0,15.7,226,134,1.0,15.7,226,134,1.0,15.7,226,134,1.0,15.7,226,134,1.0,15.7,226,134,1.0,15.7,226,134,1.0,15.7,226,134,1.0,15.7,226,134,1.0,15.7,226,134,1.0,15.7,226,134,1.0,15.7,226,134,1.0,15.7,226,134,1.0,15.7,226,134,1.0,15.7,226,134,1.0,15.7,226,134,1.0,15.7
345,172.01,0.95,2.39,0,229,131,1.0,15.9,229,131,1.0,15.9,229,131,1.0,15.9,229,131,1.0,15.9,229,131,1.0,15.9,229,131,1.0,15.9,229,131,1.0,15.9,229,131,1.0,15.9,229,131,1.0,15.9,229,131,1.0,15.9,229,131,1.0,15.9,229,131,1.0,15.9,229,131,1.0,15.9,229,131,1.0,15.9,229,131,1.0,15.9,229,131,1.0,15.9,229,131,1.0,15.9,229,131,1.0,15.9,229,131,1.0,15.9,229,131,1.0,15.9,229,131,1.0,15.9,229,131,1.0,15.9,229,131,1.0,15.9,229,131,1.0,15.9,229,131,1.0,15.9,229,131,1.0,15.9,229,131,1.0,15.9,229,131,1.0,15.9,229,131,1.0,15.9,229,131,1.0,15.9,229,131,1.0,15.9,229,131,1.0,15.9
346,172.45,0.95,2.39,0,229,131,1.0,15.9,229,131,1.0,15.9,229,131,1.0,15.9,229,131,1.0,15.9,229,131,1.0,15.9,229,131,1.0,15.9,229,131,1.0,15.9,229,131,1.0,15.9,229,131,1.0,15.9,229,131,1.0,15.9,229,131,1.0,15.9,229,131,1.0,15.9,229,131,1.0,15.9,229,131,1.0,15.9,229,131,1.0,15.9,229,131,1.0,15.9,229,131,1.0,15.9,229,131,1.0,15.9,229,131,1.0,15.9,229,131,1.0,15.9,229,131,1.0,15.9,229,131,1.0,15.9,229,131,1.0,15.9,229,131,1.0,15.9,229,131,1.0,15.9,229,131,1.0,15.9,229,131,1.0,15.9,229,131,1.0,15.9,229,131,1.0,15.9,229,131,1.0,15.9,229,131,1.0,15.9,229,131,1.0,15.9
347,173.13,0.97,2.43,0,233,126,1.0,16.2,233,126,1.0,16.2,233,126,1.0,16.2,233,126,1.0,16.2,233,126,1.0,16.2,233,126,1.0,16.2,233,126,1.0,16.2,233,126,1.0,16.2,233,126,1.0,16.2,233,126,1.0,16.2,233,126,1.0,16.2,233,126,1.0,16.2,233,126,1.0,16.2,233,126,1.0,16.2,233,126,1.0,16.2,233,126,1.0,16.2,233,126,1.0,16.2,233,126,1.0,16.2,233,126,1.0,16.2,233,126,1.0,16.2,233,126,1.0,16.2,233,126,1.0,16.2,233,126,1.0,16.2,233,126,1.0,16.2,233,126,1.0,16.2,233,126,1.0,16.2,233,126,1.0,16.2,233,126,1.0,16.2,233,126,1.0,16.2,233,126,1.0,16.2,233,126,1.0,16.2,233,126,1.0,16.2
348,174.04,0.97,2.44,0,234,126,1.0,16.2,234,126,1.0,16.2,234,126,1.0,16.2,234,126,1.0,16.2,234,126,1.0,16.2,234,126,1.0,16.2,234,126,1.0,16.2,234,126,1.0,16.2,234,126,1.0,16.2,234,126,1.0,16.2,234,126,1.0,16.2,234,126,1.0,16.2,234,126,1.0,16.2,234,126,1.0,16.2,234,126,1.0,16.2,234,126,1.0,16.2,234,126,1.0,16.2,234,126,1.0,16.2,234,126,1.0,16.2,234,126,1.0,16.2,234,126,1.0,16.2,234,126,1.0,16.2,234,126,1.0,16.2,234,126,1.0,16.2,234,126,1.0,16.2,234,126,1.0,16.2,234,126,1.0,16.2,234,126,1.0,16.2,234,126,1.0,16.2,234,126,1.0,16.2,234,126,1.0,16.2,234,126,1.0,16.2
349,173.78,1.0,2.49,0,239,118,1.0,16.7,239,118,1.0,16.7,239,118,1.0,16.7,239,118,1.0,16.7,239,118,1.0,16.7,239,118,1.0,16.7,239,118,1.0,16.7,239,118,1.0,16.7,239,118,1.0,16.7,239,118,1.0,16.7,239,118,1.0,16.7,239,118,1.0,16.7,239,118,1.0,16.7,239,118,1.0,16.7,239,118,1.0,16.7,239,118,1.0,16.7,239,118,1.0,16.7,239,118,1.0,16.7,239,118,1.0,16.7,239,118,1.0,16.7,239,118,1.0,16.7,239,118,1.0,16.7,239,118,1.0,16.7,239,118,1.0,16.7,239,118,1.0,16.7,239,118,1.0,16.7,239,118,1.0,16.7,239,118,1.0,16.7,239,118,1.0,16.7,239,118,1.0,16.7,239,118,1.0,16.7,239,118,1.0,16.7
350,173.99,1.0,2.5,0,240,121,1.0,16.6,240,121,1.0,16.6,240,121,1.0,16.6,240,121,1.0,16.6,240,121,1.0,16.6,240,121,1.0,16.6,240,121,1.0,16.6,240,121,1.0,16.6,240,121,1.0,16.6,240,121,1.0,16.6,240,121,1.0,16.6,240,121,1.0,16.6,240,121,1.0,16.6,240,121,1.0,16.6,240,121,1.0,16.6,240,121,1.0,16.6,240,121,1.0,16.6,240,121,1.0,16.6,240,121,1.0,16.6,240,121,1.0,16.6,240,121,1.0,16.6,240,121,1.0,16.6,240,121,1.0,16.6,240,121,1.0,16.6,240,121,1.0,16.6,240,121,1.0,16.6,240,121,1.0,16.6,240,121,1.0,16.6,240,121,1.0,16.6,240,121,1.0,16.6,240,121,1.0,16.6,240,121,1.0,16.6
351,174.44,1.02,2.55,0,245,116,1.0,17.0,245,116,1.0,17.0,245,116,1.0,17.0,245,116,1.0,17.0,245,116,1.0,17.0,245,116,1.0,17.0,245,116,1.0,17.0,245,116,1.0,17.0,245,116,1.0,17.0,245,116,1.0,17.0,245,116,1.0,17.0,245,116,1.0,17.0,245,116,1.0,17.0,245,116,1.0,17.0,245,116,1.0,17.0,245,116,1.0,17.0,245,116,1.0,17.0,245,116,1.0,17.0,245,116,1.0,17.0,245,116,1.0,17.0,245,116,1.0,17.0,245,116,1.0,17.0,245,116,1.0,17.0,245,116,1.0,17.0,245,116,1.0,17.0,245,116,1.0,17.0,245,116,1.0,17.0,245,116,1.0,17.0,245,116,1.0,17.0,245,116,1.0,17.0,245,116,1.0,17.0,245,116,1.0,17.0
352,174.65,1.06,2.65,0,254,109,1.0,17.5,254,109,1.0,17.5,254,109,1.0,17.5,254,109,1.0,17.5,254,109,1.0,17.5,254,109,1.0,17.5,254,109,1.0,17.5,254,109,1.0,17.5,254,109,1.0,17.5,254,109,1.0,17.5,254,109,1.0,17.5,254,109,1.0,17.5,254,109,1.0,17.5,254,109,1.0,17.5,254,109,1.0,17.5,254,109,1.0,17.5,254,109,1.0,17.5,254,109,1.0,17.5,254,109,1.0,17.5,254,109,1.0,17.5,254,109,1.0,17.5,254,109,1.0,17.5,254,109,1.0,17.5,254,109,1.0,17.5,254,109,1.0,17.5,254,109,1.0,17.5,254,109,1.0,17.5,254,109,1.0,17.5,254,109,1.0,17.5,254,109,1.0,17.5,254,109,1.0,17.5,254,109,1.0,17.5
353,175.33,1.07,2.68,0,257,108,1.0,17.6,257,108,1.0,17.6,257,108,1.0,17.6,257,108,1.0,17.6,257,108,1.0,17.6,257,108,1.0,17.6,257,108,1.0,17.6,257,108,1.0,17.6,257,108,1.0,17.6,257,108,1.0,17.6,257,108,1.0,17.6,257,108,1.0,17.6,257,108,1.0,17.6,257,108,1.0,17.6,257,108,1.0,17.6,257,108,1.0,17.6,257,108,1.0,17.6,257,108,1.0,17.6,257,108,1.0,17.6,257,108,1.0,17.6,257,108,1.0,17.6,257,108,1.0,17.6,257,108,1.0,17.6,257,108,1.0,17.6,257,108,1.0,17.6,257,108,1.0,17.6,257,108,1.0,17.6,257,108,1.0,17.6,257,108,1.0,17.6,257,108,1.0,17.6,257,108,1.0,17.6,257,108,1.0,17.6
354,176.01,1.07,2.69,0,258,108,1.0,17.6,258,108,1.0,17.6,258,108,1.0,17.6,258,108,1.0,17.6,258,108,1.0,17.6,258,108,1.0,17.6,258,108,1.0,17.6,258,108,1.0,17.6,258,108,1.0,17.6,258,108,1.0,17.6,258,108,1.0,17.6,258,108,1.0,17.6,258,108,1.0,17.6,258,108,1.0,17.6,258,108,1.0,17.6,258,108,1.0,17.6,258,108,1.0,17.6,258,108,1.0,17.6,258,108,1.0,17.6,258,108,1.0,17.6,258,108,1.0,17.6,258,108,1.0,17.6,258,108,1.0,17.6,258,108,1.0,17.6,258,108,1.0,17.6,258,108,1.0,17.6,258,108,1.0,17.6,258,108,1.0,17.6,258,108,1.0,17.6,258,108,1.0,17.6,258,108,1.0,17.6,258,108,1.0,17.6
355,176.46,1.1,2.75,0,264,102,1.0,18.0,264,102,1.0,18.0,264,102,1.0,18.0,264,102,1.0,18.0,264,102,1.0,18.0,264,102,1.0,18.0,264,102,1.0,18.0,264,102,1.0,18.0,264,102,1.0,18.0,264,102,1.0,18.0,264,102,1.0,18.0,264,102,1.0,18.0,264,102,1.0,18.0,264,102,1.0,18.0,264,102,1.0,18.0,264,102,1.0,18.0,264,102,1.0,18.0,264,102,1.0,18.0,264,102,1.0,18.0,264,102,1.0,18.0,264,102,1.0,18.0,264,102,1.0,18.0,264,102,1.0,18.0,264,102,1.0,18.0,264,102,1.0,18.0,264,102,1.0,18.0,264,102,1.0,18.0,264,102,1.0,18.0,264,102,1.0,18.0,264,102,1.0,18.0,264,102,1.0,18.0,264,102,1.0,18.0
356,177.14,1.11,2.77,0,266,100,1.0,18.2,266,100,1.0,18.2,266,100,1.0,18.2,266,100,1.0,18.2,266,100,1.0,18.2,266,100,1.0,18.2,266,100,1.0,18.2,266,100,1.0,18.2,266,100,1.0,18.2,266,100,1.0,18.2,266,100,1.0,18.2,266,100,1.0,18.2,266,100,1.0,18.2,266,100,1.0,18.2,266,100,1.0,18.2,266,100,1.0,18.2,266,100,1.0,18.2,266,100,1.0,18.2,266,100,1.0,18.2,266,100,1.0,18.2,266,100,1.0,18.2,266,100,1.0,18.2,266,100,1.0,18.2,266,100,1.0,18.2,266,100,1.0,18.2,266,100,1.0,18.2,266,100,1.0,18.2,266,100,1.0,18.2,266,100,1.0,18.2,266,100,1.0,18.2,266,100,1.0,18.2,266,100,1.0,18.2
357,177.58,1.14,2.85,0,274,95,1.0,18.6,274,95,1.0,18.6,274,95,1.0,18.6,274,95,1.0,18.6,274,95,1.0,18.6,274,95,1.0,18.6,274,95,1.0,18.6,274,95,1.0,18.6,274,95,1.0,18.6,274,95,1.0,18.6,274,95,1.0,18.6,274,95,1.0,18.6,274,95,1.0,18.6,274,95,1.0,18.6,274,95,1.0,18.6,274,95,1.0,18.6,274,95,1.0,18.6,274,95,1.0,18.6,274,95,1.0,18.6,274,95,1.0,18.6,274,95,1.0,18.6,274,95,1.0,18.6,274,95,1.0,18.6,274,95,1.0,18.6,274,95,1.0,18.6,274,95,1.0,18.6,274,95,1.0,18.6,274,95,1.0,18.6,274,95,1.0,18.6,274,95,1.0,18.6,274,95,1.0,18.6,274,95,1.0,18.6
358,177.79,1.16,2.9,0,278,89,1.0,18.9,278,89,1.0,18.9,278,89,1.0,18.9,278,89,1.0,18.9,278,89,1.0,18.9,278,89,1.0,18.9,278,89,1.0,18.9,278,89,1.0,18.9,278,89,1.0,18.9,278,89,1.0,18.9,278,89,1.0,18.9,278,89,1.0,18.9,278,89,1.0,18.9,278,89,1.0,18.9,278,89,1.0,18.9,278,89,1.0,18.9,278,89,1.0,18.9,278,89,1.0,18.9,278,89,1.0,18.9,278,89,1.0,18.9,278,89,1.0,18.9,278,89,1.0,18.9,278,89,1.0,18.9,278,89,1.0,18.9,278,89,1.0,18.9,278,89,1.0,18.9,278,89,1.0,18.9,278,89,1.0,18.9,278,89,1.0,18.9,278,89,1.0,18.9,278,89,1.0,18.9,278,89,1.0,18.9
359,177.77,1.17,2.93,0,281,90,1.0,18.9,281,90,1.0,18.9,281,90,1.0,18.9,281,90,1.0,18.9,281,90,1.0,18.9,281,90,1.0,18.9,281,90,1.0,18.9,281,90,1.0,18.9,281,90,1.0,18.9,281,90,1.0,18.9,281,90,1.0,18.9,281,90,1.0,18.9,281,90,1.0,18.9,281,90,1.0,18.9,281,90,1.0,18.9,281,90,1.0,18.9,281,90,1.0,18.9,281,90,1.0,18.9,281,90,1.0,18.9,281,90,1.0,18.9,281,90,1.0,18.9,281,90,1.0,18.9,281,90,1.0,18.9,281,90,1.0,18.9,281,90,1.0,18.9,281,90,1.0,18.9,281,90,1.0,18.9,281,90,1.0,18.9,281,90,1.0,18.9,281,90,1.0,18.9,281,90,1.0,18.9,281,90,1.0,18.9
