step,att,aql,awt,throughput,intersection_0_1_queued,intersection_0_1_moving,intersection_0_1_occupancy,intersection_0_1_tau,intersection_0_2_queued,intersection_0_2_moving,intersection_0_2_occupancy,intersection_0_2_tau,intersection_0_3_queued,intersection_0_3_moving,intersection_0_3_occupancy,intersection_0_3_tau,intersection_0_4_queued,intersection_0_4_moving,intersection_0_4_occupancy,intersection_0_4_tau,intersection_1_0_queued,intersection_1_0_moving,intersection_1_0_occupancy,intersection_1_0_tau,intersection_1_1_queued,intersection_1_1_moving,intersection_1_1_occupancy,intersection_1_1_tau,intersection_1_2_queued,intersection_1_2_moving,intersection_1_2_occupancy,intersection_1_2_tau,intersection_1_3_queued,intersection_1_3_moving,intersection_1_3_occupancy,intersection_1_3_tau,intersection_1_4_queued,intersection_1_4_moving,intersection_1_4_occupancy,intersection_1_4_tau,intersection_1_5_queued,intersection_1_5_moving,intersection_1_5_occupancy,intersection_1_5_tau,intersection_2_0_queued,intersection_2_0_moving,intersection_2_0_occupancy,intersection_2_0_tau,intersection_2_1_queued,intersection_2_1_moving,intersection_2_1_occupancy,intersection_2_1_tau,intersection_2_2_queued,intersection_2_2_moving,intersection_2_2_occupancy,intersection_2_2_tau,intersection_2_3_queued,intersection_2_3_moving,intersection_2_3_occupancy,intersection_2_3_tau,intersection_2_4_queued,intersection_2_4_moving,intersection_2_4_occupancy,intersection_2_4_tau,intersection_2_5_queued,intersection_2_5_moving,intersection_2_5_occupancy,intersection_2_5_tau,intersection_3_0_queued,intersection_3_0_moving,intersection_3_0_occupancy,intersection_3_0_tau,intersection_3_1_queued,intersection_3_1_moving,intersection_3_1_occupancy,intersection_3_1_tau,intersection_3_2_queued,intersection_3_2_moving,intersection_3_2_occupancy,intersection_3_2_tau,intersection_3_3_queued,intersection_3_3_moving,intersection_3_3_occupancy,intersection_3_3_tau,intersection_3_4_queued,intersection_3_4_moving,intersection_3_4_occupancy,intersection_3_4_tau,intersection_3_5_queued,intersection_3_5_moving,intersection_3_5_occupancy,intersection_3_5_tau,intersection_4_0_queued,intersection_4_0_moving,intersection_4_0_occupancy,intersection_4_0_tau,intersection_4_1_queued,intersection_4_1_moving,intersection_4_1_occupancy,intersection_4_1_tau,intersection_4_2_queued,intersection_4_2_moving,intersection_4_2_occupancy,intersection_4_2_tau,intersection_4_3_queued,intersection_4_3_moving,intersection_4_3_occupancy,intersection_4_3_tau,intersection_4_4_queued,intersection_4_4_moving,intersection_4_4_occupancy,intersection_4_4_tau,intersection_4_5_queued,intersection_4_5_moving,intersection_4_5_occupancy,intersection_4_5_tau,intersection_5_1_queued,intersection_5_1_moving,intersection_5_1_occupancy,intersection_5_1_tau,intersection_5_2_queued,intersection_5_2_moving,intersection_5_2_occupancy,intersection_5_2_tau,intersection_5_3_queued,intersection_5_3_moving,intersection_5_3_occupancy,intersection_5_3_tau,intersection_5_4_queued,intersection_5_4_moving,intersection_5_4_occupancy,intersection_5_4_tau
0,0.0,0.0,0.0,0,0,0,0.0,0.0,0,0,0.0,0.0,0,0,0.0,0.0,0,0,0.0,0.0,0,0,0.0,0.0,0,0,0.0,0.0,0,0,0.0,0.0,0,0,0.0,0.0,0,0,0.0,0.0,0,0,0.0,0.0,0,0,0.0,0.0,0,0,0.0,0.0,0,0,0.0,0.0,0,0,0.0,0.0,0,0,0.0,0.0,0,0,0.0,0.0,0,0,0.0,0.0,0,0,0.0,0.0,0,0,0.0,0.0,0,0,0.0,0.0,0,0,0.0,0.0,0,0,0.0,0.0,0,0,0.0,0.0,0,0,0.0,0.0,0,0,0.0,0.0,0,0,0.0,0.0,0,0,0.0,0.0,0,0,0.0,0.0,0,0,0.0,0.0,0,0,0.0,0.0,0,0,0.0,0.0,0,0,0.0,0.0
1,1.0,0.0,0.0,0,0,3,0.037,0.0,0,3,0.037,0.0,0,3,0.037,0.0,0,3,0.037,0.0,0,3,0.037,0.0,0,3,0.037,0.0,0,3,0.037,0.0,0,3,0.037,0.0,0,3,0.037,0.0,0,3,0.037,0.0,0,3,0.037,0.0,0,3,0.037,0.0,0,3,0.037,0.0,0,3,0.037,0.0,0,3,0.037,0.0,0,3,0.037,0.0,0,3,0.037,0.0,0,3,0.037,0.0,0,3,0.037,0.0,0,3,0.037,0.0,0,3,0.037,0.0,0,3,0.037,0.0,0,3,0.037,0.0,0,3,0.037,0.0,0,3,0.037,0.0,0,3,0.037,0.0,0,3,0.037,0.0,0,3,0.037,0.0,0,3,0.037,0.0,0,3,0.037,0.0,0,3,0.037,0.0,0,3,0.037,0.0
2,1.45,0.0,0.0,0,0,6,0.075,0.0,0,6,0.075,0.0,0,6,0.075,0.0,0,6,0.075,0.0,0,6,0.075,0.0,0,6,0.075,0.0,0,6,0.075,0.0,0,6,0.075,0.0,0,6,0.075,0.0,0,6,0.075,0.0,0,6,0.075,0.0,0,6,0.075,0.0,0,6,0.075,0.0,0,6,0.075,0.0,0,6,0.075,0.0,0,6,0.075,0.0,0,6,0.075,0.0,0,6,0.075,0.0,0,6,0.075,0.0,0,6,0.075,0.0,0,6,0.075,0.0,0,6,0.075,0.0,0,6,0.075,0.0,0,6,0.075,0.0,0,6,0.075,0.0,0,6,0.075,0.0,0,6,0.075,0.0,0,6,0.075,0.0,0,6,0.075,0.0,0,6,0.075,0.0,0,6,0.075,0.0,0,6,0.075,0.0
3,2.23,0.0,0.0,0,0,7,0.087,0.0,0,7,0.087,0.0,0,7,0.087,0.0,0,7,0.087,0.0,0,7,0.087,0.0,0,7,0.087,0.0,0,7,0.087,0.0,0,7,0.087,0.0,0,7,0.087,0.0,0,7,0.087,0.0,0,7,0.087,0.0,0,7,0.087,0.0,0,7,0.087,0.0,0,7,0.087,0.0,0,7,0.087,0.0,0,7,0.087,0.0,0,7,0.087,0.0,0,7,0.087,0.0,0,7,0.087,0.0,0,7,0.087,0.0,0,7,0.087,0.0,0,7,0.087,0.0,0,7,0.087,0.0,0,7,0.087,0.0,0,7,0.087,0.0,0,7,0.087,0.0,0,7,0.087,0.0,0,7,0.087,0.0,0,7,0.087,0.0,0,7,0.087,0.0,0,7,0.087,0.0,0,7,0.087,0.0
4,3.07,0.0,0.0,0,0,9,0.113,0.0,0,9,0.113,0.0,0,9,0.113,0.0,0,9,0.113,0.0,0,9,0.113,0.0,0,9,0.113,0.0,0,9,0.113,0.0,0,9,0.113,0.0,0,9,0.113,0.0,0,9,0.113,0.0,0,9,0.113,0.0,0,9,0.113,0.0,0,9,0.113,0.0,0,9,0.113,0.0,0,9,0.113,0.0,0,9,0.113,0.0,0,9,0.113,0.0,0,9,0.113,0.0,0,9,0.113,0.0,0,9,0.113,0.0,0,9,0.113,0.0,0,9,0.113,0.0,0,9,0.113,0.0,0,9,0.113,0.0,0,9,0.113,0.0,0,9,0.113,0.0,0,9,0.113,0.0,0,9,0.113,0.0,0,9,0.113,0.0,0,9,0.113,0.0,0,9,0.113,0.0,0,9,0.113,0.0
5,4.07,0.0,0.0,0,0,10,0.125,0.0,0,10,0.125,0.0,0,10,0.125,0.0,0,10,0.125,0.0,0,10,0.125,0.0,0,10,0.125,0.0,0,10,0.125,0.0,0,10,0.125,0.0,0,10,0.125,0.0,0,10,0.125,0.0,0,10,0.125,0.0,0,10,0.125,0.0,0,10,0.125,0.0,0,10,0.125,0.0,0,10,0.125,0.0,0,10,0.125,0.0,0,10,0.125,0.0,0,10,0.125,0.0,0,10,0.125,0.0,0,10,0.125,0.0,0,10,0.125,0.0,0,10,0.125,0.0,0,10,0.125,0.0,0,10,0.125,0.0,0,10,0.125,0.0,0,10,0.125,0.0,0,10,0.125,0.0,0,10,0.125,0.0,0,10,0.125,0.0,0,10,0.125,0.0,0,10,0.125,0.0,0,10,0.125,0.0
6,4.0,0.0,0.0,0,0,13,0.163,0.0,0,13,0.163,0.0,0,13,0.163,0.0,0,13,0.163,0.0,0,13,0.163,0.0,0,13,0.163,0.0,0,13,0.163,0.0,0,13,0.163,0.0,0,13,0.163,0.0,0,13,0.163,0.0,0,13,0.163,0.0,0,13,0.163,0.0,0,13,0.163,0.0,0,13,0.163,0.0,0,13,0.163,0.0,0,13,0.163,0.0,0,13,0.163,0.0,0,13,0.163,0.0,0,13,0.163,0.0,0,13,0.163,0.0,0,13,0.163,0.0,0,13,0.163,0.0,0,13,0.163,0.0,0,13,0.163,0.0,0,13,0.163,0.0,0,13,0.163,0.0,0,13,0.163,0.0,0,13,0.163,0.0,0,13,0.163,0.0,0,13,0.163,0.0,0,13,0.163,0.0,0,13,0.163,0.0
7,4.04,0.0,0.0,0,0,17,0.212,0.0,0,17,0.212,0.0,0,17,0.212,0.0,0,17,0.212,0.0,0,17,0.212,0.0,0,17,0.212,0.0,0,17,0.212,0.0,0,17,0.212,0.0,0,17,0.212,0.0,0,17,0.212,0.0,0,17,0.212,0.0,0,17,0.212,0.0,0,17,0.212,0.0,0,17,0.212,0.0,0,17,0.212,0.0,0,17,0.212,0.0,0,17,0.212,0.0,0,17,0.212,0.0,0,17,0.212,0.0,0,17,0.212,0.0,0,17,0.212,0.0,0,17,0.212,0.0,0,17,0.212,0.0,0,17,0.212,0.0,0,17,0.212,0.0,0,17,0.212,0.0,0,17,0.212,0.0,0,17,0.212,0.0,0,17,0.212,0.0,0,17,0.212,0.0,0,17,0.212,0.0,0,17,0.212,0.0
8,4.48,0.0,0.0,0,0,17,0.212,0.0,0,17,0.212,0.0,0,17,0.212,0.0,0,17,0.212,0.0,0,17,0.212,0.0,0,17,0.212,0.0,0,17,0.212,0.0,0,17,0.212,0.0,0,17,0.212,0.0,0,17,0.212,0.0,0,17,0.212,0.0,0,17,0.212,0.0,0,17,0.212,0.0,0,17,0.212,0.0,0,17,0.212,0.0,0,17,0.212,0.0,0,17,0.212,0.0,0,17,0.212,0.0,0,17,0.212,0.0,0,17,0.212,0.0,0,17,0.212,0.0,0,17,0.212,0.0,0,17,0.212,0.0,0,17,0.212,0.0,0,17,0.212,0.0,0,17,0.212,0.0,0,17,0.212,0.0,0,17,0.212,0.0,0,17,0.212,0.0,0,17,0.212,0.0,0,17,0.212,0.0,0,17,0.212,0.0
9,4.94,0.0,0.0,0,0,19,0.237,0.0,0,19,0.237,0.0,0,19,0.237,0.0,0,19,0.237,0.0,0,19,0.237,0.0,0,19,0.237,0.0,0,19,0.237,0.0,0,19,0.237,0.0,0,19,0.237,0.0,0,19,0.237,0.0,0,19,0.237,0.0,0,19,0.237,0.0,0,19,0.237,0.0,0,19,0.237,0.0,0,19,0.237,0.0,0,19,0.237,0.0,0,19,0.237,0.0,0,19,0.237,0.0,0,19,0.237,0.0,0,19,0.237,0.0,0,19,0.237,0.0,0,19,0.237,0.0,0,19,0.237,0.0,0,19,0.237,0.0,0,19,0.237,0.0,0,19,0.237,0.0,0,19,0.237,0.0,0,19,0.237,0.0,0,19,0.237,0.0,0,19,0.237,0.0,0,19,0.237,0.0,0,19,0.237,0.0
10,5.53,0.0,0.0,0,0,21,0.263,0.0,0,21,0.263,0.0,0,21,0.263,0.0,0,21,0.263,0.0,0,21,0.263,0.0,0,21,0.263,0.0,0,21,0.263,0.0,0,21,0.263,0.0,0,21,0.263,0.0,0,21,0.263,0.0,0,21,0.263,0.0,0,21,0.263,0.0,0,21,0.263,0.0,0,21,0.263,0.0,0,21,0.263,0.0,0,21,0.263,0.0,0,21,0.263,0.0,0,21,0.263,0.0,0,21,0.263,0.0,0,21,0.263,0.0,0,21,0.263,0.0,0,21,0.263,0.0,0,21,0.263,0.0,0,21,0.263,0.0,0,21,0.263,0.0,0,21,0.263,0.0,0,21,0.263,0.0,0,21,0.263,0.0,0,21,0.263,0.0,0,21,0.263,0.0,0,21,0.263,0.0,0,21,0.263,0.0
11,6.1,0.0,0.0,0,0,21,0.263,0.0,0,21,0.263,0.0,0,21,0.263,0.0,0,21,0.263,0.0,0,21,0.263,0.0,0,21,0.263,0.0,0,21,0.263,0.0,0,21,0.263,0.0,0,21,0.263,0.0,0,21,0.263,0.0,0,21,0.263,0.0,0,21,0.263,0.0,0,21,0.263,0.0,0,21,0.263,0.0,0,21,0.263,0.0,0,21,0.263,0.0,0,21,0.263,0.0,0,21,0.263,0.0,0,21,0.263,0.0,0,21,0.263,0.0,0,21,0.263,0.0,0,21,0.263,0.0,0,21,0.263,0.0,0,21,0.263,0.0,0,21,0.263,0.0,0,21,0.263,0.0,0,21,0.263,0.0,0,21,0.263,0.0,0,21,0.263,0.0,0,21,0.263,0.0,0,21,0.263,0.0,0,21,0.263,0.0
12,6.8,0.0,0.0,0,0,23,0.287,0.0,0,23,0.287,0.0,0,23,0.287,0.0,0,23,0.287,0.0,0,23,0.287,0.0,0,23,0.287,0.0,0,23,0.287,0.0,0,23,0.287,0.0,0,23,0.287,0.0,0,23,0.287,0.0,0,23,0.287,0.0,0,23,0.287,0.0,0,23,0.287,0.0,0,23,0.287,0.0,0,23,0.287,0.0,0,23,0.287,0.0,0,23,0.287,0.0,0,23,0.287,0.0,0,23,0.287,0.0,0,23,0.287,0.0,0,23,0.287,0.0,0,23,0.287,0.0,0,23,0.287,0.0,0,23,0.287,0.0,0,23,0.287,0.0,0,23,0.287,0.0,0,23,0.287,0.0,0,23,0.287,0.0,0,23,0.287,0.0,0,23,0.287,0.0,0,23,0.287,0.0,0,23,0.287,0.0
13,7.49,0.0,0.0,0,0,26,0.325,0.0,0,26,0.325,0.0,0,26,0.325,0.0,0,26,0.325,0.0,0,26,0.325,0.0,0,26,0.325,0.0,0,26,0.325,0.0,0,26,0.325,0.0,0,26,0.325,0.0,0,26,0.325,0.0,0,26,0.325,0.0,0,26,0.325,0.0,0,26,0.325,0.0,0,26,0.325,0.0,0,26,0.325,0.0,0,26,0.325,0.0,0,26,0.325,0.0,0,26,0.325,0.0,0,26,0.325,0.0,0,26,0.325,0.0,0,26,0.325,0.0,0,26,0.325,0.0,0,26,0.325,0.0,0,26,0.325,0.0,0,26,0.325,0.0,0,26,0.325,0.0,0,26,0.325,0.0,0,26,0.325,0.0,0,26,0.325,0.0,0,26,0.325,0.0,0,26,0.325,0.0,0,26,0.325,0.0
14,8.16,0.0,0.0,0,0,27,0.338,0.0,0,27,0.338,0.0,0,27,0.338,0.0,0,27,0.338,0.0,0,27,0.338,0.0,0,27,0.338,0.0,0,27,0.338,0.0,0,27,0.338,0.0,0,27,0.338,0.0,0,27,0.338,0.0,0,27,0.338,0.0,0,27,0.338,0.0,0,27,0.338,0.0,0,27,0.338,0.0,0,27,0.338,0.0,0,27,0.338,0.0,0,27,0.338,0.0,0,27,0.338,0.0,0,27,0.338,0.0,0,27,0.338,0.0,0,27,0.338,0.0,0,27,0.338,0.0,0,27,0.338,0.0,0,27,0.338,0.0,0,27,0.338,0.0,0,27,0.338,0.0,0,27,0.338,0.0,0,27,0.338,0.0,0,27,0.338,0.0,0,27,0.338,0.0,0,27,0.338,0.0,0,27,0.338,0.0
15,8.98,0.0,0.0,0,0,28,0.35,0.0,0,28,0.35,0.0,0,28,0.35,0.0,0,28,0.35,0.0,0,28,0.35,0.0,0,28,0.35,0.0,0,28,0.35,0.0,0,28,0.35,0.0,0,28,0.35,0.0,0,28,0.35,0.0,0,28,0.35,0.0,0,28,0.35,0.0,0,28,0.35,0.0,0,28,0.35,0.0,0,28,0.35,0.0,0,28,0.35,0.0,0,28,0.35,0.0,0,28,0.35,0.0,0,28,0.35,0.0,0,28,0.35,0.0,0,28,0.35,0.0,0,28,0.35,0.0,0,28,0.35,0.0,0,28,0.35,0.0,0,28,0.35,0.0,0,28,0.35,0.0,0,28,0.35,0.0,0,28,0.35,0.0,0,28,0.35,0.0,0,28,0.35,0.0,0,28,0.35,0.0,0,28,0.35,0.0
16,9.26,0.0,0.0,0,0,31,0.388,0.0,0,31,0.388,0.0,0,31,0.388,0.0,0,31,0.388,0.0,0,31,0.388,0.0,0,31,0.388,0.0,0,31,0.388,0.0,0,31,0.388,0.0,0,31,0.388,0.0,0,31,0.388,0.0,0,31,0.388,0.0,0,31,0.388,0.0,0,31,0.388,0.0,0,31,0.388,0.0,0,31,0.388,0.0,0,31,0.388,0.0,0,31,0.388,0.0,0,31,0.388,0.0,0,31,0.388,0.0,0,31,0.388,0.0,0,31,0.388,0.0,0,31,0.388,0.0,0,31,0.388,0.0,0,31,0.388,0.0,0,31,0.388,0.0,0,31,0.388,0.0,0,31,0.388,0.0,0,31,0.388,0.0,0,31,0.388,0.0,0,31,0.388,0.0,0,31,0.388,0.0,0,31,0.388,0.0
17,9.9,0.0,0.0,0,0,31,0.388,0.0,0,31,0.388,0.0,0,31,0.388,0.0,0,31,0.388,0.0,0,31,0.388,0.0,0,31,0.388,0.0,0,31,0.388,0.0,0,31,0.388,0.0,0,31,0.388,0.0,0,31,0.388,0.0,0,31,0.388,0.0,0,31,0.388,0.0,0,31,0.388,0.0,0,31,0.388,0.0,0,31,0.388,0.0,0,31,0.388,0.0,0,31,0.388,0.0,0,31,0.388,0.0,0,31,0.388,0.0,0,31,0.388,0.0,0,31,0.388,0.0,0,31,0.388,0.0,0,31,0.388,0.0,0,31,0.388,0.0,0,31,0.388,0.0,0,31,0.388,0.0,0,31,0.388,0.0,0,31,0.388,0.0,0,31,0.388,0.0,0,31,0.388,0.0,0,31,0.388,0.0,0,31,0.388,0.0
18,10.36,0.0,0.0,0,0,33,0.412,0.0,0,33,0.412,0.0,0,33,0.412,0.0,0,33,0.412,0.0,0,33,0.412,0.0,0,33,0.412,0.0,0,33,0.412,0.0,0,33,0.412,0.0,0,33,0.412,0.0,0,33,0.412,0.0,0,33,0.412,0.0,0,33,0.412,0.0,0,33,0.412,0.0,0,33,0.412,0.0,0,33,0.412,0.0,0,33,0.412,0.0,0,33,0.412,0.0,0,33,0.412,0.0,0,33,0.412,0.0,0,33,0.412,0.0,0,33,0.412,0.0,0,33,0.412,0.0,0,33,0.412,0.0,0,33,0.412,0.0,0,33,0.412,0.0,0,33,0.412,0.0,0,33,0.412,0.0,0,33,0.412,0.0,0,33,0.412,0.0,0,33,0.412,0.0,0,33,0.412,0.0,0,33,0.412,0.0
19,10.83,0.0,0.0,0,0,36,0.45,0.0,0,36,0.45,0.0,0,36,0.45,0.0,0,36,0.45,0.0,0,36,0.45,0.0,0,36,0.45,0.0,0,36,0.45,0.0,0,36,0.45,0.0,0,36,0.45,0.0,0,36,0.45,0.0,0,36,0.45,0.0,0,36,0.45,0.0,0,36,0.45,0.0,0,36,0.45,0.0,0,36,0.45,0.0,0,36,0.45,0.0,0,36,0.45,0.0,0,36,0.45,0.0,0,36,0.45,0.0,0,36,0.45,0.0,0,36,0.45,0.0,0,36,0.45,0.0,0,36,0.45,0.0,0,36,0.45,0.0,0,36,0.45,0.0,0,36,0.45,0.0,0,36,0.45,0.0,0,36,0.45,0.0,0,36,0.45,0.0,0,36,0.45,0.0,0,36,0.45,0.0,0,36,0.45,0.0
20,11.83,0.0,0.0,0,0,36,0.45,0.0,0,36,0.45,0.0,0,36,0.45,0.0,0,36,0.45,0.0,0,36,0.45,0.0,0,36,0.45,0.0,0,36,0.45,0.0,0,36,0.45,0.0,0,36,0.45,0.0,0,36,0.45,0.0,0,36,0.45,0.0,0,36,0.45,0.0,0,36,0.45,0.0,0,36,0.45,0.0,0,36,0.45,0.0,0,36,0.45,0.0,0,36,0.45,0.0,0,36,0.45,0.0,0,36,0.45,0.0,0,36,0.45,0.0,0,36,0.45,0.0,0,36,0.45,0.0,0,36,0.45,0.0,0,36,0.45,0.0,0,36,0.45,0.0,0,36,0.45,0.0,0,36,0.45,0.0,0,36,0.45,0.0,0,36,0.45,0.0,0,36,0.45,0.0,0,36,0.45,0.0,0,36,0.45,0.0
21,12.25,0.0,0.0,0,0,38,0.475,0.0,0,38,0.475,0.0,0,38,0.475,0.0,0,38,0.475,0.0,0,38,0.475,0.0,0,38,0.475,0.0,0,38,0.475,0.0,0,38,0.475,0.0,0,38,0.475,0.0,0,38,0.475,0.0,0,38,0.475,0.0,0,38,0.475,0.0,0,38,0.475,0.0,0,38,0.475,0.0,0,38,0.475,0.0,0,38,0.475,0.0,0,38,0.475,0.0,0,38,0.475,0.0,0,38,0.475,0.0,0,38,0.475,0.0,0,38,0.475,0.0,0,38,0.475,0.0,0,38,0.475,0.0,0,38,0.475,0.0,0,38,0.475,0.0,0,38,0.475,0.0,0,38,0.475,0.0,0,38,0.475,0.0,0,38,0.475,0.0,0,38,0.475,0.0,0,38,0.475,0.0,0,38,0.475,0.0
22,12.86,0.0,0.0,0,0,41,0.512,0.0,0,41,0.512,0.0,0,41,0.512,0.0,0,41,0.512,0.0,0,41,0.512,0.0,0,41,0.512,0.0,0,41,0.512,0.0,0,41,0.512,0.0,0,41,0.512,0.0,0,41,0.512,0.0,0,41,0.512,0.0,0,41,0.512,0.0,0,41,0.512,0.0,0,41,0.512,0.0,0,41,0.512,0.0,0,41,0.512,0.0,0,41,0.512,0.0,0,41,0.512,0.0,0,41,0.512,0.0,0,41,0.512,0.0,0,41,0.512,0.0,0,41,0.512,0.0,0,41,0.512,0.0,0,41,0.512,0.0,0,41,0.512,0.0,0,41,0.512,0.0,0,41,0.512,0.0,0,41,0.512,0.0,0,41,0.512,0.0,0,41,0.512,0.0,0,41,0.512,0.0,0,41,0.512,0.0
23,13.46,0.0,0.0,0,0,41,0.512,0.0,0,41,0.512,0.0,0,41,0.512,0.0,0,41,0.512,0.0,0,41,0.512,0.0,0,41,0.512,0.0,0,41,0.512,0.0,0,41,0.512,0.0,0,41,0.512,0.0,0,41,0.512,0.0,0,41,0.512,0.0,0,41,0.512,0.0,0,41,0.512,0.0,0,41,0.512,0.0,0,41,0.512,0.0,0,41,0.512,0.0,0,41,0.512,0.0,0,41,0.512,0.0,0,41,0.512,0.0,0,41,0.512,0.0,0,41,0.512,0.0,0,41,0.512,0.0,0,41,0.512,0.0,0,41,0.512,0.0,0,41,0.512,0.0,0,41,0.512,0.0,0,41,0.512,0.0,0,41,0.512,0.0,0,41,0.512,0.0,0,41,0.512,0.0,0,41,0.512,0.0,0,41,0.512,0.0
24,14.06,0.0,0.0,0,0,42,0.525,0.0,0,42,0.525,0.0,0,42,0.525,0.0,0,42,0.525,0.0,0,42,0.525,0.0,0,42,0.525,0.0,0,42,0.525,0.0,0,42,0.525,0.0,0,42,0.525,0.0,0,42,0.525,0.0,0,42,0.525,0.0,0,42,0.525,0.0,0,42,0.525,0.0,0,42,0.525,0.0,0,42,0.525,0.0,0,42,0.525,0.0,0,42,0.525,0.0,0,42,0.525,0.0,0,42,0.525,0.0,0,42,0.525,0.0,0,42,0.525,0.0,0,42,0.525,0.0,0,42,0.525,0.0,0,42,0.525,0.0,0,42,0.525,0.0,0,42,0.525,0.0,0,42,0.525,0.0,0,42,0.525,0.0,0,42,0.525,0.0,0,42,0.525,0.0,0,42,0.525,0.0,0,42,0.525,0.0
25,14.85,0.0,0.0,0,0,44,0.55,0.0,0,44,0.55,0.0,0,44,0.55,0.0,0,44,0.55,0.0,0,44,0.55,0.0,0,44,0.55,0.0,0,44,0.55,0.0,0,44,0.55,0.0,0,44,0.55,0.0,0,44,0.55,0.0,0,44,0.55,0.0,0,44,0.55,0.0,0,44,0.55,0.0,0,44,0.55,0.0,0,44,0.55,0.0,0,44,0.55,0.0,0,44,0.55,0.0,0,44,0.55,0.0,0,44,0.55,0.0,0,44,0.55,0.0,0,44,0.55,0.0,0,44,0.55,0.0,0,44,0.55,0.0,0,44,0.55,0.0,0,44,0.55,0.0,0,44,0.55,0.0,0,44,0.55,0.0,0,44,0.55,0.0,0,44,0.55,0.0,0,44,0.55,0.0,0,44,0.55,0.0,0,44,0.55,0.0
26,15.43,0.0,0.0,0,0,46,0.575,0.0,0,46,0.575,0.0,0,46,0.575,0.0,0,46,0.575,0.0,0,46,0.575,0.0,0,46,0.575,0.0,0,46,0.575,0.0,0,46,0.575,0.0,0,46,0.575,0.0,0,46,0.575,0.0,0,46,0.575,0.0,0,46,0.575,0.0,0,46,0.575,0.0,0,46,0.575,0.0,0,46,0.575,0.0,0,46,0.575,0.0,0,46,0.575,0.0,0,46,0.575,0.0,0,46,0.575,0.0,0,46,0.575,0.0,0,46,0.575,0.0,0,46,0.575,0.0,0,46,0.575,0.0,0,46,0.575,0.0,0,46,0.575,0.0,0,46,0.575,0.0,0,46,0.575,0.0,0,46,0.575,0.0,0,46,0.575,0.0,0,46,0.575,0.0,0,46,0.575,0.0,0,46,0.575,0.0
27,16.43,0.0,0.0,0,0,47,0.588,0.0,0,47,0.588,0.0,0,47,0.588,0.0,0,47,0.588,0.0,0,47,0.588,0.0,0,47,0.588,0.0,0,47,0.588,0.0,0,47,0.588,0.0,0,47,0.588,0.0,0,47,0.588,0.0,0,47,0.588,0.0,0,47,0.588,0.0,0,47,0.588,0.0,0,47,0.588,0.0,0,47,0.588,0.0,0,47,0.588,0.0,0,47,0.588,0.0,0,47,0.588,0.0,0,47,0.588,0.0,0,47,0.588,0.0,0,47,0.588,0.0,0,47,0.588,0.0,0,47,0.588,0.0,0,47,0.588,0.0,0,47,0.588,0.0,0,47,0.588,0.0,0,47,0.588,0.0,0,47,0.588,0.0,0,47,0.588,0.0,0,47,0.588,0.0,0,47,0.588,0.0,0,47,0.588,0.0
28,17.2,0.0,0.0,0,0,49,0.613,0.0,0,49,0.613,0.0,0,49,0.613,0.0,0,49,0.613,0.0,0,49,0.613,0.0,0,49,0.613,0.0,0,49,0.613,0.0,0,49,0.613,0.0,0,49,0.613,0.0,0,49,0.613,0.0,0,49,0.613,0.0,0,49,0.613,0.0,0,49,0.613,0.0,0,49,0.613,0.0,0,49,0.613,0.0,0,49,0.613,0.0,0,49,0.613,0.0,0,49,0.613,0.0,0,49,0.613,0.0,0,49,0.613,0.0,0,49,0.613,0.0,0,49,0.613,0.0,0,49,0.613,0.0,0,49,0.613,0.0,0,49,0.613,0.0,0,49,0.613,0.0,0,49,0.613,0.0,0,49,0.613,0.0,0,49,0.613,0.0,0,49,0.613,0.0,0,49,0.613,0.0,0,49,0.613,0.0
29,17.28,0.0,0.0,0,0,50,0.625,0.0,0,50,0.625,0.0,0,50,0.625,0.0,0,50,0.625,0.0,0,50,0.625,0.0,0,50,0.625,0.0,0,50,0.625,0.0,0,50,0.625,0.0,0,50,0.625,0.0,0,50,0.625,0.0,0,50,0.625,0.0,0,50,0.625,0.0,0,50,0.625,0.0,0,50,0.625,0.0,0,50,0.625,0.0,0,50,0.625,0.0,0,50,0.625,0.0,0,50,0.625,0.0,0,50,0.625,0.0,0,50,0.625,0.0,0,50,0.625,0.0,0,50,0.625,0.0,0,50,0.625,0.0,0,50,0.625,0.0,0,50,0.625,0.0,0,50,0.625,0.0,0,50,0.625,0.0,0,50,0.625,0.0,0,50,0.625,0.0,0,50,0.625,0.0,0,50,0.625,0.0,0,50,0.625,0.0
30,17.62,0.0,0.0,0,0,51,0.637,0.0,0,51,0.637,0.0,0,51,0.637,0.0,0,51,0.637,0.0,0,51,0.637,0.0,0,51,0.637,0.0,0,51,0.637,0.0,0,51,0.637,0.0,0,51,0.637,0.0,0,51,0.637,0.0,0,51,0.637,0.0,0,51,0.637,0.0,0,51,0.637,0.0,0,51,0.637,0.0,0,51,0.637,0.0,0,51,0.637,0.0,0,51,0.637,0.0,0,51,0.637,0.0,0,51,0.637,0.0,0,51,0.637,0.0,0,51,0.637,0.0,0,51,0.637,0.0,0,51,0.637,0.0,0,51,0.637,0.0,0,51,0.637,0.0,0,51,0.637,0.0,0,51,0.637,0.0,0,51,0.637,0.0,0,51,0.637,0.0,0,51,0.637,0.0,0,51,0.637,0.0,0,51,0.637,0.0
31,17.96,0.0,0.0,0,0,56,0.7,0.0,0,56,0.7,0.0,0,56,0.7,0.0,0,56,0.7,0.0,0,56,0.7,0.0,0,56,0.7,0.0,0,56,0.7,0.0,0,56,0.7,0.0,0,56,0.7,0.0,0,56,0.7,0.0,0,56,0.7,0.0,0,56,0.7,0.0,0,56,0.7,0.0,0,56,0.7,0.0,0,56,0.7,0.0,0,56,0.7,0.0,0,56,0.7,0.0,0,56,0.7,0.0,0,56,0.7,0.0,0,56,0.7,0.0,0,56,0.7,0.0,0,56,0.7,0.0,0,56,0.7,0.0,0,56,0.7,0.0,0,56,0.7,0.0,0,56,0.7,0.0,0,56,0.7,0.0,0,56,0.7,0.0,0,56,0.7,0.0,0,56,0.7,0.0,0,56,0.7,0.0,0,56,0.7,0.0
32,18.12,0.0,0.0,0,0,56,0.7,0.0,0,56,0.7,0.0,0,56,0.7,0.0,0,56,0.7,0.0,0,56,0.7,0.0,0,56,0.7,0.0,0,56,0.7,0.0,0,56,0.7,0.0,0,56,0.7,0.0,0,56,0.7,0.0,0,56,0.7,0.0,0,56,0.7,0.0,0,56,0.7,0.0,0,56,0.7,0.0,0,56,0.7,0.0,0,56,0.7,0.0,0,56,0.7,0.0,0,56,0.7,0.0,0,56,0.7,0.0,0,56,0.7,0.0,0,56,0.7,0.0,0,56,0.7,0.0,0,56,0.7,0.0,0,56,0.7,0.0,0,56,0.7,0.0,0,56,0.7,0.0,0,56,0.7,0.0,0,56,0.7,0.0,0,56,0.7,0.0,0,56,0.7,0.0,0,56,0.7,0.0,0,56,0.7,0.0
33,18.91,0.01,0.02,0,2,55,0.713,0.9,2,55,0.713,0.9,2,55,0.713,0.9,2,55,0.713,0.9,2,55,0.713,0.9,2,55,0.713,0.9,2,55,0.713,0.9,2,55,0.713,0.9,2,55,0.713,0.9,2,55,0.713,0.9,2,55,0.713,0.9,2,55,0.713,0.9,2,55,0.713,0.9,2,55,0.713,0.9,2,55,0.713,0.9,2,55,0.713,0.9,2,55,0.713,0.9,2,55,0.713,0.9,2,55,0.713,0.9,2,55,0.713,0.9,2,55,0.713,0.9,2,55,0.713,0.9,2,55,0.713,0.9,2,55,0.713,0.9,2,55,0.713,0.9,2,55,0.713,0.9,2,55,0.713,0.9,2,55,0.713,0.9,2,55,0.713,0.9,2,55,0.713,0.9,2,55,0.713,0.9,2,55,0.713,0.9
34,19.48,0.02,0.05,0,5,55,0.75,2.1,5,55,0.75,2.1,5,55,0.75,2.1,5,55,0.75,2.1,5,55,0.75,2.1,5,55,0.75,2.1,5,55,0.75,2.1,5,55,0.75,2.1,5,55,0.75,2.1,5,55,0.75,2.1,5,55,0.75,2.1,5,55,0.75,2.1,5,55,0.75,2.1,5,55,0.75,2.1,5,55,0.75,2.1,5,55,0.75,2.1,5,55,0.75,2.1,5,55,0.75,2.1,5,55,0.75,2.1,5,55,0.75,2.1,5,55,0.75,2.1,5,55,0.75,2.1,5,55,0.75,2.1,5,55,0.75,2.1,5,55,0.75,2.1,5,55,0.75,2.1,5,55,0.75,2.1,5,55,0.75,2.1,5,55,0.75,2.1,5,55,0.75,2.1,5,55,0.75,2.1,5,55,0.75,2.1
35,20.48,0.03,0.06,0,6,54,0.75,2.5,6,54,0.75,2.5,6,54,0.75,2.5,6,54,0.75,2.5,6,54,0.75,2.5,6,54,0.75,2.5,6,54,0.75,2.5,6,54,0.75,2.5,6,54,0.75,2.5,6,54,0.75,2.5,6,54,0.75,2.5,6,54,0.75,2.5,6,54,0.75,2.5,6,54,0.75,2.5,6,54,0.75,2.5,6,54,0.75,2.5,6,54,0.75,2.5,6,54,0.75,2.5,6,54,0.75,2.5,6,54,0.75,2.5,6,54,0.75,2.5,6,54,0.75,2.5,6,54,0.75,2.5,6,54,0.75,2.5,6,54,0.75,2.5,6,54,0.75,2.5,6,54,0.75,2.5,6,54,0.75,2.5,6,54,0.75,2.5,6,54,0.75,2.5,6,54,0.75,2.5,6,54,0.75,2.5
36,21.02,0.03,0.06,0,6,57,0.787,2.4,6,57,0.787,2.4,6,57,0.787,2.4,6,57,0.787,2.4,6,57,0.787,2.4,6,57,0.787,2.4,6,57,0.787,2.4,6,57,0.787,2.4,6,57,0.787,2.4,6,57,0.787,2.4,6,57,0.787,2.4,6,57,0.787,2.4,6,57,0.787,2.4,6,57,0.787,2.4,6,57,0.787,2.4,6,57,0.787,2.4,6,57,0.787,2.4,6,57,0.787,2.4,6,57,0.787,2.4,6,57,0.787,2.4,6,57,0.787,2.4,6,57,0.787,2.4,6,57,0.787,2.4,6,57,0.787,2.4,6,57,0.787,2.4,6,57,0.787,2.4,6,57,0.787,2.4,6,57,0.787,2.4,6,57,0.787,2.4,6,57,0.787,2.4,6,57,0.787,2.4,6,57,0.787,2.4
37,21.79,0.03,0.08,0,8,57,0.812,3.1,8,57,0.812,3.1,8,57,0.812,3.1,8,57,0.812,3.1,8,57,0.812,3.1,8,57,0.812,3.1,8,57,0.812,3.1,8,57,0.812,3.1,8,57,0.812,3.1,8,57,0.812,3.1,8,57,0.812,3.1,8,57,0.812,3.1,8,57,0.812,3.1,8,57,0.812,3.1,8,57,0.812,3.1,8,57,0.812,3.1,8,57,0.812,3.1,8,57,0.812,3.1,8,57,0.812,3.1,8,57,0.812,3.1,8,57,0.812,3.1,8,57,0.812,3.1,8,57,0.812,3.1,8,57,0.812,3.1,8,57,0.812,3.1,8,57,0.812,3.1,8,57,0.812,3.1,8,57,0.812,3.1,8,57,0.812,3.1,8,57,0.812,3.1,8,57,0.812,3.1,8,57,0.812,3.1
38,21.66,0.05,0.11,0,11,55,0.825,4.2,11,55,0.825,4.2,11,55,0.825,4.2,11,55,0.825,4.2,11,55,0.825,4.2,11,55,0.825,4.2,11,55,0.825,4.2,11,55,0.825,4.2,11,55,0.825,4.2,11,55,0.825,4.2,11,55,0.825,4.2,11,55,0.825,4.2,11,55,0.825,4.2,11,55,0.825,4.2,11,55,0.825,4.2,11,55,0.825,4.2,11,55,0.825,4.2,11,55,0.825,4.2,11,55,0.825,4.2,11,55,0.825,4.2,11,55,0.825,4.2,11,55,0.825,4.2,11,55,0.825,4.2,11,55,0.825,4.2,11,55,0.825,4.2,11,55,0.825,4.2,11,55,0.825,4.2,11,55,0.825,4.2,11,55,0.825,4.2,11,55,0.825,4.2,11,55,0.825,4.2,11,55,0.825,4.2
39,22.43,0.06,0.15,0,14,55,0.863,5.1,14,55,0.863,5.1,14,55,0.863,5.1,14,55,0.863,5.1,14,55,0.863,5.1,14,55,0.863,5.1,14,55,0.863,5.1,14,55,0.863,5.1,14,55,0.863,5.1,14,55,0.863,5.1,14,55,0.863,5.1,14,55,0.863,5.1,14,55,0.863,5.1,14,55,0.863,5.1,14,55,0.863,5.1,14,55,0.863,5.1,14,55,0.863,5.1,14,55,0.863,5.1,14,55,0.863,5.1,14,55,0.863,5.1,14,55,0.863,5.1,14,55,0.863,5.1,14,55,0.863,5.1,14,55,0.863,5.1,14,55,0.863,5.1,14,55,0.863,5.1,14,55,0.863,5.1,14,55,0.863,5.1,14,55,0.863,5.1,14,55,0.863,5.1,14,55,0.863,5.1,14,55,0.863,5.1
40,22.98,0.07,0.17,0,16,58,0.925,5.4,16,58,0.925,5.4,16,58,0.925,5.4,16,58,0.925,5.4,16,58,0.925,5.4,16,58,0.925,5.4,16,58,0.925,5.4,16,58,0.925,5.4,16,58,0.925,5.4,16,58,0.925,5.4,16,58,0.925,5.4,16,58,0.925,5.4,16,58,0.925,5.4,16,58,0.925,5.4,16,58,0.925,5.4,16,58,0.925,5.4,16,58,0.925,5.4,16,58,0.925,5.4,16,58,0.925,5.4,16,58,0.925,5.4,16,58,0.925,5.4,16,58,0.925,5.4,16,58,0.925,5.4,16,58,0.925,5.4,16,58,0.925,5.4,16,58,0.925,5.4,16,58,0.925,5.4,16,58,0.925,5.4,16,58,0.925,5.4,16,58,0.925,5.4,16,58,0.925,5.4,16,58,0.925,5.4
41,23.3,0.07,0.17,0,16,57,0.912,5.5,16,57,0.912,5.5,16,57,0.912,5.5,16,57,0.912,5.5,16,57,0.912,5.5,16,57,0.912,5.5,16,57,0.912,5.5,16,57,0.912,5.5,16,57,0.912,5.5,16,57,0.912,5.5,16,57,0.912,5.5,16,57,0.912,5.5,16,57,0.912,5.5,16,57,0.912,5.5,16,57,0.912,5.5,16,57,0.912,5.5,16,57,0.912,5.5,16,57,0.912,5.5,16,57,0.912,5.5,16,57,0.912,5.5,16,57,0.912,5.5,16,57,0.912,5.5,16,57,0.912,5.5,16,57,0.912,5.5,16,57,0.912,5.5,16,57,0.912,5.5,16,57,0.912,5.5,16,57,0.912,5.5,16,57,0.912,5.5,16,57,0.912,5.5,16,57,0.912,5.5,16,57,0.912,5.5
42,23.64,0.07,0.19,0,18,56,0.925,6.1,18,56,0.925,6.1,18,56,0.925,6.1,18,56,0.925,6.1,18,56,0.925,6.1,18,56,0.925,6.1,18,56,0.925,6.1,18,56,0.925,6.1,18,56,0.925,6.1,18,56,0.925,6.1,18,56,0.925,6.1,18,56,0.925,6.1,18,56,0.925,6.1,18,56,0.925,6.1,18,56,0.925,6.1,18,56,0.925,6.1,18,56,0.925,6.1,18,56,0.925,6.1,18,56,0.925,6.1,18,56,0.925,6.1,18,56,0.925,6.1,18,56,0.925,6.1,18,56,0.925,6.1,18,56,0.925,6.1,18,56,0.925,6.1,18,56,0.925,6.1,18,56,0.925,6.1,18,56,0.925,6.1,18,56,0.925,6.1,18,56,0.925,6.1,18,56,0.925,6.1,18,56,0.925,6.1
43,24.64,0.08,0.21,0,20,58,0.975,6.4,20,58,0.975,6.4,20,58,0.975,6.4,20,58,0.975,6.4,20,58,0.975,6.4,20,58,0.975,6.4,20,58,0.975,6.4,20,58,0.975,6.4,20,58,0.975,6.4,20,58,0.975,6.4,20,58,0.975,6.4,20,58,0.975,6.4,20,58,0.975,6.4,20,58,0.975,6.4,20,58,0.975,6.4,20,58,0.975,6.4,20,58,0.975,6.4,20,58,0.975,6.4,20,58,0.975,6.4,20,58,0.975,6.4,20,58,0.975,6.4,20,58,0.975,6.4,20,58,0.975,6.4,20,58,0.975,6.4,20,58,0.975,6.4,20,58,0.975,6.4,20,58,0.975,6.4,20,58,0.975,6.4,20,58,0.975,6.4,20,58,0.975,6.4,20,58,0.975,6.4,20,58,0.975,6.4
44,24.95,0.09,0.22,0,21,57,0.975,6.7,21,57,0.975,6.7,21,57,0.975,6.7,21,57,0.975,6.7,21,57,0.975,6.7,21,57,0.975,6.7,21,57,0.975,6.7,21,57,0.975,6.7,21,57,0.975,6.7,21,57,0.975,6.7,21,57,0.975,6.7,21,57,0.975,6.7,21,57,0.975,6.7,21,57,0.975,6.7,21,57,0.975,6.7,21,57,0.975,6.7,21,57,0.975,6.7,21,57,0.975,6.7,21,57,0.975,6.7,21,57,0.975,6.7,21,57,0.975,6.7,21,57,0.975,6.7,21,57,0.975,6.7,21,57,0.975,6.7,21,57,0.975,6.7,21,57,0.975,6.7,21,57,0.975,6.7,21,57,0.975,6.7,21,57,0.975,6.7,21,57,0.975,6.7,21,57,0.975,6.7,21,57,0.975,6.7
45,25.5,0.1,0.24,0,23,55,0.975,7.4,23,55,0.975,7.4,23,55,0.975,7.4,23,55,0.975,7.4,23,55,0.975,7.4,23,55,0.975,7.4,23,55,0.975,7.4,23,55,0.975,7.4,23,55,0.975,7.4,23,55,0.975,7.4,23,55,0.975,7.4,23,55,0.975,7.4,23,55,0.975,7.4,23,55,0.975,7.4,23,55,0.975,7.4,23,55,0.975,7.4,23,55,0.975,7.4,23,55,0.975,7.4,23,55,0.975,7.4,23,55,0.975,7.4,23,55,0.975,7.4,23,55,0.975,7.4,23,55,0.975,7.4,23,55,0.975,7.4,23,55,0.975,7.4,23,55,0.975,7.4,23,55,0.975,7.4,23,55,0.975,7.4,23,55,0.975,7.4,23,55,0.975,7.4,23,55,0.975,7.4,23,55,0.975,7.4
46,26.04,0.1,0.25,0,24,57,1.0,7.4,24,57,1.0,7.4,24,57,1.0,7.4,24,57,1.0,7.4,24,57,1.0,7.4,24,57,1.0,7.4,24,57,1.0,7.4,24,57,1.0,7.4,24,57,1.0,7.4,24,57,1.0,7.4,24,57,1.0,7.4,24,57,1.0,7.4,24,57,1.0,7.4,24,57,1.0,7.4,24,57,1.0,7.4,24,57,1.0,7.4,24,57,1.0,7.4,24,57,1.0,7.4,24,57,1.0,7.4,24,57,1.0,7.4,24,57,1.0,7.4,24,57,1.0,7.4,24,57,1.0,7.4,24,57,1.0,7.4,24,57,1.0,7.4,24,57,1.0,7.4,24,57,1.0,7.4,24,57,1.0,7.4,24,57,1.0,7.4,24,57,1.0,7.4,24,57,1.0,7.4,24,57,1.0,7.4
47,26.81,0.11,0.27,0,26,55,1.0,8.0,26,55,1.0,8.0,26,55,1.0,8.0,26,55,1.0,8.0,26,55,1.0,8.0,26,55,1.0,8.0,26,55,1.0,8.0,26,55,1.0,8.0,26,55,1.0,8.0,26,55,1.0,8.0,26,55,1.0,8.0,26,55,1.0,8.0,26,55,1.0,8.0,26,55,1.0,8.0,26,55,1.0,8.0,26,55,1.0,8.0,26,55,1.0,8.0,26,55,1.0,8.0,26,55,1.0,8.0,26,55,1.0,8.0,26,55,1.0,8.0,26,55,1.0,8.0,26,55,1.0,8.0,26,55,1.0,8.0,26,55,1.0,8.0,26,55,1.0,8.0,26,55,1.0,8.0,26,55,1.0,8.0,26,55,1.0,8.0,26,55,1.0,8.0,26,55,1.0,8.0,26,55,1.0,8.0
48,27.58,0.12,0.29,0,28,54,1.0,8.5,28,54,1.0,8.5,28,54,1.0,8.5,28,54,1.0,8.5,28,54,1.0,8.5,28,54,1.0,8.5,28,54,1.0,8.5,28,54,1.0,8.5,28,54,1.0,8.5,28,54,1.0,8.5,28,54,1.0,8.5,28,54,1.0,8.5,28,54,1.0,8.5,28,54,1.0,8.5,28,54,1.0,8.5,28,54,1.0,8.5,28,54,1.0,8.5,28,54,1.0,8.5,28,54,1.0,8.5,28,54,1.0,8.5,28,54,1.0,8.5,28,54,1.0,8.5,28,54,1.0,8.5,28,54,1.0,8.5,28,54,1.0,8.5,28,54,1.0,8.5,28,54,1.0,8.5,28,54,1.0,8.5,28,54,1.0,8.5,28,54,1.0,8.5,28,54,1.0,8.5,28,54,1.0,8.5
49,28.34,0.13,0.32,0,31,54,1.0,9.1,31,54,1.0,9.1,31,54,1.0,9.1,31,54,1.0,9.1,31,54,1.0,9.1,31,54,1.0,9.1,31,54,1.0,9.1,31,54,1.0,9.1,31,54,1.0,9.1,31,54,1.0,9.1,31,54,1.0,9.1,31,54,1.0,9.1,31,54,1.0,9.1,31,54,1.0,9.1,31,54,1.0,9.1,31,54,1.0,9.1,31,54,1.0,9.1,31,54,1.0,9.1,31,54,1.0,9.1,31,54,1.0,9.1,31,54,1.0,9.1,31,54,1.0,9.1,31,54,1.0,9.1,31,54,1.0,9.1,31,54,1.0,9.1,31,54,1.0,9.1,31,54,1.0,9.1,31,54,1.0,9.1,31,54,1.0,9.1,31,54,1.0,9.1,31,54,1.0,9.1,31,54,1.0,9.1
50,27.71,0.13,0.32,0,31,56,1.0,8.9,31,56,1.0,8.9,31,56,1.0,8.9,31,56,1.0,8.9,31,56,1.0,8.9,31,56,1.0,8.9,31,56,1.0,8.9,31,56,1.0,8.9,31,56,1.0,8.9,31,56,1.0,8.9,31,56,1.0,8.9,31,56,1.0,8.9,31,56,1.0,8.9,31,56,1.0,8.9,31,56,1.0,8.9,31,56,1.0,8.9,31,56,1.0,8.9,31,56,1.0,8.9,31,56,1.0,8.9,31,56,1.0,8.9,31,56,1.0,8.9,31,56,1.0,8.9,31,56,1.0,8.9,31,56,1.0,8.9,31,56,1.0,8.9,31,56,1.0,8.9,31,56,1.0,8.9,31,56,1.0,8.9,31,56,1.0,8.9,31,56,1.0,8.9,31,56,1.0,8.9,31,56,1.0,8.9
51,28.49,0.13,0.33,0,32,56,1.0,9.1,32,56,1.0,9.1,32,56,1.0,9.1,32,56,1.0,9.1,32,56,1.0,9.1,32,56,1.0,9.1,32,56,1.0,9.1,32,56,1.0,9.1,32,56,1.0,9.1,32,56,1.0,9.1,32,56,1.0,9.1,32,56,1.0,9.1,32,56,1.0,9.1,32,56,1.0,9.1,32,56,1.0,9.1,32,56,1.0,9.1,32,56,1.0,9.1,32,56,1.0,9.1,32,56,1.0,9.1,32,56,1.0,9.1,32,56,1.0,9.1,32,56,1.0,9.1,32,56,1.0,9.1,32,56,1.0,9.1,32,56,1.0,9.1,32,56,1.0,9.1,32,56,1.0,9.1,32,56,1.0,9.1,32,56,1.0,9.1,32,56,1.0,9.1,32,56,1.0,9.1,32,56,1.0,9.1
52,29.26,0.14,0.34,0,33,58,1.0,9.1,33,58,1.0,9.1,33,58,1.0,9.1,33,58,1.0,9.1,33,58,1.0,9.1,33,58,1.0,9.1,33,58,1.0,9.1,33,58,1.0,9.1,33,58,1.0,9.1,33,58,1.0,9.1,33,58,1.0,9.1,33,58,1.0,9.1,33,58,1.0,9.1,33,58,1.0,9.1,33,58,1.0,9.1,33,58,1.0,9.1,33,58,1.0,9.1,33,58,1.0,9.1,33,58,1.0,9.1,33,58,1.0,9.1,33,58,1.0,9.1,33,58,1.0,9.1,33,58,1.0,9.1,33,58,1.0,9.1,33,58,1.0,9.1,33,58,1.0,9.1,33,58,1.0,9.1,33,58,1.0,9.1,33,58,1.0,9.1,33,58,1.0,9.1,33,58,1.0,9.1,33,58,1.0,9.1
53,29.79,0.14,0.34,0,33,60,1.0,8.9,33,60,1.0,8.9,33,60,1.0,8.9,33,60,1.0,8.9,33,60,1.0,8.9,33,60,1.0,8.9,33,60,1.0,8.9,33,60,1.0,8.9,33,60,1.0,8.9,33,60,1.0,8.9,33,60,1.0,8.9,33,60,1.0,8.9,33,60,1.0,8.9,33,60,1.0,8.9,33,60,1.0,8.9,33,60,1.0,8.9,33,60,1.0,8.9,33,60,1.0,8.9,33,60,1.0,8.9,33,60,1.0,8.9,33,60,1.0,8.9,33,60,1.0,8.9,33,60,1.0,8.9,33,60,1.0,8.9,33,60,1.0,8.9,33,60,1.0,8.9,33,60,1.0,8.9,33,60,1.0,8.9,33,60,1.0,8.9,33,60,1.0,8.9,33,60,1.0,8.9,33,60,1.0,8.9
54,30.33,0.15,0.36,0,35,59,1.0,9.3,35,59,1.0,9.3,35,59,1.0,9.3,35,59,1.0,9.3,35,59,1.0,9.3,35,59,1.0,9.3,35,59,1.0,9.3,35,59,1.0,9.3,35,59,1.0,9.3,35,59,1.0,9.3,35,59,1.0,9.3,35,59,1.0,9.3,35,59,1.0,9.3,35,59,1.0,9.3,35,59,1.0,9.3,35,59,1.0,9.3,35,59,1.0,9.3,35,59,1.0,9.3,35,59,1.0,9.3,35,59,1.0,9.3,35,59,1.0,9.3,35,59,1.0,9.3,35,59,1.0,9.3,35,59,1.0,9.3,35,59,1.0,9.3,35,59,1.0,9.3,35,59,1.0,9.3,35,59,1.0,9.3,35,59,1.0,9.3,35,59,1.0,9.3,35,59,1.0,9.3,35,59,1.0,9.3
55,31.09,0.15,0.36,0,35,60,1.0,9.2,35,60,1.0,9.2,35,60,1.0,9.2,35,60,1.0,9.2,35,60,1.0,9.2,35,60,1.0,9.2,35,60,1.0,9.2,35,60,1.0,9.2,35,60,1.0,9.2,35,60,1.0,9.2,35,60,1.0,9.2,35,60,1.0,9.2,35,60,1.0,9.2,35,60,1.0,9.2,35,60,1.0,9.2,35,60,1.0,9.2,35,60,1.0,9.2,35,60,1.0,9.2,35,60,1.0,9.2,35,60,1.0,9.2,35,60,1.0,9.2,35,60,1.0,9.2,35,60,1.0,9.2,35,60,1.0,9.2,35,60,1.0,9.2,35,60,1.0,9.2,35,60,1.0,9.2,35,60,1.0,9.2,35,60,1.0,9.2,35,60,1.0,9.2,35,60,1.0,9.2,35,60,1.0,9.2
56,31.85,0.15,0.39,0,37,58,1.0,9.7,37,58,1.0,9.7,37,58,1.0,9.7,37,58,1.0,9.7,37,58,1.0,9.7,37,58,1.0,9.7,37,58,1.0,9.7,37,58,1.0,9.7,37,58,1.0,9.7,37,58,1.0,9.7,37,58,1.0,9.7,37,58,1.0,9.7,37,58,1.0,9.7,37,58,1.0,9.7,37,58,1.0,9.7,37,58,1.0,9.7,37,58,1.0,9.7,37,58,1.0,9.7,37,58,1.0,9.7,37,58,1.0,9.7,37,58,1.0,9.7,37,58,1.0,9.7,37,58,1.0,9.7,37,58,1.0,9.7,37,58,1.0,9.7,37,58,1.0,9.7,37,58,1.0,9.7,37,58,1.0,9.7,37,58,1.0,9.7,37,58,1.0,9.7,37,58,1.0,9.7,37,58,1.0,9.7
57,32.37,0.16,0.4,0,38,58,1.0,9.9,38,58,1.0,9.9,38,58,1.0,9.9,38,58,1.0,9.9,38,58,1.0,9.9,38,58,1.0,9.9,38,58,1.0,9.9,38,58,1.0,9.9,38,58,1.0,9.9,38,58,1.0,9.9,38,58,1.0,9.9,38,58,1.0,9.9,38,58,1.0,9.9,38,58,1.0,9.9,38,58,1.0,9.9,38,58,1.0,9.9,38,58,1.0,9.9,38,58,1.0,9.9,38,58,1.0,9.9,38,58,1.0,9.9,38,58,1.0,9.9,38,58,1.0,9.9,38,58,1.0,9.9,38,58,1.0,9.9,38,58,1.0,9.9,38,58,1.0,9.9,38,58,1.0,9.9,38,58,1.0,9.9,38,58,1.0,9.9,38,58,1.0,9.9,38,58,1.0,9.9,38,58,1.0,9.9
58,32.89,0.17,0.43,0,41,58,1.0,10.4,41,58,1.0,10.4,41,58,1.0,10.4,41,58,1.0,10.4,41,58,1.0,10.4,41,58,1.0,10.4,41,58,1.0,10.4,41,58,1.0,10.4,41,58,1.0,10.4,41,58,1.0,10.4,41,58,1.0,10.4,41,58,1.0,10.4,41,58,1.0,10.4,41,58,1.0,10.4,41,58,1.0,10.4,41,58,1.0,10.4,41,58,1.0,10.4,41,58,1.0,10.4,41,58,1.0,10.4,41,58,1.0,10.4,41,58,1.0,10.4,41,58,1.0,10.4,41,58,1.0,10.4,41,58,1.0,10.4,41,58,1.0,10.4,41,58,1.0,10.4,41,58,1.0,10.4,41,58,1.0,10.4,41,58,1.0,10.4,41,58,1.0,10.4,41,58,1.0,10.4,41,58,1.0,10.4
59,33.17,0.18,0.45,0,43,55,1.0,11.0,43,55,1.0,11.0,43,55,1.0,11.0,43,55,1.0,11.0,43,55,1.0,11.0,43,55,1.0,11.0,43,55,1.0,11.0,43,55,1.0,11.0,43,55,1.0,11.0,43,55,1.0,11.0,43,55,1.0,11.0,43,55,1.0,11.0,43,55,1.0,11.0,43,55,1.0,11.0,43,55,1.0,11.0,43,55,1.0,11.0,43,55,1.0,11.0,43,55,1.0,11.0,43,55,1.0,11.0,43,55,1.0,11.0,43,55,1.0,11.0,43,55,1.0,11.0,43,55,1.0,11.0,43,55,1.0,11.0,43,55,1.0,11.0,43,55,1.0,11.0,43,55,1.0,11.0,43,55,1.0,11.0,43,55,1.0,11.0,43,55,1.0,11.0,43,55,1.0,11.0,43,55,1.0,11.0
60,33.69,0.18,0.46,0,44,56,1.0,11.0,44,56,1.0,11.0,44,56,1.0,11.0,44,56,1.0,11.0,44,56,1.0,11.0,44,56,1.0,11.0,44,56,1.0,11.0,44,56,1.0,11.0,44,56,1.0,11.0,44,56,1.0,11.0,44,56,1.0,11.0,44,56,1.0,11.0,44,56,1.0,11.0,44,56,1.0,11.0,44,56,1.0,11.0,44,56,1.0,11.0,44,56,1.0,11.0,44,56,1.0,11.0,44,56,1.0,11.0,44,56,1.0,11.0,44,56,1.0,11.0,44,56,1.0,11.0,44,56,1.0,11.0,44,56,1.0,11.0,44,56,1.0,11.0,44,56,1.0,11.0,44,56,1.0,11.0,44,56,1.0,11.0,44,56,1.0,11.0,44,56,1.0,11.0,44,56,1.0,11.0,44,56,1.0,11.0
61,33.52,0.19,0.48,0,46,59,1.0,11.0,46,59,1.0,11.0,46,59,1.0,11.0,46,59,1.0,11.0,46,59,1.0,11.0,46,59,1.0,11.0,46,59,1.0,11.0,46,59,1.0,11.0,46,59,1.0,11.0,46,59,1.0,11.0,46,59,1.0,11.0,46,59,1.0,11.0,46,59,1.0,11.0,46,59,1.0,11.0,46,59,1.0,11.0,46,59,1.0,11.0,46,59,1.0,11.0,46,59,1.0,11.0,46,59,1.0,11.0,46,59,1.0,11.0,46,59,1.0,11.0,46,59,1.0,11.0,46,59,1.0,11.0,46,59,1.0,11.0,46,59,1.0,11.0,46,59,1.0,11.0,46,59,1.0,11.0,46,59,1.0,11.0,46,59,1.0,11.0,46,59,1.0,11.0,46,59,1.0,11.0,46,59,1.0,11.0
62,34.29,0.19,0.47,0,45,60,1.0,10.7,45,60,1.0,10.7,45,60,1.0,10.7,45,60,1.0,10.7,45,60,1.0,10.7,45,60,1.0,10.7,45,60,1.0,10.7,45,60,1.0,10.7,45,60,1.0,10.7,45,60,1.0,10.7,45,60,1.0,10.7,45,60,1.0,10.7,45,60,1.0,10.7,45,60,1.0,10.7,45,60,1.0,10.7,45,60,1.0,10.7,45,60,1.0,10.7,45,60,1.0,10.7,45,60,1.0,10.7,45,60,1.0,10.7,45,60,1.0,10.7,45,60,1.0,10.7,45,60,1.0,10.7,45,60,1.0,10.7,45,60,1.0,10.7,45,60,1.0,10.7,45,60,1.0,10.7,45,60,1.0,10.7,45,60,1.0,10.7,45,60,1.0,10.7,45,60,1.0,10.7,45,60,1.0,10.7
63,34.82,0.19,0.48,0,46,63,1.0,10.6,46,63,1.0,10.6,46,63,1.0,10.6,46,63,1.0,10.6,46,63,1.0,10.6,46,63,1.0,10.6,46,63,1.0,10.6,46,63,1.0,10.6,46,63,1.0,10.6,46,63,1.0,10.6,46,63,1.0,10.6,46,63,1.0,10.6,46,63,1.0,10.6,46,63,1.0,10.6,46,63,1.0,10.6,46,63,1.0,10.6,46,63,1.0,10.6,46,63,1.0,10.6,46,63,1.0,10.6,46,63,1.0,10.6,46,63,1.0,10.6,46,63,1.0,10.6,46,63,1.0,10.6,46,63,1.0,10.6,46,63,1.0,10.6,46,63,1.0,10.6,46,63,1.0,10.6,46,63,1.0,10.6,46,63,1.0,10.6,46,63,1.0,10.6,46,63,1.0,10.6,46,63,1.0,10.6
64,34.24,0.2,0.49,0,47,67,1.0,10.3,47,67,1.0,10.3,47,67,1.0,10.3,47,67,1.0,10.3,47,67,1.0,10.3,47,67,1.0,10.3,47,67,1.0,10.3,47,67,1.0,10.3,47,67,1.0,10.3,47,67,1.0,10.3,47,67,1.0,10.3,47,67,1.0,10.3,47,67,1.0,10.3,47,67,1.0,10.3,47,67,1.0,10.3,47,67,1.0,10.3,47,67,1.0,10.3,47,67,1.0,10.3,47,67,1.0,10.3,47,67,1.0,10.3,47,67,1.0,10.3,47,67,1.0,10.3,47,67,1.0,10.3,47,67,1.0,10.3,47,67,1.0,10.3,47,67,1.0,10.3,47,67,1.0,10.3,47,67,1.0,10.3,47,67,1.0,10.3,47,67,1.0,10.3,47,67,1.0,10.3,47,67,1.0,10.3
65,35.24,0.2,0.51,0,49,66,1.0,10.7,49,66,1.0,10.7,49,66,1.0,10.7,49,66,1.0,10.7,49,66,1.0,10.7,49,66,1.0,10.7,49,66,1.0,10.7,49,66,1.0,10.7,49,66,1.0,10.7,49,66,1.0,10.7,49,66,1.0,10.7,49,66,1.0,10.7,49,66,1.0,10.7,49,66,1.0,10.7,49,66,1.0,10.7,49,66,1.0,10.7,49,66,1.0,10.7,49,66,1.0,10.7,49,66,1.0,10.7,49,66,1.0,10.7,49,66,1.0,10.7,49,66,1.0,10.7,49,66,1.0,10.7,49,66,1.0,10.7,49,66,1.0,10.7,49,66,1.0,10.7,49,66,1.0,10.7,49,66,1.0,10.7,49,66,1.0,10.7,49,66,1.0,10.7,49,66,1.0,10.7,49,66,1.0,10.7
66,36.24,0.21,0.53,0,51,64,1.0,11.1,51,64,1.0,11.1,51,64,1.0,11.1,51,64,1.0,11.1,51,64,1.0,11.1,51,64,1.0,11.1,51,64,1.0,11.1,51,64,1.0,11.1,51,64,1.0,11.1,51,64,1.0,11.1,51,64,1.0,11.1,51,64,1.0,11.1,51,64,1.0,11.1,51,64,1.0,11.1,51,64,1.0,11.1,51,64,1.0,11.1,51,64,1.0,11.1,51,64,1.0,11.1,51,64,1.0,11.1,51,64,1.0,11.1,51,64,1.0,11.1,51,64,1.0,11.1,51,64,1.0,11.1,51,64,1.0,11.1,51,64,1.0,11.1,51,64,1.0,11.1,51,64,1.0,11.1,51,64,1.0,11.1,51,64,1.0,11.1,51,64,1.0,11.1,51,64,1.0,11.1,51,64,1.0,11.1
67,36.78,0.22,0.54,0,52,64,1.0,11.2,52,64,1.0,11.2,52,64,1.0,11.2,52,64,1.0,11.2,52,64,1.0,11.2,52,64,1.0,11.2,52,64,1.0,11.2,52,64,1.0,11.2,52,64,1.0,11.2,52,64,1.0,11.2,52,64,1.0,11.2,52,64,1.0,11.2,52,64,1.0,11.2,52,64,1.0,11.2,52,64,1.0,11.2,52,64,1.0,11.2,52,64,1.0,11.2,52,64,1.0,11.2,52,64,1.0,11.2,52,64,1.0,11.2,52,64,1.0,11.2,52,64,1.0,11.2,52,64,1.0,11.2,52,64,1.0,11.2,52,64,1.0,11.2,52,64,1.0,11.2,52,64,1.0,11.2,52,64,1.0,11.2,52,64,1.0,11.2,52,64,1.0,11.2,52,64,1.0,11.2,52,64,1.0,11.2
68,37.08,0.23,0.56,0,54,63,1.0,11.5,54,63,1.0,11.5,54,63,1.0,11.5,54,63,1.0,11.5,54,63,1.0,11.5,54,63,1.0,11.5,54,63,1.0,11.5,54,63,1.0,11.5,54,63,1.0,11.5,54,63,1.0,11.5,54,63,1.0,11.5,54,63,1.0,11.5,54,63,1.0,11.5,54,63,1.0,11.5,54,63,1.0,11.5,54,63,1.0,11.5,54,63,1.0,11.5,54,63,1.0,11.5,54,63,1.0,11.5,54,63,1.0,11.5,54,63,1.0,11.5,54,63,1.0,11.5,54,63,1.0,11.5,54,63,1.0,11.5,54,63,1.0,11.5,54,63,1.0,11.5,54,63,1.0,11.5,54,63,1.0,11.5,54,63,1.0,11.5,54,63,1.0,11.5,54,63,1.0,11.5,54,63,1.0,11.5
69,36.95,0.22,0.55,0,53,66,1.0,11.1,53,66,1.0,11.1,53,66,1.0,11.1,53,66,1.0,11.1,53,66,1.0,11.1,53,66,1.0,11.1,53,66,1.0,11.1,53,66,1.0,11.1,53,66,1.0,11.1,53,66,1.0,11.1,53,66,1.0,11.1,53,66,1.0,11.1,53,66,1.0,11.1,53,66,1.0,11.1,53,66,1.0,11.1,53,66,1.0,11.1,53,66,1.0,11.1,53,66,1.0,11.1,53,66,1.0,11.1,53,66,1.0,11.1,53,66,1.0,11.1,53,66,1.0,11.1,53,66,1.0,11.1,53,66,1.0,11.1,53,66,1.0,11.1,53,66,1.0,11.1,53,66,1.0,11.1,53,66,1.0,11.1,53,66,1.0,11.1,53,66,1.0,11.1,53,66,1.0,11.1,53,66,1.0,11.1
70,37.95,0.23,0.58,0,56,66,1.0,11.5,56,66,1.0,11.5,56,66,1.0,11.5,56,66,1.0,11.5,56,66,1.0,11.5,56,66,1.0,11.5,56,66,1.0,11.5,56,66,1.0,11.5,56,66,1.0,11.5,56,66,1.0,11.5,56,66,1.0,11.5,56,66,1.0,11.5,56,66,1.0,11.5,56,66,1.0,11.5,56,66,1.0,11.5,56,66,1.0,11.5,56,66,1.0,11.5,56,66,1.0,11.5,56,66,1.0,11.5,56,66,1.0,11.5,56,66,1.0,11.5,56,66,1.0,11.5,56,66,1.0,11.5,56,66,1.0,11.5,56,66,1.0,11.5,56,66,1.0,11.5,56,66,1.0,11.5,56,66,1.0,11.5,56,66,1.0,11.5,56,66,1.0,11.5,56,66,1.0,11.5,56,66,1.0,11.5
71,38.72,0.23,0.57,0,55,67,1.0,11.3,55,67,1.0,11.3,55,67,1.0,11.3,55,67,1.0,11.3,55,67,1.0,11.3,55,67,1.0,11.3,55,67,1.0,11.3,55,67,1.0,11.3,55,67,1.0,11.3,55,67,1.0,11.3,55,67,1.0,11.3,55,67,1.0,11.3,55,67,1.0,11.3,55,67,1.0,11.3,55,67,1.0,11.3,55,67,1.0,11.3,55,67,1.0,11.3,55,67,1.0,11.3,55,67,1.0,11.3,55,67,1.0,11.3,55,67,1.0,11.3,55,67,1.0,11.3,55,67,1.0,11.3,55,67,1.0,11.3,55,67,1.0,11.3,55,67,1.0,11.3,55,67,1.0,11.3,55,67,1.0,11.3,55,67,1.0,11.3,55,67,1.0,11.3,55,67,1.0,11.3,55,67,1.0,11.3
72,39.03,0.23,0.57,0,55,69,1.0,11.1,55,69,1.0,11.1,55,69,1.0,11.1,55,69,1.0,11.1,55,69,1.0,11.1,55,69,1.0,11.1,55,69,1.0,11.1,55,69,1.0,11.1,55,69,1.0,11.1,55,69,1.0,11.1,55,69,1.0,11.1,55,69,1.0,11.1,55,69,1.0,11.1,55,69,1.0,11.1,55,69,1.0,11.1,55,69,1.0,11.1,55,69,1.0,11.1,55,69,1.0,11.1,55,69,1.0,11.1,55,69,1.0,11.1,55,69,1.0,11.1,55,69,1.0,11.1,55,69,1.0,11.1,55,69,1.0,11.1,55,69,1.0,11.1,55,69,1.0,11.1,55,69,1.0,11.1,55,69,1.0,11.1,55,69,1.0,11.1,55,69,1.0,11.1,55,69,1.0,11.1,55,69,1.0,11.1
73,38.68,0.23,0.58,0,56,73,1.0,10.9,56,73,1.0,10.9,56,73,1.0,10.9,56,73,1.0,10.9,56,73,1.0,10.9,56,73,1.0,10.9,56,73,1.0,10.9,56,73,1.0,10.9,56,73,1.0,10.9,56,73,1.0,10.9,56,73,1.0,10.9,56,73,1.0,10.9,56,73,1.0,10.9,56,73,1.0,10.9,56,73,1.0,10.9,56,73,1.0,10.9,56,73,1.0,10.9,56,73,1.0,10.9,56,73,1.0,10.9,56,73,1.0,10.9,56,73,1.0,10.9,56,73,1.0,10.9,56,73,1.0,10.9,56,73,1.0,10.9,56,73,1.0,10.9,56,73,1.0,10.9,56,73,1.0,10.9,56,73,1.0,10.9,56,73,1.0,10.9,56,73,1.0,10.9,56,73,1.0,10.9,56,73,1.0,10.9
74,39.03,0.23,0.58,0,56,73,1.0,10.9,56,73,1.0,10.9,56,73,1.0,10.9,56,73,1.0,10.9,56,73,1.0,10.9,56,73,1.0,10.9,56,73,1.0,10.9,56,73,1.0,10.9,56,73,1.0,10.9,56,73,1.0,10.9,56,73,1.0,10.9,56,73,1.0,10.9,56,73,1.0,10.9,56,73,1.0,10.9,56,73,1.0,10.9,56,73,1.0,10.9,56,73,1.0,10.9,56,73,1.0,10.9,56,73,1.0,10.9,56,73,1.0,10.9,56,73,1.0,10.9,56,73,1.0,10.9,56,73,1.0,10.9,56,73,1.0,10.9,56,73,1.0,10.9,56,73,1.0,10.9,56,73,1.0,10.9,56,73,1.0,10.9,56,73,1.0,10.9,56,73,1.0,10.9,56,73,1.0,10.9,56,73,1.0,10.9
75,39.38,0.24,0.6,0,58,71,1.0,11.2,58,71,1.0,11.2,58,71,1.0,11.2,58,71,1.0,11.2,58,71,1.0,11.2,58,71,1.0,11.2,58,71,1.0,11.2,58,71,1.0,11.2,58,71,1.0,11.2,58,71,1.0,11.2,58,71,1.0,11.2,58,71,1.0,11.2,58,71,1.0,11.2,58,71,1.0,11.2,58,71,1.0,11.2,58,71,1.0,11.2,58,71,1.0,11.2,58,71,1.0,11.2,58,71,1.0,11.2,58,71,1.0,11.2,58,71,1.0,11.2,58,71,1.0,11.2,58,71,1.0,11.2,58,71,1.0,11.2,58,71,1.0,11.2,58,71,1.0,11.2,58,71,1.0,11.2,58,71,1.0,11.2,58,71,1.0,11.2,58,71,1.0,11.2,58,71,1.0,11.2,58,71,1.0,11.2
76,39.73,0.25,0.61,0,59,74,1.0,11.1,59,74,1.0,11.1,59,74,1.0,11.1,59,74,1.0,11.1,59,74,1.0,11.1,59,74,1.0,11.1,59,74,1.0,11.1,59,74,1.0,11.1,59,74,1.0,11.1,59,74,1.0,11.1,59,74,1.0,11.1,59,74,1.0,11.1,59,74,1.0,11.1,59,74,1.0,11.1,59,74,1.0,11.1,59,74,1.0,11.1,59,74,1.0,11.1,59,74,1.0,11.1,59,74,1.0,11.1,59,74,1.0,11.1,59,74,1.0,11.1,59,74,1.0,11.1,59,74,1.0,11.1,59,74,1.0,11.1,59,74,1.0,11.1,59,74,1.0,11.1,59,74,1.0,11.1,59,74,1.0,11.1,59,74,1.0,11.1,59,74,1.0,11.1,59,74,1.0,11.1,59,74,1.0,11.1
77,40.3,0.25,0.62,0,60,73,1.0,11.3,60,73,1.0,11.3,60,73,1.0,11.3,60,73,1.0,11.3,60,73,1.0,11.3,60,73,1.0,11.3,60,73,1.0,11.3,60,73,1.0,11.3,60,73,1.0,11.3,60,73,1.0,11.3,60,73,1.0,11.3,60,73,1.0,11.3,60,73,1.0,11.3,60,73,1.0,11.3,60,73,1.0,11.3,60,73,1.0,11.3,60,73,1.0,11.3,60,73,1.0,11.3,60,73,1.0,11.3,60,73,1.0,11.3,60,73,1.0,11.3,60,73,1.0,11.3,60,73,1.0,11.3,60,73,1.0,11.3,60,73,1.0,11.3,60,73,1.0,11.3,60,73,1.0,11.3,60,73,1.0,11.3,60,73,1.0,11.3,60,73,1.0,11.3,60,73,1.0,11.3,60,73,1.0,11.3
78,40.66,0.25,0.62,0,60,76,1.0,11.0,60,76,1.0,11.0,60,76,1.0,11.0,60,76,1.0,11.0,60,76,1.0,11.0,60,76,1.0,11.0,60,76,1.0,11.0,60,76,1.0,11.0,60,76,1.0,11.0,60,76,1.0,11.0,60,76,1.0,11.0,60,76,1.0,11.0,60,76,1.0,11.0,60,76,1.0,11.0,60,76,1.0,11.0,60,76,1.0,11.0,60,76,1.0,11.0,60,76,1.0,11.0,60,76,1.0,11.0,60,76,1.0,11.0,60,76,1.0,11.0,60,76,1.0,11.0,60,76,1.0,11.0,60,76,1.0,11.0,60,76,1.0,11.0,60,76,1.0,11.0,60,76,1.0,11.0,60,76,1.0,11.0,60,76,1.0,11.0,60,76,1.0,11.0,60,76,1.0,11.0,60,76,1.0,11.0
79,41.02,0.25,0.64,0,61,81,1.0,10.7,61,81,1.0,10.7,61,81,1.0,10.7,61,81,1.0,10.7,61,81,1.0,10.7,61,81,1.0,10.7,61,81,1.0,10.7,61,81,1.0,10.7,61,81,1.0,10.7,61,81,1.0,10.7,61,81,1.0,10.7,61,81,1.0,10.7,61,81,1.0,10.7,61,81,1.0,10.7,61,81,1.0,10.7,61,81,1.0,10.7,61,81,1.0,10.7,61,81,1.0,10.7,61,81,1.0,10.7,61,81,1.0,10.7,61,81,1.0,10.7,61,81,1.0,10.7,61,81,1.0,10.7,61,81,1.0,10.7,61,81,1.0,10.7,61,81,1.0,10.7,61,81,1.0,10.7,61,81,1.0,10.7,61,81,1.0,10.7,61,81,1.0,10.7,61,81,1.0,10.7,61,81,1.0,10.7
80,41.81,0.25,0.64,0,61,80,1.0,10.8,61,80,1.0,10.8,61,80,1.0,10.8,61,80,1.0,10.8,61,80,1.0,10.8,61,80,1.0,10.8,61,80,1.0,10.8,61,80,1.0,10.8,61,80,1.0,10.8,61,80,1.0,10.8,61,80,1.0,10.8,61,80,1.0,10.8,61,80,1.0,10.8,61,80,1.0,10.8,61,80,1.0,10.8,61,80,1.0,10.8,61,80,1.0,10.8,61,80,1.0,10.8,61,80,1.0,10.8,61,80,1.0,10.8,61,80,1.0,10.8,61,80,1.0,10.8,61,80,1.0,10.8,61,80,1.0,10.8,61,80,1.0,10.8,61,80,1.0,10.8,61,80,1.0,10.8,61,80,1.0,10.8,61,80,1.0,10.8,61,80,1.0,10.8,61,80,1.0,10.8,61,80,1.0,10.8
81,42.16,0.26,0.65,0,62,80,1.0,10.9,62,80,1.0,10.9,62,80,1.0,10.9,62,80,1.0,10.9,62,80,1.0,10.9,62,80,1.0,10.9,62,80,1.0,10.9,62,80,1.0,10.9,62,80,1.0,10.9,62,80,1.0,10.9,62,80,1.0,10.9,62,80,1.0,10.9,62,80,1.0,10.9,62,80,1.0,10.9,62,80,1.0,10.9,62,80,1.0,10.9,62,80,1.0,10.9,62,80,1.0,10.9,62,80,1.0,10.9,62,80,1.0,10.9,62,80,1.0,10.9,62,80,1.0,10.9,62,80,1.0,10.9,62,80,1.0,10.9,62,80,1.0,10.9,62,80,1.0,10.9,62,80,1.0,10.9,62,80,1.0,10.9,62,80,1.0,10.9,62,80,1.0,10.9,62,80,1.0,10.9,62,80,1.0,10.9
82,42.74,0.27,0.68,0,65,81,1.0,11.1,65,81,1.0,11.1,65,81,1.0,11.1,65,81,1.0,11.1,65,81,1.0,11.1,65,81,1.0,11.1,65,81,1.0,11.1,65,81,1.0,11.1,65,81,1.0,11.1,65,81,1.0,11.1,65,81,1.0,11.1,65,81,1.0,11.1,65,81,1.0,11.1,65,81,1.0,11.1,65,81,1.0,11.1,65,81,1.0,11.1,65,81,1.0,11.1,65,81,1.0,11.1,65,81,1.0,11.1,65,81,1.0,11.1,65,81,1.0,11.1,65,81,1.0,11.1,65,81,1.0,11.1,65,81,1.0,11.1,65,81,1.0,11.1,65,81,1.0,11.1,65,81,1.0,11.1,65,81,1.0,11.1,65,81,1.0,11.1,65,81,1.0,11.1,65,81,1.0,11.1,65,81,1.0,11.1
83,43.09,0.28,0.7,0,67,79,1.0,11.5,67,79,1.0,11.5,67,79,1.0,11.5,67,79,1.0,11.5,67,79,1.0,11.5,67,79,1.0,11.5,67,79,1.0,11.5,67,79,1.0,11.5,67,79,1.0,11.5,67,79,1.0,11.5,67,79,1.0,11.5,67,79,1.0,11.5,67,79,1.0,11.5,67,79,1.0,11.5,67,79,1.0,11.5,67,79,1.0,11.5,67,79,1.0,11.5,67,79,1.0,11.5,67,79,1.0,11.5,67,79,1.0,11.5,67,79,1.0,11.5,67,79,1.0,11.5,67,79,1.0,11.5,67,79,1.0,11.5,67,79,1.0,11.5,67,79,1.0,11.5,67,79,1.0,11.5,67,79,1.0,11.5,67,79,1.0,11.5,67,79,1.0,11.5,67,79,1.0,11.5,67,79,1.0,11.5
84,43.88,0.29,0.73,0,70,77,1.0,11.9,70,77,1.0,11.9,70,77,1.0,11.9,70,77,1.0,11.9,70,77,1.0,11.9,70,77,1.0,11.9,70,77,1.0,11.9,70,77,1.0,11.9,70,77,1.0,11.9,70,77,1.0,11.9,70,77,1.0,11.9,70,77,1.0,11.9,70,77,1.0,11.9,70,77,1.0,11.9,70,77,1.0,11.9,70,77,1.0,11.9,70,77,1.0,11.9,70,77,1.0,11.9,70,77,1.0,11.9,70,77,1.0,11.9,70,77,1.0,11.9,70,77,1.0,11.9,70,77,1.0,11.9,70,77,1.0,11.9,70,77,1.0,11.9,70,77,1.0,11.9,70,77,1.0,11.9,70,77,1.0,11.9,70,77,1.0,11.9,70,77,1.0,11.9,70,77,1.0,11.9,70,77,1.0,11.9
85,44.24,0.3,0.74,0,71,78,1.0,11.9,71,78,1.0,11.9,71,78,1.0,11.9,71,78,1.0,11.9,71,78,1.0,11.9,71,78,1.0,11.9,71,78,1.0,11.9,71,78,1.0,11.9,71,78,1.0,11.9,71,78,1.0,11.9,71,78,1.0,11.9,71,78,1.0,11.9,71,78,1.0,11.9,71,78,1.0,11.9,71,78,1.0,11.9,71,78,1.0,11.9,71,78,1.0,11.9,71,78,1.0,11.9,71,78,1.0,11.9,71,78,1.0,11.9,71,78,1.0,11.9,71,78,1.0,11.9,71,78,1.0,11.9,71,78,1.0,11.9,71,78,1.0,11.9,71,78,1.0,11.9,71,78,1.0,11.9,71,78,1.0,11.9,71,78,1.0,11.9,71,78,1.0,11.9,71,78,1.0,11.9,71,78,1.0,11.9
86,45.24,0.3,0.75,0,72,78,1.0,12.0,72,78,1.0,12.0,72,78,1.0,12.0,72,78,1.0,12.0,72,78,1.0,12.0,72,78,1.0,12.0,72,78,1.0,12.0,72,78,1.0,12.0,72,78,1.0,12.0,72,78,1.0,12.0,72,78,1.0,12.0,72,78,1.0,12.0,72,78,1.0,12.0,72,78,1.0,12.0,72,78,1.0,12.0,72,78,1.0,12.0,72,78,1.0,12.0,72,78,1.0,12.0,72,78,1.0,12.0,72,78,1.0,12.0,72,78,1.0,12.0,72,78,1.0,12.0,72,78,1.0,12.0,72,78,1.0,12.0,72,78,1.0,12.0,72,78,1.0,12.0,72,78,1.0,12.0,72,78,1.0,12.0,72,78,1.0,12.0,72,78,1.0,12.0,72,78,1.0,12.0,72,78,1.0,12.0
87,45.58,0.31,0.77,0,74,76,1.0,12.3,74,76,1.0,12.3,74,76,1.0,12.3,74,76,1.0,12.3,74,76,1.0,12.3,74,76,1.0,12.3,74,76,1.0,12.3,74,76,1.0,12.3,74,76,1.0,12.3,74,76,1.0,12.3,74,76,1.0,12.3,74,76,1.0,12.3,74,76,1.0,12.3,74,76,1.0,12.3,74,76,1.0,12.3,74,76,1.0,12.3,74,76,1.0,12.3,74,76,1.0,12.3,74,76,1.0,12.3,74,76,1.0,12.3,74,76,1.0,12.3,74,76,1.0,12.3,74,76,1.0,12.3,74,76,1.0,12.3,74,76,1.0,12.3,74,76,1.0,12.3,74,76,1.0,12.3,74,76,1.0,12.3,74,76,1.0,12.3,74,76,1.0,12.3,74,76,1.0,12.3,74,76,1.0,12.3
88,45.93,0.32,0.79,0,76,80,1.0,12.2,76,80,1.0,12.2,76,80,1.0,12.2,76,80,1.0,12.2,76,80,1.0,12.2,76,80,1.0,12.2,76,80,1.0,12.2,76,80,1.0,12.2,76,80,1.0,12.2,76,80,1.0,12.2,76,80,1.0,12.2,76,80,1.0,12.2,76,80,1.0,12.2,76,80,1.0,12.2,76,80,1.0,12.2,76,80,1.0,12.2,76,80,1.0,12.2,76,80,1.0,12.2,76,80,1.0,12.2,76,80,1.0,12.2,76,80,1.0,12.2,76,80,1.0,12.2,76,80,1.0,12.2,76,80,1.0,12.2,76,80,1.0,12.2,76,80,1.0,12.2,76,80,1.0,12.2,76,80,1.0,12.2,76,80,1.0,12.2,76,80,1.0,12.2,76,80,1.0,12.2,76,80,1.0,12.2
89,46.07,0.33,0.81,0,78,80,1.0,12.3,78,80,1.0,12.3,78,80,1.0,12.3,78,80,1.0,12.3,78,80,1.0,12.3,78,80,1.0,12.3,78,80,1.0,12.3,78,80,1.0,12.3,78,80,1.0,12.3,78,80,1.0,12.3,78,80,1.0,12.3,78,80,1.0,12.3,78,80,1.0,12.3,78,80,1.0,12.3,78,80,1.0,12.3,78,80,1.0,12.3,78,80,1.0,12.3,78,80,1.0,12.3,78,80,1.0,12.3,78,80,1.0,12.3,78,80,1.0,12.3,78,80,1.0,12.3,78,80,1.0,12.3,78,80,1.0,12.3,78,80,1.0,12.3,78,80,1.0,12.3,78,80,1.0,12.3,78,80,1.0,12.3,78,80,1.0,12.3,78,80,1.0,12.3,78,80,1.0,12.3,78,80,1.0,12.3
90,46.63,0.32,0.8,0,77,80,1.0,12.3,77,80,1.0,12.3,77,80,1.0,12.3,77,80,1.0,12.3,77,80,1.0,12.3,77,80,1.0,12.3,77,80,1.0,12.3,77,80,1.0,12.3,77,80,1.0,12.3,77,80,1.0,12.3,77,80,1.0,12.3,77,80,1.0,12.3,77,80,1.0,12.3,77,80,1.0,12.3,77,80,1.0,12.3,77,80,1.0,12.3,77,80,1.0,12.3,77,80,1.0,12.3,77,80,1.0,12.3,77,80,1.0,12.3,77,80,1.0,12.3,77,80,1.0,12.3,77,80,1.0,12.3,77,80,1.0,12.3,77,80,1.0,12.3,77,80,1.0,12.3,77,80,1.0,12.3,77,80,1.0,12.3,77,80,1.0,12.3,77,80,1.0,12.3,77,80,1.0,12.3,77,80,1.0,12.3
91,46.78,0.33,0.81,0,78,85,1.0,12.0,78,85,1.0,12.0,78,85,1.0,12.0,78,85,1.0,12.0,78,85,1.0,12.0,78,85,1.0,12.0,78,85,1.0,12.0,78,85,1.0,12.0,78,85,1.0,12.0,78,85,1.0,12.0,78,85,1.0,12.0,78,85,1.0,12.0,78,85,1.0,12.0,78,85,1.0,12.0,78,85,1.0,12.0,78,85,1.0,12.0,78,85,1.0,12.0,78,85,1.0,12.0,78,85,1.0,12.0,78,85,1.0,12.0,78,85,1.0,12.0,78,85,1.0,12.0,78,85,1.0,12.0,78,85,1.0,12.0,78,85,1.0,12.0,78,85,1.0,12.0,78,85,1.0,12.0,78,85,1.0,12.0,78,85,1.0,12.0,78,85,1.0,12.0,78,85,1.0,12.0,78,85,1.0,12.0
92,47.57,0.32,0.8,0,77,84,1.0,12.0,77,84,1.0,12.0,77,84,1.0,12.0,77,84,1.0,12.0,77,84,1.0,12.0,77,84,1.0,12.0,77,84,1.0,12.0,77,84,1.0,12.0,77,84,1.0,12.0,77,84,1.0,12.0,77,84,1.0,12.0,77,84,1.0,12.0,77,84,1.0,12.0,77,84,1.0,12.0,77,84,1.0,12.0,77,84,1.0,12.0,77,84,1.0,12.0,77,84,1.0,12.0,77,84,1.0,12.0,77,84,1.0,12.0,77,84,1.0,12.0,77,84,1.0,12.0,77,84,1.0,12.0,77,84,1.0,12.0,77,84,1.0,12.0,77,84,1.0,12.0,77,84,1.0,12.0,77,84,1.0,12.0,77,84,1.0,12.0,77,84,1.0,12.0,77,84,1.0,12.0,77,84,1.0,12.0
93,47.92,0.32,0.79,0,76,87,1.0,11.7,76,87,1.0,11.7,76,87,1.0,11.7,76,87,1.0,11.7,76,87,1.0,11.7,76,87,1.0,11.7,76,87,1.0,11.7,76,87,1.0,11.7,76,87,1.0,11.7,76,87,1.0,11.7,76,87,1.0,11.7,76,87,1.0,11.7,76,87,1.0,11.7,76,87,1.0,11.7,76,87,1.0,11.7,76,87,1.0,11.7,76,87,1.0,11.7,76,87,1.0,11.7,76,87,1.0,11.7,76,87,1.0,11.7,76,87,1.0,11.7,76,87,1.0,11.7,76,87,1.0,11.7,76,87,1.0,11.7,76,87,1.0,11.7,76,87,1.0,11.7,76,87,1.0,11.7,76,87,1.0,11.7,76,87,1.0,11.7,76,87,1.0,11.7,76,87,1.0,11.7,76,87,1.0,11.7
94,48.29,0.33,0.81,0,78,90,1.0,11.6,78,90,1.0,11.6,78,90,1.0,11.6,78,90,1.0,11.6,78,90,1.0,11.6,78,90,1.0,11.6,78,90,1.0,11.6,78,90,1.0,11.6,78,90,1.0,11.6,78,90,1.0,11.6,78,90,1.0,11.6,78,90,1.0,11.6,78,90,1.0,11.6,78,90,1.0,11.6,78,90,1.0,11.6,78,90,1.0,11.6,78,90,1.0,11.6,78,90,1.0,11.6,78,90,1.0,11.6,78,90,1.0,11.6,78,90,1.0,11.6,78,90,1.0,11.6,78,90,1.0,11.6,78,90,1.0,11.6,78,90,1.0,11.6,78,90,1.0,11.6,78,90,1.0,11.6,78,90,1.0,11.6,78,90,1.0,11.6,78,90,1.0,11.6,78,90,1.0,11.6,78,90,1.0,11.6
95,48.86,0.33,0.83,0,80,88,1.0,11.9,80,88,1.0,11.9,80,88,1.0,11.9,80,88,1.0,11.9,80,88,1.0,11.9,80,88,1.0,11.9,80,88,1.0,11.9,80,88,1.0,11.9,80,88,1.0,11.9,80,88,1.0,11.9,80,88,1.0,11.9,80,88,1.0,11.9,80,88,1.0,11.9,80,88,1.0,11.9,80,88,1.0,11.9,80,88,1.0,11.9,80,88,1.0,11.9,80,88,1.0,11.9,80,88,1.0,11.9,80,88,1.0,11.9,80,88,1.0,11.9,80,88,1.0,11.9,80,88,1.0,11.9,80,88,1.0,11.9,80,88,1.0,11.9,80,88,1.0,11.9,80,88,1.0,11.9,80,88,1.0,11.9,80,88,1.0,11.9,80,88,1.0,11.9,80,88,1.0,11.9,80,88,1.0,11.9
96,49.86,0.35,0.88,0,84,83,1.0,12.6,84,83,1.0,12.6,84,83,1.0,12.6,84,83,1.0,12.6,84,83,1.0,12.6,84,83,1.0,12.6,84,83,1.0,12.6,84,83,1.0,12.6,84,83,1.0,12.6,84,83,1.0,12.6,84,83,1.0,12.6,84,83,1.0,12.6,84,83,1.0,12.6,84,83,1.0,12.6,84,83,1.0,12.6,84,83,1.0,12.6,84,83,1.0,12.6,84,83,1.0,12.6,84,83,1.0,12.6,84,83,1.0,12.6,84,83,1.0,12.6,84,83,1.0,12.6,84,83,1.0,12.6,84,83,1.0,12.6,84,83,1.0,12.6,84,83,1.0,12.6,84,83,1.0,12.6,84,83,1.0,12.6,84,83,1.0,12.6,84,83,1.0,12.6,84,83,1.0,12.6,84,83,1.0,12.6
97,49.79,0.36,0.9,0,86,86,1.0,12.5,86,86,1.0,12.5,86,86,1.0,12.5,86,86,1.0,12.5,86,86,1.0,12.5,86,86,1.0,12.5,86,86,1.0,12.5,86,86,1.0,12.5,86,86,1.0,12.5,86,86,1.0,12.5,86,86,1.0,12.5,86,86,1.0,12.5,86,86,1.0,12.5,86,86,1.0,12.5,86,86,1.0,12.5,86,86,1.0,12.5,86,86,1.0,12.5,86,86,1.0,12.5,86,86,1.0,12.5,86,86,1.0,12.5,86,86,1.0,12.5,86,86,1.0,12.5,86,86,1.0,12.5,86,86,1.0,12.5,86,86,1.0,12.5,86,86,1.0,12.5,86,86,1.0,12.5,86,86,1.0,12.5,86,86,1.0,12.5,86,86,1.0,12.5,86,86,1.0,12.5,86,86,1.0,12.5
98,50.36,0.37,0.92,0,88,85,1.0,12.7,88,85,1.0,12.7,88,85,1.0,12.7,88,85,1.0,12.7,88,85,1.0,12.7,88,85,1.0,12.7,88,85,1.0,12.7,88,85,1.0,12.7,88,85,1.0,12.7,88,85,1.0,12.7,88,85,1.0,12.7,88,85,1.0,12.7,88,85,1.0,12.7,88,85,1.0,12.7,88,85,1.0,12.7,88,85,1.0,12.7,88,85,1.0,12.7,88,85,1.0,12.7,88,85,1.0,12.7,88,85,1.0,12.7,88,85,1.0,12.7,88,85,1.0,12.7,88,85,1.0,12.7,88,85,1.0,12.7,88,85,1.0,12.7,88,85,1.0,12.7,88,85,1.0,12.7,88,85,1.0,12.7,88,85,1.0,12.7,88,85,1.0,12.7,88,85,1.0,12.7,88,85,1.0,12.7
99,50.72,0.37,0.92,0,88,85,1.0,12.7,88,85,1.0,12.7,88,85,1.0,12.7,88,85,1.0,12.7,88,85,1.0,12.7,88,85,1.0,12.7,88,85,1.0,12.7,88,85,1.0,12.7,88,85,1.0,12.7,88,85,1.0,12.7,88,85,1.0,12.7,88,85,1.0,12.7,88,85,1.0,12.7,88,85,1.0,12.7,88,85,1.0,12.7,88,85,1.0,12.7,88,85,1.0,12.7,88,85,1.0,12.7,88,85,1.0,12.7,88,85,1.0,12.7,88,85,1.0,12.7,88,85,1.0,12.7,88,85,1.0,12.7,88,85,1.0,12.7,88,85,1.0,12.7,88,85,1.0,12.7,88,85,1.0,12.7,88,85,1.0,12.7,88,85,1.0,12.7,88,85,1.0,12.7,88,85,1.0,12.7,88,85,1.0,12.7
100,50.88,0.38,0.96,0,92,85,1.0,13.0,92,85,1.0,13.0,92,85,1.0,13.0,92,85,1.0,13.0,92,85,1.0,13.0,92,85,1.0,13.0,92,85,1.0,13.0,92,85,1.0,13.0,92,85,1.0,13.0,92,85,1.0,13.0,92,85,1.0,13.0,92,85,1.0,13.0,92,85,1.0,13.0,92,85,1.0,13.0,92,85,1.0,13.0,92,85,1.0,13.0,92,85,1.0,13.0,92,85,1.0,13.0,92,85,1.0,13.0,92,85,1.0,13.0,92,85,1.0,13.0,92,85,1.0,13.0,92,85,1.0,13.0,92,85,1.0,13.0,92,85,1.0,13.0,92,85,1.0,13.0,92,85,1.0,13.0,92,85,1.0,13.0,92,85,1.0,13.0,92,85,1.0,13.0,92,85,1.0,13.0,92,85,1.0,13.0
101,51.67,0.39,0.97,0,93,86,1.0,13.0,93,86,1.0,13.0,93,86,1.0,13.0,93,86,1.0,13.0,93,86,1.0,13.0,93,86,1.0,13.0,93,86,1.0,13.0,93,86,1.0,13.0,93,86,1.0,13.0,93,86,1.0,13.0,93,86,1.0,13.0,93,86,1.0,13.0,93,86,1.0,13.0,93,86,1.0,13.0,93,86,1.0,13.0,93,86,1.0,13.0,93,86,1.0,13.0,93,86,1.0,13.0,93,86,1.0,13.0,93,86,1.0,13.0,93,86,1.0,13.0,93,86,1.0,13.0,93,86,1.0,13.0,93,86,1.0,13.0,93,86,1.0,13.0,93,86,1.0,13.0,93,86,1.0,13.0,93,86,1.0,13.0,93,86,1.0,13.0,93,86,1.0,13.0,93,86,1.0,13.0,93,86,1.0,13.0
102,52.04,0.39,0.98,0,94,85,1.0,13.1,94,85,1.0,13.1,94,85,1.0,13.1,94,85,1.0,13.1,94,85,1.0,13.1,94,85,1.0,13.1,94,85,1.0,13.1,94,85,1.0,13.1,94,85,1.0,13.1,94,85,1.0,13.1,94,85,1.0,13.1,94,85,1.0,13.1,94,85,1.0,13.1,94,85,1.0,13.1,94,85,1.0,13.1,94,85,1.0,13.1,94,85,1.0,13.1,94,85,1.0,13.1,94,85,1.0,13.1,94,85,1.0,13.1,94,85,1.0,13.1,94,85,1.0,13.1,94,85,1.0,13.1,94,85,1.0,13.1,94,85,1.0,13.1,94,85,1.0,13.1,94,85,1.0,13.1,94,85,1.0,13.1,94,85,1.0,13.1,94,85,1.0,13.1,94,85,1.0,13.1,94,85,1.0,13.1
103,53.04,0.41,1.02,0,98,85,1.0,13.4,98,85,1.0,13.4,98,85,1.0,13.4,98,85,1.0,13.4,98,85,1.0,13.4,98,85,1.0,13.4,98,85,1.0,13.4,98,85,1.0,13.4,98,85,1.0,13.4,98,85,1.0,13.4,98,85,1.0,13.4,98,85,1.0,13.4,98,85,1.0,13.4,98,85,1.0,13.4,98,85,1.0,13.4,98,85,1.0,13.4,98,85,1.0,13.4,98,85,1.0,13.4,98,85,1.0,13.4,98,85,1.0,13.4,98,85,1.0,13.4,98,85,1.0,13.4,98,85,1.0,13.4,98,85,1.0,13.4,98,85,1.0,13.4,98,85,1.0,13.4,98,85,1.0,13.4,98,85,1.0,13.4,98,85,1.0,13.4,98,85,1.0,13.4,98,85,1.0,13.4,98,85,1.0,13.4
104,53.4,0.41,1.03,0,99,84,1.0,13.5,99,84,1.0,13.5,99,84,1.0,13.5,99,84,1.0,13.5,99,84,1.0,13.5,99,84,1.0,13.5,99,84,1.0,13.5,99,84,1.0,13.5,99,84,1.0,13.5,99,84,1.0,13.5,99,84,1.0,13.5,99,84,1.0,13.5,99,84,1.0,13.5,99,84,1.0,13.5,99,84,1.0,13.5,99,84,1.0,13.5,99,84,1.0,13.5,99,84,1.0,13.5,99,84,1.0,13.5,99,84,1.0,13.5,99,84,1.0,13.5,99,84,1.0,13.5,99,84,1.0,13.5,99,84,1.0,13.5,99,84,1.0,13.5,99,84,1.0,13.5,99,84,1.0,13.5,99,84,1.0,13.5,99,84,1.0,13.5,99,84,1.0,13.5,99,84,1.0,13.5,99,84,1.0,13.5
105,54.18,0.42,1.05,0,101,85,1.0,13.6,101,85,1.0,13.6,101,85,1.0,13.6,101,85,1.0,13.6,101,85,1.0,13.6,101,85,1.0,13.6,101,85,1.0,13.6,101,85,1.0,13.6,101,85,1.0,13.6,101,85,1.0,13.6,101,85,1.0,13.6,101,85,1.0,13.6,101,85,1.0,13.6,101,85,1.0,13.6,101,85,1.0,13.6,101,85,1.0,13.6,101,85,1.0,13.6,101,85,1.0,13.6,101,85,1.0,13.6,101,85,1.0,13.6,101,85,1.0,13.6,101,85,1.0,13.6,101,85,1.0,13.6,101,85,1.0,13.6,101,85,1.0,13.6,101,85,1.0,13.6,101,85,1.0,13.6,101,85,1.0,13.6,101,85,1.0,13.6,101,85,1.0,13.6,101,85,1.0,13.6,101,85,1.0,13.6
106,53.71,0.42,1.06,0,102,87,1.0,13.5,102,87,1.0,13.5,102,87,1.0,13.5,102,87,1.0,13.5,102,87,1.0,13.5,102,87,1.0,13.5,102,87,1.0,13.5,102,87,1.0,13.5,102,87,1.0,13.5,102,87,1.0,13.5,102,87,1.0,13.5,102,87,1.0,13.5,102,87,1.0,13.5,102,87,1.0,13.5,102,87,1.0,13.5,102,87,1.0,13.5,102,87,1.0,13.5,102,87,1.0,13.5,102,87,1.0,13.5,102,87,1.0,13.5,102,87,1.0,13.5,102,87,1.0,13.5,102,87,1.0,13.5,102,87,1.0,13.5,102,87,1.0,13.5,102,87,1.0,13.5,102,87,1.0,13.5,102,87,1.0,13.5,102,87,1.0,13.5,102,87,1.0,13.5,102,87,1.0,13.5,102,87,1.0,13.5
107,54.29,0.43,1.07,0,103,86,1.0,13.6,103,86,1.0,13.6,103,86,1.0,13.6,103,86,1.0,13.6,103,86,1.0,13.6,103,86,1.0,13.6,103,86,1.0,13.6,103,86,1.0,13.6,103,86,1.0,13.6,103,86,1.0,13.6,103,86,1.0,13.6,103,86,1.0,13.6,103,86,1.0,13.6,103,86,1.0,13.6,103,86,1.0,13.6,103,86,1.0,13.6,103,86,1.0,13.6,103,86,1.0,13.6,103,86,1.0,13.6,103,86,1.0,13.6,103,86,1.0,13.6,103,86,1.0,13.6,103,86,1.0,13.6,103,86,1.0,13.6,103,86,1.0,13.6,103,86,1.0,13.6,103,86,1.0,13.6,103,86,1.0,13.6,103,86,1.0,13.6,103,86,1.0,13.6,103,86,1.0,13.6,103,86,1.0,13.6
108,55.08,0.43,1.08,0,104,88,1.0,13.5,104,88,1.0,13.5,104,88,1.0,13.5,104,88,1.0,13.5,104,88,1.0,13.5,104,88,1.0,13.5,104,88,1.0,13.5,104,88,1.0,13.5,104,88,1.0,13.5,104,88,1.0,13.5,104,88,1.0,13.5,104,88,1.0,13.5,104,88,1.0,13.5,104,88,1.0,13.5,104,88,1.0,13.5,104,88,1.0,13.5,104,88,1.0,13.5,104,88,1.0,13.5,104,88,1.0,13.5,104,88,1.0,13.5,104,88,1.0,13.5,104,88,1.0,13.5,104,88,1.0,13.5,104,88,1.0,13.5,104,88,1.0,13.5,104,88,1.0,13.5,104,88,1.0,13.5,104,88,1.0,13.5,104,88,1.0,13.5,104,88,1.0,13.5,104,88,1.0,13.5,104,88,1.0,13.5
109,55.45,0.44,1.1,0,106,89,1.0,13.6,106,89,1.0,13.6,106,89,1.0,13.6,106,89,1.0,13.6,106,89,1.0,13.6,106,89,1.0,13.6,106,89,1.0,13.6,106,89,1.0,13.6,106,89,1.0,13.6,106,89,1.0,13.6,106,89,1.0,13.6,106,89,1.0,13.6,106,89,1.0,13.6,106,89,1.0,13.6,106,89,1.0,13.6,106,89,1.0,13.6,106,89,1.0,13.6,106,89,1.0,13.6,106,89,1.0,13.6,106,89,1.0,13.6,106,89,1.0,13.6,106,89,1.0,13.6,106,89,1.0,13.6,106,89,1.0,13.6,106,89,1.0,13.6,106,89,1.0,13.6,106,89,1.0,13.6,106,89,1.0,13.6,106,89,1.0,13.6,106,89,1.0,13.6,106,89,1.0,13.6,106,89,1.0,13.6
110,55.82,0.45,1.12,0,108,86,1.0,13.9,108,86,1.0,13.9,108,86,1.0,13.9,108,86,1.0,13.9,108,86,1.0,13.9,108,86,1.0,13.9,108,86,1.0,13.9,108,86,1.0,13.9,108,86,1.0,13.9,108,86,1.0,13.9,108,86,1.0,13.9,108,86,1.0,13.9,108,86,1.0,13.9,108,86,1.0,13.9,108,86,1.0,13.9,108,86,1.0,13.9,108,86,1.0,13.9,108,86,1.0,13.9,108,86,1.0,13.9,108,86,1.0,13.9,108,86,1.0,13.9,108,86,1.0,13.9,108,86,1.0,13.9,108,86,1.0,13.9,108,86,1.0,13.9,108,86,1.0,13.9,108,86,1.0,13.9,108,86,1.0,13.9,108,86,1.0,13.9,108,86,1.0,13.9,108,86,1.0,13.9,108,86,1.0,13.9
111,56.2,0.45,1.12,0,108,89,1.0,13.7,108,89,1.0,13.7,108,89,1.0,13.7,108,89,1.0,13.7,108,89,1.0,13.7,108,89,1.0,13.7,108,89,1.0,13.7,108,89,1.0,13.7,108,89,1.0,13.7,108,89,1.0,13.7,108,89,1.0,13.7,108,89,1.0,13.7,108,89,1.0,13.7,108,89,1.0,13.7,108,89,1.0,13.7,108,89,1.0,13.7,108,89,1.0,13.7,108,89,1.0,13.7,108,89,1.0,13.7,108,89,1.0,13.7,108,89,1.0,13.7,108,89,1.0,13.7,108,89,1.0,13.7,108,89,1.0,13.7,108,89,1.0,13.7,108,89,1.0,13.7,108,89,1.0,13.7,108,89,1.0,13.7,108,89,1.0,13.7,108,89,1.0,13.7,108,89,1.0,13.7,108,89,1.0,13.7
112,57.19,0.47,1.18,0,113,86,1.0,14.2,113,86,1.0,14.2,113,86,1.0,14.2,113,86,1.0,14.2,113,86,1.0,14.2,113,86,1.0,14.2,113,86,1.0,14.2,113,86,1.0,14.2,113,86,1.0,14.2,113,86,1.0,14.2,113,86,1.0,14.2,113,86,1.0,14.2,113,86,1.0,14.2,113,86,1.0,14.2,113,86,1.0,14.2,113,86,1.0,14.2,113,86,1.0,14.2,113,86,1.0,14.2,113,86,1.0,14.2,113,86,1.0,14.2,113,86,1.0,14.2,113,86,1.0,14.2,113,86,1.0,14.2,113,86,1.0,14.2,113,86,1.0,14.2,113,86,1.0,14.2,113,86,1.0,14.2,113,86,1.0,14.2,113,86,1.0,14.2,113,86,1.0,14.2,113,86,1.0,14.2,113,86,1.0,14.2
113,57.77,0.47,1.18,0,113,86,1.0,14.2,113,86,1.0,14.2,113,86,1.0,14.2,113,86,1.0,14.2,113,86,1.0,14.2,113,86,1.0,14.2,113,86,1.0,14.2,113,86,1.0,14.2,113,86,1.0,14.2,113,86,1.0,14.2,113,86,1.0,14.2,113,86,1.0,14.2,113,86,1.0,14.2,113,86,1.0,14.2,113,86,1.0,14.2,113,86,1.0,14.2,113,86,1.0,14.2,113,86,1.0,14.2,113,86,1.0,14.2,113,86,1.0,14.2,113,86,1.0,14.2,113,86,1.0,14.2,113,86,1.0,14.2,113,86,1.0,14.2,113,86,1.0,14.2,113,86,1.0,14.2,113,86,1.0,14.2,113,86,1.0,14.2,113,86,1.0,14.2,113,86,1.0,14.2,113,86,1.0,14.2,113,86,1.0,14.2
114,57.92,0.49,1.22,0,117,83,1.0,14.6,117,83,1.0,14.6,117,83,1.0,14.6,117,83,1.0,14.6,117,83,1.0,14.6,117,83,1.0,14.6,117,83,1.0,14.6,117,83,1.0,14.6,117,83,1.0,14.6,117,83,1.0,14.6,117,83,1.0,14.6,117,83,1.0,14.6,117,83,1.0,14.6,117,83,1.0,14.6,117,83,1.0,14.6,117,83,1.0,14.6,117,83,1.0,14.6,117,83,1.0,14.6,117,83,1.0,14.6,117,83,1.0,14.6,117,83,1.0,14.6,117,83,1.0,14.6,117,83,1.0,14.6,117,83,1.0,14.6,117,83,1.0,14.6,117,83,1.0,14.6,117,83,1.0,14.6,117,83,1.0,14.6,117,83,1.0,14.6,117,83,1.0,14.6,117,83,1.0,14.6,117,83,1.0,14.6
115,58.29,0.49,1.22,0,117,87,1.0,14.3,117,87,1.0,14.3,117,87,1.0,14.3,117,87,1.0,14.3,117,87,1.0,14.3,117,87,1.0,14.3,117,87,1.0,14.3,117,87,1.0,14.3,117,87,1.0,14.3,117,87,1.0,14.3,117,87,1.0,14.3,117,87,1.0,14.3,117,87,1.0,14.3,117,87,1.0,14.3,117,87,1.0,14.3,117,87,1.0,14.3,117,87,1.0,14.3,117,87,1.0,14.3,117,87,1.0,14.3,117,87,1.0,14.3,117,87,1.0,14.3,117,87,1.0,14.3,117,87,1.0,14.3,117,87,1.0,14.3,117,87,1.0,14.3,117,87,1.0,14.3,117,87,1.0,14.3,117,87,1.0,14.3,117,87,1.0,14.3,117,87,1.0,14.3,117,87,1.0,14.3,117,87,1.0,14.3
116,58.67,0.5,1.24,0,119,86,1.0,14.5,119,86,1.0,14.5,119,86,1.0,14.5,119,86,1.0,14.5,119,86,1.0,14.5,119,86,1.0,14.5,119,86,1.0,14.5,119,86,1.0,14.5,119,86,1.0,14.5,119,86,1.0,14.5,119,86,1.0,14.5,119,86,1.0,14.5,119,86,1.0,14.5,119,86,1.0,14.5,119,86,1.0,14.5,119,86,1.0,14.5,119,86,1.0,14.5,119,86,1.0,14.5,119,86,1.0,14.5,119,86,1.0,14.5,119,86,1.0,14.5,119,86,1.0,14.5,119,86,1.0,14.5,119,86,1.0,14.5,119,86,1.0,14.5,119,86,1.0,14.5,119,86,1.0,14.5,119,86,1.0,14.5,119,86,1.0,14.5,119,86,1.0,14.5,119,86,1.0,14.5,119,86,1.0,14.5
117,59.45,0.5,1.26,0,121,85,1.0,14.7,121,85,1.0,14.7,121,85,1.0,14.7,121,85,1.0,14.7,121,85,1.0,14.7,121,85,1.0,14.7,121,85,1.0,14.7,121,85,1.0,14.7,121,85,1.0,14.7,121,85,1.0,14.7,121,85,1.0,14.7,121,85,1.0,14.7,121,85,1.0,14.7,121,85,1.0,14.7,121,85,1.0,14.7,121,85,1.0,14.7,121,85,1.0,14.7,121,85,1.0,14.7,121,85,1.0,14.7,121,85,1.0,14.7,121,85,1.0,14.7,121,85,1.0,14.7,121,85,1.0,14.7,121,85,1.0,14.7,121,85,1.0,14.7,121,85,1.0,14.7,121,85,1.0,14.7,121,85,1.0,14.7,121,85,1.0,14.7,121,85,1.0,14.7,121,85,1.0,14.7,121,85,1.0,14.7
118,60.24,0.52,1.29,0,124,85,1.0,14.8,124,85,1.0,14.8,124,85,1.0,14.8,124,85,1.0,14.8,124,85,1.0,14.8,124,85,1.0,14.8,124,85,1.0,14.8,124,85,1.0,14.8,124,85,1.0,14.8,124,85,1.0,14.8,124,85,1.0,14.8,124,85,1.0,14.8,124,85,1.0,14.8,124,85,1.0,14.8,124,85,1.0,14.8,124,85,1.0,14.8,124,85,1.0,14.8,124,85,1.0,14.8,124,85,1.0,14.8,124,85,1.0,14.8,124,85,1.0,14.8,124,85,1.0,14.8,124,85,1.0,14.8,124,85,1.0,14.8,124,85,1.0,14.8,124,85,1.0,14.8,124,85,1.0,14.8,124,85,1.0,14.8,124,85,1.0,14.8,124,85,1.0,14.8,124,85,1.0,14.8,124,85,1.0,14.8
119,60.81,0.53,1.31,0,126,83,1.0,15.1,126,83,1.0,15.1,126,83,1.0,15.1,126,83,1.0,15.1,126,83,1.0,15.1,126,83,1.0,15.1,126,83,1.0,15.1,126,83,1.0,15.1,126,83,1.0,15.1,126,83,1.0,15.1,126,83,1.0,15.1,126,83,1.0,15.1,126,83,1.0,15.1,126,83,1.0,15.1,126,83,1.0,15.1,126,83,1.0,15.1,126,83,1.0,15.1,126,83,1.0,15.1,126,83,1.0,15.1,126,83,1.0,15.1,126,83,1.0,15.1,126,83,1.0,15.1,126,83,1.0,15.1,126,83,1.0,15.1,126,83,1.0,15.1,126,83,1.0,15.1,126,83,1.0,15.1,126,83,1.0,15.1,126,83,1.0,15.1,126,83,1.0,15.1,126,83,1.0,15.1,126,83,1.0,15.1
120,61.59,0.53,1.32,0,127,83,1.0,15.1,127,83,1.0,15.1,127,83,1.0,15.1,127,83,1.0,15.1,127,83,1.0,15.1,127,83,1.0,15.1,127,83,1.0,15.1,127,83,1.0,15.1,127,83,1.0,15.1,127,83,1.0,15.1,127,83,1.0,15.1,127,83,1.0,15.1,127,83,1.0,15.1,127,83,1.0,15.1,127,83,1.0,15.1,127,83,1.0,15.1,127,83,1.0,15.1,127,83,1.0,15.1,127,83,1.0,15.1,127,83,1.0,15.1,127,83,1.0,15.1,127,83,1.0,15.1,127,83,1.0,15.1,127,83,1.0,15.1,127,83,1.0,15.1,127,83,1.0,15.1,127,83,1.0,15.1,127,83,1.0,15.1,127,83,1.0,15.1,127,83,1.0,15.1,127,83,1.0,15.1,127,83,1.0,15.1
121,62.58,0.54,1.35,0,130,81,1.0,15.4,130,81,1.0,15.4,130,81,1.0,15.4,130,81,1.0,15.4,130,81,1.0,15.4,130,81,1.0,15.4,130,81,1.0,15.4,130,81,1.0,15.4,130,81,1.0,15.4,130,81,1.0,15.4,130,81,1.0,15.4,130,81,1.0,15.4,130,81,1.0,15.4,130,81,1.0,15.4,130,81,1.0,15.4,130,81,1.0,15.4,130,81,1.0,15.4,130,81,1.0,15.4,130,81,1.0,15.4,130,81,1.0,15.4,130,81,1.0,15.4,130,81,1.0,15.4,130,81,1.0,15.4,130,81,1.0,15.4,130,81,1.0,15.4,130,81,1.0,15.4,130,81,1.0,15.4,130,81,1.0,15.4,130,81,1.0,15.4,130,81,1.0,15.4,130,81,1.0,15.4,130,81,1.0,15.4
122,62.29,0.54,1.34,0,129,83,1.0,15.2,129,83,1.0,15.2,129,83,1.0,15.2,129,83,1.0,15.2,129,83,1.0,15.2,129,83,1.0,15.2,129,83,1.0,15.2,129,83,1.0,15.2,129,83,1.0,15.2,129,83,1.0,15.2,129,83,1.0,15.2,129,83,1.0,15.2,129,83,1.0,15.2,129,83,1.0,15.2,129,83,1.0,15.2,129,83,1.0,15.2,129,83,1.0,15.2,129,83,1.0,15.2,129,83,1.0,15.2,129,83,1.0,15.2,129,83,1.0,15.2,129,83,1.0,15.2,129,83,1.0,15.2,129,83,1.0,15.2,129,83,1.0,15.2,129,83,1.0,15.2,129,83,1.0,15.2,129,83,1.0,15.2,129,83,1.0,15.2,129,83,1.0,15.2,129,83,1.0,15.2,129,83,1.0,15.2
123,62.86,0.55,1.39,0,133,81,1.0,15.5,133,81,1.0,15.5,133,81,1.0,15.5,133,81,1.0,15.5,133,81,1.0,15.5,133,81,1.0,15.5,133,81,1.0,15.5,133,81,1.0,15.5,133,81,1.0,15.5,133,81,1.0,15.5,133,81,1.0,15.5,133,81,1.0,15.5,133,81,1.0,15.5,133,81,1.0,15.5,133,81,1.0,15.5,133,81,1.0,15.5,133,81,1.0,15.5,133,81,1.0,15.5,133,81,1.0,15.5,133,81,1.0,15.5,133,81,1.0,15.5,133,81,1.0,15.5,133,81,1.0,15.5,133,81,1.0,15.5,133,81,1.0,15.5,133,81,1.0,15.5,133,81,1.0,15.5,133,81,1.0,15.5,133,81,1.0,15.5,133,81,1.0,15.5,133,81,1.0,15.5,133,81,1.0,15.5
124,63.43,0.57,1.42,0,136,81,1.0,15.7,136,81,1.0,15.7,136,81,1.0,15.7,136,81,1.0,15.7,136,81,1.0,15.7,136,81,1.0,15.7,136,81,1.0,15.7,136,81,1.0,15.7,136,81,1.0,15.7,136,81,1.0,15.7,136,81,1.0,15.7,136,81,1.0,15.7,136,81,1.0,15.7,136,81,1.0,15.7,136,81,1.0,15.7,136,81,1.0,15.7,136,81,1.0,15.7,136,81,1.0,15.7,136,81,1.0,15.7,136,81,1.0,15.7,136,81,1.0,15.7,136,81,1.0,15.7,136,81,1.0,15.7,136,81,1.0,15.7,136,81,1.0,15.7,136,81,1.0,15.7,136,81,1.0,15.7,136,81,1.0,15.7,136,81,1.0,15.7,136,81,1.0,15.7,136,81,1.0,15.7,136,81,1.0,15.7
125,64.0,0.57,1.44,0,138,81,1.0,15.8,138,81,1.0,15.8,138,81,1.0,15.8,138,81,1.0,15.8,138,81,1.0,15.8,138,81,1.0,15.8,138,81,1.0,15.8,138,81,1.0,15.8,138,81,1.0,15.8,138,81,1.0,15.8,138,81,1.0,15.8,138,81,1.0,15.8,138,81,1.0,15.8,138,81,1.0,15.8,138,81,1.0,15.8,138,81,1.0,15.8,138,81,1.0,15.8,138,81,1.0,15.8,138,81,1.0,15.8,138,81,1.0,15.8,138,81,1.0,15.8,138,81,1.0,15.8,138,81,1.0,15.8,138,81,1.0,15.8,138,81,1.0,15.8,138,81,1.0,15.8,138,81,1.0,15.8,138,81,1.0,15.8,138,81,1.0,15.8,138,81,1.0,15.8,138,81,1.0,15.8,138,81,1.0,15.8
126,64.57,0.6,1.49,0,143,77,1.0,16.2,143,77,1.0,16.2,143,77,1.0,16.2,143,77,1.0,16.2,143,77,1.0,16.2,143,77,1.0,16.2,143,77,1.0,16.2,143,77,1.0,16.2,143,77,1.0,16.2,143,77,1.0,16.2,143,77,1.0,16.2,143,77,1.0,16.2,143,77,1.0,16.2,143,77,1.0,16.2,143,77,1.0,16.2,143,77,1.0,16.2,143,77,1.0,16.2,143,77,1.0,16.2,143,77,1.0,16.2,143,77,1.0,16.2,143,77,1.0,16.2,143,77,1.0,16.2,143,77,1.0,16.2,143,77,1.0,16.2,143,77,1.0,16.2,143,77,1.0,16.2,143,77,1.0,16.2,143,77,1.0,16.2,143,77,1.0,16.2,143,77,1.0,16.2,143,77,1.0,16.2,143,77,1.0,16.2
127,64.93,0.62,1.54,0,148,77,1.0,16.4,148,77,1.0,16.4,148,77,1.0,16.4,148,77,1.0,16.4,148,77,1.0,16.4,148,77,1.0,16.4,148,77,1.0,16.4,148,77,1.0,16.4,148,77,1.0,16.4,148,77,1.0,16.4,148,77,1.0,16.4,148,77,1.0,16.4,148,77,1.0,16.4,148,77,1.0,16.4,148,77,1.0,16.4,148,77,1.0,16.4,148,77,1.0,16.4,148,77,1.0,16.4,148,77,1.0,16.4,148,77,1.0,16.4,148,77,1.0,16.4,148,77,1.0,16.4,148,77,1.0,16.4,148,77,1.0,16.4,148,77,1.0,16.4,148,77,1.0,16.4,148,77,1.0,16.4,148,77,1.0,16.4,148,77,1.0,16.4,148,77,1.0,16.4,148,77,1.0,16.4,148,77,1.0,16.4
128,65.5,0.63,1.58,0,152,75,1.0,16.7,152,75,1.0,16.7,152,75,1.0,16.7,152,75,1.0,16.7,152,75,1.0,16.7,152,75,1.0,16.7,152,75,1.0,16.7,152,75,1.0,16.7,152,75,1.0,16.7,152,75,1.0,16.7,152,75,1.0,16.7,152,75,1.0,16.7,152,75,1.0,16.7,152,75,1.0,16.7,152,75,1.0,16.7,152,75,1.0,16.7,152,75,1.0,16.7,152,75,1.0,16.7,152,75,1.0,16.7,152,75,1.0,16.7,152,75,1.0,16.7,152,75,1.0,16.7,152,75,1.0,16.7,152,75,1.0,16.7,152,75,1.0,16.7,152,75,1.0,16.7,152,75,1.0,16.7,152,75,1.0,16.7,152,75,1.0,16.7,152,75,1.0,16.7,152,75,1.0,16.7,152,75,1.0,16.7
129,65.44,0.65,1.61,0,155,72,1.0,17.1,155,72,1.0,17.1,155,72,1.0,17.1,155,72,1.0,17.1,155,72,1.0,17.1,155,72,1.0,17.1,155,72,1.0,17.1,155,72,1.0,17.1,155,72,1.0,17.1,155,72,1.0,17.1,155,72,1.0,17.1,155,72,1.0,17.1,155,72,1.0,17.1,155,72,1.0,17.1,155,72,1.0,17.1,155,72,1.0,17.1,155,72,1.0,17.1,155,72,1.0,17.1,155,72,1.0,17.1,155,72,1.0,17.1,155,72,1.0,17.1,155,72,1.0,17.1,155,72,1.0,17.1,155,72,1.0,17.1,155,72,1.0,17.1,155,72,1.0,17.1,155,72,1.0,17.1,155,72,1.0,17.1,155,72,1.0,17.1,155,72,1.0,17.1,155,72,1.0,17.1,155,72,1.0,17.1
130,65.19,0.65,1.64,0,157,75,1.0,16.9,157,75,1.0,16.9,157,75,1.0,16.9,157,75,1.0,16.9,157,75,1.0,16.9,157,75,1.0,16.9,157,75,1.0,16.9,157,75,1.0,16.9,157,75,1.0,16.9,157,75,1.0,16.9,157,75,1.0,16.9,157,75,1.0,16.9,157,75,1.0,16.9,157,75,1.0,16.9,157,75,1.0,16.9,157,75,1.0,16.9,157,75,1.0,16.9,157,75,1.0,16.9,157,75,1.0,16.9,157,75,1.0,16.9,157,75,1.0,16.9,157,75,1.0,16.9,157,75,1.0,16.9,157,75,1.0,16.9,157,75,1.0,16.9,157,75,1.0,16.9,157,75,1.0,16.9,157,75,1.0,16.9,157,75,1.0,16.9,157,75,1.0,16.9,157,75,1.0,16.9,157,75,1.0,16.9
131,65.37,0.67,1.67,0,160,72,1.0,17.2,160,72,1.0,17.2,160,72,1.0,17.2,160,72,1.0,17.2,160,72,1.0,17.2,160,72,1.0,17.2,160,72,1.0,17.2,160,72,1.0,17.2,160,72,1.0,17.2,160,72,1.0,17.2,160,72,1.0,17.2,160,72,1.0,17.2,160,72,1.0,17.2,160,72,1.0,17.2,160,72,1.0,17.2,160,72,1.0,17.2,160,72,1.0,17.2,160,72,1.0,17.2,160,72,1.0,17.2,160,72,1.0,17.2,160,72,1.0,17.2,160,72,1.0,17.2,160,72,1.0,17.2,160,72,1.0,17.2,160,72,1.0,17.2,160,72,1.0,17.2,160,72,1.0,17.2,160,72,1.0,17.2,160,72,1.0,17.2,160,72,1.0,17.2,160,72,1.0,17.2,160,72,1.0,17.2
132,65.96,0.68,1.69,0,162,72,1.0,17.3,162,72,1.0,17.3,162,72,1.0,17.3,162,72,1.0,17.3,162,72,1.0,17.3,162,72,1.0,17.3,162,72,1.0,17.3,162,72,1.0,17.3,162,72,1.0,17.3,162,72,1.0,17.3,162,72,1.0,17.3,162,72,1.0,17.3,162,72,1.0,17.3,162,72,1.0,17.3,162,72,1.0,17.3,162,72,1.0,17.3,162,72,1.0,17.3,162,72,1.0,17.3,162,72,1.0,17.3,162,72,1.0,17.3,162,72,1.0,17.3,162,72,1.0,17.3,162,72,1.0,17.3,162,72,1.0,17.3,162,72,1.0,17.3,162,72,1.0,17.3,162,72,1.0,17.3,162,72,1.0,17.3,162,72,1.0,17.3,162,72,1.0,17.3,162,72,1.0,17.3,162,72,1.0,17.3
133,66.75,0.68,1.71,0,164,75,1.0,17.2,164,75,1.0,17.2,164,75,1.0,17.2,164,75,1.0,17.2,164,75,1.0,17.2,164,75,1.0,17.2,164,75,1.0,17.2,164,75,1.0,17.2,164,75,1.0,17.2,164,75,1.0,17.2,164,75,1.0,17.2,164,75,1.0,17.2,164,75,1.0,17.2,164,75,1.0,17.2,164,75,1.0,17.2,164,75,1.0,17.2,164,75,1.0,17.2,164,75,1.0,17.2,164,75,1.0,17.2,164,75,1.0,17.2,164,75,1.0,17.2,164,75,1.0,17.2,164,75,1.0,17.2,164,75,1.0,17.2,164,75,1.0,17.2,164,75,1.0,17.2,164,75,1.0,17.2,164,75,1.0,17.2,164,75,1.0,17.2,164,75,1.0,17.2,164,75,1.0,17.2,164,75,1.0,17.2
134,67.13,0.69,1.73,0,166,73,1.0,17.4,166,73,1.0,17.4,166,73,1.0,17.4,166,73,1.0,17.4,166,73,1.0,17.4,166,73,1.0,17.4,166,73,1.0,17.4,166,73,1.0,17.4,166,73,1.0,17.4,166,73,1.0,17.4,166,73,1.0,17.4,166,73,1.0,17.4,166,73,1.0,17.4,166,73,1.0,17.4,166,73,1.0,17.4,166,73,1.0,17.4,166,73,1.0,17.4,166,73,1.0,17.4,166,73,1.0,17.4,166,73,1.0,17.4,166,73,1.0,17.4,166,73,1.0,17.4,166,73,1.0,17.4,166,73,1.0,17.4,166,73,1.0,17.4,166,73,1.0,17.4,166,73,1.0,17.4,166,73,1.0,17.4,166,73,1.0,17.4,166,73,1.0,17.4,166,73,1.0,17.4,166,73,1.0,17.4
135,68.13,0.7,1.75,0,168,72,1.0,17.5,168,72,1.0,17.5,168,72,1.0,17.5,168,72,1.0,17.5,168,72,1.0,17.5,168,72,1.0,17.5,168,72,1.0,17.5,168,72,1.0,17.5,168,72,1.0,17.5,168,72,1.0,17.5,168,72,1.0,17.5,168,72,1.0,17.5,168,72,1.0,17.5,168,72,1.0,17.5,168,72,1.0,17.5,168,72,1.0,17.5,168,72,1.0,17.5,168,72,1.0,17.5,168,72,1.0,17.5,168,72,1.0,17.5,168,72,1.0,17.5,168,72,1.0,17.5,168,72,1.0,17.5,168,72,1.0,17.5,168,72,1.0,17.5,168,72,1.0,17.5,168,72,1.0,17.5,168,72,1.0,17.5,168,72,1.0,17.5,168,72,1.0,17.5,168,72,1.0,17.5,168,72,1.0,17.5
136,68.91,0.7,1.75,0,168,74,1.0,17.4,168,74,1.0,17.4,168,74,1.0,17.4,168,74,1.0,17.4,168,74,1.0,17.4,168,74,1.0,17.4,168,74,1.0,17.4,168,74,1.0,17.4,168,74,1.0,17.4,168,74,1.0,17.4,168,74,1.0,17.4,168,74,1.0,17.4,168,74,1.0,17.4,168,74,1.0,17.4,168,74,1.0,17.4,168,74,1.0,17.4,168,74,1.0,17.4,168,74,1.0,17.4,168,74,1.0,17.4,168,74,1.0,17.4,168,74,1.0,17.4,168,74,1.0,17.4,168,74,1.0,17.4,168,74,1.0,17.4,168,74,1.0,17.4,168,74,1.0,17.4,168,74,1.0,17.4,168,74,1.0,17.4,168,74,1.0,17.4,168,74,1.0,17.4,168,74,1.0,17.4,168,74,1.0,17.4
137,69.7,0.71,1.77,0,170,72,1.0,17.6,170,72,1.0,17.6,170,72,1.0,17.6,170,72,1.0,17.6,170,72,1.0,17.6,170,72,1.0,17.6,170,72,1.0,17.6,170,72,1.0,17.6,170,72,1.0,17.6,170,72,1.0,17.6,170,72,1.0,17.6,170,72,1.0,17.6,170,72,1.0,17.6,170,72,1.0,17.6,170,72,1.0,17.6,170,72,1.0,17.6,170,72,1.0,17.6,170,72,1.0,17.6,170,72,1.0,17.6,170,72,1.0,17.6,170,72,1.0,17.6,170,72,1.0,17.6,170,72,1.0,17.6,170,72,1.0,17.6,170,72,1.0,17.6,170,72,1.0,17.6,170,72,1.0,17.6,170,72,1.0,17.6,170,72,1.0,17.6,170,72,1.0,17.6,170,72,1.0,17.6,170,72,1.0,17.6
138,70.27,0.72,1.8,0,173,69,1.0,17.9,173,69,1.0,17.9,173,69,1.0,17.9,173,69,1.0,17.9,173,69,1.0,17.9,173,69,1.0,17.9,173,69,1.0,17.9,173,69,1.0,17.9,173,69,1.0,17.9,173,69,1.0,17.9,173,69,1.0,17.9,173,69,1.0,17.9,173,69,1.0,17.9,173,69,1.0,17.9,173,69,1.0,17.9,173,69,1.0,17.9,173,69,1.0,17.9,173,69,1.0,17.9,173,69,1.0,17.9,173,69,1.0,17.9,173,69,1.0,17.9,173,69,1.0,17.9,173,69,1.0,17.9,173,69,1.0,17.9,173,69,1.0,17.9,173,69,1.0,17.9,173,69,1.0,17.9,173,69,1.0,17.9,173,69,1.0,17.9,173,69,1.0,17.9,173,69,1.0,17.9,173,69,1.0,17.9
139,70.63,0.73,1.82,0,175,68,1.0,18.0,175,68,1.0,18.0,175,68,1.0,18.0,175,68,1.0,18.0,175,68,1.0,18.0,175,68,1.0,18.0,175,68,1.0,18.0,175,68,1.0,18.0,175,68,1.0,18.0,175,68,1.0,18.0,175,68,1.0,18.0,175,68,1.0,18.0,175,68,1.0,18.0,175,68,1.0,18.0,175,68,1.0,18.0,175,68,1.0,18.0,175,68,1.0,18.0,175,68,1.0,18.0,175,68,1.0,18.0,175,68,1.0,18.0,175,68,1.0,18.0,175,68,1.0,18.0,175,68,1.0,18.0,175,68,1.0,18.0,175,68,1.0,18.0,175,68,1.0,18.0,175,68,1.0,18.0,175,68,1.0,18.0,175,68,1.0,18.0,175,68,1.0,18.0,175,68,1.0,18.0,175,68,1.0,18.0
140,71.2,0.74,1.84,0,177,67,1.0,18.1,177,67,1.0,18.1,177,67,1.0,18.1,177,67,1.0,18.1,177,67,1.0,18.1,177,67,1.0,18.1,177,67,1.0,18.1,177,67,1.0,18.1,177,67,1.0,18.1,177,67,1.0,18.1,177,67,1.0,18.1,177,67,1.0,18.1,177,67,1.0,18.1,177,67,1.0,18.1,177,67,1.0,18.1,177,67,1.0,18.1,177,67,1.0,18.1,177,67,1.0,18.1,177,67,1.0,18.1,177,67,1.0,18.1,177,67,1.0,18.1,177,67,1.0,18.1,177,67,1.0,18.1,177,67,1.0,18.1,177,67,1.0,18.1,177,67,1.0,18.1,177,67,1.0,18.1,177,67,1.0,18.1,177,67,1.0,18.1,177,67,1.0,18.1,177,67,1.0,18.1,177,67,1.0,18.1
141,71.97,0.75,1.88,0,180,63,1.0,18.5,180,63,1.0,18.5,180,63,1.0,18.5,180,63,1.0,18.5,180,63,1.0,18.5,180,63,1.0,18.5,180,63,1.0,18.5,180,63,1.0,18.5,180,63,1.0,18.5,180,63,1.0,18.5,180,63,1.0,18.5,180,63,1.0,18.5,180,63,1.0,18.5,180,63,1.0,18.5,180,63,1.0,18.5,180,63,1.0,18.5,180,63,1.0,18.5,180,63,1.0,18.5,180,63,1.0,18.5,180,63,1.0,18.5,180,63,1.0,18.5,180,63,1.0,18.5,180,63,1.0,18.5,180,63,1.0,18.5,180,63,1.0,18.5,180,63,1.0,18.5,180,63,1.0,18.5,180,63,1.0,18.5,180,63,1.0,18.5,180,63,1.0,18.5,180,63,1.0,18.5,180,63,1.0,18.5
142,72.74,0.76,1.91,0,183,62,1.0,18.7,183,62,1.0,18.7,183,62,1.0,18.7,183,62,1.0,18.7,183,62,1.0,18.7,183,62,1.0,18.7,183,62,1.0,18.7,183,62,1.0,18.7,183,62,1.0,18.7,183,62,1.0,18.7,183,62,1.0,18.7,183,62,1.0,18.7,183,62,1.0,18.7,183,62,1.0,18.7,183,62,1.0,18.7,183,62,1.0,18.7,183,62,1.0,18.7,183,62,1.0,18.7,183,62,1.0,18.7,183,62,1.0,18.7,183,62,1.0,18.7,183,62,1.0,18.7,183,62,1.0,18.7,183,62,1.0,18.7,183,62,1.0,18.7,183,62,1.0,18.7,183,62,1.0,18.7,183,62,1.0,18.7,183,62,1.0,18.7,183,62,1.0,18.7,183,62,1.0,18.7,183,62,1.0,18.7
143,73.51,0.77,1.92,0,184,62,1.0,18.7,184,62,1.0,18.7,184,62,1.0,18.7,184,62,1.0,18.7,184,62,1.0,18.7,184,62,1.0,18.7,184,62,1.0,18.7,184,62,1.0,18.7,184,62,1.0,18.7,184,62,1.0,18.7,184,62,1.0,18.7,184,62,1.0,18.7,184,62,1.0,18.7,184,62,1.0,18.7,184,62,1.0,18.7,184,62,1.0,18.7,184,62,1.0,18.7,184,62,1.0,18.7,184,62,1.0,18.7,184,62,1.0,18.7,184,62,1.0,18.7,184,62,1.0,18.7,184,62,1.0,18.7,184,62,1.0,18.7,184,62,1.0,18.7,184,62,1.0,18.7,184,62,1.0,18.7,184,62,1.0,18.7,184,62,1.0,18.7,184,62,1.0,18.7,184,62,1.0,18.7,184,62,1.0,18.7
144,74.28,0.78,1.96,0,188,58,1.0,19.1,188,58,1.0,19.1,188,58,1.0,19.1,188,58,1.0,19.1,188,58,1.0,19.1,188,58,1.0,19.1,188,58,1.0,19.1,188,58,1.0,19.1,188,58,1.0,19.1,188,58,1.0,19.1,188,58,1.0,19.1,188,58,1.0,19.1,188,58,1.0,19.1,188,58,1.0,19.1,188,58,1.0,19.1,188,58,1.0,19.1,188,58,1.0,19.1,188,58,1.0,19.1,188,58,1.0,19.1,188,58,1.0,19.1,188,58,1.0,19.1,188,58,1.0,19.1,188,58,1.0,19.1,188,58,1.0,19.1,188,58,1.0,19.1,188,58,1.0,19.1,188,58,1.0,19.1,188,58,1.0,19.1,188,58,1.0,19.1,188,58,1.0,19.1,188,58,1.0,19.1,188,58,1.0,19.1
145,74.62,0.79,1.97,0,189,59,1.0,19.1,189,59,1.0,19.1,189,59,1.0,19.1,189,59,1.0,19.1,189,59,1.0,19.1,189,59,1.0,19.1,189,59,1.0,19.1,189,59,1.0,19.1,189,59,1.0,19.1,189,59,1.0,19.1,189,59,1.0,19.1,189,59,1.0,19.1,189,59,1.0,19.1,189,59,1.0,19.1,189,59,1.0,19.1,189,59,1.0,19.1,189,59,1.0,19.1,189,59,1.0,19.1,189,59,1.0,19.1,189,59,1.0,19.1,189,59,1.0,19.1,189,59,1.0,19.1,189,59,1.0,19.1,189,59,1.0,19.1,189,59,1.0,19.1,189,59,1.0,19.1,189,59,1.0,19.1,189,59,1.0,19.1,189,59,1.0,19.1,189,59,1.0,19.1,189,59,1.0,19.1,189,59,1.0,19.1
146,74.96,0.79,1.97,0,189,60,1.0,19.0,189,60,1.0,19.0,189,60,1.0,19.0,189,60,1.0,19.0,189,60,1.0,19.0,189,60,1.0,19.0,189,60,1.0,19.0,189,60,1.0,19.0,189,60,1.0,19.0,189,60,1.0,19.0,189,60,1.0,19.0,189,60,1.0,19.0,189,60,1.0,19.0,189,60,1.0,19.0,189,60,1.0,19.0,189,60,1.0,19.0,189,60,1.0,19.0,189,60,1.0,19.0,189,60,1.0,19.0,189,60,1.0,19.0,189,60,1.0,19.0,189,60,1.0,19.0,189,60,1.0,19.0,189,60,1.0,19.0,189,60,1.0,19.0,189,60,1.0,19.0,189,60,1.0,19.0,189,60,1.0,19.0,189,60,1.0,19.0,189,60,1.0,19.0,189,60,1.0,19.0,189,60,1.0,19.0
147,75.3,0.82,2.04,0,196,53,1.0,19.7,196,53,1.0,19.7,196,53,1.0,19.7,196,53,1.0,19.7,196,53,1.0,19.7,196,53,1.0,19.7,196,53,1.0,19.7,196,53,1.0,19.7,196,53,1.0,19.7,196,53,1.0,19.7,196,53,1.0,19.7,196,53,1.0,19.7,196,53,1.0,19.7,196,53,1.0,19.7,196,53,1.0,19.7,196,53,1.0,19.7,196,53,1.0,19.7,196,53,1.0,19.7,196,53,1.0,19.7,196,53,1.0,19.7,196,53,1.0,19.7,196,53,1.0,19.7,196,53,1.0,19.7,196,53,1.0,19.7,196,53,1.0,19.7,196,53,1.0,19.7,196,53,1.0,19.7,196,53,1.0,19.7,196,53,1.0,19.7,196,53,1.0,19.7,196,53,1.0,19.7,196,53,1.0,19.7
148,75.64,0.81,2.03,0,195,58,1.0,19.3,195,58,1.0,19.3,195,58,1.0,19.3,195,58,1.0,19.3,195,58,1.0,19.3,195,58,1.0,19.3,195,58,1.0,19.3,195,58,1.0,19.3,195,58,1.0,19.3,195,58,1.0,19.3,195,58,1.0,19.3,195,58,1.0,19.3,195,58,1.0,19.3,195,58,1.0,19.3,195,58,1.0,19.3,195,58,1.0,19.3,195,58,1.0,19.3,195,58,1.0,19.3,195,58,1.0,19.3,195,58,1.0,19.3,195,58,1.0,19.3,195,58,1.0,19.3,195,58,1.0,19.3,195,58,1.0,19.3,195,58,1.0,19.3,195,58,1.0,19.3,195,58,1.0,19.3,195,58,1.0,19.3,195,58,1.0,19.3,195,58,1.0,19.3,195,58,1.0,19.3,195,58,1.0,19.3
149,76.41,0.82,2.06,0,198,56,1.0,19.5,198,56,1.0,19.5,198,56,1.0,19.5,198,56,1.0,19.5,198,56,1.0,19.5,198,56,1.0,19.5,198,56,1.0,19.5,198,56,1.0,19.5,198,56,1.0,19.5,198,56,1.0,19.5,198,56,1.0,19.5,198,56,1.0,19.5,198,56,1.0,19.5,198,56,1.0,19.5,198,56,1.0,19.5,198,56,1.0,19.5,198,56,1.0,19.5,198,56,1.0,19.5,198,56,1.0,19.5,198,56,1.0,19.5,198,56,1.0,19.5,198,56,1.0,19.5,198,56,1.0,19.5,198,56,1.0,19.5,198,56,1.0,19.5,198,56,1.0,19.5,198,56,1.0,19.5,198,56,1.0,19.5,198,56,1.0,19.5,198,56,1.0,19.5,198,56,1.0,19.5,198,56,1.0,19.5
150,76.54,0.84,2.09,0,201,54,1.0,19.7,201,54,1.0,19.7,201,54,1.0,19.7,201,54,1.0,19.7,201,54,1.0,19.7,201,54,1.0,19.7,201,54,1.0,19.7,201,54,1.0,19.7,201,54,1.0,19.7,201,54,1.0,19.7,201,54,1.0,19.7,201,54,1.0,19.7,201,54,1.0,19.7,201,54,1.0,19.7,201,54,1.0,19.7,201,54,1.0,19.7,201,54,1.0,19.7,201,54,1.0,19.7,201,54,1.0,19.7,201,54,1.0,19.7,201,54,1.0,19.7,201,54,1.0,19.7,201,54,1.0,19.7,201,54,1.0,19.7,201,54,1.0,19.7,201,54,1.0,19.7,201,54,1.0,19.7,201,54,1.0,19.7,201,54,1.0,19.7,201,54,1.0,19.7,201,54,1.0,19.7,201,54,1.0,19.7
151,77.51,0.83,2.07,0,199,52,1.0,19.8,199,52,1.0,19.8,199,52,1.0,19.8,199,52,1.0,19.8,199,52,1.0,19.8,199,52,1.0,19.8,199,52,1.0,19.8,199,52,1.0,19.8,199,52,1.0,19.8,199,52,1.0,19.8,199,52,1.0,19.8,199,52,1.0,19.8,199,52,1.0,19.8,199,52,1.0,19.8,199,52,1.0,19.8,199,52,1.0,19.8,199,52,1.0,19.8,199,52,1.0,19.8,199,52,1.0,19.8,199,52,1.0,19.8,199,52,1.0,19.8,199,52,1.0,19.8,199,52,1.0,19.8,199,52,1.0,19.8,199,52,1.0,19.8,199,52,1.0,19.8,199,52,1.0,19.8,199,52,1.0,19.8,199,52,1.0,19.8,199,52,1.0,19.8,199,52,1.0,19.8,199,52,1.0,19.8
152,78.06,0.83,2.08,0,200,52,1.0,19.8,200,52,1.0,19.8,200,52,1.0,19.8,200,52,1.0,19.8,200,52,1.0,19.8,200,52,1.0,19.8,200,52,1.0,19.8,200,52,1.0,19.8,200,52,1.0,19.8,200,52,1.0,19.8,200,52,1.0,19.8,200,52,1.0,19.8,200,52,1.0,19.8,200,52,1.0,19.8,200,52,1.0,19.8,200,52,1.0,19.8,200,52,1.0,19.8,200,52,1.0,19.8,200,52,1.0,19.8,200,52,1.0,19.8,200,52,1.0,19.8,200,52,1.0,19.8,200,52,1.0,19.8,200,52,1.0,19.8,200,52,1.0,19.8,200,52,1.0,19.8,200,52,1.0,19.8,200,52,1.0,19.8,200,52,1.0,19.8,200,52,1.0,19.8,200,52,1.0,19.8,200,52,1.0,19.8
153,78.39,0.83,2.07,0,199,54,1.0,19.7,199,54,1.0,19.7,199,54,1.0,19.7,199,54,1.0,19.7,199,54,1.0,19.7,199,54,1.0,19.7,199,54,1.0,19.7,199,54,1.0,19.7,199,54,1.0,19.7,199,54,1.0,19.7,199,54,1.0,19.7,199,54,1.0,19.7,199,54,1.0,19.7,199,54,1.0,19.7,199,54,1.0,19.7,199,54,1.0,19.7,199,54,1.0,19.7,199,54,1.0,19.7,199,54,1.0,19.7,199,54,1.0,19.7,199,54,1.0,19.7,199,54,1.0,19.7,199,54,1.0,19.7,199,54,1.0,19.7,199,54,1.0,19.7,199,54,1.0,19.7,199,54,1.0,19.7,199,54,1.0,19.7,199,54,1.0,19.7,199,54,1.0,19.7,199,54,1.0,19.7,199,54,1.0,19.7
154,78.93,0.83,2.08,0,200,52,1.0,19.8,200,52,1.0,19.8,200,52,1.0,19.8,200,52,1.0,19.8,200,52,1.0,19.8,200,52,1.0,19.8,200,52,1.0,19.8,200,52,1.0,19.8,200,52,1.0,19.8,200,52,1.0,19.8,200,52,1.0,19.8,200,52,1.0,19.8,200,52,1.0,19.8,200,52,1.0,19.8,200,52,1.0,19.8,200,52,1.0,19.8,200,52,1.0,19.8,200,52,1.0,19.8,200,52,1.0,19.8,200,52,1.0,19.8,200,52,1.0,19.8,200,52,1.0,19.8,200,52,1.0,19.8,200,52,1.0,19.8,200,52,1.0,19.8,200,52,1.0,19.8,200,52,1.0,19.8,200,52,1.0,19.8,200,52,1.0,19.8,200,52,1.0,19.8,200,52,1.0,19.8,200,52,1.0,19.8
155,78.83,0.82,2.06,0,198,55,1.0,19.6,198,55,1.0,19.6,198,55,1.0,19.6,198,55,1.0,19.6,198,55,1.0,19.6,198,55,1.0,19.6,198,55,1.0,19.6,198,55,1.0,19.6,198,55,1.0,19.6,198,55,1.0,19.6,198,55,1.0,19.6,198,55,1.0,19.6,198,55,1.0,19.6,198,55,1.0,19.6,198,55,1.0,19.6,198,55,1.0,19.6,198,55,1.0,19.6,198,55,1.0,19.6,198,55,1.0,19.6,198,55,1.0,19.6,198,55,1.0,19.6,198,55,1.0,19.6,198,55,1.0,19.6,198,55,1.0,19.6,198,55,1.0,19.6,198,55,1.0,19.6,198,55,1.0,19.6,198,55,1.0,19.6,198,55,1.0,19.6,198,55,1.0,19.6,198,55,1.0,19.6,198,55,1.0,19.6
156,78.96,0.82,2.06,0,198,58,1.0,19.3,198,58,1.0,19.3,198,58,1.0,19.3,198,58,1.0,19.3,198,58,1.0,19.3,198,58,1.0,19.3,198,58,1.0,19.3,198,58,1.0,19.3,198,58,1.0,19.3,198,58,1.0,19.3,198,58,1.0,19.3,198,58,1.0,19.3,198,58,1.0,19.3,198,58,1.0,19.3,198,58,1.0,19.3,198,58,1.0,19.3,198,58,1.0,19.3,198,58,1.0,19.3,198,58,1.0,19.3,198,58,1.0,19.3,198,58,1.0,19.3,198,58,1.0,19.3,198,58,1.0,19.3,198,58,1.0,19.3,198,58,1.0,19.3,198,58,1.0,19.3,198,58,1.0,19.3,198,58,1.0,19.3,198,58,1.0,19.3,198,58,1.0,19.3,198,58,1.0,19.3,198,58,1.0,19.3
157,79.3,0.83,2.08,0,200,59,1.0,19.3,200,59,1.0,19.3,200,59,1.0,19.3,200,59,1.0,19.3,200,59,1.0,19.3,200,59,1.0,19.3,200,59,1.0,19.3,200,59,1.0,19.3,200,59,1.0,19.3,200,59,1.0,19.3,200,59,1.0,19.3,200,59,1.0,19.3,200,59,1.0,19.3,200,59,1.0,19.3,200,59,1.0,19.3,200,59,1.0,19.3,200,59,1.0,19.3,200,59,1.0,19.3,200,59,1.0,19.3,200,59,1.0,19.3,200,59,1.0,19.3,200,59,1.0,19.3,200,59,1.0,19.3,200,59,1.0,19.3,200,59,1.0,19.3,200,59,1.0,19.3,200,59,1.0,19.3,200,59,1.0,19.3,200,59,1.0,19.3,200,59,1.0,19.3,200,59,1.0,19.3,200,59,1.0,19.3
158,79.44,0.82,2.05,0,197,64,1.0,18.9,197,64,1.0,18.9,197,64,1.0,18.9,197,64,1.0,18.9,197,64,1.0,18.9,197,64,1.0,18.9,197,64,1.0,18.9,197,64,1.0,18.9,197,64,1.0,18.9,197,64,1.0,18.9,197,64,1.0,18.9,197,64,1.0,18.9,197,64,1.0,18.9,197,64,1.0,18.9,197,64,1.0,18.9,197,64,1.0,18.9,197,64,1.0,18.9,197,64,1.0,18.9,197,64,1.0,18.9,197,64,1.0,18.9,197,64,1.0,18.9,197,64,1.0,18.9,197,64,1.0,18.9,197,64,1.0,18.9,197,64,1.0,18.9,197,64,1.0,18.9,197,64,1.0,18.9,197,64,1.0,18.9,197,64,1.0,18.9,197,64,1.0,18.9,197,64,1.0,18.9,197,64,1.0,18.9
159,80.41,0.82,2.06,0,198,65,1.0,18.8,198,65,1.0,18.8,198,65,1.0,18.8,198,65,1.0,18.8,198,65,1.0,18.8,198,65,1.0,18.8,198,65,1.0,18.8,198,65,1.0,18.8,198,65,1.0,18.8,198,65,1.0,18.8,198,65,1.0,18.8,198,65,1.0,18.8,198,65,1.0,18.8,198,65,1.0,18.8,198,65,1.0,18.8,198,65,1.0,18.8,198,65,1.0,18.8,198,65,1.0,18.8,198,65,1.0,18.8,198,65,1.0,18.8,198,65,1.0,18.8,198,65,1.0,18.8,198,65,1.0,18.8,198,65,1.0,18.8,198,65,1.0,18.8,198,65,1.0,18.8,198,65,1.0,18.8,198,65,1.0,18.8,198,65,1.0,18.8,198,65,1.0,18.8,198,65,1.0,18.8,198,65,1.0,18.8
160,81.17,0.83,2.07,0,199,64,1.0,18.9,199,64,1.0,18.9,199,64,1.0,18.9,199,64,1.0,18.9,199,64,1.0,18.9,199,64,1.0,18.9,199,64,1.0,18.9,199,64,1.0,18.9,199,64,1.0,18.9,199,64,1.0,18.9,199,64,1.0,18.9,199,64,1.0,18.9,199,64,1.0,18.9,199,64,1.0,18.9,199,64,1.0,18.9,199,64,1.0,18.9,199,64,1.0,18.9,199,64,1.0,18.9,199,64,1.0,18.9,199,64,1.0,18.9,199,64,1.0,18.9,199,64,1.0,18.9,199,64,1.0,18.9,199,64,1.0,18.9,199,64,1.0,18.9,199,64,1.0,18.9,199,64,1.0,18.9,199,64,1.0,18.9,199,64,1.0,18.9,199,64,1.0,18.9,199,64,1.0,18.9,199,64,1.0,18.9
161,82.14,0.83,2.07,0,199,65,1.0,18.8,199,65,1.0,18.8,199,65,1.0,18.8,199,65,1.0,18.8,199,65,1.0,18.8,199,65,1.0,18.8,199,65,1.0,18.8,199,65,1.0,18.8,199,65,1.0,18.8,199,65,1.0,18.8,199,65,1.0,18.8,199,65,1.0,18.8,199,65,1.0,18.8,199,65,1.0,18.8,199,65,1.0,18.8,199,65,1.0,18.8,199,65,1.0,18.8,199,65,1.0,18.8,199,65,1.0,18.8,199,65,1.0,18.8,199,65,1.0,18.8,199,65,1.0,18.8,199,65,1.0,18.8,199,65,1.0,18.8,199,65,1.0,18.8,199,65,1.0,18.8,199,65,1.0,18.8,199,65,1.0,18.8,199,65,1.0,18.8,199,65,1.0,18.8,199,65,1.0,18.8,199,65,1.0,18.8
162,82.47,0.82,2.05,0,197,70,1.0,18.4,197,70,1.0,18.4,197,70,1.0,18.4,197,70,1.0,18.4,197,70,1.0,18.4,197,70,1.0,18.4,197,70,1.0,18.4,197,70,1.0,18.4,197,70,1.0,18.4,197,70,1.0,18.4,197,70,1.0,18.4,197,70,1.0,18.4,197,70,1.0,18.4,197,70,1.0,18.4,197,70,1.0,18.4,197,70,1.0,18.4,197,70,1.0,18.4,197,70,1.0,18.4,197,70,1.0,18.4,197,70,1.0,18.4,197,70,1.0,18.4,197,70,1.0,18.4,197,70,1.0,18.4,197,70,1.0,18.4,197,70,1.0,18.4,197,70,1.0,18.4,197,70,1.0,18.4,197,70,1.0,18.4,197,70,1.0,18.4,197,70,1.0,18.4,197,70,1.0,18.4,197,70,1.0,18.4
163,83.45,0.82,2.05,0,197,72,1.0,18.3,197,72,1.0,18.3,197,72,1.0,18.3,197,72,1.0,18.3,197,72,1.0,18.3,197,72,1.0,18.3,197,72,1.0,18.3,197,72,1.0,18.3,197,72,1.0,18.3,197,72,1.0,18.3,197,72,1.0,18.3,197,72,1.0,18.3,197,72,1.0,18.3,197,72,1.0,18.3,197,72,1.0,18.3,197,72,1.0,18.3,197,72,1.0,18.3,197,72,1.0,18.3,197,72,1.0,18.3,197,72,1.0,18.3,197,72,1.0,18.3,197,72,1.0,18.3,197,72,1.0,18.3,197,72,1.0,18.3,197,72,1.0,18.3,197,72,1.0,18.3,197,72,1.0,18.3,197,72,1.0,18.3,197,72,1.0,18.3,197,72,1.0,18.3,197,72,1.0,18.3,197,72,1.0,18.3
164,83.77,0.82,2.05,0,197,73,1.0,18.2,197,73,1.0,18.2,197,73,1.0,18.2,197,73,1.0,18.2,197,73,1.0,18.2,197,73,1.0,18.2,197,73,1.0,18.2,197,73,1.0,18.2,197,73,1.0,18.2,197,73,1.0,18.2,197,73,1.0,18.2,197,73,1.0,18.2,197,73,1.0,18.2,197,73,1.0,18.2,197,73,1.0,18.2,197,73,1.0,18.2,197,73,1.0,18.2,197,73,1.0,18.2,197,73,1.0,18.2,197,73,1.0,18.2,197,73,1.0,18.2,197,73,1.0,18.2,197,73,1.0,18.2,197,73,1.0,18.2,197,73,1.0,18.2,197,73,1.0,18.2,197,73,1.0,18.2,197,73,1.0,18.2,197,73,1.0,18.2,197,73,1.0,18.2,197,73,1.0,18.2,197,73,1.0,18.2
165,84.31,0.81,2.03,0,195,76,1.0,18.0,195,76,1.0,18.0,195,76,1.0,18.0,195,76,1.0,18.0,195,76,1.0,18.0,195,76,1.0,18.0,195,76,1.0,18.0,195,76,1.0,18.0,195,76,1.0,18.0,195,76,1.0,18.0,195,76,1.0,18.0,195,76,1.0,18.0,195,76,1.0,18.0,195,76,1.0,18.0,195,76,1.0,18.0,195,76,1.0,18.0,195,76,1.0,18.0,195,76,1.0,18.0,195,76,1.0,18.0,195,76,1.0,18.0,195,76,1.0,18.0,195,76,1.0,18.0,195,76,1.0,18.0,195,76,1.0,18.0,195,76,1.0,18.0,195,76,1.0,18.0,195,76,1.0,18.0,195,76,1.0,18.0,195,76,1.0,18.0,195,76,1.0,18.0,195,76,1.0,18.0,195,76,1.0,18.0
166,85.07,0.82,2.04,0,196,76,1.0,18.0,196,76,1.0,18.0,196,76,1.0,18.0,196,76,1.0,18.0,196,76,1.0,18.0,196,76,1.0,18.0,196,76,1.0,18.0,196,76,1.0,18.0,196,76,1.0,18.0,196,76,1.0,18.0,196,76,1.0,18.0,196,76,1.0,18.0,196,76,1.0,18.0,196,76,1.0,18.0,196,76,1.0,18.0,196,76,1.0,18.0,196,76,1.0,18.0,196,76,1.0,18.0,196,76,1.0,18.0,196,76,1.0,18.0,196,76,1.0,18.0,196,76,1.0,18.0,196,76,1.0,18.0,196,76,1.0,18.0,196,76,1.0,18.0,196,76,1.0,18.0,196,76,1.0,18.0,196,76,1.0,18.0,196,76,1.0,18.0,196,76,1.0,18.0,196,76,1.0,18.0,196,76,1.0,18.0
167,85.6,0.81,2.03,0,195,80,1.0,17.7,195,80,1.0,17.7,195,80,1.0,17.7,195,80,1.0,17.7,195,80,1.0,17.7,195,80,1.0,17.7,195,80,1.0,17.7,195,80,1.0,17.7,195,80,1.0,17.7,195,80,1.0,17.7,195,80,1.0,17.7,195,80,1.0,17.7,195,80,1.0,17.7,195,80,1.0,17.7,195,80,1.0,17.7,195,80,1.0,17.7,195,80,1.0,17.7,195,80,1.0,17.7,195,80,1.0,17.7,195,80,1.0,17.7,195,80,1.0,17.7,195,80,1.0,17.7,195,80,1.0,17.7,195,80,1.0,17.7,195,80,1.0,17.7,195,80,1.0,17.7,195,80,1.0,17.7,195,80,1.0,17.7,195,80,1.0,17.7,195,80,1.0,17.7,195,80,1.0,17.7,195,80,1.0,17.7
168,85.71,0.82,2.04,0,196,80,1.0,17.8,196,80,1.0,17.8,196,80,1.0,17.8,196,80,1.0,17.8,196,80,1.0,17.8,196,80,1.0,17.8,196,80,1.0,17.8,196,80,1.0,17.8,196,80,1.0,17.8,196,80,1.0,17.8,196,80,1.0,17.8,196,80,1.0,17.8,196,80,1.0,17.8,196,80,1.0,17.8,196,80,1.0,17.8,196,80,1.0,17.8,196,80,1.0,17.8,196,80,1.0,17.8,196,80,1.0,17.8,196,80,1.0,17.8,196,80,1.0,17.8,196,80,1.0,17.8,196,80,1.0,17.8,196,80,1.0,17.8,196,80,1.0,17.8,196,80,1.0,17.8,196,80,1.0,17.8,196,80,1.0,17.8,196,80,1.0,17.8,196,80,1.0,17.8,196,80,1.0,17.8,196,80,1.0,17.8
169,86.68,0.82,2.05,0,197,80,1.0,17.8,197,80,1.0,17.8,197,80,1.0,17.8,197,80,1.0,17.8,197,80,1.0,17.8,197,80,1.0,17.8,197,80,1.0,17.8,197,80,1.0,17.8,197,80,1.0,17.8,197,80,1.0,17.8,197,80,1.0,17.8,197,80,1.0,17.8,197,80,1.0,17.8,197,80,1.0,17.8,197,80,1.0,17.8,197,80,1.0,17.8,197,80,1.0,17.8,197,80,1.0,17.8,197,80,1.0,17.8,197,80,1.0,17.8,197,80,1.0,17.8,197,80,1.0,17.8,197,80,1.0,17.8,197,80,1.0,17.8,197,80,1.0,17.8,197,80,1.0,17.8,197,80,1.0,17.8,197,80,1.0,17.8,197,80,1.0,17.8,197,80,1.0,17.8,197,80,1.0,17.8,197,80,1.0,17.8
170,87.22,0.82,2.05,0,197,82,1.0,17.7,197,82,1.0,17.7,197,82,1.0,17.7,197,82,1.0,17.7,197,82,1.0,17.7,197,82,1.0,17.7,197,82,1.0,17.7,197,82,1.0,17.7,197,82,1.0,17.7,197,82,1.0,17.7,197,82,1.0,17.7,197,82,1.0,17.7,197,82,1.0,17.7,197,82,1.0,17.7,197,82,1.0,17.7,197,82,1.0,17.7,197,82,1.0,17.7,197,82,1.0,17.7,197,82,1.0,17.7,197,82,1.0,17.7,197,82,1.0,17.7,197,82,1.0,17.7,197,82,1.0,17.7,197,82,1.0,17.7,197,82,1.0,17.7,197,82,1.0,17.7,197,82,1.0,17.7,197,82,1.0,17.7,197,82,1.0,17.7,197,82,1.0,17.7,197,82,1.0,17.7,197,82,1.0,17.7
171,87.54,0.82,2.04,0,196,85,1.0,17.4,196,85,1.0,17.4,196,85,1.0,17.4,196,85,1.0,17.4,196,85,1.0,17.4,196,85,1.0,17.4,196,85,1.0,17.4,196,85,1.0,17.4,196,85,1.0,17.4,196,85,1.0,17.4,196,85,1.0,17.4,196,85,1.0,17.4,196,85,1.0,17.4,196,85,1.0,17.4,196,85,1.0,17.4,196,85,1.0,17.4,196,85,1.0,17.4,196,85,1.0,17.4,196,85,1.0,17.4,196,85,1.0,17.4,196,85,1.0,17.4,196,85,1.0,17.4,196,85,1.0,17.4,196,85,1.0,17.4,196,85,1.0,17.4,196,85,1.0,17.4,196,85,1.0,17.4,196,85,1.0,17.4,196,85,1.0,17.4,196,85,1.0,17.4,196,85,1.0,17.4,196,85,1.0,17.4
172,87.44,0.83,2.07,0,199,83,1.0,17.6,199,83,1.0,17.6,199,83,1.0,17.6,199,83,1.0,17.6,199,83,1.0,17.6,199,83,1.0,17.6,199,83,1.0,17.6,199,83,1.0,17.6,199,83,1.0,17.6,199,83,1.0,17.6,199,83,1.0,17.6,199,83,1.0,17.6,199,83,1.0,17.6,199,83,1.0,17.6,199,83,1.0,17.6,199,83,1.0,17.6,199,83,1.0,17.6,199,83,1.0,17.6,199,83,1.0,17.6,199,83,1.0,17.6,199,83,1.0,17.6,199,83,1.0,17.6,199,83,1.0,17.6,199,83,1.0,17.6,199,83,1.0,17.6,199,83,1.0,17.6,199,83,1.0,17.6,199,83,1.0,17.6,199,83,1.0,17.6,199,83,1.0,17.6,199,83,1.0,17.6,199,83,1.0,17.6
173,88.19,0.82,2.06,0,198,87,1.0,17.4,198,87,1.0,17.4,198,87,1.0,17.4,198,87,1.0,17.4,198,87,1.0,17.4,198,87,1.0,17.4,198,87,1.0,17.4,198,87,1.0,17.4,198,87,1.0,17.4,198,87,1.0,17.4,198,87,1.0,17.4,198,87,1.0,17.4,198,87,1.0,17.4,198,87,1.0,17.4,198,87,1.0,17.4,198,87,1.0,17.4,198,87,1.0,17.4,198,87,1.0,17.4,198,87,1.0,17.4,198,87,1.0,17.4,198,87,1.0,17.4,198,87,1.0,17.4,198,87,1.0,17.4,198,87,1.0,17.4,198,87,1.0,17.4,198,87,1.0,17.4,198,87,1.0,17.4,198,87,1.0,17.4,198,87,1.0,17.4,198,87,1.0,17.4,198,87,1.0,17.4,198,87,1.0,17.4
174,88.95,0.83,2.08,0,200,90,1.0,17.2,200,90,1.0,17.2,200,90,1.0,17.2,200,90,1.0,17.2,200,90,1.0,17.2,200,90,1.0,17.2,200,90,1.0,17.2,200,90,1.0,17.2,200,90,1.0,17.2,200,90,1.0,17.2,200,90,1.0,17.2,200,90,1.0,17.2,200,90,1.0,17.2,200,90,1.0,17.2,200,90,1.0,17.2,200,90,1.0,17.2,200,90,1.0,17.2,200,90,1.0,17.2,200,90,1.0,17.2,200,90,1.0,17.2,200,90,1.0,17.2,200,90,1.0,17.2,200,90,1.0,17.2,200,90,1.0,17.2,200,90,1.0,17.2,200,90,1.0,17.2,200,90,1.0,17.2,200,90,1.0,17.2,200,90,1.0,17.2,200,90,1.0,17.2,200,90,1.0,17.2,200,90,1.0,17.2
175,89.06,0.84,2.09,0,201,86,1.0,17.5,201,86,1.0,17.5,201,86,1.0,17.5,201,86,1.0,17.5,201,86,1.0,17.5,201,86,1.0,17.5,201,86,1.0,17.5,201,86,1.0,17.5,201,86,1.0,17.5,201,86,1.0,17.5,201,86,1.0,17.5,201,86,1.0,17.5,201,86,1.0,17.5,201,86,1.0,17.5,201,86,1.0,17.5,201,86,1.0,17.5,201,86,1.0,17.5,201,86,1.0,17.5,201,86,1.0,17.5,201,86,1.0,17.5,201,86,1.0,17.5,201,86,1.0,17.5,201,86,1.0,17.5,201,86,1.0,17.5,201,86,1.0,17.5,201,86,1.0,17.5,201,86,1.0,17.5,201,86,1.0,17.5,201,86,1.0,17.5,201,86,1.0,17.5,201,86,1.0,17.5,201,86,1.0,17.5
176,89.82,0.85,2.11,0,203,86,1.0,17.6,203,86,1.0,17.6,203,86,1.0,17.6,203,86,1.0,17.6,203,86,1.0,17.6,203,86,1.0,17.6,203,86,1.0,17.6,203,86,1.0,17.6,203,86,1.0,17.6,203,86,1.0,17.6,203,86,1.0,17.6,203,86,1.0,17.6,203,86,1.0,17.6,203,86,1.0,17.6,203,86,1.0,17.6,203,86,1.0,17.6,203,86,1.0,17.6,203,86,1.0,17.6,203,86,1.0,17.6,203,86,1.0,17.6,203,86,1.0,17.6,203,86,1.0,17.6,203,86,1.0,17.6,203,86,1.0,17.6,203,86,1.0,17.6,203,86,1.0,17.6,203,86,1.0,17.6,203,86,1.0,17.6,203,86,1.0,17.6,203,86,1.0,17.6,203,86,1.0,17.6,203,86,1.0,17.6
177,90.57,0.86,2.16,0,207,81,1.0,18.0,207,81,1.0,18.0,207,81,1.0,18.0,207,81,1.0,18.0,207,81,1.0,18.0,207,81,1.0,18.0,207,81,1.0,18.0,207,81,1.0,18.0,207,81,1.0,18.0,207,81,1.0,18.0,207,81,1.0,18.0,207,81,1.0,18.0,207,81,1.0,18.0,207,81,1.0,18.0,207,81,1.0,18.0,207,81,1.0,18.0,207,81,1.0,18.0,207,81,1.0,18.0,207,81,1.0,18.0,207,81,1.0,18.0,207,81,1.0,18.0,207,81,1.0,18.0,207,81,1.0,18.0,207,81,1.0,18.0,207,81,1.0,18.0,207,81,1.0,18.0,207,81,1.0,18.0,207,81,1.0,18.0,207,81,1.0,18.0,207,81,1.0,18.0,207,81,1.0,18.0,207,81,1.0,18.0
178,91.54,0.87,2.18,0,209,83,1.0,17.9,209,83,1.0,17.9,209,83,1.0,17.9,209,83,1.0,17.9,209,83,1.0,17.9,209,83,1.0,17.9,209,83,1.0,17.9,209,83,1.0,17.9,209,83,1.0,17.9,209,83,1.0,17.9,209,83,1.0,17.9,209,83,1.0,17.9,209,83,1.0,17.9,209,83,1.0,17.9,209,83,1.0,17.9,209,83,1.0,17.9,209,83,1.0,17.9,209,83,1.0,17.9,209,83,1.0,17.9,209,83,1.0,17.9,209,83,1.0,17.9,209,83,1.0,17.9,209,83,1.0,17.9,209,83,1.0,17.9,209,83,1.0,17.9,209,83,1.0,17.9,209,83,1.0,17.9,209,83,1.0,17.9,209,83,1.0,17.9,209,83,1.0,17.9,209,83,1.0,17.9,209,83,1.0,17.9
179,91.86,0.88,2.21,0,212,86,1.0,17.8,212,86,1.0,17.8,212,86,1.0,17.8,212,86,1.0,17.8,212,86,1.0,17.8,212,86,1.0,17.8,212,86,1.0,17.8,212,86,1.0,17.8,212,86,1.0,17.8,212,86,1.0,17.8,212,86,1.0,17.8,212,86,1.0,17.8,212,86,1.0,17.8,212,86,1.0,17.8,212,86,1.0,17.8,212,86,1.0,17.8,212,86,1.0,17.8,212,86,1.0,17.8,212,86,1.0,17.8,212,86,1.0,17.8,212,86,1.0,17.8,212,86,1.0,17.8,212,86,1.0,17.8,212,86,1.0,17.8,212,86,1.0,17.8,212,86,1.0,17.8,212,86,1.0,17.8,212,86,1.0,17.8,212,86,1.0,17.8,212,86,1.0,17.8,212,86,1.0,17.8,212,86,1.0,17.8
180,92.39,0.89,2.23,0,214,78,1.0,18.3,214,78,1.0,18.3,214,78,1.0,18.3,214,78,1.0,18.3,214,78,1.0,18.3,214,78,1.0,18.3,214,78,1.0,18.3,214,78,1.0,18.3,214,78,1.0,18.3,214,78,1.0,18.3,214,78,1.0,18.3,214,78,1.0,18.3,214,78,1.0,18.3,214,78,1.0,18.3,214,78,1.0,18.3,214,78,1.0,18.3,214,78,1.0,18.3,214,78,1.0,18.3,214,78,1.0,18.3,214,78,1.0,18.3,214,78,1.0,18.3,214,78,1.0,18.3,214,78,1.0,18.3,214,78,1.0,18.3,214,78,1.0,18.3,214,78,1.0,18.3,214,78,1.0,18.3,214,78,1.0,18.3,214,78,1.0,18.3,214,78,1.0,18.3,214,78,1.0,18.3,214,78,1.0,18.3
181,93.14,0.9,2.26,0,217,75,1.0,18.6,217,75,1.0,18.6,217,75,1.0,18.6,217,75,1.0,18.6,217,75,1.0,18.6,217,75,1.0,18.6,217,75,1.0,18.6,217,75,1.0,18.6,217,75,1.0,18.6,217,75,1.0,18.6,217,75,1.0,18.6,217,75,1.0,18.6,217,75,1.0,18.6,217,75,1.0,18.6,217,75,1.0,18.6,217,75,1.0,18.6,217,75,1.0,18.6,217,75,1.0,18.6,217,75,1.0,18.6,217,75,1.0,18.6,217,75,1.0,18.6,217,75,1.0,18.6,217,75,1.0,18.6,217,75,1.0,18.6,217,75,1.0,18.6,217,75,1.0,18.6,217,75,1.0,18.6,217,75,1.0,18.6,217,75,1.0,18.6,217,75,1.0,18.6,217,75,1.0,18.6,217,75,1.0,18.6
182,94.11,0.9,2.24,0,215,81,1.0,18.2,215,81,1.0,18.2,215,81,1.0,18.2,215,81,1.0,18.2,215,81,1.0,18.2,215,81,1.0,18.2,215,81,1.0,18.2,215,81,1.0,18.2,215,81,1.0,18.2,215,81,1.0,18.2,215,81,1.0,18.2,215,81,1.0,18.2,215,81,1.0,18.2,215,81,1.0,18.2,215,81,1.0,18.2,215,81,1.0,18.2,215,81,1.0,18.2,215,81,1.0,18.2,215,81,1.0,18.2,215,81,1.0,18.2,215,81,1.0,18.2,215,81,1.0,18.2,215,81,1.0,18.2,215,81,1.0,18.2,215,81,1.0,18.2,215,81,1.0,18.2,215,81,1.0,18.2,215,81,1.0,18.2,215,81,1.0,18.2,215,81,1.0,18.2,215,81,1.0,18.2,215,81,1.0,18.2
183,94.86,0.91,2.27,0,218,77,1.0,18.5,218,77,1.0,18.5,218,77,1.0,18.5,218,77,1.0,18.5,218,77,1.0,18.5,218,77,1.0,18.5,218,77,1.0,18.5,218,77,1.0,18.5,218,77,1.0,18.5,218,77,1.0,18.5,218,77,1.0,18.5,218,77,1.0,18.5,218,77,1.0,18.5,218,77,1.0,18.5,218,77,1.0,18.5,218,77,1.0,18.5,218,77,1.0,18.5,218,77,1.0,18.5,218,77,1.0,18.5,218,77,1.0,18.5,218,77,1.0,18.5,218,77,1.0,18.5,218,77,1.0,18.5,218,77,1.0,18.5,218,77,1.0,18.5,218,77,1.0,18.5,218,77,1.0,18.5,218,77,1.0,18.5,218,77,1.0,18.5,218,77,1.0,18.5,218,77,1.0,18.5,218,77,1.0,18.5
184,95.16,0.91,2.28,0,219,77,1.0,18.5,219,77,1.0,18.5,219,77,1.0,18.5,219,77,1.0,18.5,219,77,1.0,18.5,219,77,1.0,18.5,219,77,1.0,18.5,219,77,1.0,18.5,219,77,1.0,18.5,219,77,1.0,18.5,219,77,1.0,18.5,219,77,1.0,18.5,219,77,1.0,18.5,219,77,1.0,18.5,219,77,1.0,18.5,219,77,1.0,18.5,219,77,1.0,18.5,219,77,1.0,18.5,219,77,1.0,18.5,219,77,1.0,18.5,219,77,1.0,18.5,219,77,1.0,18.5,219,77,1.0,18.5,219,77,1.0,18.5,219,77,1.0,18.5,219,77,1.0,18.5,219,77,1.0,18.5,219,77,1.0,18.5,219,77,1.0,18.5,219,77,1.0,18.5,219,77,1.0,18.5,219,77,1.0,18.5
185,95.46,0.93,2.32,0,223,77,1.0,18.6,223,77,1.0,18.6,223,77,1.0,18.6,223,77,1.0,18.6,223,77,1.0,18.6,223,77,1.0,18.6,223,77,1.0,18.6,223,77,1.0,18.6,223,77,1.0,18.6,223,77,1.0,18.6,223,77,1.0,18.6,223,77,1.0,18.6,223,77,1.0,18.6,223,77,1.0,18.6,223,77,1.0,18.6,223,77,1.0,18.6,223,77,1.0,18.6,223,77,1.0,18.6,223,77,1.0,18.6,223,77,1.0,18.6,223,77,1.0,18.6,223,77,1.0,18.6,223,77,1.0,18.6,223,77,1.0,18.6,223,77,1.0,18.6,223,77,1.0,18.6,223,77,1.0,18.6,223,77,1.0,18.6,223,77,1.0,18.6,223,77,1.0,18.6,223,77,1.0,18.6,223,77,1.0,18.6
186,95.99,0.93,2.32,0,223,76,1.0,18.6,223,76,1.0,18.6,223,76,1.0,18.6,223,76,1.0,18.6,223,76,1.0,18.6,223,76,1.0,18.6,223,76,1.0,18.6,223,76,1.0,18.6,223,76,1.0,18.6,223,76,1.0,18.6,223,76,1.0,18.6,223,76,1.0,18.6,223,76,1.0,18.6,223,76,1.0,18.6,223,76,1.0,18.6,223,76,1.0,18.6,223,76,1.0,18.6,223,76,1.0,18.6,223,76,1.0,18.6,223,76,1.0,18.6,223,76,1.0,18.6,223,76,1.0,18.6,223,76,1.0,18.6,223,76,1.0,18.6,223,76,1.0,18.6,223,76,1.0,18.6,223,76,1.0,18.6,223,76,1.0,18.6,223,76,1.0,18.6,223,76,1.0,18.6,223,76,1.0,18.6,223,76,1.0,18.6
187,96.52,0.94,2.35,0,226,72,1.0,19.0,226,72,1.0,19.0,226,72,1.0,19.0,226,72,1.0,19.0,226,72,1.0,19.0,226,72,1.0,19.0,226,72,1.0,19.0,226,72,1.0,19.0,226,72,1.0,19.0,226,72,1.0,19.0,226,72,1.0,19.0,226,72,1.0,19.0,226,72,1.0,19.0,226,72,1.0,19.0,226,72,1.0,19.0,226,72,1.0,19.0,226,72,1.0,19.0,226,72,1.0,19.0,226,72,1.0,19.0,226,72,1.0,19.0,226,72,1.0,19.0,226,72,1.0,19.0,226,72,1.0,19.0,226,72,1.0,19.0,226,72,1.0,19.0,226,72,1.0,19.0,226,72,1.0,19.0,226,72,1.0,19.0,226,72,1.0,19.0,226,72,1.0,19.0,226,72,1.0,19.0,226,72,1.0,19.0
188,96.82,0.95,2.39,0,229,72,1.0,19.0,229,72,1.0,19.0,229,72,1.0,19.0,229,72,1.0,19.0,229,72,1.0,19.0,229,72,1.0,19.0,229,72,1.0,19.0,229,72,1.0,19.0,229,72,1.0,19.0,229,72,1.0,19.0,229,72,1.0,19.0,229,72,1.0,19.0,229,72,1.0,19.0,229,72,1.0,19.0,229,72,1.0,19.0,229,72,1.0,19.0,229,72,1.0,19.0,229,72,1.0,19.0,229,72,1.0,19.0,229,72,1.0,19.0,229,72,1.0,19.0,229,72,1.0,19.0,229,72,1.0,19.0,229,72,1.0,19.0,229,72,1.0,19.0,229,72,1.0,19.0,229,72,1.0,19.0,229,72,1.0,19.0,229,72,1.0,19.0,229,72,1.0,19.0,229,72,1.0,19.0,229,72,1.0,19.0
189,96.91,0.95,2.39,0,229,74,1.0,18.9,229,74,1.0,18.9,229,74,1.0,18.9,229,74,1.0,18.9,229,74,1.0,18.9,229,74,1.0,18.9,229,74,1.0,18.9,229,74,1.0,18.9,229,74,1.0,18.9,229,74,1.0,18.9,229,74,1.0,18.9,229,74,1.0,18.9,229,74,1.0,18.9,229,74,1.0,18.9,229,74,1.0,18.9,229,74,1.0,18.9,229,74,1.0,18.9,229,74,1.0,18.9,229,74,1.0,18.9,229,74,1.0,18.9,229,74,1.0,18.9,229,74,1.0,18.9,229,74,1.0,18.9,229,74,1.0,18.9,229,74,1.0,18.9,229,74,1.0,18.9,229,74,1.0,18.9,229,74,1.0,18.9,229,74,1.0,18.9,229,74,1.0,18.9,229,74,1.0,18.9,229,74,1.0,18.9
190,97.22,0.96,2.41,0,231,72,1.0,19.1,231,72,1.0,19.1,231,72,1.0,19.1,231,72,1.0,19.1,231,72,1.0,19.1,231,72,1.0,19.1,231,72,1.0,19.1,231,72,1.0,19.1,231,72,1.0,19.1,231,72,1.0,19.1,231,72,1.0,19.1,231,72,1.0,19.1,231,72,1.0,19.1,231,72,1.0,19.1,231,72,1.0,19.1,231,72,1.0,19.1,231,72,1.0,19.1,231,72,1.0,19.1,231,72,1.0,19.1,231,72,1.0,19.1,231,72,1.0,19.1,231,72,1.0,19.1,231,72,1.0,19.1,231,72,1.0,19.1,231,72,1.0,19.1,231,72,1.0,19.1,231,72,1.0,19.1,231,72,1.0,19.1,231,72,1.0,19.1,231,72,1.0,19.1,231,72,1.0,19.1,231,72,1.0,19.1
191,98.19,0.96,2.41,0,231,72,1.0,19.1,231,72,1.0,19.1,231,72,1.0,19.1,231,72,1.0,19.1,231,72,1.0,19.1,231,72,1.0,19.1,231,72,1.0,19.1,231,72,1.0,19.1,231,72,1.0,19.1,231,72,1.0,19.1,231,72,1.0,19.1,231,72,1.0,19.1,231,72,1.0,19.1,231,72,1.0,19.1,231,72,1.0,19.1,231,72,1.0,19.1,231,72,1.0,19.1,231,72,1.0,19.1,231,72,1.0,19.1,231,72,1.0,19.1,231,72,1.0,19.1,231,72,1.0,19.1,231,72,1.0,19.1,231,72,1.0,19.1,231,72,1.0,19.1,231,72,1.0,19.1,231,72,1.0,19.1,231,72,1.0,19.1,231,72,1.0,19.1,231,72,1.0,19.1,231,72,1.0,19.1,231,72,1.0,19.1
192,99.16,0.97,2.44,0,234,70,1.0,19.2,234,70,1.0,19.2,234,70,1.0,19.2,234,70,1.0,19.2,234,70,1.0,19.2,234,70,1.0,19.2,234,70,1.0,19.2,234,70,1.0,19.2,234,70,1.0,19.2,234,70,1.0,19.2,234,70,1.0,19.2,234,70,1.0,19.2,234,70,1.0,19.2,234,70,1.0,19.2,234,70,1.0,19.2,234,70,1.0,19.2,234,70,1.0,19.2,234,70,1.0,19.2,234,70,1.0,19.2,234,70,1.0,19.2,234,70,1.0,19.2,234,70,1.0,19.2,234,70,1.0,19.2,234,70,1.0,19.2,234,70,1.0,19.2,234,70,1.0,19.2,234,70,1.0,19.2,234,70,1.0,19.2,234,70,1.0,19.2,234,70,1.0,19.2,234,70,1.0,19.2,234,70,1.0,19.2
193,99.68,0.99,2.47,0,237,66,1.0,19.6,237,66,1.0,19.6,237,66,1.0,19.6,237,66,1.0,19.6,237,66,1.0,19.6,237,66,1.0,19.6,237,66,1.0,19.6,237,66,1.0,19.6,237,66,1.0,19.6,237,66,1.0,19.6,237,66,1.0,19.6,237,66,1.0,19.6,237,66,1.0,19.6,237,66,1.0,19.6,237,66,1.0,19.6,237,66,1.0,19.6,237,66,1.0,19.6,237,66,1.0,19.6,237,66,1.0,19.6,237,66,1.0,19.6,237,66,1.0,19.6,237,66,1.0,19.6,237,66,1.0,19.6,237,66,1.0,19.6,237,66,1.0,19.6,237,66,1.0,19.6,237,66,1.0,19.6,237,66,1.0,19.6,237,66,1.0,19.6,237,66,1.0,19.6,237,66,1.0,19.6,237,66,1.0,19.6
194,99.98,0.99,2.48,0,238,65,1.0,19.6,238,65,1.0,19.6,238,65,1.0,19.6,238,65,1.0,19.6,238,65,1.0,19.6,238,65,1.0,19.6,238,65,1.0,19.6,238,65,1.0,19.6,238,65,1.0,19.6,238,65,1.0,19.6,238,65,1.0,19.6,238,65,1.0,19.6,238,65,1.0,19.6,238,65,1.0,19.6,238,65,1.0,19.6,238,65,1.0,19.6,238,65,1.0,19.6,238,65,1.0,19.6,238,65,1.0,19.6,238,65,1.0,19.6,238,65,1.0,19.6,238,65,1.0,19.6,238,65,1.0,19.6,238,65,1.0,19.6,238,65,1.0,19.6,238,65,1.0,19.6,238,65,1.0,19.6,238,65,1.0,19.6,238,65,1.0,19.6,238,65,1.0,19.6,238,65,1.0,19.6,238,65,1.0,19.6
195,100.95,1.0,2.51,0,241,62,1.0,19.9,241,62,1.0,19.9,241,62,1.0,19.9,241,62,1.0,19.9,241,62,1.0,19.9,241,62,1.0,19.9,241,62,1.0,19.9,241,62,1.0,19.9,241,62,1.0,19.9,241,62,1.0,19.9,241,62,1.0,19.9,241,62,1.0,19.9,241,62,1.0,19.9,241,62,1.0,19.9,241,62,1.0,19.9,241,62,1.0,19.9,241,62,1.0,19.9,241,62,1.0,19.9,241,62,1.0,19.9,241,62,1.0,19.9,241,62,1.0,19.9,241,62,1.0,19.9,241,62,1.0,19.9,241,62,1.0,19.9,241,62,1.0,19.9,241,62,1.0,19.9,241,62,1.0,19.9,241,62,1.0,19.9,241,62,1.0,19.9,241,62,1.0,19.9,241,62,1.0,19.9,241,62,1.0,19.9
196,101.91,1.0,2.51,0,241,61,1.0,20.0,241,61,1.0,20.0,241,61,1.0,20.0,241,61,1.0,20.0,241,61,1.0,20.0,241,61,1.0,20.0,241,61,1.0,20.0,241,61,1.0,20.0,241,61,1.0,20.0,241,61,1.0,20.0,241,61,1.0,20.0,241,61,1.0,20.0,241,61,1.0,20.0,241,61,1.0,20.0,241,61,1.0,20.0,241,61,1.0,20.0,241,61,1.0,20.0,241,61,1.0,20.0,241,61,1.0,20.0,241,61,1.0,20.0,241,61,1.0,20.0,241,61,1.0,20.0,241,61,1.0,20.0,241,61,1.0,20.0,241,61,1.0,20.0,241,61,1.0,20.0,241,61,1.0,20.0,241,61,1.0,20.0,241,61,1.0,20.0,241,61,1.0,20.0,241,61,1.0,20.0,241,61,1.0,20.0
197,102.65,1.02,2.54,0,244,58,1.0,20.2,244,58,1.0,20.2,244,58,1.0,20.2,244,58,1.0,20.2,244,58,1.0,20.2,244,58,1.0,20.2,244,58,1.0,20.2,244,58,1.0,20.2,244,58,1.0,20.2,244,58,1.0,20.2,244,58,1.0,20.2,244,58,1.0,20.2,244,58,1.0,20.2,244,58,1.0,20.2,244,58,1.0,20.2,244,58,1.0,20.2,244,58,1.0,20.2,244,58,1.0,20.2,244,58,1.0,20.2,244,58,1.0,20.2,244,58,1.0,20.2,244,58,1.0,20.2,244,58,1.0,20.2,244,58,1.0,20.2,244,58,1.0,20.2,244,58,1.0,20.2,244,58,1.0,20.2,244,58,1.0,20.2,244,58,1.0,20.2,244,58,1.0,20.2,244,58,1.0,20.2,244,58,1.0,20.2
198,102.94,1.03,2.57,0,247,57,1.0,20.3,247,57,1.0,20.3,247,57,1.0,20.3,247,57,1.0,20.3,247,57,1.0,20.3,247,57,1.0,20.3,247,57,1.0,20.3,247,57,1.0,20.3,247,57,1.0,20.3,247,57,1.0,20.3,247,57,1.0,20.3,247,57,1.0,20.3,247,57,1.0,20.3,247,57,1.0,20.3,247,57,1.0,20.3,247,57,1.0,20.3,247,57,1.0,20.3,247,57,1.0,20.3,247,57,1.0,20.3,247,57,1.0,20.3,247,57,1.0,20.3,247,57,1.0,20.3,247,57,1.0,20.3,247,57,1.0,20.3,247,57,1.0,20.3,247,57,1.0,20.3,247,57,1.0,20.3,247,57,1.0,20.3,247,57,1.0,20.3,247,57,1.0,20.3,247,57,1.0,20.3,247,57,1.0,20.3
199,103.22,1.04,2.6,0,250,55,1.0,20.5,250,55,1.0,20.5,250,55,1.0,20.5,250,55,1.0,20.5,250,55,1.0,20.5,250,55,1.0,20.5,250,55,1.0,20.5,250,55,1.0,20.5,250,55,1.0,20.5,250,55,1.0,20.5,250,55,1.0,20.5,250,55,1.0,20.5,250,55,1.0,20.5,250,55,1.0,20.5,250,55,1.0,20.5,250,55,1.0,20.5,250,55,1.0,20.5,250,55,1.0,20.5,250,55,1.0,20.5,250,55,1.0,20.5,250,55,1.0,20.5,250,55,1.0,20.5,250,55,1.0,20.5,250,55,1.0,20.5,250,55,1.0,20.5,250,55,1.0,20.5,250,55,1.0,20.5,250,55,1.0,20.5,250,55,1.0,20.5,250,55,1.0,20.5,250,55,1.0,20.5,250,55,1.0,20.5
200,103.96,1.04,2.6,0,250,56,1.0,20.4,250,56,1.0,20.4,250,56,1.0,20.4,250,56,1.0,20.4,250,56,1.0,20.4,250,56,1.0,20.4,250,56,1.0,20.4,250,56,1.0,20.4,250,56,1.0,20.4,250,56,1.0,20.4,250,56,1.0,20.4,250,56,1.0,20.4,250,56,1.0,20.4,250,56,1.0,20.4,250,56,1.0,20.4,250,56,1.0,20.4,250,56,1.0,20.4,250,56,1.0,20.4,250,56,1.0,20.4,250,56,1.0,20.4,250,56,1.0,20.4,250,56,1.0,20.4,250,56,1.0,20.4,250,56,1.0,20.4,250,56,1.0,20.4,250,56,1.0,20.4,250,56,1.0,20.4,250,56,1.0,20.4,250,56,1.0,20.4,250,56,1.0,20.4,250,56,1.0,20.4,250,56,1.0,20.4
201,104.7,1.05,2.61,0,251,55,1.0,20.5,251,55,1.0,20.5,251,55,1.0,20.5,251,55,1.0,20.5,251,55,1.0,20.5,251,55,1.0,20.5,251,55,1.0,20.5,251,55,1.0,20.5,251,55,1.0,20.5,251,55,1.0,20.5,251,55,1.0,20.5,251,55,1.0,20.5,251,55,1.0,20.5,251,55,1.0,20.5,251,55,1.0,20.5,251,55,1.0,20.5,251,55,1.0,20.5,251,55,1.0,20.5,251,55,1.0,20.5,251,55,1.0,20.5,251,55,1.0,20.5,251,55,1.0,20.5,251,55,1.0,20.5,251,55,1.0,20.5,251,55,1.0,20.5,251,55,1.0,20.5,251,55,1.0,20.5,251,55,1.0,20.5,251,55,1.0,20.5,251,55,1.0,20.5,251,55,1.0,20.5,251,55,1.0,20.5
202,105.21,1.05,2.62,0,252,53,1.0,20.7,252,53,1.0,20.7,252,53,1.0,20.7,252,53,1.0,20.7,252,53,1.0,20.7,252,53,1.0,20.7,252,53,1.0,20.7,252,53,1.0,20.7,252,53,1.0,20.7,252,53,1.0,20.7,252,53,1.0,20.7,252,53,1.0,20.7,252,53,1.0,20.7,252,53,1.0,20.7,252,53,1.0,20.7,252,53,1.0,20.7,252,53,1.0,20.7,252,53,1.0,20.7,252,53,1.0,20.7,252,53,1.0,20.7,252,53,1.0,20.7,252,53,1.0,20.7,252,53,1.0,20.7,252,53,1.0,20.7,252,53,1.0,20.7,252,53,1.0,20.7,252,53,1.0,20.7,252,53,1.0,20.7,252,53,1.0,20.7,252,53,1.0,20.7,252,53,1.0,20.7,252,53,1.0,20.7
203,105.72,1.05,2.64,0,253,54,1.0,20.6,253,54,1.0,20.6,253,54,1.0,20.6,253,54,1.0,20.6,253,54,1.0,20.6,253,54,1.0,20.6,253,54,1.0,20.6,253,54,1.0,20.6,253,54,1.0,20.6,253,54,1.0,20.6,253,54,1.0,20.6,253,54,1.0,20.6,253,54,1.0,20.6,253,54,1.0,20.6,253,54,1.0,20.6,253,54,1.0,20.6,253,54,1.0,20.6,253,54,1.0,20.6,253,54,1.0,20.6,253,54,1.0,20.6,253,54,1.0,20.6,253,54,1.0,20.6,253,54,1.0,20.6,253,54,1.0,20.6,253,54,1.0,20.6,253,54,1.0,20.6,253,54,1.0,20.6,253,54,1.0,20.6,253,54,1.0,20.6,253,54,1.0,20.6,253,54,1.0,20.6,253,54,1.0,20.6
204,106.45,1.05,2.62,0,252,53,1.0,20.7,252,53,1.0,20.7,252,53,1.0,20.7,252,53,1.0,20.7,252,53,1.0,20.7,252,53,1.0,20.7,252,53,1.0,20.7,252,53,1.0,20.7,252,53,1.0,20.7,252,53,1.0,20.7,252,53,1.0,20.7,252,53,1.0,20.7,252,53,1.0,20.7,252,53,1.0,20.7,252,53,1.0,20.7,252,53,1.0,20.7,252,53,1.0,20.7,252,53,1.0,20.7,252,53,1.0,20.7,252,53,1.0,20.7,252,53,1.0,20.7,252,53,1.0,20.7,252,53,1.0,20.7,252,53,1.0,20.7,252,53,1.0,20.7,252,53,1.0,20.7,252,53,1.0,20.7,252,53,1.0,20.7,252,53,1.0,20.7,252,53,1.0,20.7,252,53,1.0,20.7,252,53,1.0,20.7
205,106.96,1.06,2.65,0,254,55,1.0,20.6,254,55,1.0,20.6,254,55,1.0,20.6,254,55,1.0,20.6,254,55,1.0,20.6,254,55,1.0,20.6,254,55,1.0,20.6,254,55,1.0,20.6,254,55,1.0,20.6,254,55,1.0,20.6,254,55,1.0,20.6,254,55,1.0,20.6,254,55,1.0,20.6,254,55,1.0,20.6,254,55,1.0,20.6,254,55,1.0,20.6,254,55,1.0,20.6,254,55,1.0,20.6,254,55,1.0,20.6,254,55,1.0,20.6,254,55,1.0,20.6,254,55,1.0,20.6,254,55,1.0,20.6,254,55,1.0,20.6,254,55,1.0,20.6,254,55,1.0,20.6,254,55,1.0,20.6,254,55,1.0,20.6,254,55,1.0,20.6,254,55,1.0,20.6,254,55,1.0,20.6,254,55,1.0,20.6
206,107.24,1.06,2.66,0,255,56,1.0,20.5,255,56,1.0,20.5,255,56,1.0,20.5,255,56,1.0,20.5,255,56,1.0,20.5,255,56,1.0,20.5,255,56,1.0,20.5,255,56,1.0,20.5,255,56,1.0,20.5,255,56,1.0,20.5,255,56,1.0,20.5,255,56,1.0,20.5,255,56,1.0,20.5,255,56,1.0,20.5,255,56,1.0,20.5,255,56,1.0,20.5,255,56,1.0,20.5,255,56,1.0,20.5,255,56,1.0,20.5,255,56,1.0,20.5,255,56,1.0,20.5,255,56,1.0,20.5,255,56,1.0,20.5,255,56,1.0,20.5,255,56,1.0,20.5,255,56,1.0,20.5,255,56,1.0,20.5,255,56,1.0,20.5,255,56,1.0,20.5,255,56,1.0,20.5,255,56,1.0,20.5,255,56,1.0,20.5
207,107.75,1.07,2.68,0,257,52,1.0,20.8,257,52,1.0,20.8,257,52,1.0,20.8,257,52,1.0,20.8,257,52,1.0,20.8,257,52,1.0,20.8,257,52,1.0,20.8,257,52,1.0,20.8,257,52,1.0,20.8,257,52,1.0,20.8,257,52,1.0,20.8,257,52,1.0,20.8,257,52,1.0,20.8,257,52,1.0,20.8,257,52,1.0,20.8,257,52,1.0,20.8,257,52,1.0,20.8,257,52,1.0,20.8,257,52,1.0,20.8,257,52,1.0,20.8,257,52,1.0,20.8,257,52,1.0,20.8,257,52,1.0,20.8,257,52,1.0,20.8,257,52,1.0,20.8,257,52,1.0,20.8,257,52,1.0,20.8,257,52,1.0,20.8,257,52,1.0,20.8,257,52,1.0,20.8,257,52,1.0,20.8,257,52,1.0,20.8
208,108.25,1.08,2.71,0,260,49,1.0,21.0,260,49,1.0,21.0,260,49,1.0,21.0,260,49,1.0,21.0,260,49,1.0,21.0,260,49,1.0,21.0,260,49,1.0,21.0,260,49,1.0,21.0,260,49,1.0,21.0,260,49,1.0,21.0,260,49,1.0,21.0,260,49,1.0,21.0,260,49,1.0,21.0,260,49,1.0,21.0,260,49,1.0,21.0,260,49,1.0,21.0,260,49,1.0,21.0,260,49,1.0,21.0,260,49,1.0,21.0,260,49,1.0,21.0,260,49,1.0,21.0,260,49,1.0,21.0,260,49,1.0,21.0,260,49,1.0,21.0,260,49,1.0,21.0,260,49,1.0,21.0,260,49,1.0,21.0,260,49,1.0,21.0,260,49,1.0,21.0,260,49,1.0,21.0,260,49,1.0,21.0,260,49,1.0,21.0
209,108.99,1.08,2.71,0,260,53,1.0,20.8,260,53,1.0,20.8,260,53,1.0,20.8,260,53,1.0,20.8,260,53,1.0,20.8,260,53,1.0,20.8,260,53,1.0,20.8,260,53,1.0,20.8,260,53,1.0,20.8,260,53,1.0,20.8,260,53,1.0,20.8,260,53,1.0,20.8,260,53,1.0,20.8,260,53,1.0,20.8,260,53,1.0,20.8,260,53,1.0,20.8,260,53,1.0,20.8,260,53,1.0,20.8,260,53,1.0,20.8,260,53,1.0,20.8,260,53,1.0,20.8,260,53,1.0,20.8,260,53,1.0,20.8,260,53,1.0,20.8,260,53,1.0,20.8,260,53,1.0,20.8,260,53,1.0,20.8,260,53,1.0,20.8,260,53,1.0,20.8,260,53,1.0,20.8,260,53,1.0,20.8,260,53,1.0,20.8
210,109.26,1.1,2.74,0,263,50,1.0,21.0,263,50,1.0,21.0,263,50,1.0,21.0,263,50,1.0,21.0,263,50,1.0,21.0,263,50,1.0,21.0,263,50,1.0,21.0,263,50,1.0,21.0,263,50,1.0,21.0,263,50,1.0,21.0,263,50,1.0,21.0,263,50,1.0,21.0,263,50,1.0,21.0,263,50,1.0,21.0,263,50,1.0,21.0,263,50,1.0,21.0,263,50,1.0,21.0,263,50,1.0,21.0,263,50,1.0,21.0,263,50,1.0,21.0,263,50,1.0,21.0,263,50,1.0,21.0,263,50,1.0,21.0,263,50,1.0,21.0,263,50,1.0,21.0,263,50,1.0,21.0,263,50,1.0,21.0,263,50,1.0,21.0,263,50,1.0,21.0,263,50,1.0,21.0,263,50,1.0,21.0,263,50,1.0,21.0
211,109.31,1.09,2.72,0,261,50,1.0,21.0,261,50,1.0,21.0,261,50,1.0,21.0,261,50,1.0,21.0,261,50,1.0,21.0,261,50,1.0,21.0,261,50,1.0,21.0,261,50,1.0,21.0,261,50,1.0,21.0,261,50,1.0,21.0,261,50,1.0,21.0,261,50,1.0,21.0,261,50,1.0,21.0,261,50,1.0,21.0,261,50,1.0,21.0,261,50,1.0,21.0,261,50,1.0,21.0,261,50,1.0,21.0,261,50,1.0,21.0,261,50,1.0,21.0,261,50,1.0,21.0,261,50,1.0,21.0,261,50,1.0,21.0,261,50,1.0,21.0,261,50,1.0,21.0,261,50,1.0,21.0,261,50,1.0,21.0,261,50,1.0,21.0,261,50,1.0,21.0,261,50,1.0,21.0,261,50,1.0,21.0,261,50,1.0,21.0
212,110.27,1.08,2.71,0,260,55,1.0,20.6,260,55,1.0,20.6,260,55,1.0,20.6,260,55,1.0,20.6,260,55,1.0,20.6,260,55,1.0,20.6,260,55,1.0,20.6,260,55,1.0,20.6,260,55,1.0,20.6,260,55,1.0,20.6,260,55,1.0,20.6,260,55,1.0,20.6,260,55,1.0,20.6,260,55,1.0,20.6,260,55,1.0,20.6,260,55,1.0,20.6,260,55,1.0,20.6,260,55,1.0,20.6,260,55,1.0,20.6,260,55,1.0,20.6,260,55,1.0,20.6,260,55,1.0,20.6,260,55,1.0,20.6,260,55,1.0,20.6,260,55,1.0,20.6,260,55,1.0,20.6,260,55,1.0,20.6,260,55,1.0,20.6,260,55,1.0,20.6,260,55,1.0,20.6,260,55,1.0,20.6,260,55,1.0,20.6
213,111.01,1.1,2.74,0,263,52,1.0,20.9,263,52,1.0,20.9,263,52,1.0,20.9,263,52,1.0,20.9,263,52,1.0,20.9,263,52,1.0,20.9,263,52,1.0,20.9,263,52,1.0,20.9,263,52,1.0,20.9,263,52,1.0,20.9,263,52,1.0,20.9,263,52,1.0,20.9,263,52,1.0,20.9,263,52,1.0,20.9,263,52,1.0,20.9,263,52,1.0,20.9,263,52,1.0,20.9,263,52,1.0,20.9,263,52,1.0,20.9,263,52,1.0,20.9,263,52,1.0,20.9,263,52,1.0,20.9,263,52,1.0,20.9,263,52,1.0,20.9,263,52,1.0,20.9,263,52,1.0,20.9,263,52,1.0,20.9,263,52,1.0,20.9,263,52,1.0,20.9,263,52,1.0,20.9,263,52,1.0,20.9,263,52,1.0,20.9
214,111.74,1.09,2.73,0,262,54,1.0,20.7,262,54,1.0,20.7,262,54,1.0,20.7,262,54,1.0,20.7,262,54,1.0,20.7,262,54,1.0,20.7,262,54,1.0,20.7,262,54,1.0,20.7,262,54,1.0,20.7,262,54,1.0,20.7,262,54,1.0,20.7,262,54,1.0,20.7,262,54,1.0,20.7,262,54,1.0,20.7,262,54,1.0,20.7,262,54,1.0,20.7,262,54,1.0,20.7,262,54,1.0,20.7,262,54,1.0,20.7,262,54,1.0,20.7,262,54,1.0,20.7,262,54,1.0,20.7,262,54,1.0,20.7,262,54,1.0,20.7,262,54,1.0,20.7,262,54,1.0,20.7,262,54,1.0,20.7,262,54,1.0,20.7,262,54,1.0,20.7,262,54,1.0,20.7,262,54,1.0,20.7,262,54,1.0,20.7
215,112.24,1.1,2.75,0,264,54,1.0,20.8,264,54,1.0,20.8,264,54,1.0,20.8,264,54,1.0,20.8,264,54,1.0,20.8,264,54,1.0,20.8,264,54,1.0,20.8,264,54,1.0,20.8,264,54,1.0,20.8,264,54,1.0,20.8,264,54,1.0,20.8,264,54,1.0,20.8,264,54,1.0,20.8,264,54,1.0,20.8,264,54,1.0,20.8,264,54,1.0,20.8,264,54,1.0,20.8,264,54,1.0,20.8,264,54,1.0,20.8,264,54,1.0,20.8,264,54,1.0,20.8,264,54,1.0,20.8,264,54,1.0,20.8,264,54,1.0,20.8,264,54,1.0,20.8,264,54,1.0,20.8,264,54,1.0,20.8,264,54,1.0,20.8,264,54,1.0,20.8,264,54,1.0,20.8,264,54,1.0,20.8,264,54,1.0,20.8
216,112.51,1.1,2.74,0,263,56,1.0,20.6,263,56,1.0,20.6,263,56,1.0,20.6,263,56,1.0,20.6,263,56,1.0,20.6,263,56,1.0,20.6,263,56,1.0,20.6,263,56,1.0,20.6,263,56,1.0,20.6,263,56,1.0,20.6,263,56,1.0,20.6,263,56,1.0,20.6,263,56,1.0,20.6,263,56,1.0,20.6,263,56,1.0,20.6,263,56,1.0,20.6,263,56,1.0,20.6,263,56,1.0,20.6,263,56,1.0,20.6,263,56,1.0,20.6,263,56,1.0,20.6,263,56,1.0,20.6,263,56,1.0,20.6,263,56,1.0,20.6,263,56,1.0,20.6,263,56,1.0,20.6,263,56,1.0,20.6,263,56,1.0,20.6,263,56,1.0,20.6,263,56,1.0,20.6,263,56,1.0,20.6,263,56,1.0,20.6
217,112.78,1.1,2.74,0,263,53,1.0,20.8,263,53,1.0,20.8,263,53,1.0,20.8,263,53,1.0,20.8,263,53,1.0,20.8,263,53,1.0,20.8,263,53,1.0,20.8,263,53,1.0,20.8,263,53,1.0,20.8,263,53,1.0,20.8,263,53,1.0,20.8,263,53,1.0,20.8,263,53,1.0,20.8,263,53,1.0,20.8,263,53,1.0,20.8,263,53,1.0,20.8,263,53,1.0,20.8,263,53,1.0,20.8,263,53,1.0,20.8,263,53,1.0,20.8,263,53,1.0,20.8,263,53,1.0,20.8,263,53,1.0,20.8,263,53,1.0,20.8,263,53,1.0,20.8,263,53,1.0,20.8,263,53,1.0,20.8,263,53,1.0,20.8,263,53,1.0,20.8,263,53,1.0,20.8,263,53,1.0,20.8,263,53,1.0,20.8
218,113.05,1.1,2.74,0,263,58,1.0,20.5,263,58,1.0,20.5,263,58,1.0,20.5,263,58,1.0,20.5,263,58,1.0,20.5,263,58,1.0,20.5,263,58,1.0,20.5,263,58,1.0,20.5,263,58,1.0,20.5,263,58,1.0,20.5,263,58,1.0,20.5,263,58,1.0,20.5,263,58,1.0,20.5,263,58,1.0,20.5,263,58,1.0,20.5,263,58,1.0,20.5,263,58,1.0,20.5,263,58,1.0,20.5,263,58,1.0,20.5,263,58,1.0,20.5,263,58,1.0,20.5,263,58,1.0,20.5,263,58,1.0,20.5,263,58,1.0,20.5,263,58,1.0,20.5,263,58,1.0,20.5,263,58,1.0,20.5,263,58,1.0,20.5,263,58,1.0,20.5,263,58,1.0,20.5,263,58,1.0,20.5,263,58,1.0,20.5
219,113.78,1.09,2.73,0,262,60,1.0,20.3,262,60,1.0,20.3,262,60,1.0,20.3,262,60,1.0,20.3,262,60,1.0,20.3,262,60,1.0,20.3,262,60,1.0,20.3,262,60,1.0,20.3,262,60,1.0,20.3,262,60,1.0,20.3,262,60,1.0,20.3,262,60,1.0,20.3,262,60,1.0,20.3,262,60,1.0,20.3,262,60,1.0,20.3,262,60,1.0,20.3,262,60,1.0,20.3,262,60,1.0,20.3,262,60,1.0,20.3,262,60,1.0,20.3,262,60,1.0,20.3,262,60,1.0,20.3,262,60,1.0,20.3,262,60,1.0,20.3,262,60,1.0,20.3,262,60,1.0,20.3,262,60,1.0,20.3,262,60,1.0,20.3,262,60,1.0,20.3,262,60,1.0,20.3,262,60,1.0,20.3,262,60,1.0,20.3
220,114.28,1.08,2.71,0,260,62,1.0,20.2,260,62,1.0,20.2,260,62,1.0,20.2,260,62,1.0,20.2,260,62,1.0,20.2,260,62,1.0,20.2,260,62,1.0,20.2,260,62,1.0,20.2,260,62,1.0,20.2,260,62,1.0,20.2,260,62,1.0,20.2,260,62,1.0,20.2,260,62,1.0,20.2,260,62,1.0,20.2,260,62,1.0,20.2,260,62,1.0,20.2,260,62,1.0,20.2,260,62,1.0,20.2,260,62,1.0,20.2,260,62,1.0,20.2,260,62,1.0,20.2,260,62,1.0,20.2,260,62,1.0,20.2,260,62,1.0,20.2,260,62,1.0,20.2,260,62,1.0,20.2,260,62,1.0,20.2,260,62,1.0,20.2,260,62,1.0,20.2,260,62,1.0,20.2,260,62,1.0,20.2,260,62,1.0,20.2
221,115.02,1.08,2.71,0,260,63,1.0,20.1,260,63,1.0,20.1,260,63,1.0,20.1,260,63,1.0,20.1,260,63,1.0,20.1,260,63,1.0,20.1,260,63,1.0,20.1,260,63,1.0,20.1,260,63,1.0,20.1,260,63,1.0,20.1,260,63,1.0,20.1,260,63,1.0,20.1,260,63,1.0,20.1,260,63,1.0,20.1,260,63,1.0,20.1,260,63,1.0,20.1,260,63,1.0,20.1,260,63,1.0,20.1,260,63,1.0,20.1,260,63,1.0,20.1,260,63,1.0,20.1,260,63,1.0,20.1,260,63,1.0,20.1,260,63,1.0,20.1,260,63,1.0,20.1,260,63,1.0,20.1,260,63,1.0,20.1,260,63,1.0,20.1,260,63,1.0,20.1,260,63,1.0,20.1,260,63,1.0,20.1,260,63,1.0,20.1
222,115.52,1.08,2.71,0,260,65,1.0,20.0,260,65,1.0,20.0,260,65,1.0,20.0,260,65,1.0,20.0,260,65,1.0,20.0,260,65,1.0,20.0,260,65,1.0,20.0,260,65,1.0,20.0,260,65,1.0,20.0,260,65,1.0,20.0,260,65,1.0,20.0,260,65,1.0,20.0,260,65,1.0,20.0,260,65,1.0,20.0,260,65,1.0,20.0,260,65,1.0,20.0,260,65,1.0,20.0,260,65,1.0,20.0,260,65,1.0,20.0,260,65,1.0,20.0,260,65,1.0,20.0,260,65,1.0,20.0,260,65,1.0,20.0,260,65,1.0,20.0,260,65,1.0,20.0,260,65,1.0,20.0,260,65,1.0,20.0,260,65,1.0,20.0,260,65,1.0,20.0,260,65,1.0,20.0,260,65,1.0,20.0,260,65,1.0,20.0
223,116.25,1.07,2.69,0,258,68,1.0,19.8,258,68,1.0,19.8,258,68,1.0,19.8,258,68,1.0,19.8,258,68,1.0,19.8,258,68,1.0,19.8,258,68,1.0,19.8,258,68,1.0,19.8,258,68,1.0,19.8,258,68,1.0,19.8,258,68,1.0,19.8,258,68,1.0,19.8,258,68,1.0,19.8,258,68,1.0,19.8,258,68,1.0,19.8,258,68,1.0,19.8,258,68,1.0,19.8,258,68,1.0,19.8,258,68,1.0,19.8,258,68,1.0,19.8,258,68,1.0,19.8,258,68,1.0,19.8,258,68,1.0,19.8,258,68,1.0,19.8,258,68,1.0,19.8,258,68,1.0,19.8,258,68,1.0,19.8,258,68,1.0,19.8,258,68,1.0,19.8,258,68,1.0,19.8,258,68,1.0,19.8,258,68,1.0,19.8
224,116.51,1.07,2.69,0,258,69,1.0,19.7,258,69,1.0,19.7,258,69,1.0,19.7,258,69,1.0,19.7,258,69,1.0,19.7,258,69,1.0,19.7,258,69,1.0,19.7,258,69,1.0,19.7,258,69,1.0,19.7,258,69,1.0,19.7,258,69,1.0,19.7,258,69,1.0,19.7,258,69,1.0,19.7,258,69,1.0,19.7,258,69,1.0,19.7,258,69,1.0,19.7,258,69,1.0,19.7,258,69,1.0,19.7,258,69,1.0,19.7,258,69,1.0,19.7,258,69,1.0,19.7,258,69,1.0,19.7,258,69,1.0,19.7,258,69,1.0,19.7,258,69,1.0,19.7,258,69,1.0,19.7,258,69,1.0,19.7,258,69,1.0,19.7,258,69,1.0,19.7,258,69,1.0,19.7,258,69,1.0,19.7,258,69,1.0,19.7
225,116.78,1.08,2.71,0,260,69,1.0,19.8,260,69,1.0,19.8,260,69,1.0,19.8,260,69,1.0,19.8,260,69,1.0,19.8,260,69,1.0,19.8,260,69,1.0,19.8,260,69,1.0,19.8,260,69,1.0,19.8,260,69,1.0,19.8,260,69,1.0,19.8,260,69,1.0,19.8,260,69,1.0,19.8,260,69,1.0,19.8,260,69,1.0,19.8,260,69,1.0,19.8,260,69,1.0,19.8,260,69,1.0,19.8,260,69,1.0,19.8,260,69,1.0,19.8,260,69,1.0,19.8,260,69,1.0,19.8,260,69,1.0,19.8,260,69,1.0,19.8,260,69,1.0,19.8,260,69,1.0,19.8,260,69,1.0,19.8,260,69,1.0,19.8,260,69,1.0,19.8,260,69,1.0,19.8,260,69,1.0,19.8,260,69,1.0,19.8
226,117.75,1.07,2.69,0,258,72,1.0,19.5,258,72,1.0,19.5,258,72,1.0,19.5,258,72,1.0,19.5,258,72,1.0,19.5,258,72,1.0,19.5,258,72,1.0,19.5,258,72,1.0,19.5,258,72,1.0,19.5,258,72,1.0,19.5,258,72,1.0,19.5,258,72,1.0,19.5,258,72,1.0,19.5,258,72,1.0,19.5,258,72,1.0,19.5,258,72,1.0,19.5,258,72,1.0,19.5,258,72,1.0,19.5,258,72,1.0,19.5,258,72,1.0,19.5,258,72,1.0,19.5,258,72,1.0,19.5,258,72,1.0,19.5,258,72,1.0,19.5,258,72,1.0,19.5,258,72,1.0,19.5,258,72,1.0,19.5,258,72,1.0,19.5,258,72,1.0,19.5,258,72,1.0,19.5,258,72,1.0,19.5,258,72,1.0,19.5
227,118.48,1.08,2.7,0,259,71,1.0,19.6,259,71,1.0,19.6,259,71,1.0,19.6,259,71,1.0,19.6,259,71,1.0,19.6,259,71,1.0,19.6,259,71,1.0,19.6,259,71,1.0,19.6,259,71,1.0,19.6,259,71,1.0,19.6,259,71,1.0,19.6,259,71,1.0,19.6,259,71,1.0,19.6,259,71,1.0,19.6,259,71,1.0,19.6,259,71,1.0,19.6,259,71,1.0,19.6,259,71,1.0,19.6,259,71,1.0,19.6,259,71,1.0,19.6,259,71,1.0,19.6,259,71,1.0,19.6,259,71,1.0,19.6,259,71,1.0,19.6,259,71,1.0,19.6,259,71,1.0,19.6,259,71,1.0,19.6,259,71,1.0,19.6,259,71,1.0,19.6,259,71,1.0,19.6,259,71,1.0,19.6,259,71,1.0,19.6
228,119.44,1.08,2.7,0,259,73,1.0,19.5,259,73,1.0,19.5,259,73,1.0,19.5,259,73,1.0,19.5,259,73,1.0,19.5,259,73,1.0,19.5,259,73,1.0,19.5,259,73,1.0,19.5,259,73,1.0,19.5,259,73,1.0,19.5,259,73,1.0,19.5,259,73,1.0,19.5,259,73,1.0,19.5,259,73,1.0,19.5,259,73,1.0,19.5,259,73,1.0,19.5,259,73,1.0,19.5,259,73,1.0,19.5,259,73,1.0,19.5,259,73,1.0,19.5,259,73,1.0,19.5,259,73,1.0,19.5,259,73,1.0,19.5,259,73,1.0,19.5,259,73,1.0,19.5,259,73,1.0,19.5,259,73,1.0,19.5,259,73,1.0,19.5,259,73,1.0,19.5,259,73,1.0,19.5,259,73,1.0,19.5,259,73,1.0,19.5
229,119.93,1.09,2.73,0,262,70,1.0,19.7,262,70,1.0,19.7,262,70,1.0,19.7,262,70,1.0,19.7,262,70,1.0,19.7,262,70,1.0,19.7,262,70,1.0,19.7,262,70,1.0,19.7,262,70,1.0,19.7,262,70,1.0,19.7,262,70,1.0,19.7,262,70,1.0,19.7,262,70,1.0,19.7,262,70,1.0,19.7,262,70,1.0,19.7,262,70,1.0,19.7,262,70,1.0,19.7,262,70,1.0,19.7,262,70,1.0,19.7,262,70,1.0,19.7,262,70,1.0,19.7,262,70,1.0,19.7,262,70,1.0,19.7,262,70,1.0,19.7,262,70,1.0,19.7,262,70,1.0,19.7,262,70,1.0,19.7,262,70,1.0,19.7,262,70,1.0,19.7,262,70,1.0,19.7,262,70,1.0,19.7,262,70,1.0,19.7
230,120.66,1.09,2.73,0,262,71,1.0,19.7,262,71,1.0,19.7,262,71,1.0,19.7,262,71,1.0,19.7,262,71,1.0,19.7,262,71,1.0,19.7,262,71,1.0,19.7,262,71,1.0,19.7,262,71,1.0,19.7,262,71,1.0,19.7,262,71,1.0,19.7,262,71,1.0,19.7,262,71,1.0,19.7,262,71,1.0,19.7,262,71,1.0,19.7,262,71,1.0,19.7,262,71,1.0,19.7,262,71,1.0,19.7,262,71,1.0,19.7,262,71,1.0,19.7,262,71,1.0,19.7,262,71,1.0,19.7,262,71,1.0,19.7,262,71,1.0,19.7,262,71,1.0,19.7,262,71,1.0,19.7,262,71,1.0,19.7,262,71,1.0,19.7,262,71,1.0,19.7,262,71,1.0,19.7,262,71,1.0,19.7,262,71,1.0,19.7
231,121.15,1.09,2.73,0,262,74,1.0,19.5,262,74,1.0,19.5,262,74,1.0,19.5,262,74,1.0,19.5,262,74,1.0,19.5,262,74,1.0,19.5,262,74,1.0,19.5,262,74,1.0,19.5,262,74,1.0,19.5,262,74,1.0,19.5,262,74,1.0,19.5,262,74,1.0,19.5,262,74,1.0,19.5,262,74,1.0,19.5,262,74,1.0,19.5,262,74,1.0,19.5,262,74,1.0,19.5,262,74,1.0,19.5,262,74,1.0,19.5,262,74,1.0,19.5,262,74,1.0,19.5,262,74,1.0,19.5,262,74,1.0,19.5,262,74,1.0,19.5,262,74,1.0,19.5,262,74,1.0,19.5,262,74,1.0,19.5,262,74,1.0,19.5,262,74,1.0,19.5,262,74,1.0,19.5,262,74,1.0,19.5,262,74,1.0,19.5
232,121.64,1.1,2.74,0,263,74,1.0,19.5,263,74,1.0,19.5,263,74,1.0,19.5,263,74,1.0,19.5,263,74,1.0,19.5,263,74,1.0,19.5,263,74,1.0,19.5,263,74,1.0,19.5,263,74,1.0,19.5,263,74,1.0,19.5,263,74,1.0,19.5,263,74,1.0,19.5,263,74,1.0,19.5,263,74,1.0,19.5,263,74,1.0,19.5,263,74,1.0,19.5,263,74,1.0,19.5,263,74,1.0,19.5,263,74,1.0,19.5,263,74,1.0,19.5,263,74,1.0,19.5,263,74,1.0,19.5,263,74,1.0,19.5,263,74,1.0,19.5,263,74,1.0,19.5,263,74,1.0,19.5,263,74,1.0,19.5,263,74,1.0,19.5,263,74,1.0,19.5,263,74,1.0,19.5,263,74,1.0,19.5,263,74,1.0,19.5
233,121.65,1.09,2.73,0,262,76,1.0,19.4,262,76,1.0,19.4,262,76,1.0,19.4,262,76,1.0,19.4,262,76,1.0,19.4,262,76,1.0,19.4,262,76,1.0,19.4,262,76,1.0,19.4,262,76,1.0,19.4,262,76,1.0,19.4,262,76,1.0,19.4,262,76,1.0,19.4,262,76,1.0,19.4,262,76,1.0,19.4,262,76,1.0,19.4,262,76,1.0,19.4,262,76,1.0,19.4,262,76,1.0,19.4,262,76,1.0,19.4,262,76,1.0,19.4,262,76,1.0,19.4,262,76,1.0,19.4,262,76,1.0,19.4,262,76,1.0,19.4,262,76,1.0,19.4,262,76,1.0,19.4,262,76,1.0,19.4,262,76,1.0,19.4,262,76,1.0,19.4,262,76,1.0,19.4,262,76,1.0,19.4,262,76,1.0,19.4
234,122.38,1.09,2.73,0,262,77,1.0,19.3,262,77,1.0,19.3,262,77,1.0,19.3,262,77,1.0,19.3,262,77,1.0,19.3,262,77,1.0,19.3,262,77,1.0,19.3,262,77,1.0,19.3,262,77,1.0,19.3,262,77,1.0,19.3,262,77,1.0,19.3,262,77,1.0,19.3,262,77,1.0,19.3,262,77,1.0,19.3,262,77,1.0,19.3,262,77,1.0,19.3,262,77,1.0,19.3,262,77,1.0,19.3,262,77,1.0,19.3,262,77,1.0,19.3,262,77,1.0,19.3,262,77,1.0,19.3,262,77,1.0,19.3,262,77,1.0,19.3,262,77,1.0,19.3,262,77,1.0,19.3,262,77,1.0,19.3,262,77,1.0,19.3,262,77,1.0,19.3,262,77,1.0,19.3,262,77,1.0,19.3,262,77,1.0,19.3
235,122.87,1.09,2.72,0,261,79,1.0,19.2,261,79,1.0,19.2,261,79,1.0,19.2,261,79,1.0,19.2,261,79,1.0,19.2,261,79,1.0,19.2,261,79,1.0,19.2,261,79,1.0,19.2,261,79,1.0,19.2,261,79,1.0,19.2,261,79,1.0,19.2,261,79,1.0,19.2,261,79,1.0,19.2,261,79,1.0,19.2,261,79,1.0,19.2,261,79,1.0,19.2,261,79,1.0,19.2,261,79,1.0,19.2,261,79,1.0,19.2,261,79,1.0,19.2,261,79,1.0,19.2,261,79,1.0,19.2,261,79,1.0,19.2,261,79,1.0,19.2,261,79,1.0,19.2,261,79,1.0,19.2,261,79,1.0,19.2,261,79,1.0,19.2,261,79,1.0,19.2,261,79,1.0,19.2,261,79,1.0,19.2,261,79,1.0,19.2
236,123.83,1.09,2.73,0,262,78,1.0,19.3,262,78,1.0,19.3,262,78,1.0,19.3,262,78,1.0,19.3,262,78,1.0,19.3,262,78,1.0,19.3,262,78,1.0,19.3,262,78,1.0,19.3,262,78,1.0,19.3,262,78,1.0,19.3,262,78,1.0,19.3,262,78,1.0,19.3,262,78,1.0,19.3,262,78,1.0,19.3,262,78,1.0,19.3,262,78,1.0,19.3,262,78,1.0,19.3,262,78,1.0,19.3,262,78,1.0,19.3,262,78,1.0,19.3,262,78,1.0,19.3,262,78,1.0,19.3,262,78,1.0,19.3,262,78,1.0,19.3,262,78,1.0,19.3,262,78,1.0,19.3,262,78,1.0,19.3,262,78,1.0,19.3,262,78,1.0,19.3,262,78,1.0,19.3,262,78,1.0,19.3,262,78,1.0,19.3
237,124.79,1.1,2.74,0,263,78,1.0,19.3,263,78,1.0,19.3,263,78,1.0,19.3,263,78,1.0,19.3,263,78,1.0,19.3,263,78,1.0,19.3,263,78,1.0,19.3,263,78,1.0,19.3,263,78,1.0,19.3,263,78,1.0,19.3,263,78,1.0,19.3,263,78,1.0,19.3,263,78,1.0,19.3,263,78,1.0,19.3,263,78,1.0,19.3,263,78,1.0,19.3,263,78,1.0,19.3,263,78,1.0,19.3,263,78,1.0,19.3,263,78,1.0,19.3,263,78,1.0,19.3,263,78,1.0,19.3,263,78,1.0,19.3,263,78,1.0,19.3,263,78,1.0,19.3,263,78,1.0,19.3,263,78,1.0,19.3,263,78,1.0,19.3,263,78,1.0,19.3,263,78,1.0,19.3,263,78,1.0,19.3,263,78,1.0,19.3
238,125.51,1.09,2.73,0,262,80,1.0,19.2,262,80,1.0,19.2,262,80,1.0,19.2,262,80,1.0,19.2,262,80,1.0,19.2,262,80,1.0,19.2,262,80,1.0,19.2,262,80,1.0,19.2,262,80,1.0,19.2,262,80,1.0,19.2,262,80,1.0,19.2,262,80,1.0,19.2,262,80,1.0,19.2,262,80,1.0,19.2,262,80,1.0,19.2,262,80,1.0,19.2,262,80,1.0,19.2,262,80,1.0,19.2,262,80,1.0,19.2,262,80,1.0,19.2,262,80,1.0,19.2,262,80,1.0,19.2,262,80,1.0,19.2,262,80,1.0,19.2,262,80,1.0,19.2,262,80,1.0,19.2,262,80,1.0,19.2,262,80,1.0,19.2,262,80,1.0,19.2,262,80,1.0,19.2,262,80,1.0,19.2,262,80,1.0,19.2
239,126.47,1.09,2.73,0,262,81,1.0,19.1,262,81,1.0,19.1,262,81,1.0,19.1,262,81,1.0,19.1,262,81,1.0,19.1,262,81,1.0,19.1,262,81,1.0,19.1,262,81,1.0,19.1,262,81,1.0,19.1,262,81,1.0,19.1,262,81,1.0,19.1,262,81,1.0,19.1,262,81,1.0,19.1,262,81,1.0,19.1,262,81,1.0,19.1,262,81,1.0,19.1,262,81,1.0,19.1,262,81,1.0,19.1,262,81,1.0,19.1,262,81,1.0,19.1,262,81,1.0,19.1,262,81,1.0,19.1,262,81,1.0,19.1,262,81,1.0,19.1,262,81,1.0,19.1,262,81,1.0,19.1,262,81,1.0,19.1,262,81,1.0,19.1,262,81,1.0,19.1,262,81,1.0,19.1,262,81,1.0,19.1,262,81,1.0,19.1
240,126.95,1.09,2.73,0,262,80,1.0,19.2,262,80,1.0,19.2,262,80,1.0,19.2,262,80,1.0,19.2,262,80,1.0,19.2,262,80,1.0,19.2,262,80,1.0,19.2,262,80,1.0,19.2,262,80,1.0,19.2,262,80,1.0,19.2,262,80,1.0,19.2,262,80,1.0,19.2,262,80,1.0,19.2,262,80,1.0,19.2,262,80,1.0,19.2,262,80,1.0,19.2,262,80,1.0,19.2,262,80,1.0,19.2,262,80,1.0,19.2,262,80,1.0,19.2,262,80,1.0,19.2,262,80,1.0,19.2,262,80,1.0,19.2,262,80,1.0,19.2,262,80,1.0,19.2,262,80,1.0,19.2,262,80,1.0,19.2,262,80,1.0,19.2,262,80,1.0,19.2,262,80,1.0,19.2,262,80,1.0,19.2,262,80,1.0,19.2
241,126.94,1.09,2.73,0,262,78,1.0,19.3,262,78,1.0,19.3,262,78,1.0,19.3,262,78,1.0,19.3,262,78,1.0,19.3,262,78,1.0,19.3,262,78,1.0,19.3,262,78,1.0,19.3,262,78,1.0,19.3,262,78,1.0,19.3,262,78,1.0,19.3,262,78,1.0,19.3,262,78,1.0,19.3,262,78,1.0,19.3,262,78,1.0,19.3,262,78,1.0,19.3,262,78,1.0,19.3,262,78,1.0,19.3,262,78,1.0,19.3,262,78,1.0,19.3,262,78,1.0,19.3,262,78,1.0,19.3,262,78,1.0,19.3,262,78,1.0,19.3,262,78,1.0,19.3,262,78,1.0,19.3,262,78,1.0,19.3,262,78,1.0,19.3,262,78,1.0,19.3,262,78,1.0,19.3,262,78,1.0,19.3,262,78,1.0,19.3
242,127.66,1.08,2.7,0,259,84,1.0,18.9,259,84,1.0,18.9,259,84,1.0,18.9,259,84,1.0,18.9,259,84,1.0,18.9,259,84,1.0,18.9,259,84,1.0,18.9,259,84,1.0,18.9,259,84,1.0,18.9,259,84,1.0,18.9,259,84,1.0,18.9,259,84,1.0,18.9,259,84,1.0,18.9,259,84,1.0,18.9,259,84,1.0,18.9,259,84,1.0,18.9,259,84,1.0,18.9,259,84,1.0,18.9,259,84,1.0,18.9,259,84,1.0,18.9,259,84,1.0,18.9,259,84,1.0,18.9,259,84,1.0,18.9,259,84,1.0,18.9,259,84,1.0,18.9,259,84,1.0,18.9,259,84,1.0,18.9,259,84,1.0,18.9,259,84,1.0,18.9,259,84,1.0,18.9,259,84,1.0,18.9,259,84,1.0,18.9
243,128.13,1.08,2.7,0,259,86,1.0,18.8,259,86,1.0,18.8,259,86,1.0,18.8,259,86,1.0,18.8,259,86,1.0,18.8,259,86,1.0,18.8,259,86,1.0,18.8,259,86,1.0,18.8,259,86,1.0,18.8,259,86,1.0,18.8,259,86,1.0,18.8,259,86,1.0,18.8,259,86,1.0,18.8,259,86,1.0,18.8,259,86,1.0,18.8,259,86,1.0,18.8,259,86,1.0,18.8,259,86,1.0,18.8,259,86,1.0,18.8,259,86,1.0,18.8,259,86,1.0,18.8,259,86,1.0,18.8,259,86,1.0,18.8,259,86,1.0,18.8,259,86,1.0,18.8,259,86,1.0,18.8,259,86,1.0,18.8,259,86,1.0,18.8,259,86,1.0,18.8,259,86,1.0,18.8,259,86,1.0,18.8,259,86,1.0,18.8
244,128.85,1.07,2.69,0,258,88,1.0,18.6,258,88,1.0,18.6,258,88,1.0,18.6,258,88,1.0,18.6,258,88,1.0,18.6,258,88,1.0,18.6,258,88,1.0,18.6,258,88,1.0,18.6,258,88,1.0,18.6,258,88,1.0,18.6,258,88,1.0,18.6,258,88,1.0,18.6,258,88,1.0,18.6,258,88,1.0,18.6,258,88,1.0,18.6,258,88,1.0,18.6,258,88,1.0,18.6,258,88,1.0,18.6,258,88,1.0,18.6,258,88,1.0,18.6,258,88,1.0,18.6,258,88,1.0,18.6,258,88,1.0,18.6,258,88,1.0,18.6,258,88,1.0,18.6,258,88,1.0,18.6,258,88,1.0,18.6,258,88,1.0,18.6,258,88,1.0,18.6,258,88,1.0,18.6,258,88,1.0,18.6,258,88,1.0,18.6
245,129.57,1.07,2.68,0,257,90,1.0,18.5,257,90,1.0,18.5,257,90,1.0,18.5,257,90,1.0,18.5,257,90,1.0,18.5,257,90,1.0,18.5,257,90,1.0,18.5,257,90,1.0,18.5,257,90,1.0,18.5,257,90,1.0,18.5,257,90,1.0,18.5,257,90,1.0,18.5,257,90,1.0,18.5,257,90,1.0,18.5,257,90,1.0,18.5,257,90,1.0,18.5,257,90,1.0,18.5,257,90,1.0,18.5,257,90,1.0,18.5,257,90,1.0,18.5,257,90,1.0,18.5,257,90,1.0,18.5,257,90,1.0,18.5,257,90,1.0,18.5,257,90,1.0,18.5,257,90,1.0,18.5,257,90,1.0,18.5,257,90,1.0,18.5,257,90,1.0,18.5,257,90,1.0,18.5,257,90,1.0,18.5,257,90,1.0,18.5
246,130.29,1.07,2.69,0,258,90,1.0,18.5,258,90,1.0,18.5,258,90,1.0,18.5,258,90,1.0,18.5,258,90,1.0,18.5,258,90,1.0,18.5,258,90,1.0,18.5,258,90,1.0,18.5,258,90,1.0,18.5,258,90,1.0,18.5,258,90,1.0,18.5,258,90,1.0,18.5,258,90,1.0,18.5,258,90,1.0,18.5,258,90,1.0,18.5,258,90,1.0,18.5,258,90,1.0,18.5,258,90,1.0,18.5,258,90,1.0,18.5,258,90,1.0,18.5,258,90,1.0,18.5,258,90,1.0,18.5,258,90,1.0,18.5,258,90,1.0,18.5,258,90,1.0,18.5,258,90,1.0,18.5,258,90,1.0,18.5,258,90,1.0,18.5,258,90,1.0,18.5,258,90,1.0,18.5,258,90,1.0,18.5,258,90,1.0,18.5
247,129.79,1.08,2.7,0,259,88,1.0,18.7,259,88,1.0,18.7,259,88,1.0,18.7,259,88,1.0,18.7,259,88,1.0,18.7,259,88,1.0,18.7,259,88,1.0,18.7,259,88,1.0,18.7,259,88,1.0,18.7,259,88,1.0,18.7,259,88,1.0,18.7,259,88,1.0,18.7,259,88,1.0,18.7,259,88,1.0,18.7,259,88,1.0,18.7,259,88,1.0,18.7,259,88,1.0,18.7,259,88,1.0,18.7,259,88,1.0,18.7,259,88,1.0,18.7,259,88,1.0,18.7,259,88,1.0,18.7,259,88,1.0,18.7,259,88,1.0,18.7,259,88,1.0,18.7,259,88,1.0,18.7,259,88,1.0,18.7,259,88,1.0,18.7,259,88,1.0,18.7,259,88,1.0,18.7,259,88,1.0,18.7,259,88,1.0,18.7
248,130.27,1.08,2.7,0,259,90,1.0,18.6,259,90,1.0,18.6,259,90,1.0,18.6,259,90,1.0,18.6,259,90,1.0,18.6,259,90,1.0,18.6,259,90,1.0,18.6,259,90,1.0,18.6,259,90,1.0,18.6,259,90,1.0,18.6,259,90,1.0,18.6,259,90,1.0,18.6,259,90,1.0,18.6,259,90,1.0,18.6,259,90,1.0,18.6,259,90,1.0,18.6,259,90,1.0,18.6,259,90,1.0,18.6,259,90,1.0,18.6,259,90,1.0,18.6,259,90,1.0,18.6,259,90,1.0,18.6,259,90,1.0,18.6,259,90,1.0,18.6,259,90,1.0,18.6,259,90,1.0,18.6,259,90,1.0,18.6,259,90,1.0,18.6,259,90,1.0,18.6,259,90,1.0,18.6,259,90,1.0,18.6,259,90,1.0,18.6
249,131.23,1.07,2.69,0,258,91,1.0,18.5,258,91,1.0,18.5,258,91,1.0,18.5,258,91,1.0,18.5,258,91,1.0,18.5,258,91,1.0,18.5,258,91,1.0,18.5,258,91,1.0,18.5,258,91,1.0,18.5,258,91,1.0,18.5,258,91,1.0,18.5,258,91,1.0,18.5,258,91,1.0,18.5,258,91,1.0,18.5,258,91,1.0,18.5,258,91,1.0,18.5,258,91,1.0,18.5,258,91,1.0,18.5,258,91,1.0,18.5,258,91,1.0,18.5,258,91,1.0,18.5,258,91,1.0,18.5,258,91,1.0,18.5,258,91,1.0,18.5,258,91,1.0,18.5,258,91,1.0,18.5,258,91,1.0,18.5,258,91,1.0,18.5,258,91,1.0,18.5,258,91,1.0,18.5,258,91,1.0,18.5,258,91,1.0,18.5
250,131.47,1.08,2.7,0,259,91,1.0,18.5,259,91,1.0,18.5,259,91,1.0,18.5,259,91,1.0,18.5,259,91,1.0,18.5,259,91,1.0,18.5,259,91,1.0,18.5,259,91,1.0,18.5,259,91,1.0,18.5,259,91,1.0,18.5,259,91,1.0,18.5,259,91,1.0,18.5,259,91,1.0,18.5,259,91,1.0,18.5,259,91,1.0,18.5,259,91,1.0,18.5,259,91,1.0,18.5,259,91,1.0,18.5,259,91,1.0,18.5,259,91,1.0,18.5,259,91,1.0,18.5,259,91,1.0,18.5,259,91,1.0,18.5,259,91,1.0,18.5,259,91,1.0,18.5,259,91,1.0,18.5,259,91,1.0,18.5,259,91,1.0,18.5,259,91,1.0,18.5,259,91,1.0,18.5,259,91,1.0,18.5,259,91,1.0,18.5
251,131.94,1.09,2.72,0,261,91,1.0,18.5,261,91,1.0,18.5,261,91,1.0,18.5,261,91,1.0,18.5,261,91,1.0,18.5,261,91,1.0,18.5,261,91,1.0,18.5,261,91,1.0,18.5,261,91,1.0,18.5,261,91,1.0,18.5,261,91,1.0,18.5,261,91,1.0,18.5,261,91,1.0,18.5,261,91,1.0,18.5,261,91,1.0,18.5,261,91,1.0,18.5,261,91,1.0,18.5,261,91,1.0,18.5,261,91,1.0,18.5,261,91,1.0,18.5,261,91,1.0,18.5,261,91,1.0,18.5,261,91,1.0,18.5,261,91,1.0,18.5,261,91,1.0,18.5,261,91,1.0,18.5,261,91,1.0,18.5,261,91,1.0,18.5,261,91,1.0,18.5,261,91,1.0,18.5,261,91,1.0,18.5,261,91,1.0,18.5
252,132.18,1.09,2.73,0,262,91,1.0,18.6,262,91,1.0,18.6,262,91,1.0,18.6,262,91,1.0,18.6,262,91,1.0,18.6,262,91,1.0,18.6,262,91,1.0,18.6,262,91,1.0,18.6,262,91,1.0,18.6,262,91,1.0,18.6,262,91,1.0,18.6,262,91,1.0,18.6,262,91,1.0,18.6,262,91,1.0,18.6,262,91,1.0,18.6,262,91,1.0,18.6,262,91,1.0,18.6,262,91,1.0,18.6,262,91,1.0,18.6,262,91,1.0,18.6,262,91,1.0,18.6,262,91,1.0,18.6,262,91,1.0,18.6,262,91,1.0,18.6,262,91,1.0,18.6,262,91,1.0,18.6,262,91,1.0,18.6,262,91,1.0,18.6,262,91,1.0,18.6,262,91,1.0,18.6,262,91,1.0,18.6,262,91,1.0,18.6
253,132.42,1.09,2.72,0,261,93,1.0,18.4,261,93,1.0,18.4,261,93,1.0,18.4,261,93,1.0,18.4,261,93,1.0,18.4,261,93,1.0,18.4,261,93,1.0,18.4,261,93,1.0,18.4,261,93,1.0,18.4,261,93,1.0,18.4,261,93,1.0,18.4,261,93,1.0,18.4,261,93,1.0,18.4,261,93,1.0,18.4,261,93,1.0,18.4,261,93,1.0,18.4,261,93,1.0,18.4,261,93,1.0,18.4,261,93,1.0,18.4,261,93,1.0,18.4,261,93,1.0,18.4,261,93,1.0,18.4,261,93,1.0,18.4,261,93,1.0,18.4,261,93,1.0,18.4,261,93,1.0,18.4,261,93,1.0,18.4,261,93,1.0,18.4,261,93,1.0,18.4,261,93,1.0,18.4,261,93,1.0,18.4,261,93,1.0,18.4
254,133.15,1.09,2.72,0,261,93,1.0,18.4,261,93,1.0,18.4,261,93,1.0,18.4,261,93,1.0,18.4,261,93,1.0,18.4,261,93,1.0,18.4,261,93,1.0,18.4,261,93,1.0,18.4,261,93,1.0,18.4,261,93,1.0,18.4,261,93,1.0,18.4,261,93,1.0,18.4,261,93,1.0,18.4,261,93,1.0,18.4,261,93,1.0,18.4,261,93,1.0,18.4,261,93,1.0,18.4,261,93,1.0,18.4,261,93,1.0,18.4,261,93,1.0,18.4,261,93,1.0,18.4,261,93,1.0,18.4,261,93,1.0,18.4,261,93,1.0,18.4,261,93,1.0,18.4,261,93,1.0,18.4,261,93,1.0,18.4,261,93,1.0,18.4,261,93,1.0,18.4,261,93,1.0,18.4,261,93,1.0,18.4,261,93,1.0,18.4
255,133.39,1.1,2.75,0,264,95,1.0,18.4,264,95,1.0,18.4,264,95,1.0,18.4,264,95,1.0,18.4,264,95,1.0,18.4,264,95,1.0,18.4,264,95,1.0,18.4,264,95,1.0,18.4,264,95,1.0,18.4,264,95,1.0,18.4,264,95,1.0,18.4,264,95,1.0,18.4,264,95,1.0,18.4,264,95,1.0,18.4,264,95,1.0,18.4,264,95,1.0,18.4,264,95,1.0,18.4,264,95,1.0,18.4,264,95,1.0,18.4,264,95,1.0,18.4,264,95,1.0,18.4,264,95,1.0,18.4,264,95,1.0,18.4,264,95,1.0,18.4,264,95,1.0,18.4,264,95,1.0,18.4,264,95,1.0,18.4,264,95,1.0,18.4,264,95,1.0,18.4,264,95,1.0,18.4,264,95,1.0,18.4,264,95,1.0,18.4
256,134.35,1.11,2.77,0,266,94,1.0,18.5,266,94,1.0,18.5,266,94,1.0,18.5,266,94,1.0,18.5,266,94,1.0,18.5,266,94,1.0,18.5,266,94,1.0,18.5,266,94,1.0,18.5,266,94,1.0,18.5,266,94,1.0,18.5,266,94,1.0,18.5,266,94,1.0,18.5,266,94,1.0,18.5,266,94,1.0,18.5,266,94,1.0,18.5,266,94,1.0,18.5,266,94,1.0,18.5,266,94,1.0,18.5,266,94,1.0,18.5,266,94,1.0,18.5,266,94,1.0,18.5,266,94,1.0,18.5,266,94,1.0,18.5,266,94,1.0,18.5,266,94,1.0,18.5,266,94,1.0,18.5,266,94,1.0,18.5,266,94,1.0,18.5,266,94,1.0,18.5,266,94,1.0,18.5,266,94,1.0,18.5,266,94,1.0,18.5
257,134.59,1.11,2.78,0,267,90,1.0,18.7,267,90,1.0,18.7,267,90,1.0,18.7,267,90,1.0,18.7,267,90,1.0,18.7,267,90,1.0,18.7,267,90,1.0,18.7,267,90,1.0,18.7,267,90,1.0,18.7,267,90,1.0,18.7,267,90,1.0,18.7,267,90,1.0,18.7,267,90,1.0,18.7,267,90,1.0,18.7,267,90,1.0,18.7,267,90,1.0,18.7,267,90,1.0,18.7,267,90,1.0,18.7,267,90,1.0,18.7,267,90,1.0,18.7,267,90,1.0,18.7,267,90,1.0,18.7,267,90,1.0,18.7,267,90,1.0,18.7,267,90,1.0,18.7,267,90,1.0,18.7,267,90,1.0,18.7,267,90,1.0,18.7,267,90,1.0,18.7,267,90,1.0,18.7,267,90,1.0,18.7,267,90,1.0,18.7
258,135.07,1.12,2.8,0,269,89,1.0,18.8,269,89,1.0,18.8,269,89,1.0,18.8,269,89,1.0,18.8,269,89,1.0,18.8,269,89,1.0,18.8,269,89,1.0,18.8,269,89,1.0,18.8,269,89,1.0,18.8,269,89,1.0,18.8,269,89,1.0,18.8,269,89,1.0,18.8,269,89,1.0,18.8,269,89,1.0,18.8,269,89,1.0,18.8,269,89,1.0,18.8,269,89,1.0,18.8,269,89,1.0,18.8,269,89,1.0,18.8,269,89,1.0,18.8,269,89,1.0,18.8,269,89,1.0,18.8,269,89,1.0,18.8,269,89,1.0,18.8,269,89,1.0,18.8,269,89,1.0,18.8,269,89,1.0,18.8,269,89,1.0,18.8,269,89,1.0,18.8,269,89,1.0,18.8,269,89,1.0,18.8,269,89,1.0,18.8
259,136.03,1.12,2.8,0,269,89,1.0,18.8,269,89,1.0,18.8,269,89,1.0,18.8,269,89,1.0,18.8,269,89,1.0,18.8,269,89,1.0,18.8,269,89,1.0,18.8,269,89,1.0,18.8,269,89,1.0,18.8,269,89,1.0,18.8,269,89,1.0,18.8,269,89,1.0,18.8,269,89,1.0,18.8,269,89,1.0,18.8,269,89,1.0,18.8,269,89,1.0,18.8,269,89,1.0,18.8,269,89,1.0,18.8,269,89,1.0,18.8,269,89,1.0,18.8,269,89,1.0,18.8,269,89,1.0,18.8,269,89,1.0,18.8,269,89,1.0,18.8,269,89,1.0,18.8,269,89,1.0,18.8,269,89,1.0,18.8,269,89,1.0,18.8,269,89,1.0,18.8,269,89,1.0,18.8,269,89,1.0,18.8,269,89,1.0,18.8
260,136.99,1.12,2.8,0,269,89,1.0,18.8,269,89,1.0,18.8,269,89,1.0,18.8,269,89,1.0,18.8,269,89,1.0,18.8,269,89,1.0,18.8,269,89,1.0,18.8,269,89,1.0,18.8,269,89,1.0,18.8,269,89,1.0,18.8,269,89,1.0,18.8,269,89,1.0,18.8,269,89,1.0,18.8,269,89,1.0,18.8,269,89,1.0,18.8,269,89,1.0,18.8,269,89,1.0,18.8,269,89,1.0,18.8,269,89,1.0,18.8,269,89,1.0,18.8,269,89,1.0,18.8,269,89,1.0,18.8,269,89,1.0,18.8,269,89,1.0,18.8,269,89,1.0,18.8,269,89,1.0,18.8,269,89,1.0,18.8,269,89,1.0,18.8,269,89,1.0,18.8,269,89,1.0,18.8,269,89,1.0,18.8,269,89,1.0,18.8
261,137.7,1.12,2.81,0,270,89,1.0,18.8,270,89,1.0,18.8,270,89,1.0,18.8,270,89,1.0,18.8,270,89,1.0,18.8,270,89,1.0,18.8,270,89,1.0,18.8,270,89,1.0,18.8,270,89,1.0,18.8,270,89,1.0,18.8,270,89,1.0,18.8,270,89,1.0,18.8,270,89,1.0,18.8,270,89,1.0,18.8,270,89,1.0,18.8,270,89,1.0,18.8,270,89,1.0,18.8,270,89,1.0,18.8,270,89,1.0,18.8,270,89,1.0,18.8,270,89,1.0,18.8,270,89,1.0,18.8,270,89,1.0,18.8,270,89,1.0,18.8,270,89,1.0,18.8,270,89,1.0,18.8,270,89,1.0,18.8,270,89,1.0,18.8,270,89,1.0,18.8,270,89,1.0,18.8,270,89,1.0,18.8,270,89,1.0,18.8
262,138.66,1.13,2.82,0,271,89,1.0,18.8,271,89,1.0,18.8,271,89,1.0,18.8,271,89,1.0,18.8,271,89,1.0,18.8,271,89,1.0,18.8,271,89,1.0,18.8,271,89,1.0,18.8,271,89,1.0,18.8,271,89,1.0,18.8,271,89,1.0,18.8,271,89,1.0,18.8,271,89,1.0,18.8,271,89,1.0,18.8,271,89,1.0,18.8,271,89,1.0,18.8,271,89,1.0,18.8,271,89,1.0,18.8,271,89,1.0,18.8,271,89,1.0,18.8,271,89,1.0,18.8,271,89,1.0,18.8,271,89,1.0,18.8,271,89,1.0,18.8,271,89,1.0,18.8,271,89,1.0,18.8,271,89,1.0,18.8,271,89,1.0,18.8,271,89,1.0,18.8,271,89,1.0,18.8,271,89,1.0,18.8,271,89,1.0,18.8
263,138.89,1.13,2.83,0,272,88,1.0,18.9,272,88,1.0,18.9,272,88,1.0,18.9,272,88,1.0,18.9,272,88,1.0,18.9,272,88,1.0,18.9,272,88,1.0,18.9,272,88,1.0,18.9,272,88,1.0,18.9,272,88,1.0,18.9,272,88,1.0,18.9,272,88,1.0,18.9,272,88,1.0,18.9,272,88,1.0,18.9,272,88,1.0,18.9,272,88,1.0,18.9,272,88,1.0,18.9,272,88,1.0,18.9,272,88,1.0,18.9,272,88,1.0,18.9,272,88,1.0,18.9,272,88,1.0,18.9,272,88,1.0,18.9,272,88,1.0,18.9,272,88,1.0,18.9,272,88,1.0,18.9,272,88,1.0,18.9,272,88,1.0,18.9,272,88,1.0,18.9,272,88,1.0,18.9,272,88,1.0,18.9,272,88,1.0,18.9
264,138.87,1.15,2.86,0,275,87,1.0,19.0,275,87,1.0,19.0,275,87,1.0,19.0,275,87,1.0,19.0,275,87,1.0,19.0,275,87,1.0,19.0,275,87,1.0,19.0,275,87,1.0,19.0,275,87,1.0,19.0,275,87,1.0,19.0,275,87,1.0,19.0,275,87,1.0,19.0,275,87,1.0,19.0,275,87,1.0,19.0,275,87,1.0,19.0,275,87,1.0,19.0,275,87,1.0,19.0,275,87,1.0,19.0,275,87,1.0,19.0,275,87,1.0,19.0,275,87,1.0,19.0,275,87,1.0,19.0,275,87,1.0,19.0,275,87,1.0,19.0,275,87,1.0,19.0,275,87,1.0,19.0,275,87,1.0,19.0,275,87,1.0,19.0,275,87,1.0,19.0,275,87,1.0,19.0,275,87,1.0,19.0,275,87,1.0,19.0
265,139.1,1.15,2.88,0,276,89,1.0,18.9,276,89,1.0,18.9,276,89,1.0,18.9,276,89,1.0,18.9,276,89,1.0,18.9,276,89,1.0,18.9,276,89,1.0,18.9,276,89,1.0,18.9,276,89,1.0,18.9,276,89,1.0,18.9,276,89,1.0,18.9,276,89,1.0,18.9,276,89,1.0,18.9,276,89,1.0,18.9,276,89,1.0,18.9,276,89,1.0,18.9,276,89,1.0,18.9,276,89,1.0,18.9,276,89,1.0,18.9,276,89,1.0,18.9,276,89,1.0,18.9,276,89,1.0,18.9,276,89,1.0,18.9,276,89,1.0,18.9,276,89,1.0,18.9,276,89,1.0,18.9,276,89,1.0,18.9,276,89,1.0,18.9,276,89,1.0,18.9,276,89,1.0,18.9,276,89,1.0,18.9,276,89,1.0,18.9
266,139.33,1.16,2.91,0,279,88,1.0,19.0,279,88,1.0,19.0,279,88,1.0,19.0,279,88,1.0,19.0,279,88,1.0,19.0,279,88,1.0,19.0,279,88,1.0,19.0,279,88,1.0,19.0,279,88,1.0,19.0,279,88,1.0,19.0,279,88,1.0,19.0,279,88,1.0,19.0,279,88,1.0,19.0,279,88,1.0,19.0,279,88,1.0,19.0,279,88,1.0,19.0,279,88,1.0,19.0,279,88,1.0,19.0,279,88,1.0,19.0,279,88,1.0,19.0,279,88,1.0,19.0,279,88,1.0,19.0,279,88,1.0,19.0,279,88,1.0,19.0,279,88,1.0,19.0,279,88,1.0,19.0,279,88,1.0,19.0,279,88,1.0,19.0,279,88,1.0,19.0,279,88,1.0,19.0,279,88,1.0,19.0,279,88,1.0,19.0
267,139.81,1.18,2.95,0,283,82,1.0,19.4,283,82,1.0,19.4,283,82,1.0,19.4,283,82,1.0,19.4,283,82,1.0,19.4,283,82,1.0,19.4,283,82,1.0,19.4,283,82,1.0,19.4,283,82,1.0,19.4,283,82,1.0,19.4,283,82,1.0,19.4,283,82,1.0,19.4,283,82,1.0,19.4,283,82,1.0,19.4,283,82,1.0,19.4,283,82,1.0,19.4,283,82,1.0,19.4,283,82,1.0,19.4,283,82,1.0,19.4,283,82,1.0,19.4,283,82,1.0,19.4,283,82,1.0,19.4,283,82,1.0,19.4,283,82,1.0,19.4,283,82,1.0,19.4,283,82,1.0,19.4,283,82,1.0,19.4,283,82,1.0,19.4,283,82,1.0,19.4,283,82,1.0,19.4,283,82,1.0,19.4,283,82,1.0,19.4
268,140.53,1.18,2.95,0,283,84,1.0,19.3,283,84,1.0,19.3,283,84,1.0,19.3,283,84,1.0,19.3,283,84,1.0,19.3,283,84,1.0,19.3,283,84,1.0,19.3,283,84,1.0,19.3,283,84,1.0,19.3,283,84,1.0,19.3,283,84,1.0,19.3,283,84,1.0,19.3,283,84,1.0,19.3,283,84,1.0,19.3,283,84,1.0,19.3,283,84,1.0,19.3,283,84,1.0,19.3,283,84,1.0,19.3,283,84,1.0,19.3,283,84,1.0,19.3,283,84,1.0,19.3,283,84,1.0,19.3,283,84,1.0,19.3,283,84,1.0,19.3,283,84,1.0,19.3,283,84,1.0,19.3,283,84,1.0,19.3,283,84,1.0,19.3,283,84,1.0,19.3,283,84,1.0,19.3,283,84,1.0,19.3,283,84,1.0,19.3
269,140.52,1.19,2.98,0,286,82,1.0,19.4,286,82,1.0,19.4,286,82,1.0,19.4,286,82,1.0,19.4,286,82,1.0,19.4,286,82,1.0,19.4,286,82,1.0,19.4,286,82,1.0,19.4,286,82,1.0,19.4,286,82,1.0,19.4,286,82,1.0,19.4,286,82,1.0,19.4,286,82,1.0,19.4,286,82,1.0,19.4,286,82,1.0,19.4,286,82,1.0,19.4,286,82,1.0,19.4,286,82,1.0,19.4,286,82,1.0,19.4,286,82,1.0,19.4,286,82,1.0,19.4,286,82,1.0,19.4,286,82,1.0,19.4,286,82,1.0,19.4,286,82,1.0,19.4,286,82,1.0,19.4,286,82,1.0,19.4,286,82,1.0,19.4,286,82,1.0,19.4,286,82,1.0,19.4,286,82,1.0,19.4,286,82,1.0,19.4
270,141.24,1.2,3.0,0,288,80,1.0,19.6,288,80,1.0,19.6,288,80,1.0,19.6,288,80,1.0,19.6,288,80,1.0,19.6,288,80,1.0,19.6,288,80,1.0,19.6,288,80,1.0,19.6,288,80,1.0,19.6,288,80,1.0,19.6,288,80,1.0,19.6,288,80,1.0,19.6,288,80,1.0,19.6,288,80,1.0,19.6,288,80,1.0,19.6,288,80,1.0,19.6,288,80,1.0,19.6,288,80,1.0,19.6,288,80,1.0,19.6,288,80,1.0,19.6,288,80,1.0,19.6,288,80,1.0,19.6,288,80,1.0,19.6,288,80,1.0,19.6,288,80,1.0,19.6,288,80,1.0,19.6,288,80,1.0,19.6,288,80,1.0,19.6,288,80,1.0,19.6,288,80,1.0,19.6,288,80,1.0,19.6,288,80,1.0,19.6
271,141.24,1.21,3.02,0,290,78,1.0,19.7,290,78,1.0,19.7,290,78,1.0,19.7,290,78,1.0,19.7,290,78,1.0,19.7,290,78,1.0,19.7,290,78,1.0,19.7,290,78,1.0,19.7,290,78,1.0,19.7,290,78,1.0,19.7,290,78,1.0,19.7,290,78,1.0,19.7,290,78,1.0,19.7,290,78,1.0,19.7,290,78,1.0,19.7,290,78,1.0,19.7,290,78,1.0,19.7,290,78,1.0,19.7,290,78,1.0,19.7,290,78,1.0,19.7,290,78,1.0,19.7,290,78,1.0,19.7,290,78,1.0,19.7,290,78,1.0,19.7,290,78,1.0,19.7,290,78,1.0,19.7,290,78,1.0,19.7,290,78,1.0,19.7,290,78,1.0,19.7,290,78,1.0,19.7,290,78,1.0,19.7,290,78,1.0,19.7
272,142.2,1.2,3.01,0,289,81,1.0,19.5,289,81,1.0,19.5,289,81,1.0,19.5,289,81,1.0,19.5,289,81,1.0,19.5,289,81,1.0,19.5,289,81,1.0,19.5,289,81,1.0,19.5,289,81,1.0,19.5,289,81,1.0,19.5,289,81,1.0,19.5,289,81,1.0,19.5,289,81,1.0,19.5,289,81,1.0,19.5,289,81,1.0,19.5,289,81,1.0,19.5,289,81,1.0,19.5,289,81,1.0,19.5,289,81,1.0,19.5,289,81,1.0,19.5,289,81,1.0,19.5,289,81,1.0,19.5,289,81,1.0,19.5,289,81,1.0,19.5,289,81,1.0,19.5,289,81,1.0,19.5,289,81,1.0,19.5,289,81,1.0,19.5,289,81,1.0,19.5,289,81,1.0,19.5,289,81,1.0,19.5,289,81,1.0,19.5
273,142.67,1.21,3.02,0,290,83,1.0,19.4,290,83,1.0,19.4,290,83,1.0,19.4,290,83,1.0,19.4,290,83,1.0,19.4,290,83,1.0,19.4,290,83,1.0,19.4,290,83,1.0,19.4,290,83,1.0,19.4,290,83,1.0,19.4,290,83,1.0,19.4,290,83,1.0,19.4,290,83,1.0,19.4,290,83,1.0,19.4,290,83,1.0,19.4,290,83,1.0,19.4,290,83,1.0,19.4,290,83,1.0,19.4,290,83,1.0,19.4,290,83,1.0,19.4,290,83,1.0,19.4,290,83,1.0,19.4,290,83,1.0,19.4,290,83,1.0,19.4,290,83,1.0,19.4,290,83,1.0,19.4,290,83,1.0,19.4,290,83,1.0,19.4,290,83,1.0,19.4,290,83,1.0,19.4,290,83,1.0,19.4,290,83,1.0,19.4
274,142.67,1.22,3.04,0,292,81,1.0,19.6,292,81,1.0,19.6,292,81,1.0,19.6,292,81,1.0,19.6,292,81,1.0,19.6,292,81,1.0,19.6,292,81,1.0,19.6,292,81,1.0,19.6,292,81,1.0,19.6,292,81,1.0,19.6,292,81,1.0,19.6,292,81,1.0,19.6,292,81,1.0,19.6,292,81,1.0,19.6,292,81,1.0,19.6,292,81,1.0,19.6,292,81,1.0,19.6,292,81,1.0,19.6,292,81,1.0,19.6,292,81,1.0,19.6,292,81,1.0,19.6,292,81,1.0,19.6,292,81,1.0,19.6,292,81,1.0,19.6,292,81,1.0,19.6,292,81,1.0,19.6,292,81,1.0,19.6,292,81,1.0,19.6,292,81,1.0,19.6,292,81,1.0,19.6,292,81,1.0,19.6,292,81,1.0,19.6
275,143.63,1.23,3.08,0,296,78,1.0,19.8,296,78,1.0,19.8,296,78,1.0,19.8,296,78,1.0,19.8,296,78,1.0,19.8,296,78,1.0,19.8,296,78,1.0,19.8,296,78,1.0,19.8,296,78,1.0,19.8,296,78,1.0,19.8,296,78,1.0,19.8,296,78,1.0,19.8,296,78,1.0,19.8,296,78,1.0,19.8,296,78,1.0,19.8,296,78,1.0,19.8,296,78,1.0,19.8,296,78,1.0,19.8,296,78,1.0,19.8,296,78,1.0,19.8,296,78,1.0,19.8,296,78,1.0,19.8,296,78,1.0,19.8,296,78,1.0,19.8,296,78,1.0,19.8,296,78,1.0,19.8,296,78,1.0,19.8,296,78,1.0,19.8,296,78,1.0,19.8,296,78,1.0,19.8,296,78,1.0,19.8,296,78,1.0,19.8
276,144.11,1.23,3.07,0,295,82,1.0,19.6,295,82,1.0,19.6,295,82,1.0,19.6,295,82,1.0,19.6,295,82,1.0,19.6,295,82,1.0,19.6,295,82,1.0,19.6,295,82,1.0,19.6,295,82,1.0,19.6,295,82,1.0,19.6,295,82,1.0,19.6,295,82,1.0,19.6,295,82,1.0,19.6,295,82,1.0,19.6,295,82,1.0,19.6,295,82,1.0,19.6,295,82,1.0,19.6,295,82,1.0,19.6,295,82,1.0,19.6,295,82,1.0,19.6,295,82,1.0,19.6,295,82,1.0,19.6,295,82,1.0,19.6,295,82,1.0,19.6,295,82,1.0,19.6,295,82,1.0,19.6,295,82,1.0,19.6,295,82,1.0,19.6,295,82,1.0,19.6,295,82,1.0,19.6,295,82,1.0,19.6,295,82,1.0,19.6
277,144.34,1.23,3.08,0,296,80,1.0,19.7,296,80,1.0,19.7,296,80,1.0,19.7,296,80,1.0,19.7,296,80,1.0,19.7,296,80,1.0,19.7,296,80,1.0,19.7,296,80,1.0,19.7,296,80,1.0,19.7,296,80,1.0,19.7,296,80,1.0,19.7,296,80,1.0,19.7,296,80,1.0,19.7,296,80,1.0,19.7,296,80,1.0,19.7,296,80,1.0,19.7,296,80,1.0,19.7,296,80,1.0,19.7,296,80,1.0,19.7,296,80,1.0,19.7,296,80,1.0,19.7,296,80,1.0,19.7,296,80,1.0,19.7,296,80,1.0,19.7,296,80,1.0,19.7,296,80,1.0,19.7,296,80,1.0,19.7,296,80,1.0,19.7,296,80,1.0,19.7,296,80,1.0,19.7,296,80,1.0,19.7,296,80,1.0,19.7
278,144.34,1.25,3.11,0,299,79,1.0,19.8,299,79,1.0,19.8,299,79,1.0,19.8,299,79,1.0,19.8,299,79,1.0,19.8,299,79,1.0,19.8,299,79,1.0,19.8,299,79,1.0,19.8,299,79,1.0,19.8,299,79,1.0,19.8,299,79,1.0,19.8,299,79,1.0,19.8,299,79,1.0,19.8,299,79,1.0,19.8,299,79,1.0,19.8,299,79,1.0,19.8,299,79,1.0,19.8,299,79,1.0,19.8,299,79,1.0,19.8,299,79,1.0,19.8,299,79,1.0,19.8,299,79,1.0,19.8,299,79,1.0,19.8,299,79,1.0,19.8,299,79,1.0,19.8,299,79,1.0,19.8,299,79,1.0,19.8,299,79,1.0,19.8,299,79,1.0,19.8,299,79,1.0,19.8,299,79,1.0,19.8,299,79,1.0,19.8
279,144.82,1.25,3.11,0,299,83,1.0,19.6,299,83,1.0,19.6,299,83,1.0,19.6,299,83,1.0,19.6,299,83,1.0,19.6,299,83,1.0,19.6,299,83,1.0,19.6,299,83,1.0,19.6,299,83,1.0,19.6,299,83,1.0,19.6,299,83,1.0,19.6,299,83,1.0,19.6,299,83,1.0,19.6,299,83,1.0,19.6,299,83,1.0,19.6,299,83,1.0,19.6,299,83,1.0,19.6,299,83,1.0,19.6,299,83,1.0,19.6,299,83,1.0,19.6,299,83,1.0,19.6,299,83,1.0,19.6,299,83,1.0,19.6,299,83,1.0,19.6,299,83,1.0,19.6,299,83,1.0,19.6,299,83,1.0,19.6,299,83,1.0,19.6,299,83,1.0,19.6,299,83,1.0,19.6,299,83,1.0,19.6,299,83,1.0,19.6
280,144.83,1.25,3.12,0,300,82,1.0,19.6,300,82,1.0,19.6,300,82,1.0,19.6,300,82,1.0,19.6,300,82,1.0,19.6,300,82,1.0,19.6,300,82,1.0,19.6,300,82,1.0,19.6,300,82,1.0,19.6,300,82,1.0,19.6,300,82,1.0,19.6,300,82,1.0,19.6,300,82,1.0,19.6,300,82,1.0,19.6,300,82,1.0,19.6,300,82,1.0,19.6,300,82,1.0,19.6,300,82,1.0,19.6,300,82,1.0,19.6,300,82,1.0,19.6,300,82,1.0,19.6,300,82,1.0,19.6,300,82,1.0,19.6,300,82,1.0,19.6,300,82,1.0,19.6,300,82,1.0,19.6,300,82,1.0,19.6,300,82,1.0,19.6,300,82,1.0,19.6,300,82,1.0,19.6,300,82,1.0,19.6,300,82,1.0,19.6
281,145.32,1.26,3.15,0,302,82,1.0,19.7,302,82,1.0,19.7,302,82,1.0,19.7,302,82,1.0,19.7,302,82,1.0,19.7,302,82,1.0,19.7,302,82,1.0,19.7,302,82,1.0,19.7,302,82,1.0,19.7,302,82,1.0,19.7,302,82,1.0,19.7,302,82,1.0,19.7,302,82,1.0,19.7,302,82,1.0,19.7,302,82,1.0,19.7,302,82,1.0,19.7,302,82,1.0,19.7,302,82,1.0,19.7,302,82,1.0,19.7,302,82,1.0,19.7,302,82,1.0,19.7,302,82,1.0,19.7,302,82,1.0,19.7,302,82,1.0,19.7,302,82,1.0,19.7,302,82,1.0,19.7,302,82,1.0,19.7,302,82,1.0,19.7,302,82,1.0,19.7,302,82,1.0,19.7,302,82,1.0,19.7,302,82,1.0,19.7
282,146.28,1.26,3.16,0,303,80,1.0,19.8,303,80,1.0,19.8,303,80,1.0,19.8,303,80,1.0,19.8,303,80,1.0,19.8,303,80,1.0,19.8,303,80,1.0,19.8,303,80,1.0,19.8,303,80,1.0,19.8,303,80,1.0,19.8,303,80,1.0,19.8,303,80,1.0,19.8,303,80,1.0,19.8,303,80,1.0,19.8,303,80,1.0,19.8,303,80,1.0,19.8,303,80,1.0,19.8,303,80,1.0,19.8,303,80,1.0,19.8,303,80,1.0,19.8,303,80,1.0,19.8,303,80,1.0,19.8,303,80,1.0,19.8,303,80,1.0,19.8,303,80,1.0,19.8,303,80,1.0,19.8,303,80,1.0,19.8,303,80,1.0,19.8,303,80,1.0,19.8,303,80,1.0,19.8,303,80,1.0,19.8,303,80,1.0,19.8
283,146.52,1.26,3.15,0,302,84,1.0,19.6,302,84,1.0,19.6,302,84,1.0,19.6,302,84,1.0,19.6,302,84,1.0,19.6,302,84,1.0,19.6,302,84,1.0,19.6,302,84,1.0,19.6,302,84,1.0,19.6,302,84,1.0,19.6,302,84,1.0,19.6,302,84,1.0,19.6,302,84,1.0,19.6,302,84,1.0,19.6,302,84,1.0,19.6,302,84,1.0,19.6,302,84,1.0,19.6,302,84,1.0,19.6,302,84,1.0,19.6,302,84,1.0,19.6,302,84,1.0,19.6,302,84,1.0,19.6,302,84,1.0,19.6,302,84,1.0,19.6,302,84,1.0,19.6,302,84,1.0,19.6,302,84,1.0,19.6,302,84,1.0,19.6,302,84,1.0,19.6,302,84,1.0,19.6,302,84,1.0,19.6,302,84,1.0,19.6
284,147.01,1.27,3.18,0,305,82,1.0,19.7,305,82,1.0,19.7,305,82,1.0,19.7,305,82,1.0,19.7,305,82,1.0,19.7,305,82,1.0,19.7,305,82,1.0,19.7,305,82,1.0,19.7,305,82,1.0,19.7,305,82,1.0,19.7,305,82,1.0,19.7,305,82,1.0,19.7,305,82,1.0,19.7,305,82,1.0,19.7,305,82,1.0,19.7,305,82,1.0,19.7,305,82,1.0,19.7,305,82,1.0,19.7,305,82,1.0,19.7,305,82,1.0,19.7,305,82,1.0,19.7,305,82,1.0,19.7,305,82,1.0,19.7,305,82,1.0,19.7,305,82,1.0,19.7,305,82,1.0,19.7,305,82,1.0,19.7,305,82,1.0,19.7,305,82,1.0,19.7,305,82,1.0,19.7,305,82,1.0,19.7,305,82,1.0,19.7
285,147.73,1.27,3.19,0,306,81,1.0,19.8,306,81,1.0,19.8,306,81,1.0,19.8,306,81,1.0,19.8,306,81,1.0,19.8,306,81,1.0,19.8,306,81,1.0,19.8,306,81,1.0,19.8,306,81,1.0,19.8,306,81,1.0,19.8,306,81,1.0,19.8,306,81,1.0,19.8,306,81,1.0,19.8,306,81,1.0,19.8,306,81,1.0,19.8,306,81,1.0,19.8,306,81,1.0,19.8,306,81,1.0,19.8,306,81,1.0,19.8,306,81,1.0,19.8,306,81,1.0,19.8,306,81,1.0,19.8,306,81,1.0,19.8,306,81,1.0,19.8,306,81,1.0,19.8,306,81,1.0,19.8,306,81,1.0,19.8,306,81,1.0,19.8,306,81,1.0,19.8,306,81,1.0,19.8,306,81,1.0,19.8,306,81,1.0,19.8
286,148.21,1.27,3.19,0,306,82,1.0,19.7,306,82,1.0,19.7,306,82,1.0,19.7,306,82,1.0,19.7,306,82,1.0,19.7,306,82,1.0,19.7,306,82,1.0,19.7,306,82,1.0,19.7,306,82,1.0,19.7,306,82,1.0,19.7,306,82,1.0,19.7,306,82,1.0,19.7,306,82,1.0,19.7,306,82,1.0,19.7,306,82,1.0,19.7,306,82,1.0,19.7,306,82,1.0,19.7,306,82,1.0,19.7,306,82,1.0,19.7,306,82,1.0,19.7,306,82,1.0,19.7,306,82,1.0,19.7,306,82,1.0,19.7,306,82,1.0,19.7,306,82,1.0,19.7,306,82,1.0,19.7,306,82,1.0,19.7,306,82,1.0,19.7,306,82,1.0,19.7,306,82,1.0,19.7,306,82,1.0,19.7,306,82,1.0,19.7
287,148.22,1.27,3.19,0,306,83,1.0,19.7,306,83,1.0,19.7,306,83,1.0,19.7,306,83,1.0,19.7,306,83,1.0,19.7,306,83,1.0,19.7,306,83,1.0,19.7,306,83,1.0,19.7,306,83,1.0,19.7,306,83,1.0,19.7,306,83,1.0,19.7,306,83,1.0,19.7,306,83,1.0,19.7,306,83,1.0,19.7,306,83,1.0,19.7,306,83,1.0,19.7,306,83,1.0,19.7,306,83,1.0,19.7,306,83,1.0,19.7,306,83,1.0,19.7,306,83,1.0,19.7,306,83,1.0,19.7,306,83,1.0,19.7,306,83,1.0,19.7,306,83,1.0,19.7,306,83,1.0,19.7,306,83,1.0,19.7,306,83,1.0,19.7,306,83,1.0,19.7,306,83,1.0,19.7,306,83,1.0,19.7,306,83,1.0,19.7
288,149.18,1.29,3.23,0,310,80,1.0,19.9,310,80,1.0,19.9,310,80,1.0,19.9,310,80,1.0,19.9,310,80,1.0,19.9,310,80,1.0,19.9,310,80,1.0,19.9,310,80,1.0,19.9,310,80,1.0,19.9,310,80,1.0,19.9,310,80,1.0,19.9,310,80,1.0,19.9,310,80,1.0,19.9,310,80,1.0,19.9,310,80,1.0,19.9,310,80,1.0,19.9,310,80,1.0,19.9,310,80,1.0,19.9,310,80,1.0,19.9,310,80,1.0,19.9,310,80,1.0,19.9,310,80,1.0,19.9,310,80,1.0,19.9,310,80,1.0,19.9,310,80,1.0,19.9,310,80,1.0,19.9,310,80,1.0,19.9,310,80,1.0,19.9,310,80,1.0,19.9,310,80,1.0,19.9,310,80,1.0,19.9,310,80,1.0,19.9
289,149.19,1.29,3.23,0,310,81,1.0,19.8,310,81,1.0,19.8,310,81,1.0,19.8,310,81,1.0,19.8,310,81,1.0,19.8,310,81,1.0,19.8,310,81,1.0,19.8,310,81,1.0,19.8,310,81,1.0,19.8,310,81,1.0,19.8,310,81,1.0,19.8,310,81,1.0,19.8,310,81,1.0,19.8,310,81,1.0,19.8,310,81,1.0,19.8,310,81,1.0,19.8,310,81,1.0,19.8,310,81,1.0,19.8,310,81,1.0,19.8,310,81,1.0,19.8,310,81,1.0,19.8,310,81,1.0,19.8,310,81,1.0,19.8,310,81,1.0,19.8,310,81,1.0,19.8,310,81,1.0,19.8,310,81,1.0,19.8,310,81,1.0,19.8,310,81,1.0,19.8,310,81,1.0,19.8,310,81,1.0,19.8,310,81,1.0,19.8
290,149.43,1.3,3.24,0,311,80,1.0,19.9,311,80,1.0,19.9,311,80,1.0,19.9,311,80,1.0,19.9,311,80,1.0,19.9,311,80,1.0,19.9,311,80,1.0,19.9,311,80,1.0,19.9,311,80,1.0,19.9,311,80,1.0,19.9,311,80,1.0,19.9,311,80,1.0,19.9,311,80,1.0,19.9,311,80,1.0,19.9,311,80,1.0,19.9,311,80,1.0,19.9,311,80,1.0,19.9,311,80,1.0,19.9,311,80,1.0,19.9,311,80,1.0,19.9,311,80,1.0,19.9,311,80,1.0,19.9,311,80,1.0,19.9,311,80,1.0,19.9,311,80,1.0,19.9,311,80,1.0,19.9,311,80,1.0,19.9,311,80,1.0,19.9,311,80,1.0,19.9,311,80,1.0,19.9,311,80,1.0,19.9,311,80,1.0,19.9
291,149.92,1.3,3.24,0,311,82,1.0,19.8,311,82,1.0,19.8,311,82,1.0,19.8,311,82,1.0,19.8,311,82,1.0,19.8,311,82,1.0,19.8,311,82,1.0,19.8,311,82,1.0,19.8,311,82,1.0,19.8,311,82,1.0,19.8,311,82,1.0,19.8,311,82,1.0,19.8,311,82,1.0,19.8,311,82,1.0,19.8,311,82,1.0,19.8,311,82,1.0,19.8,311,82,1.0,19.8,311,82,1.0,19.8,311,82,1.0,19.8,311,82,1.0,19.8,311,82,1.0,19.8,311,82,1.0,19.8,311,82,1.0,19.8,311,82,1.0,19.8,311,82,1.0,19.8,311,82,1.0,19.8,311,82,1.0,19.8,311,82,1.0,19.8,311,82,1.0,19.8,311,82,1.0,19.8,311,82,1.0,19.8,311,82,1.0,19.8
292,150.17,1.3,3.24,0,311,82,1.0,19.8,311,82,1.0,19.8,311,82,1.0,19.8,311,82,1.0,19.8,311,82,1.0,19.8,311,82,1.0,19.8,311,82,1.0,19.8,311,82,1.0,19.8,311,82,1.0,19.8,311,82,1.0,19.8,311,82,1.0,19.8,311,82,1.0,19.8,311,82,1.0,19.8,311,82,1.0,19.8,311,82,1.0,19.8,311,82,1.0,19.8,311,82,1.0,19.8,311,82,1.0,19.8,311,82,1.0,19.8,311,82,1.0,19.8,311,82,1.0,19.8,311,82,1.0,19.8,311,82,1.0,19.8,311,82,1.0,19.8,311,82,1.0,19.8,311,82,1.0,19.8,311,82,1.0,19.8,311,82,1.0,19.8,311,82,1.0,19.8,311,82,1.0,19.8,311,82,1.0,19.8,311,82,1.0,19.8
293,151.13,1.31,3.27,0,314,80,1.0,19.9,314,80,1.0,19.9,314,80,1.0,19.9,314,80,1.0,19.9,314,80,1.0,19.9,314,80,1.0,19.9,314,80,1.0,19.9,314,80,1.0,19.9,314,80,1.0,19.9,314,80,1.0,19.9,314,80,1.0,19.9,314,80,1.0,19.9,314,80,1.0,19.9,314,80,1.0,19.9,314,80,1.0,19.9,314,80,1.0,19.9,314,80,1.0,19.9,314,80,1.0,19.9,314,80,1.0,19.9,314,80,1.0,19.9,314,80,1.0,19.9,314,80,1.0,19.9,314,80,1.0,19.9,314,80,1.0,19.9,314,80,1.0,19.9,314,80,1.0,19.9,314,80,1.0,19.9,314,80,1.0,19.9,314,80,1.0,19.9,314,80,1.0,19.9,314,80,1.0,19.9,314,80,1.0,19.9
294,150.9,1.31,3.27,0,314,83,1.0,19.8,314,83,1.0,19.8,314,83,1.0,19.8,314,83,1.0,19.8,314,83,1.0,19.8,314,83,1.0,19.8,314,83,1.0,19.8,314,83,1.0,19.8,314,83,1.0,19.8,314,83,1.0,19.8,314,83,1.0,19.8,314,83,1.0,19.8,314,83,1.0,19.8,314,83,1.0,19.8,314,83,1.0,19.8,314,83,1.0,19.8,314,83,1.0,19.8,314,83,1.0,19.8,314,83,1.0,19.8,314,83,1.0,19.8,314,83,1.0,19.8,314,83,1.0,19.8,314,83,1.0,19.8,314,83,1.0,19.8,314,83,1.0,19.8,314,83,1.0,19.8,314,83,1.0,19.8,314,83,1.0,19.8,314,83,1.0,19.8,314,83,1.0,19.8,314,83,1.0,19.8,314,83,1.0,19.8
295,151.62,1.32,3.3,0,317,79,1.0,20.0,317,79,1.0,20.0,317,79,1.0,20.0,317,79,1.0,20.0,317,79,1.0,20.0,317,79,1.0,20.0,317,79,1.0,20.0,317,79,1.0,20.0,317,79,1.0,20.0,317,79,1.0,20.0,317,79,1.0,20.0,317,79,1.0,20.0,317,79,1.0,20.0,317,79,1.0,20.0,317,79,1.0,20.0,317,79,1.0,20.0,317,79,1.0,20.0,317,79,1.0,20.0,317,79,1.0,20.0,317,79,1.0,20.0,317,79,1.0,20.0,317,79,1.0,20.0,317,79,1.0,20.0,317,79,1.0,20.0,317,79,1.0,20.0,317,79,1.0,20.0,317,79,1.0,20.0,317,79,1.0,20.0,317,79,1.0,20.0,317,79,1.0,20.0,317,79,1.0,20.0,317,79,1.0,20.0
296,152.35,1.32,3.31,0,318,80,1.0,20.0,318,80,1.0,20.0,318,80,1.0,20.0,318,80,1.0,20.0,318,80,1.0,20.0,318,80,1.0,20.0,318,80,1.0,20.0,318,80,1.0,20.0,318,80,1.0,20.0,318,80,1.0,20.0,318,80,1.0,20.0,318,80,1.0,20.0,318,80,1.0,20.0,318,80,1.0,20.0,318,80,1.0,20.0,318,80,1.0,20.0,318,80,1.0,20.0,318,80,1.0,20.0,318,80,1.0,20.0,318,80,1.0,20.0,318,80,1.0,20.0,318,80,1.0,20.0,318,80,1.0,20.0,318,80,1.0,20.0,318,80,1.0,20.0,318,80,1.0,20.0,318,80,1.0,20.0,318,80,1.0,20.0,318,80,1.0,20.0,318,80,1.0,20.0,318,80,1.0,20.0,318,80,1.0,20.0
297,153.07,1.32,3.31,0,318,83,1.0,19.8,318,83,1.0,19.8,318,83,1.0,19.8,318,83,1.0,19.8,318,83,1.0,19.8,318,83,1.0,19.8,318,83,1.0,19.8,318,83,1.0,19.8,318,83,1.0,19.8,318,83,1.0,19.8,318,83,1.0,19.8,318,83,1.0,19.8,318,83,1.0,19.8,318,83,1.0,19.8,318,83,1.0,19.8,318,83,1.0,19.8,318,83,1.0,19.8,318,83,1.0,19.8,318,83,1.0,19.8,318,83,1.0,19.8,318,83,1.0,19.8,318,83,1.0,19.8,318,83,1.0,19.8,318,83,1.0,19.8,318,83,1.0,19.8,318,83,1.0,19.8,318,83,1.0,19.8,318,83,1.0,19.8,318,83,1.0,19.8,318,83,1.0,19.8,318,83,1.0,19.8,318,83,1.0,19.8
298,153.55,1.33,3.33,0,320,80,1.0,20.0,320,80,1.0,20.0,320,80,1.0,20.0,320,80,1.0,20.0,320,80,1.0,20.0,320,80,1.0,20.0,320,80,1.0,20.0,320,80,1.0,20.0,320,80,1.0,20.0,320,80,1.0,20.0,320,80,1.0,20.0,320,80,1.0,20.0,320,80,1.0,20.0,320,80,1.0,20.0,320,80,1.0,20.0,320,80,1.0,20.0,320,80,1.0,20.0,320,80,1.0,20.0,320,80,1.0,20.0,320,80,1.0,20.0,320,80,1.0,20.0,320,80,1.0,20.0,320,80,1.0,20.0,320,80,1.0,20.0,320,80,1.0,20.0,320,80,1.0,20.0,320,80,1.0,20.0,320,80,1.0,20.0,320,80,1.0,20.0,320,80,1.0,20.0,320,80,1.0,20.0,320,80,1.0,20.0
299,154.51,1.35,3.36,0,323,81,1.0,20.0,323,81,1.0,20.0,323,81,1.0,20.0,323,81,1.0,20.0,323,81,1.0,20.0,323,81,1.0,20.0,323,81,1.0,20.0,323,81,1.0,20.0,323,81,1.0,20.0,323,81,1.0,20.0,323,81,1.0,20.0,323,81,1.0,20.0,323,81,1.0,20.0,323,81,1.0,20.0,323,81,1.0,20.0,323,81,1.0,20.0,323,81,1.0,20.0,323,81,1.0,20.0,323,81,1.0,20.0,323,81,1.0,20.0,323,81,1.0,20.0,323,81,1.0,20.0,323,81,1.0,20.0,323,81,1.0,20.0,323,81,1.0,20.0,323,81,1.0,20.0,323,81,1.0,20.0,323,81,1.0,20.0,323,81,1.0,20.0,323,81,1.0,20.0,323,81,1.0,20.0,323,81,1.0,20.0
300,155.22,1.35,3.38,0,324,80,1.0,20.0,324,80,1.0,20.0,324,80,1.0,20.0,324,80,1.0,20.0,324,80,1.0,20.0,324,80,1.0,20.0,324,80,1.0,20.0,324,80,1.0,20.0,324,80,1.0,20.0,324,80,1.0,20.0,324,80,1.0,20.0,324,80,1.0,20.0,324,80,1.0,20.0,324,80,1.0,20.0,324,80,1.0,20.0,324,80,1.0,20.0,324,80,1.0,20.0,324,80,1.0,20.0,324,80,1.0,20.0,324,80,1.0,20.0,324,80,1.0,20.0,324,80,1.0,20.0,324,80,1.0,20.0,324,80,1.0,20.0,324,80,1.0,20.0,324,80,1.0,20.0,324,80,1.0,20.0,324,80,1.0,20.0,324,80,1.0,20.0,324,80,1.0,20.0,324,80,1.0,20.0,324,80,1.0,20.0
301,155.46,1.34,3.35,0,322,78,1.0,20.1,322,78,1.0,20.1,322,78,1.0,20.1,322,78,1.0,20.1,322,78,1.0,20.1,322,78,1.0,20.1,322,78,1.0,20.1,322,78,1.0,20.1,322,78,1.0,20.1,322,78,1.0,20.1,322,78,1.0,20.1,322,78,1.0,20.1,322,78,1.0,20.1,322,78,1.0,20.1,322,78,1.0,20.1,322,78,1.0,20.1,322,78,1.0,20.1,322,78,1.0,20.1,322,78,1.0,20.1,322,78,1.0,20.1,322,78,1.0,20.1,322,78,1.0,20.1,322,78,1.0,20.1,322,78,1.0,20.1,322,78,1.0,20.1,322,78,1.0,20.1,322,78,1.0,20.1,322,78,1.0,20.1,322,78,1.0,20.1,322,78,1.0,20.1,322,78,1.0,20.1,322,78,1.0,20.1
302,156.42,1.33,3.32,0,319,83,1.0,19.8,319,83,1.0,19.8,319,83,1.0,19.8,319,83,1.0,19.8,319,83,1.0,19.8,319,83,1.0,19.8,319,83,1.0,19.8,319,83,1.0,19.8,319,83,1.0,19.8,319,83,1.0,19.8,319,83,1.0,19.8,319,83,1.0,19.8,319,83,1.0,19.8,319,83,1.0,19.8,319,83,1.0,19.8,319,83,1.0,19.8,319,83,1.0,19.8,319,83,1.0,19.8,319,83,1.0,19.8,319,83,1.0,19.8,319,83,1.0,19.8,319,83,1.0,19.8,319,83,1.0,19.8,319,83,1.0,19.8,319,83,1.0,19.8,319,83,1.0,19.8,319,83,1.0,19.8,319,83,1.0,19.8,319,83,1.0,19.8,319,83,1.0,19.8,319,83,1.0,19.8,319,83,1.0,19.8
303,156.9,1.34,3.34,0,321,83,1.0,19.9,321,83,1.0,19.9,321,83,1.0,19.9,321,83,1.0,19.9,321,83,1.0,19.9,321,83,1.0,19.9,321,83,1.0,19.9,321,83,1.0,19.9,321,83,1.0,19.9,321,83,1.0,19.9,321,83,1.0,19.9,321,83,1.0,19.9,321,83,1.0,19.9,321,83,1.0,19.9,321,83,1.0,19.9,321,83,1.0,19.9,321,83,1.0,19.9,321,83,1.0,19.9,321,83,1.0,19.9,321,83,1.0,19.9,321,83,1.0,19.9,321,83,1.0,19.9,321,83,1.0,19.9,321,83,1.0,19.9,321,83,1.0,19.9,321,83,1.0,19.9,321,83,1.0,19.9,321,83,1.0,19.9,321,83,1.0,19.9,321,83,1.0,19.9,321,83,1.0,19.9,321,83,1.0,19.9
304,157.61,1.34,3.34,0,321,83,1.0,19.9,321,83,1.0,19.9,321,83,1.0,19.9,321,83,1.0,19.9,321,83,1.0,19.9,321,83,1.0,19.9,321,83,1.0,19.9,321,83,1.0,19.9,321,83,1.0,19.9,321,83,1.0,19.9,321,83,1.0,19.9,321,83,1.0,19.9,321,83,1.0,19.9,321,83,1.0,19.9,321,83,1.0,19.9,321,83,1.0,19.9,321,83,1.0,19.9,321,83,1.0,19.9,321,83,1.0,19.9,321,83,1.0,19.9,321,83,1.0,19.9,321,83,1.0,19.9,321,83,1.0,19.9,321,83,1.0,19.9,321,83,1.0,19.9,321,83,1.0,19.9,321,83,1.0,19.9,321,83,1.0,19.9,321,83,1.0,19.9,321,83,1.0,19.9,321,83,1.0,19.9,321,83,1.0,19.9
305,158.57,1.34,3.35,0,322,82,1.0,19.9,322,82,1.0,19.9,322,82,1.0,19.9,322,82,1.0,19.9,322,82,1.0,19.9,322,82,1.0,19.9,322,82,1.0,19.9,322,82,1.0,19.9,322,82,1.0,19.9,322,82,1.0,19.9,322,82,1.0,19.9,322,82,1.0,19.9,322,82,1.0,19.9,322,82,1.0,19.9,322,82,1.0,19.9,322,82,1.0,19.9,322,82,1.0,19.9,322,82,1.0,19.9,322,82,1.0,19.9,322,82,1.0,19.9,322,82,1.0,19.9,322,82,1.0,19.9,322,82,1.0,19.9,322,82,1.0,19.9,322,82,1.0,19.9,322,82,1.0,19.9,322,82,1.0,19.9,322,82,1.0,19.9,322,82,1.0,19.9,322,82,1.0,19.9,322,82,1.0,19.9,322,82,1.0,19.9
306,159.28,1.34,3.34,0,321,84,1.0,19.8,321,84,1.0,19.8,321,84,1.0,19.8,321,84,1.0,19.8,321,84,1.0,19.8,321,84,1.0,19.8,321,84,1.0,19.8,321,84,1.0,19.8,321,84,1.0,19.8,321,84,1.0,19.8,321,84,1.0,19.8,321,84,1.0,19.8,321,84,1.0,19.8,321,84,1.0,19.8,321,84,1.0,19.8,321,84,1.0,19.8,321,84,1.0,19.8,321,84,1.0,19.8,321,84,1.0,19.8,321,84,1.0,19.8,321,84,1.0,19.8,321,84,1.0,19.8,321,84,1.0,19.8,321,84,1.0,19.8,321,84,1.0,19.8,321,84,1.0,19.8,321,84,1.0,19.8,321,84,1.0,19.8,321,84,1.0,19.8,321,84,1.0,19.8,321,84,1.0,19.8,321,84,1.0,19.8
307,159.75,1.34,3.34,0,321,83,1.0,19.9,321,83,1.0,19.9,321,83,1.0,19.9,321,83,1.0,19.9,321,83,1.0,19.9,321,83,1.0,19.9,321,83,1.0,19.9,321,83,1.0,19.9,321,83,1.0,19.9,321,83,1.0,19.9,321,83,1.0,19.9,321,83,1.0,19.9,321,83,1.0,19.9,321,83,1.0,19.9,321,83,1.0,19.9,321,83,1.0,19.9,321,83,1.0,19.9,321,83,1.0,19.9,321,83,1.0,19.9,321,83,1.0,19.9,321,83,1.0,19.9,321,83,1.0,19.9,321,83,1.0,19.9,321,83,1.0,19.9,321,83,1.0,19.9,321,83,1.0,19.9,321,83,1.0,19.9,321,83,1.0,19.9,321,83,1.0,19.9,321,83,1.0,19.9,321,83,1.0,19.9,321,83,1.0,19.9
308,160.71,1.35,3.38,0,324,82,1.0,20.0,324,82,1.0,20.0,324,82,1.0,20.0,324,82,1.0,20.0,324,82,1.0,20.0,324,82,1.0,20.0,324,82,1.0,20.0,324,82,1.0,20.0,324,82,1.0,20.0,324,82,1.0,20.0,324,82,1.0,20.0,324,82,1.0,20.0,324,82,1.0,20.0,324,82,1.0,20.0,324,82,1.0,20.0,324,82,1.0,20.0,324,82,1.0,20.0,324,82,1.0,20.0,324,82,1.0,20.0,324,82,1.0,20.0,324,82,1.0,20.0,324,82,1.0,20.0,324,82,1.0,20.0,324,82,1.0,20.0,324,82,1.0,20.0,324,82,1.0,20.0,324,82,1.0,20.0,324,82,1.0,20.0,324,82,1.0,20.0,324,82,1.0,20.0,324,82,1.0,20.0,324,82,1.0,20.0
309,161.18,1.35,3.36,0,323,82,1.0,19.9,323,82,1.0,19.9,323,82,1.0,19.9,323,82,1.0,19.9,323,82,1.0,19.9,323,82,1.0,19.9,323,82,1.0,19.9,323,82,1.0,19.9,323,82,1.0,19.9,323,82,1.0,19.9,323,82,1.0,19.9,323,82,1.0,19.9,323,82,1.0,19.9,323,82,1.0,19.9,323,82,1.0,19.9,323,82,1.0,19.9,323,82,1.0,19.9,323,82,1.0,19.9,323,82,1.0,19.9,323,82,1.0,19.9,323,82,1.0,19.9,323,82,1.0,19.9,323,82,1.0,19.9,323,82,1.0,19.9,323,82,1.0,19.9,323,82,1.0,19.9,323,82,1.0,19.9,323,82,1.0,19.9,323,82,1.0,19.9,323,82,1.0,19.9,323,82,1.0,19.9,323,82,1.0,19.9
310,160.92,1.34,3.35,0,322,86,1.0,19.7,322,86,1.0,19.7,322,86,1.0,19.7,322,86,1.0,19.7,322,86,1.0,19.7,322,86,1.0,19.7,322,86,1.0,19.7,322,86,1.0,19.7,322,86,1.0,19.7,322,86,1.0,19.7,322,86,1.0,19.7,322,86,1.0,19.7,322,86,1.0,19.7,322,86,1.0,19.7,322,86,1.0,19.7,322,86,1.0,19.7,322,86,1.0,19.7,322,86,1.0,19.7,322,86,1.0,19.7,322,86,1.0,19.7,322,86,1.0,19.7,322,86,1.0,19.7,322,86,1.0,19.7,322,86,1.0,19.7,322,86,1.0,19.7,322,86,1.0,19.7,322,86,1.0,19.7,322,86,1.0,19.7,322,86,1.0,19.7,322,86,1.0,19.7,322,86,1.0,19.7,322,86,1.0,19.7
311,161.63,1.33,3.33,0,320,88,1.0,19.6,320,88,1.0,19.6,320,88,1.0,19.6,320,88,1.0,19.6,320,88,1.0,19.6,320,88,1.0,19.6,320,88,1.0,19.6,320,88,1.0,19.6,320,88,1.0,19.6,320,88,1.0,19.6,320,88,1.0,19.6,320,88,1.0,19.6,320,88,1.0,19.6,320,88,1.0,19.6,320,88,1.0,19.6,320,88,1.0,19.6,320,88,1.0,19.6,320,88,1.0,19.6,320,88,1.0,19.6,320,88,1.0,19.6,320,88,1.0,19.6,320,88,1.0,19.6,320,88,1.0,19.6,320,88,1.0,19.6,320,88,1.0,19.6,320,88,1.0,19.6,320,88,1.0,19.6,320,88,1.0,19.6,320,88,1.0,19.6,320,88,1.0,19.6,320,88,1.0,19.6,320,88,1.0,19.6
312,162.59,1.34,3.34,0,321,88,1.0,19.6,321,88,1.0,19.6,321,88,1.0,19.6,321,88,1.0,19.6,321,88,1.0,19.6,321,88,1.0,19.6,321,88,1.0,19.6,321,88,1.0,19.6,321,88,1.0,19.6,321,88,1.0,19.6,321,88,1.0,19.6,321,88,1.0,19.6,321,88,1.0,19.6,321,88,1.0,19.6,321,88,1.0,19.6,321,88,1.0,19.6,321,88,1.0,19.6,321,88,1.0,19.6,321,88,1.0,19.6,321,88,1.0,19.6,321,88,1.0,19.6,321,88,1.0,19.6,321,88,1.0,19.6,321,88,1.0,19.6,321,88,1.0,19.6,321,88,1.0,19.6,321,88,1.0,19.6,321,88,1.0,19.6,321,88,1.0,19.6,321,88,1.0,19.6,321,88,1.0,19.6,321,88,1.0,19.6
313,163.55,1.34,3.35,0,322,87,1.0,19.7,322,87,1.0,19.7,322,87,1.0,19.7,322,87,1.0,19.7,322,87,1.0,19.7,322,87,1.0,19.7,322,87,1.0,19.7,322,87,1.0,19.7,322,87,1.0,19.7,322,87,1.0,19.7,322,87,1.0,19.7,322,87,1.0,19.7,322,87,1.0,19.7,322,87,1.0,19.7,322,87,1.0,19.7,322,87,1.0,19.7,322,87,1.0,19.7,322,87,1.0,19.7,322,87,1.0,19.7,322,87,1.0,19.7,322,87,1.0,19.7,322,87,1.0,19.7,322,87,1.0,19.7,322,87,1.0,19.7,322,87,1.0,19.7,322,87,1.0,19.7,322,87,1.0,19.7,322,87,1.0,19.7,322,87,1.0,19.7,322,87,1.0,19.7,322,87,1.0,19.7,322,87,1.0,19.7
314,164.26,1.34,3.35,0,322,86,1.0,19.7,322,86,1.0,19.7,322,86,1.0,19.7,322,86,1.0,19.7,322,86,1.0,19.7,322,86,1.0,19.7,322,86,1.0,19.7,322,86,1.0,19.7,322,86,1.0,19.7,322,86,1.0,19.7,322,86,1.0,19.7,322,86,1.0,19.7,322,86,1.0,19.7,322,86,1.0,19.7,322,86,1.0,19.7,322,86,1.0,19.7,322,86,1.0,19.7,322,86,1.0,19.7,322,86,1.0,19.7,322,86,1.0,19.7,322,86,1.0,19.7,322,86,1.0,19.7,322,86,1.0,19.7,322,86,1.0,19.7,322,86,1.0,19.7,322,86,1.0,19.7,322,86,1.0,19.7,322,86,1.0,19.7,322,86,1.0,19.7,322,86,1.0,19.7,322,86,1.0,19.7,322,86,1.0,19.7
315,164.72,1.35,3.36,0,323,86,1.0,19.7,323,86,1.0,19.7,323,86,1.0,19.7,323,86,1.0,19.7,323,86,1.0,19.7,323,86,1.0,19.7,323,86,1.0,19.7,323,86,1.0,19.7,323,86,1.0,19.7,323,86,1.0,19.7,323,86,1.0,19.7,323,86,1.0,19.7,323,86,1.0,19.7,323,86,1.0,19.7,323,86,1.0,19.7,323,86,1.0,19.7,323,86,1.0,19.7,323,86,1.0,19.7,323,86,1.0,19.7,323,86,1.0,19.7,323,86,1.0,19.7,323,86,1.0,19.7,323,86,1.0,19.7,323,86,1.0,19.7,323,86,1.0,19.7,323,86,1.0,19.7,323,86,1.0,19.7,323,86,1.0,19.7,323,86,1.0,19.7,323,86,1.0,19.7,323,86,1.0,19.7,323,86,1.0,19.7
316,165.43,1.35,3.36,0,323,86,1.0,19.7,323,86,1.0,19.7,323,86,1.0,19.7,323,86,1.0,19.7,323,86,1.0,19.7,323,86,1.0,19.7,323,86,1.0,19.7,323,86,1.0,19.7,323,86,1.0,19.7,323,86,1.0,19.7,323,86,1.0,19.7,323,86,1.0,19.7,323,86,1.0,19.7,323,86,1.0,19.7,323,86,1.0,19.7,323,86,1.0,19.7,323,86,1.0,19.7,323,86,1.0,19.7,323,86,1.0,19.7,323,86,1.0,19.7,323,86,1.0,19.7,323,86,1.0,19.7,323,86,1.0,19.7,323,86,1.0,19.7,323,86,1.0,19.7,323,86,1.0,19.7,323,86,1.0,19.7,323,86,1.0,19.7,323,86,1.0,19.7,323,86,1.0,19.7,323,86,1.0,19.7,323,86,1.0,19.7
317,165.89,1.35,3.39,0,325,86,1.0,19.8,325,86,1.0,19.8,325,86,1.0,19.8,325,86,1.0,19.8,325,86,1.0,19.8,325,86,1.0,19.8,325,86,1.0,19.8,325,86,1.0,19.8,325,86,1.0,19.8,325,86,1.0,19.8,325,86,1.0,19.8,325,86,1.0,19.8,325,86,1.0,19.8,325,86,1.0,19.8,325,86,1.0,19.8,325,86,1.0,19.8,325,86,1.0,19.8,325,86,1.0,19.8,325,86,1.0,19.8,325,86,1.0,19.8,325,86,1.0,19.8,325,86,1.0,19.8,325,86,1.0,19.8,325,86,1.0,19.8,325,86,1.0,19.8,325,86,1.0,19.8,325,86,1.0,19.8,325,86,1.0,19.8,325,86,1.0,19.8,325,86,1.0,19.8,325,86,1.0,19.8,325,86,1.0,19.8
318,166.6,1.36,3.4,0,326,87,1.0,19.7,326,87,1.0,19.7,326,87,1.0,19.7,326,87,1.0,19.7,326,87,1.0,19.7,326,87,1.0,19.7,326,87,1.0,19.7,326,87,1.0,19.7,326,87,1.0,19.7,326,87,1.0,19.7,326,87,1.0,19.7,326,87,1.0,19.7,326,87,1.0,19.7,326,87,1.0,19.7,326,87,1.0,19.7,326,87,1.0,19.7,326,87,1.0,19.7,326,87,1.0,19.7,326,87,1.0,19.7,326,87,1.0,19.7,326,87,1.0,19.7,326,87,1.0,19.7,326,87,1.0,19.7,326,87,1.0,19.7,326,87,1.0,19.7,326,87,1.0,19.7,326,87,1.0,19.7,326,87,1.0,19.7,326,87,1.0,19.7,326,87,1.0,19.7,326,87,1.0,19.7,326,87,1.0,19.7
319,166.81,1.36,3.4,0,326,85,1.0,19.8,326,85,1.0,19.8,326,85,1.0,19.8,326,85,1.0,19.8,326,85,1.0,19.8,326,85,1.0,19.8,326,85,1.0,19.8,326,85,1.0,19.8,326,85,1.0,19.8,326,85,1.0,19.8,326,85,1.0,19.8,326,85,1.0,19.8,326,85,1.0,19.8,326,85,1.0,19.8,326,85,1.0,19.8,326,85,1.0,19.8,326,85,1.0,19.8,326,85,1.0,19.8,326,85,1.0,19.8,326,85,1.0,19.8,326,85,1.0,19.8,326,85,1.0,19.8,326,85,1.0,19.8,326,85,1.0,19.8,326,85,1.0,19.8,326,85,1.0,19.8,326,85,1.0,19.8,326,85,1.0,19.8,326,85,1.0,19.8,326,85,1.0,19.8,326,85,1.0,19.8,326,85,1.0,19.8
320,167.52,1.36,3.41,0,327,84,1.0,19.9,327,84,1.0,19.9,327,84,1.0,19.9,327,84,1.0,19.9,327,84,1.0,19.9,327,84,1.0,19.9,327,84,1.0,19.9,327,84,1.0,19.9,327,84,1.0,19.9,327,84,1.0,19.9,327,84,1.0,19.9,327,84,1.0,19.9,327,84,1.0,19.9,327,84,1.0,19.9,327,84,1.0,19.9,327,84,1.0,19.9,327,84,1.0,19.9,327,84,1.0,19.9,327,84,1.0,19.9,327,84,1.0,19.9,327,84,1.0,19.9,327,84,1.0,19.9,327,84,1.0,19.9,327,84,1.0,19.9,327,84,1.0,19.9,327,84,1.0,19.9,327,84,1.0,19.9,327,84,1.0,19.9,327,84,1.0,19.9,327,84,1.0,19.9,327,84,1.0,19.9,327,84,1.0,19.9
321,168.23,1.36,3.4,0,326,88,1.0,19.7,326,88,1.0,19.7,326,88,1.0,19.7,326,88,1.0,19.7,326,88,1.0,19.7,326,88,1.0,19.7,326,88,1.0,19.7,326,88,1.0,19.7,326,88,1.0,19.7,326,88,1.0,19.7,326,88,1.0,19.7,326,88,1.0,19.7,326,88,1.0,19.7,326,88,1.0,19.7,326,88,1.0,19.7,326,88,1.0,19.7,326,88,1.0,19.7,326,88,1.0,19.7,326,88,1.0,19.7,326,88,1.0,19.7,326,88,1.0,19.7,326,88,1.0,19.7,326,88,1.0,19.7,326,88,1.0,19.7,326,88,1.0,19.7,326,88,1.0,19.7,326,88,1.0,19.7,326,88,1.0,19.7,326,88,1.0,19.7,326,88,1.0,19.7,326,88,1.0,19.7,326,88,1.0,19.7
322,168.2,1.36,3.41,0,327,87,1.0,19.7,327,87,1.0,19.7,327,87,1.0,19.7,327,87,1.0,19.7,327,87,1.0,19.7,327,87,1.0,19.7,327,87,1.0,19.7,327,87,1.0,19.7,327,87,1.0,19.7,327,87,1.0,19.7,327,87,1.0,19.7,327,87,1.0,19.7,327,87,1.0,19.7,327,87,1.0,19.7,327,87,1.0,19.7,327,87,1.0,19.7,327,87,1.0,19.7,327,87,1.0,19.7,327,87,1.0,19.7,327,87,1.0,19.7,327,87,1.0,19.7,327,87,1.0,19.7,327,87,1.0,19.7,327,87,1.0,19.7,327,87,1.0,19.7,327,87,1.0,19.7,327,87,1.0,19.7,327,87,1.0,19.7,327,87,1.0,19.7,327,87,1.0,19.7,327,87,1.0,19.7,327,87,1.0,19.7
323,168.16,1.36,3.41,0,327,89,1.0,19.7,327,89,1.0,19.7,327,89,1.0,19.7,327,89,1.0,19.7,327,89,1.0,19.7,327,89,1.0,19.7,327,89,1.0,19.7,327,89,1.0,19.7,327,89,1.0,19.7,327,89,1.0,19.7,327,89,1.0,19.7,327,89,1.0,19.7,327,89,1.0,19.7,327,89,1.0,19.7,327,89,1.0,19.7,327,89,1.0,19.7,327,89,1.0,19.7,327,89,1.0,19.7,327,89,1.0,19.7,327,89,1.0,19.7,327,89,1.0,19.7,327,89,1.0,19.7,327,89,1.0,19.7,327,89,1.0,19.7,327,89,1.0,19.7,327,89,1.0,19.7,327,89,1.0,19.7,327,89,1.0,19.7,327,89,1.0,19.7,327,89,1.0,19.7,327,89,1.0,19.7,327,89,1.0,19.7
324,168.63,1.36,3.4,0,326,91,1.0,19.5,326,91,1.0,19.5,326,91,1.0,19.5,326,91,1.0,19.5,326,91,1.0,19.5,326,91,1.0,19.5,326,91,1.0,19.5,326,91,1.0,19.5,326,91,1.0,19.5,326,91,1.0,19.5,326,91,1.0,19.5,326,91,1.0,19.5,326,91,1.0,19.5,326,91,1.0,19.5,326,91,1.0,19.5,326,91,1.0,19.5,326,91,1.0,19.5,326,91,1.0,19.5,326,91,1.0,19.5,326,91,1.0,19.5,326,91,1.0,19.5,326,91,1.0,19.5,326,91,1.0,19.5,326,91,1.0,19.5,326,91,1.0,19.5,326,91,1.0,19.5,326,91,1.0,19.5,326,91,1.0,19.5,326,91,1.0,19.5,326,91,1.0,19.5,326,91,1.0,19.5,326,91,1.0,19.5
325,169.59,1.37,3.42,0,328,89,1.0,19.7,328,89,1.0,19.7,328,89,1.0,19.7,328,89,1.0,19.7,328,89,1.0,19.7,328,89,1.0,19.7,328,89,1.0,19.7,328,89,1.0,19.7,328,89,1.0,19.7,328,89,1.0,19.7,328,89,1.0,19.7,328,89,1.0,19.7,328,89,1.0,19.7,328,89,1.0,19.7,328,89,1.0,19.7,328,89,1.0,19.7,328,89,1.0,19.7,328,89,1.0,19.7,328,89,1.0,19.7,328,89,1.0,19.7,328,89,1.0,19.7,328,89,1.0,19.7,328,89,1.0,19.7,328,89,1.0,19.7,328,89,1.0,19.7,328,89,1.0,19.7,328,89,1.0,19.7,328,89,1.0,19.7,328,89,1.0,19.7,328,89,1.0,19.7,328,89,1.0,19.7,328,89,1.0,19.7
326,169.07,1.37,3.42,0,328,93,1.0,19.5,328,93,1.0,19.5,328,93,1.0,19.5,328,93,1.0,19.5,328,93,1.0,19.5,328,93,1.0,19.5,328,93,1.0,19.5,328,93,1.0,19.5,328,93,1.0,19.5,328,93,1.0,19.5,328,93,1.0,19.5,328,93,1.0,19.5,328,93,1.0,19.5,328,93,1.0,19.5,328,93,1.0,19.5,328,93,1.0,19.5,328,93,1.0,19.5,328,93,1.0,19.5,328,93,1.0,19.5,328,93,1.0,19.5,328,93,1.0,19.5,328,93,1.0,19.5,328,93,1.0,19.5,328,93,1.0,19.5,328,93,1.0,19.5,328,93,1.0,19.5,328,93,1.0,19.5,328,93,1.0,19.5,328,93,1.0,19.5,328,93,1.0,19.5,328,93,1.0,19.5,328,93,1.0,19.5
327,169.78,1.38,3.44,0,330,91,1.0,19.6,330,91,1.0,19.6,330,91,1.0,19.6,330,91,1.0,19.6,330,91,1.0,19.6,330,91,1.0,19.6,330,91,1.0,19.6,330,91,1.0,19.6,330,91,1.0,19.6,330,91,1.0,19.6,330,91,1.0,19.6,330,91,1.0,19.6,330,91,1.0,19.6,330,91,1.0,19.6,330,91,1.0,19.6,330,91,1.0,19.6,330,91,1.0,19.6,330,91,1.0,19.6,330,91,1.0,19.6,330,91,1.0,19.6,330,91,1.0,19.6,330,91,1.0,19.6,330,91,1.0,19.6,330,91,1.0,19.6,330,91,1.0,19.6,330,91,1.0,19.6,330,91,1.0,19.6,330,91,1.0,19.6,330,91,1.0,19.6,330,91,1.0,19.6,330,91,1.0,19.6,330,91,1.0,19.6
328,170.74,1.38,3.44,0,330,91,1.0,19.6,330,91,1.0,19.6,330,91,1.0,19.6,330,91,1.0,19.6,330,91,1.0,19.6,330,91,1.0,19.6,330,91,1.0,19.6,330,91,1.0,19.6,330,91,1.0,19.6,330,91,1.0,19.6,330,91,1.0,19.6,330,91,1.0,19.6,330,91,1.0,19.6,330,91,1.0,19.6,330,91,1.0,19.6,330,91,1.0,19.6,330,91,1.0,19.6,330,91,1.0,19.6,330,91,1.0,19.6,330,91,1.0,19.6,330,91,1.0,19.6,330,91,1.0,19.6,330,91,1.0,19.6,330,91,1.0,19.6,330,91,1.0,19.6,330,91,1.0,19.6,330,91,1.0,19.6,330,91,1.0,19.6,330,91,1.0,19.6,330,91,1.0,19.6,330,91,1.0,19.6,330,91,1.0,19.6
329,171.21,1.38,3.45,0,331,91,1.0,19.6,331,91,1.0,19.6,331,91,1.0,19.6,331,91,1.0,19.6,331,91,1.0,19.6,331,91,1.0,19.6,331,91,1.0,19.6,331,91,1.0,19.6,331,91,1.0,19.6,331,91,1.0,19.6,331,91,1.0,19.6,331,91,1.0,19.6,331,91,1.0,19.6,331,91,1.0,19.6,331,91,1.0,19.6,331,91,1.0,19.6,331,91,1.0,19.6,331,91,1.0,19.6,331,91,1.0,19.6,331,91,1.0,19.6,331,91,1.0,19.6,331,91,1.0,19.6,331,91,1.0,19.6,331,91,1.0,19.6,331,91,1.0,19.6,331,91,1.0,19.6,331,91,1.0,19.6,331,91,1.0,19.6,331,91,1.0,19.6,331,91,1.0,19.6,331,91,1.0,19.6,331,91,1.0,19.6
330,171.67,1.38,3.44,0,330,92,1.0,19.5,330,92,1.0,19.5,330,92,1.0,19.5,330,92,1.0,19.5,330,92,1.0,19.5,330,92,1.0,19.5,330,92,1.0,19.5,330,92,1.0,19.5,330,92,1.0,19.5,330,92,1.0,19.5,330,92,1.0,19.5,330,92,1.0,19.5,330,92,1.0,19.5,330,92,1.0,19.5,330,92,1.0,19.5,330,92,1.0,19.5,330,92,1.0,19.5,330,92,1.0,19.5,330,92,1.0,19.5,330,92,1.0,19.5,330,92,1.0,19.5,330,92,1.0,19.5,330,92,1.0,19.5,330,92,1.0,19.5,330,92,1.0,19.5,330,92,1.0,19.5,330,92,1.0,19.5,330,92,1.0,19.5,330,92,1.0,19.5,330,92,1.0,19.5,330,92,1.0,19.5,330,92,1.0,19.5
331,172.38,1.37,3.43,0,329,90,1.0,19.6,329,90,1.0,19.6,329,90,1.0,19.6,329,90,1.0,19.6,329,90,1.0,19.6,329,90,1.0,19.6,329,90,1.0,19.6,329,90,1.0,19.6,329,90,1.0,19.6,329,90,1.0,19.6,329,90,1.0,19.6,329,90,1.0,19.6,329,90,1.0,19.6,329,90,1.0,19.6,329,90,1.0,19.6,329,90,1.0,19.6,329,90,1.0,19.6,329,90,1.0,19.6,329,90,1.0,19.6,329,90,1.0,19.6,329,90,1.0,19.6,329,90,1.0,19.6,329,90,1.0,19.6,329,90,1.0,19.6,329,90,1.0,19.6,329,90,1.0,19.6,329,90,1.0,19.6,329,90,1.0,19.6,329,90,1.0,19.6,329,90,1.0,19.6,329,90,1.0,19.6,329,90,1.0,19.6
332,172.85,1.38,3.45,0,331,91,1.0,19.6,331,91,1.0,19.6,331,91,1.0,19.6,331,91,1.0,19.6,331,91,1.0,19.6,331,91,1.0,19.6,331,91,1.0,19.6,331,91,1.0,19.6,331,91,1.0,19.6,331,91,1.0,19.6,331,91,1.0,19.6,331,91,1.0,19.6,331,91,1.0,19.6,331,91,1.0,19.6,331,91,1.0,19.6,331,91,1.0,19.6,331,91,1.0,19.6,331,91,1.0,19.6,331,91,1.0,19.6,331,91,1.0,19.6,331,91,1.0,19.6,331,91,1.0,19.6,331,91,1.0,19.6,331,91,1.0,19.6,331,91,1.0,19.6,331,91,1.0,19.6,331,91,1.0,19.6,331,91,1.0,19.6,331,91,1.0,19.6,331,91,1.0,19.6,331,91,1.0,19.6,331,91,1.0,19.6
333,173.31,1.37,3.43,0,329,93,1.0,19.5,329,93,1.0,19.5,329,93,1.0,19.5,329,93,1.0,19.5,329,93,1.0,19.5,329,93,1.0,19.5,329,93,1.0,19.5,329,93,1.0,19.5,329,93,1.0,19.5,329,93,1.0,19.5,329,93,1.0,19.5,329,93,1.0,19.5,329,93,1.0,19.5,329,93,1.0,19.5,329,93,1.0,19.5,329,93,1.0,19.5,329,93,1.0,19.5,329,93,1.0,19.5,329,93,1.0,19.5,329,93,1.0,19.5,329,93,1.0,19.5,329,93,1.0,19.5,329,93,1.0,19.5,329,93,1.0,19.5,329,93,1.0,19.5,329,93,1.0,19.5,329,93,1.0,19.5,329,93,1.0,19.5,329,93,1.0,19.5,329,93,1.0,19.5,329,93,1.0,19.5,329,93,1.0,19.5
334,173.77,1.37,3.42,0,328,92,1.0,19.5,328,92,1.0,19.5,328,92,1.0,19.5,328,92,1.0,19.5,328,92,1.0,19.5,328,92,1.0,19.5,328,92,1.0,19.5,328,92,1.0,19.5,328,92,1.0,19.5,328,92,1.0,19.5,328,92,1.0,19.5,328,92,1.0,19.5,328,92,1.0,19.5,328,92,1.0,19.5,328,92,1.0,19.5,328,92,1.0,19.5,328,92,1.0,19.5,328,92,1.0,19.5,328,92,1.0,19.5,328,92,1.0,19.5,328,92,1.0,19.5,328,92,1.0,19.5,328,92,1.0,19.5,328,92,1.0,19.5,328,92,1.0,19.5,328,92,1.0,19.5,328,92,1.0,19.5,328,92,1.0,19.5,328,92,1.0,19.5,328,92,1.0,19.5,328,92,1.0,19.5,328,92,1.0,19.5
335,174.73,1.36,3.41,0,327,94,1.0,19.4,327,94,1.0,19.4,327,94,1.0,19.4,327,94,1.0,19.4,327,94,1.0,19.4,327,94,1.0,19.4,327,94,1.0,19.4,327,94,1.0,19.4,327,94,1.0,19.4,327,94,1.0,19.4,327,94,1.0,19.4,327,94,1.0,19.4,327,94,1.0,19.4,327,94,1.0,19.4,327,94,1.0,19.4,327,94,1.0,19.4,327,94,1.0,19.4,327,94,1.0,19.4,327,94,1.0,19.4,327,94,1.0,19.4,327,94,1.0,19.4,327,94,1.0,19.4,327,94,1.0,19.4,327,94,1.0,19.4,327,94,1.0,19.4,327,94,1.0,19.4,327,94,1.0,19.4,327,94,1.0,19.4,327,94,1.0,19.4,327,94,1.0,19.4,327,94,1.0,19.4,327,94,1.0,19.4
336,175.44,1.35,3.39,0,325,95,1.0,19.3,325,95,1.0,19.3,325,95,1.0,19.3,325,95,1.0,19.3,325,95,1.0,19.3,325,95,1.0,19.3,325,95,1.0,19.3,325,95,1.0,19.3,325,95,1.0,19.3,325,95,1.0,19.3,325,95,1.0,19.3,325,95,1.0,19.3,325,95,1.0,19.3,325,95,1.0,19.3,325,95,1.0,19.3,325,95,1.0,19.3,325,95,1.0,19.3,325,95,1.0,19.3,325,95,1.0,19.3,325,95,1.0,19.3,325,95,1.0,19.3,325,95,1.0,19.3,325,95,1.0,19.3,325,95,1.0,19.3,325,95,1.0,19.3,325,95,1.0,19.3,325,95,1.0,19.3,325,95,1.0,19.3,325,95,1.0,19.3,325,95,1.0,19.3,325,95,1.0,19.3,325,95,1.0,19.3
337,175.4,1.36,3.4,0,326,94,1.0,19.4,326,94,1.0,19.4,326,94,1.0,19.4,326,94,1.0,19.4,326,94,1.0,19.4,326,94,1.0,19.4,326,94,1.0,19.4,326,94,1.0,19.4,326,94,1.0,19.4,326,94,1.0,19.4,326,94,1.0,19.4,326,94,1.0,19.4,326,94,1.0,19.4,326,94,1.0,19.4,326,94,1.0,19.4,326,94,1.0,19.4,326,94,1.0,19.4,326,94,1.0,19.4,326,94,1.0,19.4,326,94,1.0,19.4,326,94,1.0,19.4,326,94,1.0,19.4,326,94,1.0,19.4,326,94,1.0,19.4,326,94,1.0,19.4,326,94,1.0,19.4,326,94,1.0,19.4,326,94,1.0,19.4,326,94,1.0,19.4,326,94,1.0,19.4,326,94,1.0,19.4,326,94,1.0,19.4
338,176.35,1.36,3.4,0,326,96,1.0,19.3,326,96,1.0,19.3,326,96,1.0,19.3,326,96,1.0,19.3,326,96,1.0,19.3,326,96,1.0,19.3,326,96,1.0,19.3,326,96,1.0,19.3,326,96,1.0,19.3,326,96,1.0,19.3,326,96,1.0,19.3,326,96,1.0,19.3,326,96,1.0,19.3,326,96,1.0,19.3,326,96,1.0,19.3,326,96,1.0,19.3,326,96,1.0,19.3,326,96,1.0,19.3,326,96,1.0,19.3,326,96,1.0,19.3,326,96,1.0,19.3,326,96,1.0,19.3,326,96,1.0,19.3,326,96,1.0,19.3,326,96,1.0,19.3,326,96,1.0,19.3,326,96,1.0,19.3,326,96,1.0,19.3,326,96,1.0,19.3,326,96,1.0,19.3,326,96,1.0,19.3,326,96,1.0,19.3
339,176.31,1.36,3.41,0,327,95,1.0,19.4,327,95,1.0,19.4,327,95,1.0,19.4,327,95,1.0,19.4,327,95,1.0,19.4,327,95,1.0,19.4,327,95,1.0,19.4,327,95,1.0,19.4,327,95,1.0,19.4,327,95,1.0,19.4,327,95,1.0,19.4,327,95,1.0,19.4,327,95,1.0,19.4,327,95,1.0,19.4,327,95,1.0,19.4,327,95,1.0,19.4,327,95,1.0,19.4,327,95,1.0,19.4,327,95,1.0,19.4,327,95,1.0,19.4,327,95,1.0,19.4,327,95,1.0,19.4,327,95,1.0,19.4,327,95,1.0,19.4,327,95,1.0,19.4,327,95,1.0,19.4,327,95,1.0,19.4,327,95,1.0,19.4,327,95,1.0,19.4,327,95,1.0,19.4,327,95,1.0,19.4,327,95,1.0,19.4
340,176.53,1.35,3.36,0,323,102,1.0,19.0,323,102,1.0,19.0,323,102,1.0,19.0,323,102,1.0,19.0,323,102,1.0,19.0,323,102,1.0,19.0,323,102,1.0,19.0,323,102,1.0,19.0,323,102,1.0,19.0,323,102,1.0,19.0,323,102,1.0,19.0,323,102,1.0,19.0,323,102,1.0,19.0,323,102,1.0,19.0,323,102,1.0,19.0,323,102,1.0,19.0,323,102,1.0,19.0,323,102,1.0,19.0,323,102,1.0,19.0,323,102,1.0,19.0,323,102,1.0,19.0,323,102,1.0,19.0,323,102,1.0,19.0,323,102,1.0,19.0,323,102,1.0,19.0,323,102,1.0,19.0,323,102,1.0,19.0,323,102,1.0,19.0,323,102,1.0,19.0,323,102,1.0,19.0,323,102,1.0,19.0,323,102,1.0,19.0
341,176.49,1.35,3.36,0,323,101,1.0,19.0,323,101,1.0,19.0,323,101,1.0,19.0,323,101,1.0,19.0,323,101,1.0,19.0,323,101,1.0,19.0,323,101,1.0,19.0,323,101,1.0,19.0,323,101,1.0,19.0,323,101,1.0,19.0,323,101,1.0,19.0,323,101,1.0,19.0,323,101,1.0,19.0,323,101,1.0,19.0,323,101,1.0,19.0,323,101,1.0,19.0,323,101,1.0,19.0,323,101,1.0,19.0,323,101,1.0,19.0,323,101,1.0,19.0,323,101,1.0,19.0,323,101,1.0,19.0,323,101,1.0,19.0,323,101,1.0,19.0,323,101,1.0,19.0,323,101,1.0,19.0,323,101,1.0,19.0,323,101,1.0,19.0,323,101,1.0,19.0,323,101,1.0,19.0,323,101,1.0,19.0,323,101,1.0,19.0
342,175.74,1.34,3.34,0,321,106,1.0,18.8,321,106,1.0,18.8,321,106,1.0,18.8,321,106,1.0,18.8,321,106,1.0,18.8,321,106,1.0,18.8,321,106,1.0,18.8,321,106,1.0,18.8,321,106,1.0,18.8,321,106,1.0,18.8,321,106,1.0,18.8,321,106,1.0,18.8,321,106,1.0,18.8,321,106,1.0,18.8,321,106,1.0,18.8,321,106,1.0,18.8,321,106,1.0,18.8,321,106,1.0,18.8,321,106,1.0,18.8,321,106,1.0,18.8,321,106,1.0,18.8,321,106,1.0,18.8,321,106,1.0,18.8,321,106,1.0,18.8,321,106,1.0,18.8,321,106,1.0,18.8,321,106,1.0,18.8,321,106,1.0,18.8,321,106,1.0,18.8,321,106,1.0,18.8,321,106,1.0,18.8,321,106,1.0,18.8
343,176.45,1.33,3.33,0,320,105,1.0,18.8,320,105,1.0,18.8,320,105,1.0,18.8,320,105,1.0,18.8,320,105,1.0,18.8,320,105,1.0,18.8,320,105,1.0,18.8,320,105,1.0,18.8,320,105,1.0,18.8,320,105,1.0,18.8,320,105,1.0,18.8,320,105,1.0,18.8,320,105,1.0,18.8,320,105,1.0,18.8,320,105,1.0,18.8,320,105,1.0,18.8,320,105,1.0,18.8,320,105,1.0,18.8,320,105,1.0,18.8,320,105,1.0,18.8,320,105,1.0,18.8,320,105,1.0,18.8,320,105,1.0,18.8,320,105,1.0,18.8,320,105,1.0,18.8,320,105,1.0,18.8,320,105,1.0,18.8,320,105,1.0,18.8,320,105,1.0,18.8,320,105,1.0,18.8,320,105,1.0,18.8,320,105,1.0,18.8
344,176.92,1.33,3.32,0,319,106,1.0,18.8,319,106,1.0,18.8,319,106,1.0,18.8,319,106,1.0,18.8,319,106,1.0,18.8,319,106,1.0,18.8,319,106,1.0,18.8,319,106,1.0,18.8,319,106,1.0,18.8,319,106,1.0,18.8,319,106,1.0,18.8,319,106,1.0,18.8,319,106,1.0,18.8,319,106,1.0,18.8,319,106,1.0,18.8,319,106,1.0,18.8,319,106,1.0,18.8,319,106,1.0,18.8,319,106,1.0,18.8,319,106,1.0,18.8,319,106,1.0,18.8,319,106,1.0,18.8,319,106,1.0,18.8,319,106,1.0,18.8,319,106,1.0,18.8,319,106,1.0,18.8,319,106,1.0,18.8,319,106,1.0,18.8,319,106,1.0,18.8,319,106,1.0,18.8,319,106,1.0,18.8,319,106,1.0,18.8
345,176.66,1.32,3.3,0,317,112,1.0,18.5,317,112,1.0,18.5,317,112,1.0,18.5,317,112,1.0,18.5,317,112,1.0,18.5,317,112,1.0,18.5,317,112,1.0,18.5,317,112,1.0,18.5,317,112,1.0,18.5,317,112,1.0,18.5,317,112,1.0,18.5,317,112,1.0,18.5,317,112,1.0,18.5,317,112,1.0,18.5,317,112,1.0,18.5,317,112,1.0,18.5,317,112,1.0,18.5,317,112,1.0,18.5,317,112,1.0,18.5,317,112,1.0,18.5,317,112,1.0,18.5,317,112,1.0,18.5,317,112,1.0,18.5,317,112,1.0,18.5,317,112,1.0,18.5,317,112,1.0,18.5,317,112,1.0,18.5,317,112,1.0,18.5,317,112,1.0,18.5,317,112,1.0,18.5,317,112,1.0,18.5,317,112,1.0,18.5
346,177.13,1.31,3.28,0,315,114,1.0,18.4,315,114,1.0,18.4,315,114,1.0,18.4,315,114,1.0,18.4,315,114,1.0,18.4,315,114,1.0,18.4,315,114,1.0,18.4,315,114,1.0,18.4,315,114,1.0,18.4,315,114,1.0,18.4,315,114,1.0,18.4,315,114,1.0,18.4,315,114,1.0,18.4,315,114,1.0,18.4,315,114,1.0,18.4,315,114,1.0,18.4,315,114,1.0,18.4,315,114,1.0,18.4,315,114,1.0,18.4,315,114,1.0,18.4,315,114,1.0,18.4,315,114,1.0,18.4,315,114,1.0,18.4,315,114,1.0,18.4,315,114,1.0,18.4,315,114,1.0,18.4,315,114,1.0,18.4,315,114,1.0,18.4,315,114,1.0,18.4,315,114,1.0,18.4,315,114,1.0,18.4,315,114,1.0,18.4
347,177.84,1.31,3.27,0,314,111,1.0,18.5,314,111,1.0,18.5,314,111,1.0,18.5,314,111,1.0,18.5,314,111,1.0,18.5,314,111,1.0,18.5,314,111,1.0,18.5,314,111,1.0,18.5,314,111,1.0,18.5,314,111,1.0,18.5,314,111,1.0,18.5,314,111,1.0,18.5,314,111,1.0,18.5,314,111,1.0,18.5,314,111,1.0,18.5,314,111,1.0,18.5,314,111,1.0,18.5,314,111,1.0,18.5,314,111,1.0,18.5,314,111,1.0,18.5,314,111,1.0,18.5,314,111,1.0,18.5,314,111,1.0,18.5,314,111,1.0,18.5,314,111,1.0,18.5,314,111,1.0,18.5,314,111,1.0,18.5,314,111,1.0,18.5,314,111,1.0,18.5,314,111,1.0,18.5,314,111,1.0,18.5,314,111,1.0,18.5
348,178.8,1.31,3.28,0,315,114,1.0,18.4,315,114,1.0,18.4,315,114,1.0,18.4,315,114,1.0,18.4,315,114,1.0,18.4,315,114,1.0,18.4,315,114,1.0,18.4,315,114,1.0,18.4,315,114,1.0,18.4,315,114,1.0,18.4,315,114,1.0,18.4,315,114,1.0,18.4,315,114,1.0,18.4,315,114,1.0,18.4,315,114,1.0,18.4,315,114,1.0,18.4,315,114,1.0,18.4,315,114,1.0,18.4,315,114,1.0,18.4,315,114,1.0,18.4,315,114,1.0,18.4,315,114,1.0,18.4,315,114,1.0,18.4,315,114,1.0,18.4,315,114,1.0,18.4,315,114,1.0,18.4,315,114,1.0,18.4,315,114,1.0,18.4,315,114,1.0,18.4,315,114,1.0,18.4,315,114,1.0,18.4,315,114,1.0,18.4
349,178.54,1.3,3.26,0,313,115,1.0,18.3,313,115,1.0,18.3,313,115,1.0,18.3,313,115,1.0,18.3,313,115,1.0,18.3,313,115,1.0,18.3,313,115,1.0,18.3,313,115,1.0,18.3,313,115,1.0,18.3,313,115,1.0,18.3,313,115,1.0,18.3,313,115,1.0,18.3,313,115,1.0,18.3,313,115,1.0,18.3,313,115,1.0,18.3,313,115,1.0,18.3,313,115,1.0,18.3,313,115,1.0,18.3,313,115,1.0,18.3,313,115,1.0,18.3,313,115,1.0,18.3,313,115,1.0,18.3,313,115,1.0,18.3,313,115,1.0,18.3,313,115,1.0,18.3,313,115,1.0,18.3,313,115,1.0,18.3,313,115,1.0,18.3,313,115,1.0,18.3,313,115,1.0,18.3,313,115,1.0,18.3,313,115,1.0,18.3
350,178.77,1.31,3.27,0,314,115,1.0,18.3,314,115,1.0,18.3,314,115,1.0,18.3,314,115,1.0,18.3,314,115,1.0,18.3,314,115,1.0,18.3,314,115,1.0,18.3,314,115,1.0,18.3,314,115,1.0,18.3,314,115,1.0,18.3,314,115,1.0,18.3,314,115,1.0,18.3,314,115,1.0,18.3,314,115,1.0,18.3,314,115,1.0,18.3,314,115,1.0,18.3,314,115,1.0,18.3,314,115,1.0,18.3,314,115,1.0,18.3,314,115,1.0,18.3,314,115,1.0,18.3,314,115,1.0,18.3,314,115,1.0,18.3,314,115,1.0,18.3,314,115,1.0,18.3,314,115,1.0,18.3,314,115,1.0,18.3,314,115,1.0,18.3,314,115,1.0,18.3,314,115,1.0,18.3,314,115,1.0,18.3,314,115,1.0,18.3
351,179.24,1.32,3.29,0,316,117,1.0,18.2,316,117,1.0,18.2,316,117,1.0,18.2,316,117,1.0,18.2,316,117,1.0,18.2,316,117,1.0,18.2,316,117,1.0,18.2,316,117,1.0,18.2,316,117,1.0,18.2,316,117,1.0,18.2,316,117,1.0,18.2,316,117,1.0,18.2,316,117,1.0,18.2,316,117,1.0,18.2,316,117,1.0,18.2,316,117,1.0,18.2,316,117,1.0,18.2,316,117,1.0,18.2,316,117,1.0,18.2,316,117,1.0,18.2,316,117,1.0,18.2,316,117,1.0,18.2,316,117,1.0,18.2,316,117,1.0,18.2,316,117,1.0,18.2,316,117,1.0,18.2,316,117,1.0,18.2,316,117,1.0,18.2,316,117,1.0,18.2,316,117,1.0,18.2,316,117,1.0,18.2,316,117,1.0,18.2
352,179.48,1.31,3.28,0,315,118,1.0,18.2,315,118,1.0,18.2,315,118,1.0,18.2,315,118,1.0,18.2,315,118,1.0,18.2,315,118,1.0,18.2,315,118,1.0,18.2,315,118,1.0,18.2,315,118,1.0,18.2,315,118,1.0,18.2,315,118,1.0,18.2,315,118,1.0,18.2,315,118,1.0,18.2,315,118,1.0,18.2,315,118,1.0,18.2,315,118,1.0,18.2,315,118,1.0,18.2,315,118,1.0,18.2,315,118,1.0,18.2,315,118,1.0,18.2,315,118,1.0,18.2,315,118,1.0,18.2,315,118,1.0,18.2,315,118,1.0,18.2,315,118,1.0,18.2,315,118,1.0,18.2,315,118,1.0,18.2,315,118,1.0,18.2,315,118,1.0,18.2,315,118,1.0,18.2,315,118,1.0,18.2,315,118,1.0,18.2
353,180.19,1.32,3.31,0,318,115,1.0,18.4,318,115,1.0,18.4,318,115,1.0,18.4,318,115,1.0,18.4,318,115,1.0,18.4,318,115,1.0,18.4,318,115,1.0,18.4,318,115,1.0,18.4,318,115,1.0,18.4,318,115,1.0,18.4,318,115,1.0,18.4,318,115,1.0,18.4,318,115,1.0,18.4,318,115,1.0,18.4,318,115,1.0,18.4,318,115,1.0,18.4,318,115,1.0,18.4,318,115,1.0,18.4,318,115,1.0,18.4,318,115,1.0,18.4,318,115,1.0,18.4,318,115,1.0,18.4,318,115,1.0,18.4,318,115,1.0,18.4,318,115,1.0,18.4,318,115,1.0,18.4,318,115,1.0,18.4,318,115,1.0,18.4,318,115,1.0,18.4,318,115,1.0,18.4,318,115,1.0,18.4,318,115,1.0,18.4
354,180.9,1.32,3.31,0,318,118,1.0,18.2,318,118,1.0,18.2,318,118,1.0,18.2,318,118,1.0,18.2,318,118,1.0,18.2,318,118,1.0,18.2,318,118,1.0,18.2,318,118,1.0,18.2,318,118,1.0,18.2,318,118,1.0,18.2,318,118,1.0,18.2,318,118,1.0,18.2,318,118,1.0,18.2,318,118,1.0,18.2,318,118,1.0,18.2,318,118,1.0,18.2,318,118,1.0,18.2,318,118,1.0,18.2,318,118,1.0,18.2,318,118,1.0,18.2,318,118,1.0,18.2,318,118,1.0,18.2,318,118,1.0,18.2,318,118,1.0,18.2,318,118,1.0,18.2,318,118,1.0,18.2,318,118,1.0,18.2,318,118,1.0,18.2,318,118,1.0,18.2,318,118,1.0,18.2,318,118,1.0,18.2,318,118,1.0,18.2
355,181.37,1.33,3.32,0,319,117,1.0,18.3,319,117,1.0,18.3,319,117,1.0,18.3,319,117,1.0,18.3,319,117,1.0,18.3,319,117,1.0,18.3,319,117,1.0,18.3,319,117,1.0,18.3,319,117,1.0,18.3,319,117,1.0,18.3,319,117,1.0,18.3,319,117,1.0,18.3,319,117,1.0,18.3,319,117,1.0,18.3,319,117,1.0,18.3,319,117,1.0,18.3,319,117,1.0,18.3,319,117,1.0,18.3,319,117,1.0,18.3,319,117,1.0,18.3,319,117,1.0,18.3,319,117,1.0,18.3,319,117,1.0,18.3,319,117,1.0,18.3,319,117,1.0,18.3,319,117,1.0,18.3,319,117,1.0,18.3,319,117,1.0,18.3,319,117,1.0,18.3,319,117,1.0,18.3,319,117,1.0,18.3,319,117,1.0,18.3
356,182.09,1.34,3.34,0,321,114,1.0,18.4,321,114,1.0,18.4,321,114,1.0,18.4,321,114,1.0,18.4,321,114,1.0,18.4,321,114,1.0,18.4,321,114,1.0,18.4,321,114,1.0,18.4,321,114,1.0,18.4,321,114,1.0,18.4,321,114,1.0,18.4,321,114,1.0,18.4,321,114,1.0,18.4,321,114,1.0,18.4,321,114,1.0,18.4,321,114,1.0,18.4,321,114,1.0,18.4,321,114,1.0,18.4,321,114,1.0,18.4,321,114,1.0,18.4,321,114,1.0,18.4,321,114,1.0,18.4,321,114,1.0,18.4,321,114,1.0,18.4,321,114,1.0,18.4,321,114,1.0,18.4,321,114,1.0,18.4,321,114,1.0,18.4,321,114,1.0,18.4,321,114,1.0,18.4,321,114,1.0,18.4,321,114,1.0,18.4
357,182.56,1.35,3.36,0,323,114,1.0,18.5,323,114,1.0,18.5,323,114,1.0,18.5,323,114,1.0,18.5,323,114,1.0,18.5,323,114,1.0,18.5,323,114,1.0,18.5,323,114,1.0,18.5,323,114,1.0,18.5,323,114,1.0,18.5,323,114,1.0,18.5,323,114,1.0,18.5,323,114,1.0,18.5,323,114,1.0,18.5,323,114,1.0,18.5,323,114,1.0,18.5,323,114,1.0,18.5,323,114,1.0,18.5,323,114,1.0,18.5,323,114,1.0,18.5,323,114,1.0,18.5,323,114,1.0,18.5,323,114,1.0,18.5,323,114,1.0,18.5,323,114,1.0,18.5,323,114,1.0,18.5,323,114,1.0,18.5,323,114,1.0,18.5,323,114,1.0,18.5,323,114,1.0,18.5,323,114,1.0,18.5,323,114,1.0,18.5
358,182.79,1.35,3.38,0,324,114,1.0,18.5,324,114,1.0,18.5,324,114,1.0,18.5,324,114,1.0,18.5,324,114,1.0,18.5,324,114,1.0,18.5,324,114,1.0,18.5,324,114,1.0,18.5,324,114,1.0,18.5,324,114,1.0,18.5,324,114,1.0,18.5,324,114,1.0,18.5,324,114,1.0,18.5,324,114,1.0,18.5,324,114,1.0,18.5,324,114,1.0,18.5,324,114,1.0,18.5,324,114,1.0,18.5,324,114,1.0,18.5,324,114,1.0,18.5,324,114,1.0,18.5,324,114,1.0,18.5,324,114,1.0,18.5,324,114,1.0,18.5,324,114,1.0,18.5,324,114,1.0,18.5,324,114,1.0,18.5,324,114,1.0,18.5,324,114,1.0,18.5,324,114,1.0,18.5,324,114,1.0,18.5,324,114,1.0,18.5
359,182.78,1.35,3.36,0,323,118,1.0,18.3,323,118,1.0,18.3,323,118,1.0,18.3,323,118,1.0,18.3,323,118,1.0,18.3,323,118,1.0,18.3,323,118,1.0,18.3,323,118,1.0,18.3,323,118,1.0,18.3,323,118,1.0,18.3,323,118,1.0,18.3,323,118,1.0,18.3,323,118,1.0,18.3,323,118,1.0,18.3,323,118,1.0,18.3,323,118,1.0,18.3,323,118,1.0,18.3,323,118,1.0,18.3,323,118,1.0,18.3,323,118,1.0,18.3,323,118,1.0,18.3,323,118,1.0,18.3,323,118,1.0,18.3,323,118,1.0,18.3,323,118,1.0,18.3,323,118,1.0,18.3,323,118,1.0,18.3,323,118,1.0,18.3,323,118,1.0,18.3,323,118,1.0,18.3,323,118,1.0,18.3,323,118,1.0,18.3
