step,att,aql,awt,throughput,intersection_0_1_queued,intersection_0_1_moving,intersection_0_1_occupancy,intersection_0_1_tau,intersection_0_2_queued,intersection_0_2_moving,intersection_0_2_occupancy,intersection_0_2_tau,intersection_0_3_queued,intersection_0_3_moving,intersection_0_3_occupancy,intersection_0_3_tau,intersection_0_4_queued,intersection_0_4_moving,intersection_0_4_occupancy,intersection_0_4_tau,intersection_1_0_queued,intersection_1_0_moving,intersection_1_0_occupancy,intersection_1_0_tau,intersection_1_1_queued,intersection_1_1_moving,intersection_1_1_occupancy,intersection_1_1_tau,intersection_1_2_queued,intersection_1_2_moving,intersection_1_2_occupancy,intersection_1_2_tau,intersection_1_3_queued,intersection_1_3_moving,intersection_1_3_occupancy,intersection_1_3_tau,intersection_1_4_queued,intersection_1_4_moving,intersection_1_4_occupancy,intersection_1_4_tau,intersection_1_5_queued,intersection_1_5_moving,intersection_1_5_occupancy,intersection_1_5_tau,intersection_2_0_queued,intersection_2_0_moving,intersection_2_0_occupancy,intersection_2_0_tau,intersection_2_1_queued,intersection_2_1_moving,intersection_2_1_occupancy,intersection_2_1_tau,intersection_2_2_queued,intersection_2_2_moving,intersection_2_2_occupancy,intersection_2_2_tau,intersection_2_3_queued,intersection_2_3_moving,intersection_2_3_occupancy,intersection_2_3_tau,intersection_2_4_queued,intersection_2_4_moving,intersection_2_4_occupancy,intersection_2_4_tau,intersection_2_5_queued,intersection_2_5_moving,intersection_2_5_occupancy,intersection_2_5_tau,intersection_3_0_queued,intersection_3_0_moving,intersection_3_0_occupancy,intersection_3_0_tau,intersection_3_1_queued,intersection_3_1_moving,intersection_3_1_occupancy,intersection_3_1_tau,intersection_3_2_queued,intersection_3_2_moving,intersection_3_2_occupancy,intersection_3_2_tau,intersection_3_3_queued,intersection_3_3_moving,intersection_3_3_occupancy,intersection_3_3_tau,intersection_3_4_queued,intersection_3_4_moving,intersection_3_4_occupancy,intersection_3_4_tau,intersection_3_5_queued,intersection_3_5_moving,intersection_3_5_occupancy,intersection_3_5_tau,intersection_4_0_queued,intersection_4_0_moving,intersection_4_0_occupancy,intersection_4_0_tau,intersection_4_1_queued,intersection_4_1_moving,intersection_4_1_occupancy,intersection_4_1_tau,intersection_4_2_queued,intersection_4_2_moving,intersection_4_2_occupancy,intersection_4_2_tau,intersection_4_3_queued,intersection_4_3_moving,intersection_4_3_occupancy,intersection_4_3_tau,intersection_4_4_queued,intersection_4_4_moving,intersection_4_4_occupancy,intersection_4_4_tau,intersection_4_5_queued,intersection_4_5_moving,intersection_4_5_occupancy,intersection_4_5_tau,intersection_5_1_queued,intersection_5_1_moving,intersection_5_1_occupancy,intersection_5_1_tau,intersection_5_2_queued,intersection_5_2_moving,intersection_5_2_occupancy,intersection_5_2_tau,intersection_5_3_queued,intersection_5_3_moving,intersection_5_3_occupancy,intersection_5_3_tau,intersection_5_4_queued,intersection_5_4_moving,intersection_5_4_occupancy,intersection_5_4_tau
0,0.0,0.0,0.0,0,0,0,0.0,0.0,0,0,0.0,0.0,0,0,0.0,0.0,0,0,0.0,0.0,0,0,0.0,0.0,0,0,0.0,0.0,0,0,0.0,0.0,0,0,0.0,0.0,0,0,0.0,0.0,0,0,0.0,0.0,0,0,0.0,0.0,0,0,0.0,0.0,0,0,0.0,0.0,0,0,0.0,0.0,0,0,0.0,0.0,0,0,0.0,0.0,0,0,0.0,0.0,0,0,0.0,0.0,0,0,0.0,0.0,0,0,0.0,0.0,0,0,0.0,0.0,0,0,0.0,0.0,0,0,0.0,0.0,0,0,0.0,0.0,0,0,0.0,0.0,0,0,0.0,0.0,0,0,0.0,0.0,0,0,0.0,0.0,0,0,0.0,0.0,0,0,0.0,0.0,0,0,0.0,0.0,0,0,0.0,0.0
1,1.0,0.0,0.0,0,0,3,0.037,0.0,0,3,0.037,0.0,0,3,0.037,0.0,0,3,0.037,0.0,0,3,0.037,0.0,0,3,0.037,0.0,0,3,0.037,0.0,0,3,0.037,0.0,0,3,0.037,0.0,0,3,0.037,0.0,0,3,0.037,0.0,0,3,0.037,0.0,0,3,0.037,0.0,0,3,0.037,0.0,0,3,0.037,0.0,0,3,0.037,0.0,0,3,0.037,0.0,0,3,0.037,0.0,0,3,0.037,0.0,0,3,0.037,0.0,0,3,0.037,0.0,0,3,0.037,0.0,0,3,0.037,0.0,0,3,0.037,0.0,0,3,0.037,0.0,0,3,0.037,0.0,0,3,0.037,0.0,0,3,0.037,0.0,0,3,0.037,0.0,0,3,0.037,0.0,0,3,0.037,0.0,0,3,0.037,0.0
2,1.45,0.0,0.0,0,0,6,0.075,0.0,0,6,0.075,0.0,0,6,0.075,0.0,0,6,0.075,0.0,0,6,0.075,0.0,0,6,0.075,0.0,0,6,0.075,0.0,0,6,0.075,0.0,0,6,0.075,0.0,0,6,0.075,0.0,0,6,0.075,0.0,0,6,0.075,0.0,0,6,0.075,0.0,0,6,0.075,0.0,0,6,0.075,0.0,0,6,0.075,0.0,0,6,0.075,0.0,0,6,0.075,0.0,0,6,0.075,0.0,0,6,0.075,0.0,0,6,0.075,0.0,0,6,0.075,0.0,0,6,0.075,0.0,0,6,0.075,0.0,0,6,0.075,0.0,0,6,0.075,0.0,0,6,0.075,0.0,0,6,0.075,0.0,0,6,0.075,0.0,0,6,0.075,0.0,0,6,0.075,0.0,0,6,0.075,0.0
3,2.23,0.0,0.0,0,0,7,0.087,0.0,0,7,0.087,0.0,0,7,0.087,0.0,0,7,0.087,0.0,0,7,0.087,0.0,0,7,0.087,0.0,0,7,0.087,0.0,0,7,0.087,0.0,0,7,0.087,0.0,0,7,0.087,0.0,0,7,0.087,0.0,0,7,0.087,0.0,0,7,0.087,0.0,0,7,0.087,0.0,0,7,0.087,0.0,0,7,0.087,0.0,0,7,0.087,0.0,0,7,0.087,0.0,0,7,0.087,0.0,0,7,0.087,0.0,0,7,0.087,0.0,0,7,0.087,0.0,0,7,0.087,0.0,0,7,0.087,0.0,0,7,0.087,0.0,0,7,0.087,0.0,0,7,0.087,0.0,0,7,0.087,0.0,0,7,0.087,0.0,0,7,0.087,0.0,0,7,0.087,0.0,0,7,0.087,0.0
4,3.07,0.0,0.0,0,0,9,0.113,0.0,0,9,0.113,0.0,0,9,0.113,0.0,0,9,0.113,0.0,0,9,0.113,0.0,0,9,0.113,0.0,0,9,0.113,0.0,0,9,0.113,0.0,0,9,0.113,0.0,0,9,0.113,0.0,0,9,0.113,0.0,0,9,0.113,0.0,0,9,0.113,0.0,0,9,0.113,0.0,0,9,0.113,0.0,0,9,0.113,0.0,0,9,0.113,0.0,0,9,0.113,0.0,0,9,0.113,0.0,0,9,0.113,0.0,0,9,0.113,0.0,0,9,0.113,0.0,0,9,0.113,0.0,0,9,0.113,0.0,0,9,0.113,0.0,0,9,0.113,0.0,0,9,0.113,0.0,0,9,0.113,0.0,0,9,0.113,0.0,0,9,0.113,0.0,0,9,0.113,0.0,0,9,0.113,0.0
5,4.07,0.0,0.0,0,0,10,0.125,0.0,0,10,0.125,0.0,0,10,0.125,0.0,0,10,0.125,0.0,0,10,0.125,0.0,0,10,0.125,0.0,0,10,0.125,0.0,0,10,0.125,0.0,0,10,0.125,0.0,0,10,0.125,0.0,0,10,0.125,0.0,0,10,0.125,0.0,0,10,0.125,0.0,0,10,0.125,0.0,0,10,0.125,0.0,0,10,0.125,0.0,0,10,0.125,0.0,0,10,0.125,0.0,0,10,0.125,0.0,0,10,0.125,0.0,0,10,0.125,0.0,0,10,0.125,0.0,0,10,0.125,0.0,0,10,0.125,0.0,0,10,0.125,0.0,0,10,0.125,0.0,0,10,0.125,0.0,0,10,0.125,0.0,0,10,0.125,0.0,0,10,0.125,0.0,0,10,0.125,0.0,0,10,0.125,0.0
6,4.0,0.0,0.0,0,0,13,0.163,0.0,0,13,0.163,0.0,0,13,0.163,0.0,0,13,0.163,0.0,0,13,0.163,0.0,0,13,0.163,0.0,0,13,0.163,0.0,0,13,0.163,0.0,0,13,0.163,0.0,0,13,0.163,0.0,0,13,0.163,0.0,0,13,0.163,0.0,0,13,0.163,0.0,0,13,0.163,0.0,0,13,0.163,0.0,0,13,0.163,0.0,0,13,0.163,0.0,0,13,0.163,0.0,0,13,0.163,0.0,0,13,0.163,0.0,0,13,0.163,0.0,0,13,0.163,0.0,0,13,0.163,0.0,0,13,0.163,0.0,0,13,0.163,0.0,0,13,0.163,0.0,0,13,0.163,0.0,0,13,0.163,0.0,0,13,0.163,0.0,0,13,0.163,0.0,0,13,0.163,0.0,0,13,0.163,0.0
7,4.04,0.0,0.0,0,0,17,0.212,0.0,0,17,0.212,0.0,0,17,0.212,0.0,0,17,0.212,0.0,0,17,0.212,0.0,0,17,0.212,0.0,0,17,0.212,0.0,0,17,0.212,0.0,0,17,0.212,0.0,0,17,0.212,0.0,0,17,0.212,0.0,0,17,0.212,0.0,0,17,0.212,0.0,0,17,0.212,0.0,0,17,0.212,0.0,0,17,0.212,0.0,0,17,0.212,0.0,0,17,0.212,0.0,0,17,0.212,0.0,0,17,0.212,0.0,0,17,0.212,0.0,0,17,0.212,0.0,0,17,0.212,0.0,0,17,0.212,0.0,0,17,0.212,0.0,0,17,0.212,0.0,0,17,0.212,0.0,0,17,0.212,0.0,0,17,0.212,0.0,0,17,0.212,0.0,0,17,0.212,0.0,0,17,0.212,0.0
8,4.48,0.0,0.0,0,0,17,0.212,0.0,0,17,0.212,0.0,0,17,0.212,0.0,0,17,0.212,0.0,0,17,0.212,0.0,0,17,0.212,0.0,0,17,0.212,0.0,0,17,0.212,0.0,0,17,0.212,0.0,0,17,0.212,0.0,0,17,0.212,0.0,0,17,0.212,0.0,0,17,0.212,0.0,0,17,0.212,0.0,0,17,0.212,0.0,0,17,0.212,0.0,0,17,0.212,0.0,0,17,0.212,0.0,0,17,0.212,0.0,0,17,0.212,0.0,0,17,0.212,0.0,0,17,0.212,0.0,0,17,0.212,0.0,0,17,0.212,0.0,0,17,0.212,0.0,0,17,0.212,0.0,0,17,0.212,0.0,0,17,0.212,0.0,0,17,0.212,0.0,0,17,0.212,0.0,0,17,0.212,0.0,0,17,0.212,0.0
9,4.94,0.0,0.0,0,0,19,0.237,0.0,0,19,0.237,0.0,0,19,0.237,0.0,0,19,0.237,0.0,0,19,0.237,0.0,0,19,0.237,0.0,0,19,0.237,0.0,0,19,0.237,0.0,0,19,0.237,0.0,0,19,0.237,0.0,0,19,0.237,0.0,0,19,0.237,0.0,0,19,0.237,0.0,0,19,0.237,0.0,0,19,0.237,0.0,0,19,0.237,0.0,0,19,0.237,0.0,0,19,0.237,0.0,0,19,0.237,0.0,0,19,0.237,0.0,0,19,0.237,0.0,0,19,0.237,0.0,0,19,0.237,0.0,0,19,0.237,0.0,0,19,0.237,0.0,0,19,0.237,0.0,0,19,0.237,0.0,0,19,0.237,0.0,0,19,0.237,0.0,0,19,0.237,0.0,0,19,0.237,0.0,0,19,0.237,0.0
10,5.53,0.0,0.0,0,0,21,0.263,0.0,0,21,0.263,0.0,0,21,0.263,0.0,0,21,0.263,0.0,0,21,0.263,0.0,0,21,0.263,0.0,0,21,0.263,0.0,0,21,0.263,0.0,0,21,0.263,0.0,0,21,0.263,0.0,0,21,0.263,0.0,0,21,0.263,0.0,0,21,0.263,0.0,0,21,0.263,0.0,0,21,0.263,0.0,0,21,0.263,0.0,0,21,0.263,0.0,0,21,0.263,0.0,0,21,0.263,0.0,0,21,0.263,0.0,0,21,0.263,0.0,0,21,0.263,0.0,0,21,0.263,0.0,0,21,0.263,0.0,0,21,0.263,0.0,0,21,0.263,0.0,0,21,0.263,0.0,0,21,0.263,0.0,0,21,0.263,0.0,0,21,0.263,0.0,0,21,0.263,0.0,0,21,0.263,0.0
11,6.1,0.0,0.0,0,0,21,0.263,0.0,0,21,0.263,0.0,0,21,0.263,0.0,0,21,0.263,0.0,0,21,0.263,0.0,0,21,0.263,0.0,0,21,0.263,0.0,0,21,0.263,0.0,0,21,0.263,0.0,0,21,0.263,0.0,0,21,0.263,0.0,0,21,0.263,0.0,0,21,0.263,0.0,0,21,0.263,0.0,0,21,0.263,0.0,0,21,0.263,0.0,0,21,0.263,0.0,0,21,0.263,0.0,0,21,0.263,0.0,0,21,0.263,0.0,0,21,0.263,0.0,0,21,0.263,0.0,0,21,0.263,0.0,0,21,0.263,0.0,0,21,0.263,0.0,0,21,0.263,0.0,0,21,0.263,0.0,0,21,0.263,0.0,0,21,0.263,0.0,0,21,0.263,0.0,0,21,0.263,0.0,0,21,0.263,0.0
12,6.8,0.0,0.0,0,0,23,0.287,0.0,0,23,0.287,0.0,0,23,0.287,0.0,0,23,0.287,0.0,0,23,0.287,0.0,0,23,0.287,0.0,0,23,0.287,0.0,0,23,0.287,0.0,0,23,0.287,0.0,0,23,0.287,0.0,0,23,0.287,0.0,0,23,0.287,0.0,0,23,0.287,0.0,0,23,0.287,0.0,0,23,0.287,0.0,0,23,0.287,0.0,0,23,0.287,0.0,0,23,0.287,0.0,0,23,0.287,0.0,0,23,0.287,0.0,0,23,0.287,0.0,0,23,0.287,0.0,0,23,0.287,0.0,0,23,0.287,0.0,0,23,0.287,0.0,0,23,0.287,0.0,0,23,0.287,0.0,0,23,0.287,0.0,0,23,0.287,0.0,0,23,0.287,0.0,0,23,0.287,0.0,0,23,0.287,0.0
13,7.49,0.0,0.0,0,0,26,0.325,0.0,0,26,0.325,0.0,0,26,0.325,0.0,0,26,0.325,0.0,0,26,0.325,0.0,0,26,0.325,0.0,0,26,0.325,0.0,0,26,0.325,0.0,0,26,0.325,0.0,0,26,0.325,0.0,0,26,0.325,0.0,0,26,0.325,0.0,0,26,0.325,0.0,0,26,0.325,0.0,0,26,0.325,0.0,0,26,0.325,0.0,0,26,0.325,0.0,0,26,0.325,0.0,0,26,0.325,0.0,0,26,0.325,0.0,0,26,0.325,0.0,0,26,0.325,0.0,0,26,0.325,0.0,0,26,0.325,0.0,0,26,0.325,0.0,0,26,0.325,0.0,0,26,0.325,0.0,0,26,0.325,0.0,0,26,0.325,0.0,0,26,0.325,0.0,0,26,0.325,0.0,0,26,0.325,0.0
14,8.16,0.0,0.0,0,0,27,0.338,0.0,0,27,0.338,0.0,0,27,0.338,0.0,0,27,0.338,0.0,0,27,0.338,0.0,0,27,0.338,0.0,0,27,0.338,0.0,0,27,0.338,0.0,0,27,0.338,0.0,0,27,0.338,0.0,0,27,0.338,0.0,0,27,0.338,0.0,0,27,0.338,0.0,0,27,0.338,0.0,0,27,0.338,0.0,0,27,0.338,0.0,0,27,0.338,0.0,0,27,0.338,0.0,0,27,0.338,0.0,0,27,0.338,0.0,0,27,0.338,0.0,0,27,0.338,0.0,0,27,0.338,0.0,0,27,0.338,0.0,0,27,0.338,0.0,0,27,0.338,0.0,0,27,0.338,0.0,0,27,0.338,0.0,0,27,0.338,0.0,0,27,0.338,0.0,0,27,0.338,0.0,0,27,0.338,0.0
15,8.98,0.0,0.0,0,0,28,0.35,0.0,0,28,0.35,0.0,0,28,0.35,0.0,0,28,0.35,0.0,0,28,0.35,0.0,0,28,0.35,0.0,0,28,0.35,0.0,0,28,0.35,0.0,0,28,0.35,0.0,0,28,0.35,0.0,0,28,0.35,0.0,0,28,0.35,0.0,0,28,0.35,0.0,0,28,0.35,0.0,0,28,0.35,0.0,0,28,0.35,0.0,0,28,0.35,0.0,0,28,0.35,0.0,0,28,0.35,0.0,0,28,0.35,0.0,0,28,0.35,0.0,0,28,0.35,0.0,0,28,0.35,0.0,0,28,0.35,0.0,0,28,0.35,0.0,0,28,0.35,0.0,0,28,0.35,0.0,0,28,0.35,0.0,0,28,0.35,0.0,0,28,0.35,0.0,0,28,0.35,0.0,0,28,0.35,0.0
16,9.26,0.0,0.0,0,0,31,0.388,0.0,0,31,0.388,0.0,0,31,0.388,0.0,0,31,0.388,0.0,0,31,0.388,0.0,0,31,0.388,0.0,0,31,0.388,0.0,0,31,0.388,0.0,0,31,0.388,0.0,0,31,0.388,0.0,0,31,0.388,0.0,0,31,0.388,0.0,0,31,0.388,0.0,0,31,0.388,0.0,0,31,0.388,0.0,0,31,0.388,0.0,0,31,0.388,0.0,0,31,0.388,0.0,0,31,0.388,0.0,0,31,0.388,0.0,0,31,0.388,0.0,0,31,0.388,0.0,0,31,0.388,0.0,0,31,0.388,0.0,0,31,0.388,0.0,0,31,0.388,0.0,0,31,0.388,0.0,0,31,0.388,0.0,0,31,0.388,0.0,0,31,0.388,0.0,0,31,0.388,0.0,0,31,0.388,0.0
17,9.9,0.0,0.0,0,0,31,0.388,0.0,0,31,0.388,0.0,0,31,0.388,0.0,0,31,0.388,0.0,0,31,0.388,0.0,0,31,0.388,0.0,0,31,0.388,0.0,0,31,0.388,0.0,0,31,0.388,0.0,0,31,0.388,0.0,0,31,0.388,0.0,0,31,0.388,0.0,0,31,0.388,0.0,0,31,0.388,0.0,0,31,0.388,0.0,0,31,0.388,0.0,0,31,0.388,0.0,0,31,0.388,0.0,0,31,0.388,0.0,0,31,0.388,0.0,0,31,0.388,0.0,0,31,0.388,0.0,0,31,0.388,0.0,0,31,0.388,0.0,0,31,0.388,0.0,0,31,0.388,0.0,0,31,0.388,0.0,0,31,0.388,0.0,0,31,0.388,0.0,0,31,0.388,0.0,0,31,0.388,0.0,0,31,0.388,0.0
18,10.36,0.0,0.0,0,0,33,0.412,0.0,0,33,0.412,0.0,0,33,0.412,0.0,0,33,0.412,0.0,0,33,0.412,0.0,0,33,0.412,0.0,0,33,0.412,0.0,0,33,0.412,0.0,0,33,0.412,0.0,0,33,0.412,0.0,0,33,0.412,0.0,0,33,0.412,0.0,0,33,0.412,0.0,0,33,0.412,0.0,0,33,0.412,0.0,0,33,0.412,0.0,0,33,0.412,0.0,0,33,0.412,0.0,0,33,0.412,0.0,0,33,0.412,0.0,0,33,0.412,0.0,0,33,0.412,0.0,0,33,0.412,0.0,0,33,0.412,0.0,0,33,0.412,0.0,0,33,0.412,0.0,0,33,0.412,0.0,0,33,0.412,0.0,0,33,0.412,0.0,0,33,0.412,0.0,0,33,0.412,0.0,0,33,0.412,0.0
19,10.83,0.0,0.0,0,0,36,0.45,0.0,0,36,0.45,0.0,0,36,0.45,0.0,0,36,0.45,0.0,0,36,0.45,0.0,0,36,0.45,0.0,0,36,0.45,0.0,0,36,0.45,0.0,0,36,0.45,0.0,0,36,0.45,0.0,0,36,0.45,0.0,0,36,0.45,0.0,0,36,0.45,0.0,0,36,0.45,0.0,0,36,0.45,0.0,0,36,0.45,0.0,0,36,0.45,0.0,0,36,0.45,0.0,0,36,0.45,0.0,0,36,0.45,0.0,0,36,0.45,0.0,0,36,0.45,0.0,0,36,0.45,0.0,0,36,0.45,0.0,0,36,0.45,0.0,0,36,0.45,0.0,0,36,0.45,0.0,0,36,0.45,0.0,0,36,0.45,0.0,0,36,0.45,0.0,0,36,0.45,0.0,0,36,0.45,0.0
20,11.83,0.0,0.0,0,0,36,0.45,0.0,0,36,0.45,0.0,0,36,0.45,0.0,0,36,0.45,0.0,0,36,0.45,0.0,0,36,0.45,0.0,0,36,0.45,0.0,0,36,0.45,0.0,0,36,0.45,0.0,0,36,0.45,0.0,0,36,0.45,0.0,0,36,0.45,0.0,0,36,0.45,0.0,0,36,0.45,0.0,0,36,0.45,0.0,0,36,0.45,0.0,0,36,0.45,0.0,0,36,0.45,0.0,0,36,0.45,0.0,0,36,0.45,0.0,0,36,0.45,0.0,0,36,0.45,0.0,0,36,0.45,0.0,0,36,0.45,0.0,0,36,0.45,0.0,0,36,0.45,0.0,0,36,0.45,0.0,0,36,0.45,0.0,0,36,0.45,0.0,0,36,0.45,0.0,0,36,0.45,0.0,0,36,0.45,0.0
21,12.25,0.0,0.0,0,0,38,0.475,0.0,0,38,0.475,0.0,0,38,0.475,0.0,0,38,0.475,0.0,0,38,0.475,0.0,0,38,0.475,0.0,0,38,0.475,0.0,0,38,0.475,0.0,0,38,0.475,0.0,0,38,0.475,0.0,0,38,0.475,0.0,0,38,0.475,0.0,0,38,0.475,0.0,0,38,0.475,0.0,0,38,0.475,0.0,0,38,0.475,0.0,0,38,0.475,0.0,0,38,0.475,0.0,0,38,0.475,0.0,0,38,0.475,0.0,0,38,0.475,0.0,0,38,0.475,0.0,0,38,0.475,0.0,0,38,0.475,0.0,0,38,0.475,0.0,0,38,0.475,0.0,0,38,0.475,0.0,0,38,0.475,0.0,0,38,0.475,0.0,0,38,0.475,0.0,0,38,0.475,0.0,0,38,0.475,0.0
22,12.86,0.0,0.0,0,0,41,0.512,0.0,0,41,0.512,0.0,0,41,0.512,0.0,0,41,0.512,0.0,0,41,0.512,0.0,0,41,0.512,0.0,0,41,0.512,0.0,0,41,0.512,0.0,0,41,0.512,0.0,0,41,0.512,0.0,0,41,0.512,0.0,0,41,0.512,0.0,0,41,0.512,0.0,0,41,0.512,0.0,0,41,0.512,0.0,0,41,0.512,0.0,0,41,0.512,0.0,0,41,0.512,0.0,0,41,0.512,0.0,0,41,0.512,0.0,0,41,0.512,0.0,0,41,0.512,0.0,0,41,0.512,0.0,0,41,0.512,0.0,0,41,0.512,0.0,0,41,0.512,0.0,0,41,0.512,0.0,0,41,0.512,0.0,0,41,0.512,0.0,0,41,0.512,0.0,0,41,0.512,0.0,0,41,0.512,0.0
23,13.46,0.0,0.0,0,0,41,0.512,0.0,0,41,0.512,0.0,0,41,0.512,0.0,0,41,0.512,0.0,0,41,0.512,0.0,0,41,0.512,0.0,0,41,0.512,0.0,0,41,0.512,0.0,0,41,0.512,0.0,0,41,0.512,0.0,0,41,0.512,0.0,0,41,0.512,0.0,0,41,0.512,0.0,0,41,0.512,0.0,0,41,0.512,0.0,0,41,0.512,0.0,0,41,0.512,0.0,0,41,0.512,0.0,0,41,0.512,0.0,0,41,0.512,0.0,0,41,0.512,0.0,0,41,0.512,0.0,0,41,0.512,0.0,0,41,0.512,0.0,0,41,0.512,0.0,0,41,0.512,0.0,0,41,0.512,0.0,0,41,0.512,0.0,0,41,0.512,0.0,0,41,0.512,0.0,0,41,0.512,0.0,0,41,0.512,0.0
24,14.06,0.0,0.0,0,0,42,0.525,0.0,0,42,0.525,0.0,0,42,0.525,0.0,0,42,0.525,0.0,0,42,0.525,0.0,0,42,0.525,0.0,0,42,0.525,0.0,0,42,0.525,0.0,0,42,0.525,0.0,0,42,0.525,0.0,0,42,0.525,0.0,0,42,0.525,0.0,0,42,0.525,0.0,0,42,0.525,0.0,0,42,0.525,0.0,0,42,0.525,0.0,0,42,0.525,0.0,0,42,0.525,0.0,0,42,0.525,0.0,0,42,0.525,0.0,0,42,0.525,0.0,0,42,0.525,0.0,0,42,0.525,0.0,0,42,0.525,0.0,0,42,0.525,0.0,0,42,0.525,0.0,0,42,0.525,0.0,0,42,0.525,0.0,0,42,0.525,0.0,0,42,0.525,0.0,0,42,0.525,0.0,0,42,0.525,0.0
25,14.85,0.0,0.0,0,0,44,0.55,0.0,0,44,0.55,0.0,0,44,0.55,0.0,0,44,0.55,0.0,0,44,0.55,0.0,0,44,0.55,0.0,0,44,0.55,0.0,0,44,0.55,0.0,0,44,0.55,0.0,0,44,0.55,0.0,0,44,0.55,0.0,0,44,0.55,0.0,0,44,0.55,0.0,0,44,0.55,0.0,0,44,0.55,0.0,0,44,0.55,0.0,0,44,0.55,0.0,0,44,0.55,0.0,0,44,0.55,0.0,0,44,0.55,0.0,0,44,0.55,0.0,0,44,0.55,0.0,0,44,0.55,0.0,0,44,0.55,0.0,0,44,0.55,0.0,0,44,0.55,0.0,0,44,0.55,0.0,0,44,0.55,0.0,0,44,0.55,0.0,0,44,0.55,0.0,0,44,0.55,0.0,0,44,0.55,0.0
26,15.43,0.0,0.0,0,0,46,0.575,0.0,0,46,0.575,0.0,0,46,0.575,0.0,0,46,0.575,0.0,0,46,0.575,0.0,0,46,0.575,0.0,0,46,0.575,0.0,0,46,0.575,0.0,0,46,0.575,0.0,0,46,0.575,0.0,0,46,0.575,0.0,0,46,0.575,0.0,0,46,0.575,0.0,0,46,0.575,0.0,0,46,0.575,0.0,0,46,0.575,0.0,0,46,0.575,0.0,0,46,0.575,0.0,0,46,0.575,0.0,0,46,0.575,0.0,0,46,0.575,0.0,0,46,0.575,0.0,0,46,0.575,0.0,0,46,0.575,0.0,0,46,0.575,0.0,0,46,0.575,0.0,0,46,0.575,0.0,0,46,0.575,0.0,0,46,0.575,0.0,0,46,0.575,0.0,0,46,0.575,0.0,0,46,0.575,0.0
27,16.43,0.0,0.0,0,0,47,0.588,0.0,0,47,0.588,0.0,0,47,0.588,0.0,0,47,0.588,0.0,0,47,0.588,0.0,0,47,0.588,0.0,0,47,0.588,0.0,0,47,0.588,0.0,0,47,0.588,0.0,0,47,0.588,0.0,0,47,0.588,0.0,0,47,0.588,0.0,0,47,0.588,0.0,0,47,0.588,0.0,0,47,0.588,0.0,0,47,0.588,0.0,0,47,0.588,0.0,0,47,0.588,0.0,0,47,0.588,0.0,0,47,0.588,0.0,0,47,0.588,0.0,0,47,0.588,0.0,0,47,0.588,0.0,0,47,0.588,0.0,0,47,0.588,0.0,0,47,0.588,0.0,0,47,0.588,0.0,0,47,0.588,0.0,0,47,0.588,0.0,0,47,0.588,0.0,0,47,0.588,0.0,0,47,0.588,0.0
28,17.2,0.0,0.0,0,0,49,0.613,0.0,0,49,0.613,0.0,0,49,0.613,0.0,0,49,0.613,0.0,0,49,0.613,0.0,0,49,0.613,0.0,0,49,0.613,0.0,0,49,0.613,0.0,0,49,0.613,0.0,0,49,0.613,0.0,0,49,0.613,0.0,0,49,0.613,0.0,0,49,0.613,0.0,0,49,0.613,0.0,0,49,0.613,0.0,0,49,0.613,0.0,0,49,0.613,0.0,0,49,0.613,0.0,0,49,0.613,0.0,0,49,0.613,0.0,0,49,0.613,0.0,0,49,0.613,0.0,0,49,0.613,0.0,0,49,0.613,0.0,0,49,0.613,0.0,0,49,0.613,0.0,0,49,0.613,0.0,0,49,0.613,0.0,0,49,0.613,0.0,0,49,0.613,0.0,0,49,0.613,0.0,0,49,0.613,0.0
29,17.28,0.0,0.0,0,0,51,0.637,0.0,0,51,0.637,0.0,0,51,0.637,0.0,0,51,0.637,0.0,0,51,0.637,0.0,0,51,0.637,0.0,0,51,0.637,0.0,0,51,0.637,0.0,0,51,0.637,0.0,0,51,0.637,0.0,0,51,0.637,0.0,0,51,0.637,0.0,0,51,0.637,0.0,0,51,0.637,0.0,0,51,0.637,0.0,0,51,0.637,0.0,0,51,0.637,0.0,0,51,0.637,0.0,0,51,0.637,0.0,0,51,0.637,0.0,0,51,0.637,0.0,0,51,0.637,0.0,0,51,0.637,0.0,0,51,0.637,0.0,0,51,0.637,0.0,0,51,0.637,0.0,0,51,0.637,0.0,0,51,0.637,0.0,0,51,0.637,0.0,0,51,0.637,0.0,0,51,0.637,0.0,0,51,0.637,0.0
30,17.62,0.0,0.0,0,0,52,0.65,0.0,0,52,0.65,0.0,0,52,0.65,0.0,0,52,0.65,0.0,0,52,0.65,0.0,0,52,0.65,0.0,0,52,0.65,0.0,0,52,0.65,0.0,0,52,0.65,0.0,0,52,0.65,0.0,0,52,0.65,0.0,0,52,0.65,0.0,0,52,0.65,0.0,0,52,0.65,0.0,0,52,0.65,0.0,0,52,0.65,0.0,0,52,0.65,0.0,0,52,0.65,0.0,0,52,0.65,0.0,0,52,0.65,0.0,0,52,0.65,0.0,0,52,0.65,0.0,0,52,0.65,0.0,0,52,0.65,0.0,0,52,0.65,0.0,0,52,0.65,0.0,0,52,0.65,0.0,0,52,0.65,0.0,0,52,0.65,0.0,0,52,0.65,0.0,0,52,0.65,0.0,0,52,0.65,0.0
31,17.96,0.0,0.0,0,0,56,0.7,0.0,0,56,0.7,0.0,0,56,0.7,0.0,0,56,0.7,0.0,0,56,0.7,0.0,0,56,0.7,0.0,0,56,0.7,0.0,0,56,0.7,0.0,0,56,0.7,0.0,0,56,0.7,0.0,0,56,0.7,0.0,0,56,0.7,0.0,0,56,0.7,0.0,0,56,0.7,0.0,0,56,0.7,0.0,0,56,0.7,0.0,0,56,0.7,0.0,0,56,0.7,0.0,0,56,0.7,0.0,0,56,0.7,0.0,0,56,0.7,0.0,0,56,0.7,0.0,0,56,0.7,0.0,0,56,0.7,0.0,0,56,0.7,0.0,0,56,0.7,0.0,0,56,0.7,0.0,0,56,0.7,0.0,0,56,0.7,0.0,0,56,0.7,0.0,0,56,0.7,0.0,0,56,0.7,0.0
32,18.12,0.0,0.0,0,0,58,0.725,0.0,0,58,0.725,0.0,0,58,0.725,0.0,0,58,0.725,0.0,0,58,0.725,0.0,0,58,0.725,0.0,0,58,0.725,0.0,0,58,0.725,0.0,0,58,0.725,0.0,0,58,0.725,0.0,0,58,0.725,0.0,0,58,0.725,0.0,0,58,0.725,0.0,0,58,0.725,0.0,0,58,0.725,0.0,0,58,0.725,0.0,0,58,0.725,0.0,0,58,0.725,0.0,0,58,0.725,0.0,0,58,0.725,0.0,0,58,0.725,0.0,0,58,0.725,0.0,0,58,0.725,0.0,0,58,0.725,0.0,0,58,0.725,0.0,0,58,0.725,0.0,0,58,0.725,0.0,0,58,0.725,0.0,0,58,0.725,0.0,0,58,0.725,0.0,0,58,0.725,0.0,0,58,0.725,0.0
33,18.91,0.02,0.04,0,4,55,0.738,1.7,4,55,0.738,1.7,4,55,0.738,1.7,4,55,0.738,1.7,4,55,0.738,1.7,4,55,0.738,1.7,4,55,0.738,1.7,4,55,0.738,1.7,4,55,0.738,1.7,4,55,0.738,1.7,4,55,0.738,1.7,4,55,0.738,1.7,4,55,0.738,1.7,4,55,0.738,1.7,4,55,0.738,1.7,4,55,0.738,1.7,4,55,0.738,1.7,4,55,0.738,1.7,4,55,0.738,1.7,4,55,0.738,1.7,4,55,0.738,1.7,4,55,0.738,1.7,4,55,0.738,1.7,4,55,0.738,1.7,4,55,0.738,1.7,4,55,0.738,1.7,4,55,0.738,1.7,4,55,0.738,1.7,4,55,0.738,1.7,4,55,0.738,1.7,4,55,0.738,1.7,4,55,0.738,1.7
34,19.48,0.03,0.07,0,7,54,0.762,2.9,7,54,0.762,2.9,7,54,0.762,2.9,7,54,0.762,2.9,7,54,0.762,2.9,7,54,0.762,2.9,7,54,0.762,2.9,7,54,0.762,2.9,7,54,0.762,2.9,7,54,0.762,2.9,7,54,0.762,2.9,7,54,0.762,2.9,7,54,0.762,2.9,7,54,0.762,2.9,7,54,0.762,2.9,7,54,0.762,2.9,7,54,0.762,2.9,7,54,0.762,2.9,7,54,0.762,2.9,7,54,0.762,2.9,7,54,0.762,2.9,7,54,0.762,2.9,7,54,0.762,2.9,7,54,0.762,2.9,7,54,0.762,2.9,7,54,0.762,2.9,7,54,0.762,2.9,7,54,0.762,2.9,7,54,0.762,2.9,7,54,0.762,2.9,7,54,0.762,2.9,7,54,0.762,2.9
35,20.48,0.04,0.1,0,10,51,0.762,4.1,10,51,0.762,4.1,10,51,0.762,4.1,10,51,0.762,4.1,10,51,0.762,4.1,10,51,0.762,4.1,10,51,0.762,4.1,10,51,0.762,4.1,10,51,0.762,4.1,10,51,0.762,4.1,10,51,0.762,4.1,10,51,0.762,4.1,10,51,0.762,4.1,10,51,0.762,4.1,10,51,0.762,4.1,10,51,0.762,4.1,10,51,0.762,4.1,10,51,0.762,4.1,10,51,0.762,4.1,10,51,0.762,4.1,10,51,0.762,4.1,10,51,0.762,4.1,10,51,0.762,4.1,10,51,0.762,4.1,10,51,0.762,4.1,10,51,0.762,4.1,10,51,0.762,4.1,10,51,0.762,4.1,10,51,0.762,4.1,10,51,0.762,4.1,10,51,0.762,4.1,10,51,0.762,4.1
36,21.02,0.04,0.1,0,10,54,0.8,3.9,10,54,0.8,3.9,10,54,0.8,3.9,10,54,0.8,3.9,10,54,0.8,3.9,10,54,0.8,3.9,10,54,0.8,3.9,10,54,0.8,3.9,10,54,0.8,3.9,10,54,0.8,3.9,10,54,0.8,3.9,10,54,0.8,3.9,10,54,0.8,3.9,10,54,0.8,3.9,10,54,0.8,3.9,10,54,0.8,3.9,10,54,0.8,3.9,10,54,0.8,3.9,10,54,0.8,3.9,10,54,0.8,3.9,10,54,0.8,3.9,10,54,0.8,3.9,10,54,0.8,3.9,10,54,0.8,3.9,10,54,0.8,3.9,10,54,0.8,3.9,10,54,0.8,3.9,10,54,0.8,3.9,10,54,0.8,3.9,10,54,0.8,3.9,10,54,0.8,3.9,10,54,0.8,3.9
37,21.79,0.05,0.14,0,13,53,0.825,4.9,13,53,0.825,4.9,13,53,0.825,4.9,13,53,0.825,4.9,13,53,0.825,4.9,13,53,0.825,4.9,13,53,0.825,4.9,13,53,0.825,4.9,13,53,0.825,4.9,13,53,0.825,4.9,13,53,0.825,4.9,13,53,0.825,4.9,13,53,0.825,4.9,13,53,0.825,4.9,13,53,0.825,4.9,13,53,0.825,4.9,13,53,0.825,4.9,13,53,0.825,4.9,13,53,0.825,4.9,13,53,0.825,4.9,13,53,0.825,4.9,13,53,0.825,4.9,13,53,0.825,4.9,13,53,0.825,4.9,13,53,0.825,4.9,13,53,0.825,4.9,13,53,0.825,4.9,13,53,0.825,4.9,13,53,0.825,4.9,13,53,0.825,4.9,13,53,0.825,4.9,13,53,0.825,4.9
38,21.66,0.07,0.18,0,17,50,0.838,6.3,17,50,0.838,6.3,17,50,0.838,6.3,17,50,0.838,6.3,17,50,0.838,6.3,17,50,0.838,6.3,17,50,0.838,6.3,17,50,0.838,6.3,17,50,0.838,6.3,17,50,0.838,6.3,17,50,0.838,6.3,17,50,0.838,6.3,17,50,0.838,6.3,17,50,0.838,6.3,17,50,0.838,6.3,17,50,0.838,6.3,17,50,0.838,6.3,17,50,0.838,6.3,17,50,0.838,6.3,17,50,0.838,6.3,17,50,0.838,6.3,17,50,0.838,6.3,17,50,0.838,6.3,17,50,0.838,6.3,17,50,0.838,6.3,17,50,0.838,6.3,17,50,0.838,6.3,17,50,0.838,6.3,17,50,0.838,6.3,17,50,0.838,6.3,17,50,0.838,6.3,17,50,0.838,6.3
39,22.43,0.08,0.21,0,20,50,0.875,7.1,20,50,0.875,7.1,20,50,0.875,7.1,20,50,0.875,7.1,20,50,0.875,7.1,20,50,0.875,7.1,20,50,0.875,7.1,20,50,0.875,7.1,20,50,0.875,7.1,20,50,0.875,7.1,20,50,0.875,7.1,20,50,0.875,7.1,20,50,0.875,7.1,20,50,0.875,7.1,20,50,0.875,7.1,20,50,0.875,7.1,20,50,0.875,7.1,20,50,0.875,7.1,20,50,0.875,7.1,20,50,0.875,7.1,20,50,0.875,7.1,20,50,0.875,7.1,20,50,0.875,7.1,20,50,0.875,7.1,20,50,0.875,7.1,20,50,0.875,7.1,20,50,0.875,7.1,20,50,0.875,7.1,20,50,0.875,7.1,20,50,0.875,7.1,20,50,0.875,7.1,20,50,0.875,7.1
40,22.98,0.1,0.24,0,23,51,0.925,7.8,23,51,0.925,7.8,23,51,0.925,7.8,23,51,0.925,7.8,23,51,0.925,7.8,23,51,0.925,7.8,23,51,0.925,7.8,23,51,0.925,7.8,23,51,0.925,7.8,23,51,0.925,7.8,23,51,0.925,7.8,23,51,0.925,7.8,23,51,0.925,7.8,23,51,0.925,7.8,23,51,0.925,7.8,23,51,0.925,7.8,23,51,0.925,7.8,23,51,0.925,7.8,23,51,0.925,7.8,23,51,0.925,7.8,23,51,0.925,7.8,23,51,0.925,7.8,23,51,0.925,7.8,23,51,0.925,7.8,23,51,0.925,7.8,23,51,0.925,7.8,23,51,0.925,7.8,23,51,0.925,7.8,23,51,0.925,7.8,23,51,0.925,7.8,23,51,0.925,7.8,23,51,0.925,7.8
41,23.3,0.1,0.24,0,23,51,0.925,7.8,23,51,0.925,7.8,23,51,0.925,7.8,23,51,0.925,7.8,23,51,0.925,7.8,23,51,0.925,7.8,23,51,0.925,7.8,23,51,0.925,7.8,23,51,0.925,7.8,23,51,0.925,7.8,23,51,0.925,7.8,23,51,0.925,7.8,23,51,0.925,7.8,23,51,0.925,7.8,23,51,0.925,7.8,23,51,0.925,7.8,23,51,0.925,7.8,23,51,0.925,7.8,23,51,0.925,7.8,23,51,0.925,7.8,23,51,0.925,7.8,23,51,0.925,7.8,23,51,0.925,7.8,23,51,0.925,7.8,23,51,0.925,7.8,23,51,0.925,7.8,23,51,0.925,7.8,23,51,0.925,7.8,23,51,0.925,7.8,23,51,0.925,7.8,23,51,0.925,7.8,23,51,0.925,7.8
42,23.64,0.11,0.27,0,26,49,0.938,8.7,26,49,0.938,8.7,26,49,0.938,8.7,26,49,0.938,8.7,26,49,0.938,8.7,26,49,0.938,8.7,26,49,0.938,8.7,26,49,0.938,8.7,26,49,0.938,8.7,26,49,0.938,8.7,26,49,0.938,8.7,26,49,0.938,8.7,26,49,0.938,8.7,26,49,0.938,8.7,26,49,0.938,8.7,26,49,0.938,8.7,26,49,0.938,8.7,26,49,0.938,8.7,26,49,0.938,8.7,26,49,0.938,8.7,26,49,0.938,8.7,26,49,0.938,8.7,26,49,0.938,8.7,26,49,0.938,8.7,26,49,0.938,8.7,26,49,0.938,8.7,26,49,0.938,8.7,26,49,0.938,8.7,26,49,0.938,8.7,26,49,0.938,8.7,26,49,0.938,8.7,26,49,0.938,8.7
43,24.64,0.12,0.29,0,28,50,0.975,9.0,28,50,0.975,9.0,28,50,0.975,9.0,28,50,0.975,9.0,28,50,0.975,9.0,28,50,0.975,9.0,28,50,0.975,9.0,28,50,0.975,9.0,28,50,0.975,9.0,28,50,0.975,9.0,28,50,0.975,9.0,28,50,0.975,9.0,28,50,0.975,9.0,28,50,0.975,9.0,28,50,0.975,9.0,28,50,0.975,9.0,28,50,0.975,9.0,28,50,0.975,9.0,28,50,0.975,9.0,28,50,0.975,9.0,28,50,0.975,9.0,28,50,0.975,9.0,28,50,0.975,9.0,28,50,0.975,9.0,28,50,0.975,9.0,28,50,0.975,9.0,28,50,0.975,9.0,28,50,0.975,9.0,28,50,0.975,9.0,28,50,0.975,9.0,28,50,0.975,9.0,28,50,0.975,9.0
44,24.95,0.12,0.31,0,30,48,0.975,9.6,30,48,0.975,9.6,30,48,0.975,9.6,30,48,0.975,9.6,30,48,0.975,9.6,30,48,0.975,9.6,30,48,0.975,9.6,30,48,0.975,9.6,30,48,0.975,9.6,30,48,0.975,9.6,30,48,0.975,9.6,30,48,0.975,9.6,30,48,0.975,9.6,30,48,0.975,9.6,30,48,0.975,9.6,30,48,0.975,9.6,30,48,0.975,9.6,30,48,0.975,9.6,30,48,0.975,9.6,30,48,0.975,9.6,30,48,0.975,9.6,30,48,0.975,9.6,30,48,0.975,9.6,30,48,0.975,9.6,30,48,0.975,9.6,30,48,0.975,9.6,30,48,0.975,9.6,30,48,0.975,9.6,30,48,0.975,9.6,30,48,0.975,9.6,30,48,0.975,9.6,30,48,0.975,9.6
45,25.5,0.13,0.33,0,32,47,0.988,10.1,32,47,0.988,10.1,32,47,0.988,10.1,32,47,0.988,10.1,32,47,0.988,10.1,32,47,0.988,10.1,32,47,0.988,10.1,32,47,0.988,10.1,32,47,0.988,10.1,32,47,0.988,10.1,32,47,0.988,10.1,32,47,0.988,10.1,32,47,0.988,10.1,32,47,0.988,10.1,32,47,0.988,10.1,32,47,0.988,10.1,32,47,0.988,10.1,32,47,0.988,10.1,32,47,0.988,10.1,32,47,0.988,10.1,32,47,0.988,10.1,32,47,0.988,10.1,32,47,0.988,10.1,32,47,0.988,10.1,32,47,0.988,10.1,32,47,0.988,10.1,32,47,0.988,10.1,32,47,0.988,10.1,32,47,0.988,10.1,32,47,0.988,10.1,32,47,0.988,10.1,32,47,0.988,10.1
46,26.04,0.14,0.34,0,33,49,1.0,10.1,33,49,1.0,10.1,33,49,1.0,10.1,33,49,1.0,10.1,33,49,1.0,10.1,33,49,1.0,10.1,33,49,1.0,10.1,33,49,1.0,10.1,33,49,1.0,10.1,33,49,1.0,10.1,33,49,1.0,10.1,33,49,1.0,10.1,33,49,1.0,10.1,33,49,1.0,10.1,33,49,1.0,10.1,33,49,1.0,10.1,33,49,1.0,10.1,33,49,1.0,10.1,33,49,1.0,10.1,33,49,1.0,10.1,33,49,1.0,10.1,33,49,1.0,10.1,33,49,1.0,10.1,33,49,1.0,10.1,33,49,1.0,10.1,33,49,1.0,10.1,33,49,1.0,10.1,33,49,1.0,10.1,33,49,1.0,10.1,33,49,1.0,10.1,33,49,1.0,10.1,33,49,1.0,10.1
47,26.81,0.15,0.38,0,36,46,1.0,11.0,36,46,1.0,11.0,36,46,1.0,11.0,36,46,1.0,11.0,36,46,1.0,11.0,36,46,1.0,11.0,36,46,1.0,11.0,36,46,1.0,11.0,36,46,1.0,11.0,36,46,1.0,11.0,36,46,1.0,11.0,36,46,1.0,11.0,36,46,1.0,11.0,36,46,1.0,11.0,36,46,1.0,11.0,36,46,1.0,11.0,36,46,1.0,11.0,36,46,1.0,11.0,36,46,1.0,11.0,36,46,1.0,11.0,36,46,1.0,11.0,36,46,1.0,11.0,36,46,1.0,11.0,36,46,1.0,11.0,36,46,1.0,11.0,36,46,1.0,11.0,36,46,1.0,11.0,36,46,1.0,11.0,36,46,1.0,11.0,36,46,1.0,11.0,36,46,1.0,11.0,36,46,1.0,11.0
48,27.58,0.16,0.4,0,38,45,1.0,11.4,38,45,1.0,11.4,38,45,1.0,11.4,38,45,1.0,11.4,38,45,1.0,11.4,38,45,1.0,11.4,38,45,1.0,11.4,38,45,1.0,11.4,38,45,1.0,11.4,38,45,1.0,11.4,38,45,1.0,11.4,38,45,1.0,11.4,38,45,1.0,11.4,38,45,1.0,11.4,38,45,1.0,11.4,38,45,1.0,11.4,38,45,1.0,11.4,38,45,1.0,11.4,38,45,1.0,11.4,38,45,1.0,11.4,38,45,1.0,11.4,38,45,1.0,11.4,38,45,1.0,11.4,38,45,1.0,11.4,38,45,1.0,11.4,38,45,1.0,11.4,38,45,1.0,11.4,38,45,1.0,11.4,38,45,1.0,11.4,38,45,1.0,11.4,38,45,1.0,11.4,38,45,1.0,11.4
49,28.34,0.17,0.44,0,42,43,1.0,12.4,42,43,1.0,12.4,42,43,1.0,12.4,42,43,1.0,12.4,42,43,1.0,12.4,42,43,1.0,12.4,42,43,1.0,12.4,42,43,1.0,12.4,42,43,1.0,12.4,42,43,1.0,12.4,42,43,1.0,12.4,42,43,1.0,12.4,42,43,1.0,12.4,42,43,1.0,12.4,42,43,1.0,12.4,42,43,1.0,12.4,42,43,1.0,12.4,42,43,1.0,12.4,42,43,1.0,12.4,42,43,1.0,12.4,42,43,1.0,12.4,42,43,1.0,12.4,42,43,1.0,12.4,42,43,1.0,12.4,42,43,1.0,12.4,42,43,1.0,12.4,42,43,1.0,12.4,42,43,1.0,12.4,42,43,1.0,12.4,42,43,1.0,12.4,42,43,1.0,12.4,42,43,1.0,12.4
50,27.71,0.17,0.44,0,42,45,1.0,12.1,42,45,1.0,12.1,42,45,1.0,12.1,42,45,1.0,12.1,42,45,1.0,12.1,42,45,1.0,12.1,42,45,1.0,12.1,42,45,1.0,12.1,42,45,1.0,12.1,42,45,1.0,12.1,42,45,1.0,12.1,42,45,1.0,12.1,42,45,1.0,12.1,42,45,1.0,12.1,42,45,1.0,12.1,42,45,1.0,12.1,42,45,1.0,12.1,42,45,1.0,12.1,42,45,1.0,12.1,42,45,1.0,12.1,42,45,1.0,12.1,42,45,1.0,12.1,42,45,1.0,12.1,42,45,1.0,12.1,42,45,1.0,12.1,42,45,1.0,12.1,42,45,1.0,12.1,42,45,1.0,12.1,42,45,1.0,12.1,42,45,1.0,12.1,42,45,1.0,12.1,42,45,1.0,12.1
51,28.49,0.18,0.45,0,43,45,1.0,12.2,43,45,1.0,12.2,43,45,1.0,12.2,43,45,1.0,12.2,43,45,1.0,12.2,43,45,1.0,12.2,43,45,1.0,12.2,43,45,1.0,12.2,43,45,1.0,12.2,43,45,1.0,12.2,43,45,1.0,12.2,43,45,1.0,12.2,43,45,1.0,12.2,43,45,1.0,12.2,43,45,1.0,12.2,43,45,1.0,12.2,43,45,1.0,12.2,43,45,1.0,12.2,43,45,1.0,12.2,43,45,1.0,12.2,43,45,1.0,12.2,43,45,1.0,12.2,43,45,1.0,12.2,43,45,1.0,12.2,43,45,1.0,12.2,43,45,1.0,12.2,43,45,1.0,12.2,43,45,1.0,12.2,43,45,1.0,12.2,43,45,1.0,12.2,43,45,1.0,12.2,43,45,1.0,12.2
52,29.26,0.18,0.45,0,43,48,1.0,11.8,43,48,1.0,11.8,43,48,1.0,11.8,43,48,1.0,11.8,43,48,1.0,11.8,43,48,1.0,11.8,43,48,1.0,11.8,43,48,1.0,11.8,43,48,1.0,11.8,43,48,1.0,11.8,43,48,1.0,11.8,43,48,1.0,11.8,43,48,1.0,11.8,43,48,1.0,11.8,43,48,1.0,11.8,43,48,1.0,11.8,43,48,1.0,11.8,43,48,1.0,11.8,43,48,1.0,11.8,43,48,1.0,11.8,43,48,1.0,11.8,43,48,1.0,11.8,43,48,1.0,11.8,43,48,1.0,11.8,43,48,1.0,11.8,43,48,1.0,11.8,43,48,1.0,11.8,43,48,1.0,11.8,43,48,1.0,11.8,43,48,1.0,11.8,43,48,1.0,11.8,43,48,1.0,11.8
53,29.79,0.17,0.44,0,42,50,1.0,11.4,42,50,1.0,11.4,42,50,1.0,11.4,42,50,1.0,11.4,42,50,1.0,11.4,42,50,1.0,11.4,42,50,1.0,11.4,42,50,1.0,11.4,42,50,1.0,11.4,42,50,1.0,11.4,42,50,1.0,11.4,42,50,1.0,11.4,42,50,1.0,11.4,42,50,1.0,11.4,42,50,1.0,11.4,42,50,1.0,11.4,42,50,1.0,11.4,42,50,1.0,11.4,42,50,1.0,11.4,42,50,1.0,11.4,42,50,1.0,11.4,42,50,1.0,11.4,42,50,1.0,11.4,42,50,1.0,11.4,42,50,1.0,11.4,42,50,1.0,11.4,42,50,1.0,11.4,42,50,1.0,11.4,42,50,1.0,11.4,42,50,1.0,11.4,42,50,1.0,11.4,42,50,1.0,11.4
54,30.33,0.19,0.47,0,45,49,1.0,12.0,45,49,1.0,12.0,45,49,1.0,12.0,45,49,1.0,12.0,45,49,1.0,12.0,45,49,1.0,12.0,45,49,1.0,12.0,45,49,1.0,12.0,45,49,1.0,12.0,45,49,1.0,12.0,45,49,1.0,12.0,45,49,1.0,12.0,45,49,1.0,12.0,45,49,1.0,12.0,45,49,1.0,12.0,45,49,1.0,12.0,45,49,1.0,12.0,45,49,1.0,12.0,45,49,1.0,12.0,45,49,1.0,12.0,45,49,1.0,12.0,45,49,1.0,12.0,45,49,1.0,12.0,45,49,1.0,12.0,45,49,1.0,12.0,45,49,1.0,12.0,45,49,1.0,12.0,45,49,1.0,12.0,45,49,1.0,12.0,45,49,1.0,12.0,45,49,1.0,12.0,45,49,1.0,12.0
55,31.09,0.18,0.46,0,44,51,1.0,11.6,44,51,1.0,11.6,44,51,1.0,11.6,44,51,1.0,11.6,44,51,1.0,11.6,44,51,1.0,11.6,44,51,1.0,11.6,44,51,1.0,11.6,44,51,1.0,11.6,44,51,1.0,11.6,44,51,1.0,11.6,44,51,1.0,11.6,44,51,1.0,11.6,44,51,1.0,11.6,44,51,1.0,11.6,44,51,1.0,11.6,44,51,1.0,11.6,44,51,1.0,11.6,44,51,1.0,11.6,44,51,1.0,11.6,44,51,1.0,11.6,44,51,1.0,11.6,44,51,1.0,11.6,44,51,1.0,11.6,44,51,1.0,11.6,44,51,1.0,11.6,44,51,1.0,11.6,44,51,1.0,11.6,44,51,1.0,11.6,44,51,1.0,11.6,44,51,1.0,11.6,44,51,1.0,11.6
56,31.85,0.19,0.48,0,46,49,1.0,12.1,46,49,1.0,12.1,46,49,1.0,12.1,46,49,1.0,12.1,46,49,1.0,12.1,46,49,1.0,12.1,46,49,1.0,12.1,46,49,1.0,12.1,46,49,1.0,12.1,46,49,1.0,12.1,46,49,1.0,12.1,46,49,1.0,12.1,46,49,1.0,12.1,46,49,1.0,12.1,46,49,1.0,12.1,46,49,1.0,12.1,46,49,1.0,12.1,46,49,1.0,12.1,46,49,1.0,12.1,46,49,1.0,12.1,46,49,1.0,12.1,46,49,1.0,12.1,46,49,1.0,12.1,46,49,1.0,12.1,46,49,1.0,12.1,46,49,1.0,12.1,46,49,1.0,12.1,46,49,1.0,12.1,46,49,1.0,12.1,46,49,1.0,12.1,46,49,1.0,12.1,46,49,1.0,12.1
57,32.37,0.2,0.49,0,47,49,1.0,12.2,47,49,1.0,12.2,47,49,1.0,12.2,47,49,1.0,12.2,47,49,1.0,12.2,47,49,1.0,12.2,47,49,1.0,12.2,47,49,1.0,12.2,47,49,1.0,12.2,47,49,1.0,12.2,47,49,1.0,12.2,47,49,1.0,12.2,47,49,1.0,12.2,47,49,1.0,12.2,47,49,1.0,12.2,47,49,1.0,12.2,47,49,1.0,12.2,47,49,1.0,12.2,47,49,1.0,12.2,47,49,1.0,12.2,47,49,1.0,12.2,47,49,1.0,12.2,47,49,1.0,12.2,47,49,1.0,12.2,47,49,1.0,12.2,47,49,1.0,12.2,47,49,1.0,12.2,47,49,1.0,12.2,47,49,1.0,12.2,47,49,1.0,12.2,47,49,1.0,12.2,47,49,1.0,12.2
58,32.89,0.21,0.53,0,51,48,1.0,12.9,51,48,1.0,12.9,51,48,1.0,12.9,51,48,1.0,12.9,51,48,1.0,12.9,51,48,1.0,12.9,51,48,1.0,12.9,51,48,1.0,12.9,51,48,1.0,12.9,51,48,1.0,12.9,51,48,1.0,12.9,51,48,1.0,12.9,51,48,1.0,12.9,51,48,1.0,12.9,51,48,1.0,12.9,51,48,1.0,12.9,51,48,1.0,12.9,51,48,1.0,12.9,51,48,1.0,12.9,51,48,1.0,12.9,51,48,1.0,12.9,51,48,1.0,12.9,51,48,1.0,12.9,51,48,1.0,12.9,51,48,1.0,12.9,51,48,1.0,12.9,51,48,1.0,12.9,51,48,1.0,12.9,51,48,1.0,12.9,51,48,1.0,12.9,51,48,1.0,12.9,51,48,1.0,12.9
59,33.17,0.22,0.54,0,52,47,1.0,13.1,52,47,1.0,13.1,52,47,1.0,13.1,52,47,1.0,13.1,52,47,1.0,13.1,52,47,1.0,13.1,52,47,1.0,13.1,52,47,1.0,13.1,52,47,1.0,13.1,52,47,1.0,13.1,52,47,1.0,13.1,52,47,1.0,13.1,52,47,1.0,13.1,52,47,1.0,13.1,52,47,1.0,13.1,52,47,1.0,13.1,52,47,1.0,13.1,52,47,1.0,13.1,52,47,1.0,13.1,52,47,1.0,13.1,52,47,1.0,13.1,52,47,1.0,13.1,52,47,1.0,13.1,52,47,1.0,13.1,52,47,1.0,13.1,52,47,1.0,13.1,52,47,1.0,13.1,52,47,1.0,13.1,52,47,1.0,13.1,52,47,1.0,13.1,52,47,1.0,13.1,52,47,1.0,13.1
60,33.69,0.22,0.55,0,53,48,1.0,13.1,53,48,1.0,13.1,53,48,1.0,13.1,53,48,1.0,13.1,53,48,1.0,13.1,53,48,1.0,13.1,53,48,1.0,13.1,53,48,1.0,13.1,53,48,1.0,13.1,53,48,1.0,13.1,53,48,1.0,13.1,53,48,1.0,13.1,53,48,1.0,13.1,53,48,1.0,13.1,53,48,1.0,13.1,53,48,1.0,13.1,53,48,1.0,13.1,53,48,1.0,13.1,53,48,1.0,13.1,53,48,1.0,13.1,53,48,1.0,13.1,53,48,1.0,13.1,53,48,1.0,13.1,53,48,1.0,13.1,53,48,1.0,13.1,53,48,1.0,13.1,53,48,1.0,13.1,53,48,1.0,13.1,53,48,1.0,13.1,53,48,1.0,13.1,53,48,1.0,13.1,53,48,1.0,13.1
61,33.52,0.23,0.58,0,56,49,1.0,13.3,56,49,1.0,13.3,56,49,1.0,13.3,56,49,1.0,13.3,56,49,1.0,13.3,56,49,1.0,13.3,56,49,1.0,13.3,56,49,1.0,13.3,56,49,1.0,13.3,56,49,1.0,13.3,56,49,1.0,13.3,56,49,1.0,13.3,56,49,1.0,13.3,56,49,1.0,13.3,56,49,1.0,13.3,56,49,1.0,13.3,56,49,1.0,13.3,56,49,1.0,13.3,56,49,1.0,13.3,56,49,1.0,13.3,56,49,1.0,13.3,56,49,1.0,13.3,56,49,1.0,13.3,56,49,1.0,13.3,56,49,1.0,13.3,56,49,1.0,13.3,56,49,1.0,13.3,56,49,1.0,13.3,56,49,1.0,13.3,56,49,1.0,13.3,56,49,1.0,13.3,56,49,1.0,13.3
62,34.29,0.23,0.58,0,56,50,1.0,13.2,56,50,1.0,13.2,56,50,1.0,13.2,56,50,1.0,13.2,56,50,1.0,13.2,56,50,1.0,13.2,56,50,1.0,13.2,56,50,1.0,13.2,56,50,1.0,13.2,56,50,1.0,13.2,56,50,1.0,13.2,56,50,1.0,13.2,56,50,1.0,13.2,56,50,1.0,13.2,56,50,1.0,13.2,56,50,1.0,13.2,56,50,1.0,13.2,56,50,1.0,13.2,56,50,1.0,13.2,56,50,1.0,13.2,56,50,1.0,13.2,56,50,1.0,13.2,56,50,1.0,13.2,56,50,1.0,13.2,56,50,1.0,13.2,56,50,1.0,13.2,56,50,1.0,13.2,56,50,1.0,13.2,56,50,1.0,13.2,56,50,1.0,13.2,56,50,1.0,13.2,56,50,1.0,13.2
63,34.82,0.25,0.61,0,59,52,1.0,13.3,59,52,1.0,13.3,59,52,1.0,13.3,59,52,1.0,13.3,59,52,1.0,13.3,59,52,1.0,13.3,59,52,1.0,13.3,59,52,1.0,13.3,59,52,1.0,13.3,59,52,1.0,13.3,59,52,1.0,13.3,59,52,1.0,13.3,59,52,1.0,13.3,59,52,1.0,13.3,59,52,1.0,13.3,59,52,1.0,13.3,59,52,1.0,13.3,59,52,1.0,13.3,59,52,1.0,13.3,59,52,1.0,13.3,59,52,1.0,13.3,59,52,1.0,13.3,59,52,1.0,13.3,59,52,1.0,13.3,59,52,1.0,13.3,59,52,1.0,13.3,59,52,1.0,13.3,59,52,1.0,13.3,59,52,1.0,13.3,59,52,1.0,13.3,59,52,1.0,13.3,59,52,1.0,13.3
64,34.24,0.25,0.62,0,60,56,1.0,12.9,60,56,1.0,12.9,60,56,1.0,12.9,60,56,1.0,12.9,60,56,1.0,12.9,60,56,1.0,12.9,60,56,1.0,12.9,60,56,1.0,12.9,60,56,1.0,12.9,60,56,1.0,12.9,60,56,1.0,12.9,60,56,1.0,12.9,60,56,1.0,12.9,60,56,1.0,12.9,60,56,1.0,12.9,60,56,1.0,12.9,60,56,1.0,12.9,60,56,1.0,12.9,60,56,1.0,12.9,60,56,1.0,12.9,60,56,1.0,12.9,60,56,1.0,12.9,60,56,1.0,12.9,60,56,1.0,12.9,60,56,1.0,12.9,60,56,1.0,12.9,60,56,1.0,12.9,60,56,1.0,12.9,60,56,1.0,12.9,60,56,1.0,12.9,60,56,1.0,12.9,60,56,1.0,12.9
65,35.24,0.27,0.68,0,65,51,1.0,14.0,65,51,1.0,14.0,65,51,1.0,14.0,65,51,1.0,14.0,65,51,1.0,14.0,65,51,1.0,14.0,65,51,1.0,14.0,65,51,1.0,14.0,65,51,1.0,14.0,65,51,1.0,14.0,65,51,1.0,14.0,65,51,1.0,14.0,65,51,1.0,14.0,65,51,1.0,14.0,65,51,1.0,14.0,65,51,1.0,14.0,65,51,1.0,14.0,65,51,1.0,14.0,65,51,1.0,14.0,65,51,1.0,14.0,65,51,1.0,14.0,65,51,1.0,14.0,65,51,1.0,14.0,65,51,1.0,14.0,65,51,1.0,14.0,65,51,1.0,14.0,65,51,1.0,14.0,65,51,1.0,14.0,65,51,1.0,14.0,65,51,1.0,14.0,65,51,1.0,14.0,65,51,1.0,14.0
66,36.24,0.29,0.72,0,69,48,1.0,14.7,69,48,1.0,14.7,69,48,1.0,14.7,69,48,1.0,14.7,69,48,1.0,14.7,69,48,1.0,14.7,69,48,1.0,14.7,69,48,1.0,14.7,69,48,1.0,14.7,69,48,1.0,14.7,69,48,1.0,14.7,69,48,1.0,14.7,69,48,1.0,14.7,69,48,1.0,14.7,69,48,1.0,14.7,69,48,1.0,14.7,69,48,1.0,14.7,69,48,1.0,14.7,69,48,1.0,14.7,69,48,1.0,14.7,69,48,1.0,14.7,69,48,1.0,14.7,69,48,1.0,14.7,69,48,1.0,14.7,69,48,1.0,14.7,69,48,1.0,14.7,69,48,1.0,14.7,69,48,1.0,14.7,69,48,1.0,14.7,69,48,1.0,14.7,69,48,1.0,14.7,69,48,1.0,14.7
67,36.78,0.29,0.72,0,69,50,1.0,14.5,69,50,1.0,14.5,69,50,1.0,14.5,69,50,1.0,14.5,69,50,1.0,14.5,69,50,1.0,14.5,69,50,1.0,14.5,69,50,1.0,14.5,69,50,1.0,14.5,69,50,1.0,14.5,69,50,1.0,14.5,69,50,1.0,14.5,69,50,1.0,14.5,69,50,1.0,14.5,69,50,1.0,14.5,69,50,1.0,14.5,69,50,1.0,14.5,69,50,1.0,14.5,69,50,1.0,14.5,69,50,1.0,14.5,69,50,1.0,14.5,69,50,1.0,14.5,69,50,1.0,14.5,69,50,1.0,14.5,69,50,1.0,14.5,69,50,1.0,14.5,69,50,1.0,14.5,69,50,1.0,14.5,69,50,1.0,14.5,69,50,1.0,14.5,69,50,1.0,14.5,69,50,1.0,14.5
68,37.08,0.31,0.77,0,74,45,1.0,15.5,74,45,1.0,15.5,74,45,1.0,15.5,74,45,1.0,15.5,74,45,1.0,15.5,74,45,1.0,15.5,74,45,1.0,15.5,74,45,1.0,15.5,74,45,1.0,15.5,74,45,1.0,15.5,74,45,1.0,15.5,74,45,1.0,15.5,74,45,1.0,15.5,74,45,1.0,15.5,74,45,1.0,15.5,74,45,1.0,15.5,74,45,1.0,15.5,74,45,1.0,15.5,74,45,1.0,15.5,74,45,1.0,15.5,74,45,1.0,15.5,74,45,1.0,15.5,74,45,1.0,15.5,74,45,1.0,15.5,74,45,1.0,15.5,74,45,1.0,15.5,74,45,1.0,15.5,74,45,1.0,15.5,74,45,1.0,15.5,74,45,1.0,15.5,74,45,1.0,15.5,74,45,1.0,15.5
69,36.95,0.31,0.77,0,74,47,1.0,15.3,74,47,1.0,15.3,74,47,1.0,15.3,74,47,1.0,15.3,74,47,1.0,15.3,74,47,1.0,15.3,74,47,1.0,15.3,74,47,1.0,15.3,74,47,1.0,15.3,74,47,1.0,15.3,74,47,1.0,15.3,74,47,1.0,15.3,74,47,1.0,15.3,74,47,1.0,15.3,74,47,1.0,15.3,74,47,1.0,15.3,74,47,1.0,15.3,74,47,1.0,15.3,74,47,1.0,15.3,74,47,1.0,15.3,74,47,1.0,15.3,74,47,1.0,15.3,74,47,1.0,15.3,74,47,1.0,15.3,74,47,1.0,15.3,74,47,1.0,15.3,74,47,1.0,15.3,74,47,1.0,15.3,74,47,1.0,15.3,74,47,1.0,15.3,74,47,1.0,15.3,74,47,1.0,15.3
70,37.95,0.33,0.82,0,79,44,1.0,16.1,79,44,1.0,16.1,79,44,1.0,16.1,79,44,1.0,16.1,79,44,1.0,16.1,79,44,1.0,16.1,79,44,1.0,16.1,79,44,1.0,16.1,79,44,1.0,16.1,79,44,1.0,16.1,79,44,1.0,16.1,79,44,1.0,16.1,79,44,1.0,16.1,79,44,1.0,16.1,79,44,1.0,16.1,79,44,1.0,16.1,79,44,1.0,16.1,79,44,1.0,16.1,79,44,1.0,16.1,79,44,1.0,16.1,79,44,1.0,16.1,79,44,1.0,16.1,79,44,1.0,16.1,79,44,1.0,16.1,79,44,1.0,16.1,79,44,1.0,16.1,79,44,1.0,16.1,79,44,1.0,16.1,79,44,1.0,16.1,79,44,1.0,16.1,79,44,1.0,16.1,79,44,1.0,16.1
71,38.72,0.33,0.82,0,79,45,1.0,15.9,79,45,1.0,15.9,79,45,1.0,15.9,79,45,1.0,15.9,79,45,1.0,15.9,79,45,1.0,15.9,79,45,1.0,15.9,79,45,1.0,15.9,79,45,1.0,15.9,79,45,1.0,15.9,79,45,1.0,15.9,79,45,1.0,15.9,79,45,1.0,15.9,79,45,1.0,15.9,79,45,1.0,15.9,79,45,1.0,15.9,79,45,1.0,15.9,79,45,1.0,15.9,79,45,1.0,15.9,79,45,1.0,15.9,79,45,1.0,15.9,79,45,1.0,15.9,79,45,1.0,15.9,79,45,1.0,15.9,79,45,1.0,15.9,79,45,1.0,15.9,79,45,1.0,15.9,79,45,1.0,15.9,79,45,1.0,15.9,79,45,1.0,15.9,79,45,1.0,15.9,79,45,1.0,15.9
72,39.03,0.34,0.84,0,81,45,1.0,16.1,81,45,1.0,16.1,81,45,1.0,16.1,81,45,1.0,16.1,81,45,1.0,16.1,81,45,1.0,16.1,81,45,1.0,16.1,81,45,1.0,16.1,81,45,1.0,16.1,81,45,1.0,16.1,81,45,1.0,16.1,81,45,1.0,16.1,81,45,1.0,16.1,81,45,1.0,16.1,81,45,1.0,16.1,81,45,1.0,16.1,81,45,1.0,16.1,81,45,1.0,16.1,81,45,1.0,16.1,81,45,1.0,16.1,81,45,1.0,16.1,81,45,1.0,16.1,81,45,1.0,16.1,81,45,1.0,16.1,81,45,1.0,16.1,81,45,1.0,16.1,81,45,1.0,16.1,81,45,1.0,16.1,81,45,1.0,16.1,81,45,1.0,16.1,81,45,1.0,16.1,81,45,1.0,16.1
73,38.68,0.34,0.85,0,82,48,1.0,15.8,82,48,1.0,15.8,82,48,1.0,15.8,82,48,1.0,15.8,82,48,1.0,15.8,82,48,1.0,15.8,82,48,1.0,15.8,82,48,1.0,15.8,82,48,1.0,15.8,82,48,1.0,15.8,82,48,1.0,15.8,82,48,1.0,15.8,82,48,1.0,15.8,82,48,1.0,15.8,82,48,1.0,15.8,82,48,1.0,15.8,82,48,1.0,15.8,82,48,1.0,15.8,82,48,1.0,15.8,82,48,1.0,15.8,82,48,1.0,15.8,82,48,1.0,15.8,82,48,1.0,15.8,82,48,1.0,15.8,82,48,1.0,15.8,82,48,1.0,15.8,82,48,1.0,15.8,82,48,1.0,15.8,82,48,1.0,15.8,82,48,1.0,15.8,82,48,1.0,15.8,82,48,1.0,15.8
74,39.03,0.34,0.85,0,82,48,1.0,15.8,82,48,1.0,15.8,82,48,1.0,15.8,82,48,1.0,15.8,82,48,1.0,15.8,82,48,1.0,15.8,82,48,1.0,15.8,82,48,1.0,15.8,82,48,1.0,15.8,82,48,1.0,15.8,82,48,1.0,15.8,82,48,1.0,15.8,82,48,1.0,15.8,82,48,1.0,15.8,82,48,1.0,15.8,82,48,1.0,15.8,82,48,1.0,15.8,82,48,1.0,15.8,82,48,1.0,15.8,82,48,1.0,15.8,82,48,1.0,15.8,82,48,1.0,15.8,82,48,1.0,15.8,82,48,1.0,15.8,82,48,1.0,15.8,82,48,1.0,15.8,82,48,1.0,15.8,82,48,1.0,15.8,82,48,1.0,15.8,82,48,1.0,15.8,82,48,1.0,15.8,82,48,1.0,15.8
75,39.38,0.35,0.89,0,85,46,1.0,16.2,85,46,1.0,16.2,85,46,1.0,16.2,85,46,1.0,16.2,85,46,1.0,16.2,85,46,1.0,16.2,85,46,1.0,16.2,85,46,1.0,16.2,85,46,1.0,16.2,85,46,1.0,16.2,85,46,1.0,16.2,85,46,1.0,16.2,85,46,1.0,16.2,85,46,1.0,16.2,85,46,1.0,16.2,85,46,1.0,16.2,85,46,1.0,16.2,85,46,1.0,16.2,85,46,1.0,16.2,85,46,1.0,16.2,85,46,1.0,16.2,85,46,1.0,16.2,85,46,1.0,16.2,85,46,1.0,16.2,85,46,1.0,16.2,85,46,1.0,16.2,85,46,1.0,16.2,85,46,1.0,16.2,85,46,1.0,16.2,85,46,1.0,16.2,85,46,1.0,16.2,85,46,1.0,16.2
76,39.73,0.36,0.9,0,86,49,1.0,15.9,86,49,1.0,15.9,86,49,1.0,15.9,86,49,1.0,15.9,86,49,1.0,15.9,86,49,1.0,15.9,86,49,1.0,15.9,86,49,1.0,15.9,86,49,1.0,15.9,86,49,1.0,15.9,86,49,1.0,15.9,86,49,1.0,15.9,86,49,1.0,15.9,86,49,1.0,15.9,86,49,1.0,15.9,86,49,1.0,15.9,86,49,1.0,15.9,86,49,1.0,15.9,86,49,1.0,15.9,86,49,1.0,15.9,86,49,1.0,15.9,86,49,1.0,15.9,86,49,1.0,15.9,86,49,1.0,15.9,86,49,1.0,15.9,86,49,1.0,15.9,86,49,1.0,15.9,86,49,1.0,15.9,86,49,1.0,15.9,86,49,1.0,15.9,86,49,1.0,15.9,86,49,1.0,15.9
77,40.3,0.37,0.93,0,89,46,1.0,16.5,89,46,1.0,16.5,89,46,1.0,16.5,89,46,1.0,16.5,89,46,1.0,16.5,89,46,1.0,16.5,89,46,1.0,16.5,89,46,1.0,16.5,89,46,1.0,16.5,89,46,1.0,16.5,89,46,1.0,16.5,89,46,1.0,16.5,89,46,1.0,16.5,89,46,1.0,16.5,89,46,1.0,16.5,89,46,1.0,16.5,89,46,1.0,16.5,89,46,1.0,16.5,89,46,1.0,16.5,89,46,1.0,16.5,89,46,1.0,16.5,89,46,1.0,16.5,89,46,1.0,16.5,89,46,1.0,16.5,89,46,1.0,16.5,89,46,1.0,16.5,89,46,1.0,16.5,89,46,1.0,16.5,89,46,1.0,16.5,89,46,1.0,16.5,89,46,1.0,16.5,89,46,1.0,16.5
78,40.66,0.38,0.94,0,90,48,1.0,16.3,90,48,1.0,16.3,90,48,1.0,16.3,90,48,1.0,16.3,90,48,1.0,16.3,90,48,1.0,16.3,90,48,1.0,16.3,90,48,1.0,16.3,90,48,1.0,16.3,90,48,1.0,16.3,90,48,1.0,16.3,90,48,1.0,16.3,90,48,1.0,16.3,90,48,1.0,16.3,90,48,1.0,16.3,90,48,1.0,16.3,90,48,1.0,16.3,90,48,1.0,16.3,90,48,1.0,16.3,90,48,1.0,16.3,90,48,1.0,16.3,90,48,1.0,16.3,90,48,1.0,16.3,90,48,1.0,16.3,90,48,1.0,16.3,90,48,1.0,16.3,90,48,1.0,16.3,90,48,1.0,16.3,90,48,1.0,16.3,90,48,1.0,16.3,90,48,1.0,16.3,90,48,1.0,16.3
79,41.02,0.39,0.97,0,93,50,1.0,16.3,93,50,1.0,16.3,93,50,1.0,16.3,93,50,1.0,16.3,93,50,1.0,16.3,93,50,1.0,16.3,93,50,1.0,16.3,93,50,1.0,16.3,93,50,1.0,16.3,93,50,1.0,16.3,93,50,1.0,16.3,93,50,1.0,16.3,93,50,1.0,16.3,93,50,1.0,16.3,93,50,1.0,16.3,93,50,1.0,16.3,93,50,1.0,16.3,93,50,1.0,16.3,93,50,1.0,16.3,93,50,1.0,16.3,93,50,1.0,16.3,93,50,1.0,16.3,93,50,1.0,16.3,93,50,1.0,16.3,93,50,1.0,16.3,93,50,1.0,16.3,93,50,1.0,16.3,93,50,1.0,16.3,93,50,1.0,16.3,93,50,1.0,16.3,93,50,1.0,16.3,93,50,1.0,16.3
80,41.81,0.39,0.98,0,94,49,1.0,16.4,94,49,1.0,16.4,94,49,1.0,16.4,94,49,1.0,16.4,94,49,1.0,16.4,94,49,1.0,16.4,94,49,1.0,16.4,94,49,1.0,16.4,94,49,1.0,16.4,94,49,1.0,16.4,94,49,1.0,16.4,94,49,1.0,16.4,94,49,1.0,16.4,94,49,1.0,16.4,94,49,1.0,16.4,94,49,1.0,16.4,94,49,1.0,16.4,94,49,1.0,16.4,94,49,1.0,16.4,94,49,1.0,16.4,94,49,1.0,16.4,94,49,1.0,16.4,94,49,1.0,16.4,94,49,1.0,16.4,94,49,1.0,16.4,94,49,1.0,16.4,94,49,1.0,16.4,94,49,1.0,16.4,94,49,1.0,16.4,94,49,1.0,16.4,94,49,1.0,16.4,94,49,1.0,16.4
81,42.16,0.39,0.98,0,94,49,1.0,16.4,94,49,1.0,16.4,94,49,1.0,16.4,94,49,1.0,16.4,94,49,1.0,16.4,94,49,1.0,16.4,94,49,1.0,16.4,94,49,1.0,16.4,94,49,1.0,16.4,94,49,1.0,16.4,94,49,1.0,16.4,94,49,1.0,16.4,94,49,1.0,16.4,94,49,1.0,16.4,94,49,1.0,16.4,94,49,1.0,16.4,94,49,1.0,16.4,94,49,1.0,16.4,94,49,1.0,16.4,94,49,1.0,16.4,94,49,1.0,16.4,94,49,1.0,16.4,94,49,1.0,16.4,94,49,1.0,16.4,94,49,1.0,16.4,94,49,1.0,16.4,94,49,1.0,16.4,94,49,1.0,16.4,94,49,1.0,16.4,94,49,1.0,16.4,94,49,1.0,16.4,94,49,1.0,16.4
82,42.74,0.4,1.01,0,97,46,1.0,17.0,97,46,1.0,17.0,97,46,1.0,17.0,97,46,1.0,17.0,97,46,1.0,17.0,97,46,1.0,17.0,97,46,1.0,17.0,97,46,1.0,17.0,97,46,1.0,17.0,97,46,1.0,17.0,97,46,1.0,17.0,97,46,1.0,17.0,97,46,1.0,17.0,97,46,1.0,17.0,97,46,1.0,17.0,97,46,1.0,17.0,97,46,1.0,17.0,97,46,1.0,17.0,97,46,1.0,17.0,97,46,1.0,17.0,97,46,1.0,17.0,97,46,1.0,17.0,97,46,1.0,17.0,97,46,1.0,17.0,97,46,1.0,17.0,97,46,1.0,17.0,97,46,1.0,17.0,97,46,1.0,17.0,97,46,1.0,17.0,97,46,1.0,17.0,97,46,1.0,17.0,97,46,1.0,17.0
83,43.09,0.4,1.0,0,96,48,1.0,16.7,96,48,1.0,16.7,96,48,1.0,16.7,96,48,1.0,16.7,96,48,1.0,16.7,96,48,1.0,16.7,96,48,1.0,16.7,96,48,1.0,16.7,96,48,1.0,16.7,96,48,1.0,16.7,96,48,1.0,16.7,96,48,1.0,16.7,96,48,1.0,16.7,96,48,1.0,16.7,96,48,1.0,16.7,96,48,1.0,16.7,96,48,1.0,16.7,96,48,1.0,16.7,96,48,1.0,16.7,96,48,1.0,16.7,96,48,1.0,16.7,96,48,1.0,16.7,96,48,1.0,16.7,96,48,1.0,16.7,96,48,1.0,16.7,96,48,1.0,16.7,96,48,1.0,16.7,96,48,1.0,16.7,96,48,1.0,16.7,96,48,1.0,16.7,96,48,1.0,16.7,96,48,1.0,16.7
84,43.88,0.41,1.02,0,98,47,1.0,16.9,98,47,1.0,16.9,98,47,1.0,16.9,98,47,1.0,16.9,98,47,1.0,16.9,98,47,1.0,16.9,98,47,1.0,16.9,98,47,1.0,16.9,98,47,1.0,16.9,98,47,1.0,16.9,98,47,1.0,16.9,98,47,1.0,16.9,98,47,1.0,16.9,98,47,1.0,16.9,98,47,1.0,16.9,98,47,1.0,16.9,98,47,1.0,16.9,98,47,1.0,16.9,98,47,1.0,16.9,98,47,1.0,16.9,98,47,1.0,16.9,98,47,1.0,16.9,98,47,1.0,16.9,98,47,1.0,16.9,98,47,1.0,16.9,98,47,1.0,16.9,98,47,1.0,16.9,98,47,1.0,16.9,98,47,1.0,16.9,98,47,1.0,16.9,98,47,1.0,16.9,98,47,1.0,16.9
85,44.23,0.41,1.02,0,98,50,1.0,16.6,98,50,1.0,16.6,98,50,1.0,16.6,98,50,1.0,16.6,98,50,1.0,16.6,98,50,1.0,16.6,98,50,1.0,16.6,98,50,1.0,16.6,98,50,1.0,16.6,98,50,1.0,16.6,98,50,1.0,16.6,98,50,1.0,16.6,98,50,1.0,16.6,98,50,1.0,16.6,98,50,1.0,16.6,98,50,1.0,16.6,98,50,1.0,16.6,98,50,1.0,16.6,98,50,1.0,16.6,98,50,1.0,16.6,98,50,1.0,16.6,98,50,1.0,16.6,98,50,1.0,16.6,98,50,1.0,16.6,98,50,1.0,16.6,98,50,1.0,16.6,98,50,1.0,16.6,98,50,1.0,16.6,98,50,1.0,16.6,98,50,1.0,16.6,98,50,1.0,16.6,98,50,1.0,16.6
86,45.22,0.42,1.04,0,100,49,1.0,16.8,100,49,1.0,16.8,100,49,1.0,16.8,100,49,1.0,16.8,100,49,1.0,16.8,100,49,1.0,16.8,100,49,1.0,16.8,100,49,1.0,16.8,100,49,1.0,16.8,100,49,1.0,16.8,100,49,1.0,16.8,100,49,1.0,16.8,100,49,1.0,16.8,100,49,1.0,16.8,100,49,1.0,16.8,100,49,1.0,16.8,100,49,1.0,16.8,100,49,1.0,16.8,100,49,1.0,16.8,100,49,1.0,16.8,100,49,1.0,16.8,100,49,1.0,16.8,100,49,1.0,16.8,100,49,1.0,16.8,100,49,1.0,16.8,100,49,1.0,16.8,100,49,1.0,16.8,100,49,1.0,16.8,100,49,1.0,16.8,100,49,1.0,16.8,100,49,1.0,16.8,100,49,1.0,16.8
87,45.56,0.42,1.06,0,102,50,1.0,16.8,102,50,1.0,16.8,102,50,1.0,16.8,102,50,1.0,16.8,102,50,1.0,16.8,102,50,1.0,16.8,102,50,1.0,16.8,102,50,1.0,16.8,102,50,1.0,16.8,102,50,1.0,16.8,102,50,1.0,16.8,102,50,1.0,16.8,102,50,1.0,16.8,102,50,1.0,16.8,102,50,1.0,16.8,102,50,1.0,16.8,102,50,1.0,16.8,102,50,1.0,16.8,102,50,1.0,16.8,102,50,1.0,16.8,102,50,1.0,16.8,102,50,1.0,16.8,102,50,1.0,16.8,102,50,1.0,16.8,102,50,1.0,16.8,102,50,1.0,16.8,102,50,1.0,16.8,102,50,1.0,16.8,102,50,1.0,16.8,102,50,1.0,16.8,102,50,1.0,16.8,102,50,1.0,16.8
88,45.9,0.44,1.09,0,105,52,1.0,16.7,105,52,1.0,16.7,105,52,1.0,16.7,105,52,1.0,16.7,105,52,1.0,16.7,105,52,1.0,16.7,105,52,1.0,16.7,105,52,1.0,16.7,105,52,1.0,16.7,105,52,1.0,16.7,105,52,1.0,16.7,105,52,1.0,16.7,105,52,1.0,16.7,105,52,1.0,16.7,105,52,1.0,16.7,105,52,1.0,16.7,105,52,1.0,16.7,105,52,1.0,16.7,105,52,1.0,16.7,105,52,1.0,16.7,105,52,1.0,16.7,105,52,1.0,16.7,105,52,1.0,16.7,105,52,1.0,16.7,105,52,1.0,16.7,105,52,1.0,16.7,105,52,1.0,16.7,105,52,1.0,16.7,105,52,1.0,16.7,105,52,1.0,16.7,105,52,1.0,16.7,105,52,1.0,16.7
89,46.04,0.45,1.12,0,108,49,1.0,17.2,108,49,1.0,17.2,108,49,1.0,17.2,108,49,1.0,17.2,108,49,1.0,17.2,108,49,1.0,17.2,108,49,1.0,17.2,108,49,1.0,17.2,108,49,1.0,17.2,108,49,1.0,17.2,108,49,1.0,17.2,108,49,1.0,17.2,108,49,1.0,17.2,108,49,1.0,17.2,108,49,1.0,17.2,108,49,1.0,17.2,108,49,1.0,17.2,108,49,1.0,17.2,108,49,1.0,17.2,108,49,1.0,17.2,108,49,1.0,17.2,108,49,1.0,17.2,108,49,1.0,17.2,108,49,1.0,17.2,108,49,1.0,17.2,108,49,1.0,17.2,108,49,1.0,17.2,108,49,1.0,17.2,108,49,1.0,17.2,108,49,1.0,17.2,108,49,1.0,17.2,108,49,1.0,17.2
90,46.61,0.45,1.12,0,108,50,1.0,17.1,108,50,1.0,17.1,108,50,1.0,17.1,108,50,1.0,17.1,108,50,1.0,17.1,108,50,1.0,17.1,108,50,1.0,17.1,108,50,1.0,17.1,108,50,1.0,17.1,108,50,1.0,17.1,108,50,1.0,17.1,108,50,1.0,17.1,108,50,1.0,17.1,108,50,1.0,17.1,108,50,1.0,17.1,108,50,1.0,17.1,108,50,1.0,17.1,108,50,1.0,17.1,108,50,1.0,17.1,108,50,1.0,17.1,108,50,1.0,17.1,108,50,1.0,17.1,108,50,1.0,17.1,108,50,1.0,17.1,108,50,1.0,17.1,108,50,1.0,17.1,108,50,1.0,17.1,108,50,1.0,17.1,108,50,1.0,17.1,108,50,1.0,17.1,108,50,1.0,17.1,108,50,1.0,17.1
91,46.76,0.46,1.16,0,111,52,1.0,17.0,111,52,1.0,17.0,111,52,1.0,17.0,111,52,1.0,17.0,111,52,1.0,17.0,111,52,1.0,17.0,111,52,1.0,17.0,111,52,1.0,17.0,111,52,1.0,17.0,111,52,1.0,17.0,111,52,1.0,17.0,111,52,1.0,17.0,111,52,1.0,17.0,111,52,1.0,17.0,111,52,1.0,17.0,111,52,1.0,17.0,111,52,1.0,17.0,111,52,1.0,17.0,111,52,1.0,17.0,111,52,1.0,17.0,111,52,1.0,17.0,111,52,1.0,17.0,111,52,1.0,17.0,111,52,1.0,17.0,111,52,1.0,17.0,111,52,1.0,17.0,111,52,1.0,17.0,111,52,1.0,17.0,111,52,1.0,17.0,111,52,1.0,17.0,111,52,1.0,17.0,111,52,1.0,17.0
92,47.54,0.47,1.18,0,113,49,1.0,17.4,113,49,1.0,17.4,113,49,1.0,17.4,113,49,1.0,17.4,113,49,1.0,17.4,113,49,1.0,17.4,113,49,1.0,17.4,113,49,1.0,17.4,113,49,1.0,17.4,113,49,1.0,17.4,113,49,1.0,17.4,113,49,1.0,17.4,113,49,1.0,17.4,113,49,1.0,17.4,113,49,1.0,17.4,113,49,1.0,17.4,113,49,1.0,17.4,113,49,1.0,17.4,113,49,1.0,17.4,113,49,1.0,17.4,113,49,1.0,17.4,113,49,1.0,17.4,113,49,1.0,17.4,113,49,1.0,17.4,113,49,1.0,17.4,113,49,1.0,17.4,113,49,1.0,17.4,113,49,1.0,17.4,113,49,1.0,17.4,113,49,1.0,17.4,113,49,1.0,17.4,113,49,1.0,17.4
93,47.9,0.48,1.2,0,115,51,1.0,17.3,115,51,1.0,17.3,115,51,1.0,17.3,115,51,1.0,17.3,115,51,1.0,17.3,115,51,1.0,17.3,115,51,1.0,17.3,115,51,1.0,17.3,115,51,1.0,17.3,115,51,1.0,17.3,115,51,1.0,17.3,115,51,1.0,17.3,115,51,1.0,17.3,115,51,1.0,17.3,115,51,1.0,17.3,115,51,1.0,17.3,115,51,1.0,17.3,115,51,1.0,17.3,115,51,1.0,17.3,115,51,1.0,17.3,115,51,1.0,17.3,115,51,1.0,17.3,115,51,1.0,17.3,115,51,1.0,17.3,115,51,1.0,17.3,115,51,1.0,17.3,115,51,1.0,17.3,115,51,1.0,17.3,115,51,1.0,17.3,115,51,1.0,17.3,115,51,1.0,17.3,115,51,1.0,17.3
94,48.26,0.48,1.21,0,116,55,1.0,17.0,116,55,1.0,17.0,116,55,1.0,17.0,116,55,1.0,17.0,116,55,1.0,17.0,116,55,1.0,17.0,116,55,1.0,17.0,116,55,1.0,17.0,116,55,1.0,17.0,116,55,1.0,17.0,116,55,1.0,17.0,116,55,1.0,17.0,116,55,1.0,17.0,116,55,1.0,17.0,116,55,1.0,17.0,116,55,1.0,17.0,116,55,1.0,17.0,116,55,1.0,17.0,116,55,1.0,17.0,116,55,1.0,17.0,116,55,1.0,17.0,116,55,1.0,17.0,116,55,1.0,17.0,116,55,1.0,17.0,116,55,1.0,17.0,116,55,1.0,17.0,116,55,1.0,17.0,116,55,1.0,17.0,116,55,1.0,17.0,116,55,1.0,17.0,116,55,1.0,17.0,116,55,1.0,17.0
95,48.84,0.49,1.23,0,118,53,1.0,17.3,118,53,1.0,17.3,118,53,1.0,17.3,118,53,1.0,17.3,118,53,1.0,17.3,118,53,1.0,17.3,118,53,1.0,17.3,118,53,1.0,17.3,118,53,1.0,17.3,118,53,1.0,17.3,118,53,1.0,17.3,118,53,1.0,17.3,118,53,1.0,17.3,118,53,1.0,17.3,118,53,1.0,17.3,118,53,1.0,17.3,118,53,1.0,17.3,118,53,1.0,17.3,118,53,1.0,17.3,118,53,1.0,17.3,118,53,1.0,17.3,118,53,1.0,17.3,118,53,1.0,17.3,118,53,1.0,17.3,118,53,1.0,17.3,118,53,1.0,17.3,118,53,1.0,17.3,118,53,1.0,17.3,118,53,1.0,17.3,118,53,1.0,17.3,118,53,1.0,17.3,118,53,1.0,17.3
96,49.83,0.51,1.27,0,122,50,1.0,17.7,122,50,1.0,17.7,122,50,1.0,17.7,122,50,1.0,17.7,122,50,1.0,17.7,122,50,1.0,17.7,122,50,1.0,17.7,122,50,1.0,17.7,122,50,1.0,17.7,122,50,1.0,17.7,122,50,1.0,17.7,122,50,1.0,17.7,122,50,1.0,17.7,122,50,1.0,17.7,122,50,1.0,17.7,122,50,1.0,17.7,122,50,1.0,17.7,122,50,1.0,17.7,122,50,1.0,17.7,122,50,1.0,17.7,122,50,1.0,17.7,122,50,1.0,17.7,122,50,1.0,17.7,122,50,1.0,17.7,122,50,1.0,17.7,122,50,1.0,17.7,122,50,1.0,17.7,122,50,1.0,17.7,122,50,1.0,17.7,122,50,1.0,17.7,122,50,1.0,17.7,122,50,1.0,17.7
97,49.76,0.52,1.29,0,124,52,1.0,17.6,124,52,1.0,17.6,124,52,1.0,17.6,124,52,1.0,17.6,124,52,1.0,17.6,124,52,1.0,17.6,124,52,1.0,17.6,124,52,1.0,17.6,124,52,1.0,17.6,124,52,1.0,17.6,124,52,1.0,17.6,124,52,1.0,17.6,124,52,1.0,17.6,124,52,1.0,17.6,124,52,1.0,17.6,124,52,1.0,17.6,124,52,1.0,17.6,124,52,1.0,17.6,124,52,1.0,17.6,124,52,1.0,17.6,124,52,1.0,17.6,124,52,1.0,17.6,124,52,1.0,17.6,124,52,1.0,17.6,124,52,1.0,17.6,124,52,1.0,17.6,124,52,1.0,17.6,124,52,1.0,17.6,124,52,1.0,17.6,124,52,1.0,17.6,124,52,1.0,17.6,124,52,1.0,17.6
98,50.34,0.53,1.32,0,127,49,1.0,18.0,127,49,1.0,18.0,127,49,1.0,18.0,127,49,1.0,18.0,127,49,1.0,18.0,127,49,1.0,18.0,127,49,1.0,18.0,127,49,1.0,18.0,127,49,1.0,18.0,127,49,1.0,18.0,127,49,1.0,18.0,127,49,1.0,18.0,127,49,1.0,18.0,127,49,1.0,18.0,127,49,1.0,18.0,127,49,1.0,18.0,127,49,1.0,18.0,127,49,1.0,18.0,127,49,1.0,18.0,127,49,1.0,18.0,127,49,1.0,18.0,127,49,1.0,18.0,127,49,1.0,18.0,127,49,1.0,18.0,127,49,1.0,18.0,127,49,1.0,18.0,127,49,1.0,18.0,127,49,1.0,18.0,127,49,1.0,18.0,127,49,1.0,18.0,127,49,1.0,18.0,127,49,1.0,18.0
99,50.7,0.53,1.33,0,128,49,1.0,18.1,128,49,1.0,18.1,128,49,1.0,18.1,128,49,1.0,18.1,128,49,1.0,18.1,128,49,1.0,18.1,128,49,1.0,18.1,128,49,1.0,18.1,128,49,1.0,18.1,128,49,1.0,18.1,128,49,1.0,18.1,128,49,1.0,18.1,128,49,1.0,18.1,128,49,1.0,18.1,128,49,1.0,18.1,128,49,1.0,18.1,128,49,1.0,18.1,128,49,1.0,18.1,128,49,1.0,18.1,128,49,1.0,18.1,128,49,1.0,18.1,128,49,1.0,18.1,128,49,1.0,18.1,128,49,1.0,18.1,128,49,1.0,18.1,128,49,1.0,18.1,128,49,1.0,18.1,128,49,1.0,18.1,128,49,1.0,18.1,128,49,1.0,18.1,128,49,1.0,18.1,128,49,1.0,18.1
100,50.86,0.54,1.35,0,130,50,1.0,18.1,130,50,1.0,18.1,130,50,1.0,18.1,130,50,1.0,18.1,130,50,1.0,18.1,130,50,1.0,18.1,130,50,1.0,18.1,130,50,1.0,18.1,130,50,1.0,18.1,130,50,1.0,18.1,130,50,1.0,18.1,130,50,1.0,18.1,130,50,1.0,18.1,130,50,1.0,18.1,130,50,1.0,18.1,130,50,1.0,18.1,130,50,1.0,18.1,130,50,1.0,18.1,130,50,1.0,18.1,130,50,1.0,18.1,130,50,1.0,18.1,130,50,1.0,18.1,130,50,1.0,18.1,130,50,1.0,18.1,130,50,1.0,18.1,130,50,1.0,18.1,130,50,1.0,18.1,130,50,1.0,18.1,130,50,1.0,18.1,130,50,1.0,18.1,130,50,1.0,18.1,130,50,1.0,18.1
101,51.65,0.55,1.38,0,132,47,1.0,18.4,132,47,1.0,18.4,132,47,1.0,18.4,132,47,1.0,18.4,132,47,1.0,18.4,132,47,1.0,18.4,132,47,1.0,18.4,132,47,1.0,18.4,132,47,1.0,18.4,132,47,1.0,18.4,132,47,1.0,18.4,132,47,1.0,18.4,132,47,1.0,18.4,132,47,1.0,18.4,132,47,1.0,18.4,132,47,1.0,18.4,132,47,1.0,18.4,132,47,1.0,18.4,132,47,1.0,18.4,132,47,1.0,18.4,132,47,1.0,18.4,132,47,1.0,18.4,132,47,1.0,18.4,132,47,1.0,18.4,132,47,1.0,18.4,132,47,1.0,18.4,132,47,1.0,18.4,132,47,1.0,18.4,132,47,1.0,18.4,132,47,1.0,18.4,132,47,1.0,18.4,132,47,1.0,18.4
102,52.02,0.55,1.38,0,132,50,1.0,18.1,132,50,1.0,18.1,132,50,1.0,18.1,132,50,1.0,18.1,132,50,1.0,18.1,132,50,1.0,18.1,132,50,1.0,18.1,132,50,1.0,18.1,132,50,1.0,18.1,132,50,1.0,18.1,132,50,1.0,18.1,132,50,1.0,18.1,132,50,1.0,18.1,132,50,1.0,18.1,132,50,1.0,18.1,132,50,1.0,18.1,132,50,1.0,18.1,132,50,1.0,18.1,132,50,1.0,18.1,132,50,1.0,18.1,132,50,1.0,18.1,132,50,1.0,18.1,132,50,1.0,18.1,132,50,1.0,18.1,132,50,1.0,18.1,132,50,1.0,18.1,132,50,1.0,18.1,132,50,1.0,18.1,132,50,1.0,18.1,132,50,1.0,18.1,132,50,1.0,18.1,132,50,1.0,18.1
103,53.02,0.57,1.43,0,137,48,1.0,18.5,137,48,1.0,18.5,137,48,1.0,18.5,137,48,1.0,18.5,137,48,1.0,18.5,137,48,1.0,18.5,137,48,1.0,18.5,137,48,1.0,18.5,137,48,1.0,18.5,137,48,1.0,18.5,137,48,1.0,18.5,137,48,1.0,18.5,137,48,1.0,18.5,137,48,1.0,18.5,137,48,1.0,18.5,137,48,1.0,18.5,137,48,1.0,18.5,137,48,1.0,18.5,137,48,1.0,18.5,137,48,1.0,18.5,137,48,1.0,18.5,137,48,1.0,18.5,137,48,1.0,18.5,137,48,1.0,18.5,137,48,1.0,18.5,137,48,1.0,18.5,137,48,1.0,18.5,137,48,1.0,18.5,137,48,1.0,18.5,137,48,1.0,18.5,137,48,1.0,18.5,137,48,1.0,18.5
104,53.38,0.57,1.44,0,138,47,1.0,18.6,138,47,1.0,18.6,138,47,1.0,18.6,138,47,1.0,18.6,138,47,1.0,18.6,138,47,1.0,18.6,138,47,1.0,18.6,138,47,1.0,18.6,138,47,1.0,18.6,138,47,1.0,18.6,138,47,1.0,18.6,138,47,1.0,18.6,138,47,1.0,18.6,138,47,1.0,18.6,138,47,1.0,18.6,138,47,1.0,18.6,138,47,1.0,18.6,138,47,1.0,18.6,138,47,1.0,18.6,138,47,1.0,18.6,138,47,1.0,18.6,138,47,1.0,18.6,138,47,1.0,18.6,138,47,1.0,18.6,138,47,1.0,18.6,138,47,1.0,18.6,138,47,1.0,18.6,138,47,1.0,18.6,138,47,1.0,18.6,138,47,1.0,18.6,138,47,1.0,18.6,138,47,1.0,18.6
105,54.16,0.6,1.49,0,143,46,1.0,18.9,143,46,1.0,18.9,143,46,1.0,18.9,143,46,1.0,18.9,143,46,1.0,18.9,143,46,1.0,18.9,143,46,1.0,18.9,143,46,1.0,18.9,143,46,1.0,18.9,143,46,1.0,18.9,143,46,1.0,18.9,143,46,1.0,18.9,143,46,1.0,18.9,143,46,1.0,18.9,143,46,1.0,18.9,143,46,1.0,18.9,143,46,1.0,18.9,143,46,1.0,18.9,143,46,1.0,18.9,143,46,1.0,18.9,143,46,1.0,18.9,143,46,1.0,18.9,143,46,1.0,18.9,143,46,1.0,18.9,143,46,1.0,18.9,143,46,1.0,18.9,143,46,1.0,18.9,143,46,1.0,18.9,143,46,1.0,18.9,143,46,1.0,18.9,143,46,1.0,18.9,143,46,1.0,18.9
106,53.69,0.6,1.5,0,144,48,1.0,18.8,144,48,1.0,18.8,144,48,1.0,18.8,144,48,1.0,18.8,144,48,1.0,18.8,144,48,1.0,18.8,144,48,1.0,18.8,144,48,1.0,18.8,144,48,1.0,18.8,144,48,1.0,18.8,144,48,1.0,18.8,144,48,1.0,18.8,144,48,1.0,18.8,144,48,1.0,18.8,144,48,1.0,18.8,144,48,1.0,18.8,144,48,1.0,18.8,144,48,1.0,18.8,144,48,1.0,18.8,144,48,1.0,18.8,144,48,1.0,18.8,144,48,1.0,18.8,144,48,1.0,18.8,144,48,1.0,18.8,144,48,1.0,18.8,144,48,1.0,18.8,144,48,1.0,18.8,144,48,1.0,18.8,144,48,1.0,18.8,144,48,1.0,18.8,144,48,1.0,18.8,144,48,1.0,18.8
107,54.27,0.61,1.53,0,147,45,1.0,19.1,147,45,1.0,19.1,147,45,1.0,19.1,147,45,1.0,19.1,147,45,1.0,19.1,147,45,1.0,19.1,147,45,1.0,19.1,147,45,1.0,19.1,147,45,1.0,19.1,147,45,1.0,19.1,147,45,1.0,19.1,147,45,1.0,19.1,147,45,1.0,19.1,147,45,1.0,19.1,147,45,1.0,19.1,147,45,1.0,19.1,147,45,1.0,19.1,147,45,1.0,19.1,147,45,1.0,19.1,147,45,1.0,19.1,147,45,1.0,19.1,147,45,1.0,19.1,147,45,1.0,19.1,147,45,1.0,19.1,147,45,1.0,19.1,147,45,1.0,19.1,147,45,1.0,19.1,147,45,1.0,19.1,147,45,1.0,19.1,147,45,1.0,19.1,147,45,1.0,19.1,147,45,1.0,19.1
108,55.06,0.62,1.54,0,148,46,1.0,19.1,148,46,1.0,19.1,148,46,1.0,19.1,148,46,1.0,19.1,148,46,1.0,19.1,148,46,1.0,19.1,148,46,1.0,19.1,148,46,1.0,19.1,148,46,1.0,19.1,148,46,1.0,19.1,148,46,1.0,19.1,148,46,1.0,19.1,148,46,1.0,19.1,148,46,1.0,19.1,148,46,1.0,19.1,148,46,1.0,19.1,148,46,1.0,19.1,148,46,1.0,19.1,148,46,1.0,19.1,148,46,1.0,19.1,148,46,1.0,19.1,148,46,1.0,19.1,148,46,1.0,19.1,148,46,1.0,19.1,148,46,1.0,19.1,148,46,1.0,19.1,148,46,1.0,19.1,148,46,1.0,19.1,148,46,1.0,19.1,148,46,1.0,19.1,148,46,1.0,19.1,148,46,1.0,19.1
109,55.43,0.62,1.55,0,149,47,1.0,19.0,149,47,1.0,19.0,149,47,1.0,19.0,149,47,1.0,19.0,149,47,1.0,19.0,149,47,1.0,19.0,149,47,1.0,19.0,149,47,1.0,19.0,149,47,1.0,19.0,149,47,1.0,19.0,149,47,1.0,19.0,149,47,1.0,19.0,149,47,1.0,19.0,149,47,1.0,19.0,149,47,1.0,19.0,149,47,1.0,19.0,149,47,1.0,19.0,149,47,1.0,19.0,149,47,1.0,19.0,149,47,1.0,19.0,149,47,1.0,19.0,149,47,1.0,19.0,149,47,1.0,19.0,149,47,1.0,19.0,149,47,1.0,19.0,149,47,1.0,19.0,149,47,1.0,19.0,149,47,1.0,19.0,149,47,1.0,19.0,149,47,1.0,19.0,149,47,1.0,19.0,149,47,1.0,19.0
110,55.8,0.63,1.58,0,152,44,1.0,19.4,152,44,1.0,19.4,152,44,1.0,19.4,152,44,1.0,19.4,152,44,1.0,19.4,152,44,1.0,19.4,152,44,1.0,19.4,152,44,1.0,19.4,152,44,1.0,19.4,152,44,1.0,19.4,152,44,1.0,19.4,152,44,1.0,19.4,152,44,1.0,19.4,152,44,1.0,19.4,152,44,1.0,19.4,152,44,1.0,19.4,152,44,1.0,19.4,152,44,1.0,19.4,152,44,1.0,19.4,152,44,1.0,19.4,152,44,1.0,19.4,152,44,1.0,19.4,152,44,1.0,19.4,152,44,1.0,19.4,152,44,1.0,19.4,152,44,1.0,19.4,152,44,1.0,19.4,152,44,1.0,19.4,152,44,1.0,19.4,152,44,1.0,19.4,152,44,1.0,19.4,152,44,1.0,19.4
111,56.17,0.63,1.58,0,152,46,1.0,19.2,152,46,1.0,19.2,152,46,1.0,19.2,152,46,1.0,19.2,152,46,1.0,19.2,152,46,1.0,19.2,152,46,1.0,19.2,152,46,1.0,19.2,152,46,1.0,19.2,152,46,1.0,19.2,152,46,1.0,19.2,152,46,1.0,19.2,152,46,1.0,19.2,152,46,1.0,19.2,152,46,1.0,19.2,152,46,1.0,19.2,152,46,1.0,19.2,152,46,1.0,19.2,152,46,1.0,19.2,152,46,1.0,19.2,152,46,1.0,19.2,152,46,1.0,19.2,152,46,1.0,19.2,152,46,1.0,19.2,152,46,1.0,19.2,152,46,1.0,19.2,152,46,1.0,19.2,152,46,1.0,19.2,152,46,1.0,19.2,152,46,1.0,19.2,152,46,1.0,19.2,152,46,1.0,19.2
112,57.16,0.66,1.65,0,158,42,1.0,19.8,158,42,1.0,19.8,158,42,1.0,19.8,158,42,1.0,19.8,158,42,1.0,19.8,158,42,1.0,19.8,158,42,1.0,19.8,158,42,1.0,19.8,158,42,1.0,19.8,158,42,1.0,19.8,158,42,1.0,19.8,158,42,1.0,19.8,158,42,1.0,19.8,158,42,1.0,19.8,158,42,1.0,19.8,158,42,1.0,19.8,158,42,1.0,19.8,158,42,1.0,19.8,158,42,1.0,19.8,158,42,1.0,19.8,158,42,1.0,19.8,158,42,1.0,19.8,158,42,1.0,19.8,158,42,1.0,19.8,158,42,1.0,19.8,158,42,1.0,19.8,158,42,1.0,19.8,158,42,1.0,19.8,158,42,1.0,19.8,158,42,1.0,19.8,158,42,1.0,19.8,158,42,1.0,19.8
113,57.73,0.66,1.66,0,159,41,1.0,19.9,159,41,1.0,19.9,159,41,1.0,19.9,159,41,1.0,19.9,159,41,1.0,19.9,159,41,1.0,19.9,159,41,1.0,19.9,159,41,1.0,19.9,159,41,1.0,19.9,159,41,1.0,19.9,159,41,1.0,19.9,159,41,1.0,19.9,159,41,1.0,19.9,159,41,1.0,19.9,159,41,1.0,19.9,159,41,1.0,19.9,159,41,1.0,19.9,159,41,1.0,19.9,159,41,1.0,19.9,159,41,1.0,19.9,159,41,1.0,19.9,159,41,1.0,19.9,159,41,1.0,19.9,159,41,1.0,19.9,159,41,1.0,19.9,159,41,1.0,19.9,159,41,1.0,19.9,159,41,1.0,19.9,159,41,1.0,19.9,159,41,1.0,19.9,159,41,1.0,19.9,159,41,1.0,19.9
114,57.88,0.69,1.73,0,166,36,1.0,20.5,166,36,1.0,20.5,166,36,1.0,20.5,166,36,1.0,20.5,166,36,1.0,20.5,166,36,1.0,20.5,166,36,1.0,20.5,166,36,1.0,20.5,166,36,1.0,20.5,166,36,1.0,20.5,166,36,1.0,20.5,166,36,1.0,20.5,166,36,1.0,20.5,166,36,1.0,20.5,166,36,1.0,20.5,166,36,1.0,20.5,166,36,1.0,20.5,166,36,1.0,20.5,166,36,1.0,20.5,166,36,1.0,20.5,166,36,1.0,20.5,166,36,1.0,20.5,166,36,1.0,20.5,166,36,1.0,20.5,166,36,1.0,20.5,166,36,1.0,20.5,166,36,1.0,20.5,166,36,1.0,20.5,166,36,1.0,20.5,166,36,1.0,20.5,166,36,1.0,20.5,166,36,1.0,20.5
115,58.25,0.7,1.75,0,168,37,1.0,20.5,168,37,1.0,20.5,168,37,1.0,20.5,168,37,1.0,20.5,168,37,1.0,20.5,168,37,1.0,20.5,168,37,1.0,20.5,168,37,1.0,20.5,168,37,1.0,20.5,168,37,1.0,20.5,168,37,1.0,20.5,168,37,1.0,20.5,168,37,1.0,20.5,168,37,1.0,20.5,168,37,1.0,20.5,168,37,1.0,20.5,168,37,1.0,20.5,168,37,1.0,20.5,168,37,1.0,20.5,168,37,1.0,20.5,168,37,1.0,20.5,168,37,1.0,20.5,168,37,1.0,20.5,168,37,1.0,20.5,168,37,1.0,20.5,168,37,1.0,20.5,168,37,1.0,20.5,168,37,1.0,20.5,168,37,1.0,20.5,168,37,1.0,20.5,168,37,1.0,20.5,168,37,1.0,20.5
116,58.62,0.72,1.8,0,173,32,1.0,21.1,173,32,1.0,21.1,173,32,1.0,21.1,173,32,1.0,21.1,173,32,1.0,21.1,173,32,1.0,21.1,173,32,1.0,21.1,173,32,1.0,21.1,173,32,1.0,21.1,173,32,1.0,21.1,173,32,1.0,21.1,173,32,1.0,21.1,173,32,1.0,21.1,173,32,1.0,21.1,173,32,1.0,21.1,173,32,1.0,21.1,173,32,1.0,21.1,173,32,1.0,21.1,173,32,1.0,21.1,173,32,1.0,21.1,173,32,1.0,21.1,173,32,1.0,21.1,173,32,1.0,21.1,173,32,1.0,21.1,173,32,1.0,21.1,173,32,1.0,21.1,173,32,1.0,21.1,173,32,1.0,21.1,173,32,1.0,21.1,173,32,1.0,21.1,173,32,1.0,21.1,173,32,1.0,21.1
117,59.4,0.72,1.81,0,174,32,1.0,21.1,174,32,1.0,21.1,174,32,1.0,21.1,174,32,1.0,21.1,174,32,1.0,21.1,174,32,1.0,21.1,174,32,1.0,21.1,174,32,1.0,21.1,174,32,1.0,21.1,174,32,1.0,21.1,174,32,1.0,21.1,174,32,1.0,21.1,174,32,1.0,21.1,174,32,1.0,21.1,174,32,1.0,21.1,174,32,1.0,21.1,174,32,1.0,21.1,174,32,1.0,21.1,174,32,1.0,21.1,174,32,1.0,21.1,174,32,1.0,21.1,174,32,1.0,21.1,174,32,1.0,21.1,174,32,1.0,21.1,174,32,1.0,21.1,174,32,1.0,21.1,174,32,1.0,21.1,174,32,1.0,21.1,174,32,1.0,21.1,174,32,1.0,21.1,174,32,1.0,21.1,174,32,1.0,21.1
118,60.17,0.74,1.84,0,177,30,1.0,21.4,177,30,1.0,21.4,177,30,1.0,21.4,177,30,1.0,21.4,177,30,1.0,21.4,177,30,1.0,21.4,177,30,1.0,21.4,177,30,1.0,21.4,177,30,1.0,21.4,177,30,1.0,21.4,177,30,1.0,21.4,177,30,1.0,21.4,177,30,1.0,21.4,177,30,1.0,21.4,177,30,1.0,21.4,177,30,1.0,21.4,177,30,1.0,21.4,177,30,1.0,21.4,177,30,1.0,21.4,177,30,1.0,21.4,177,30,1.0,21.4,177,30,1.0,21.4,177,30,1.0,21.4,177,30,1.0,21.4,177,30,1.0,21.4,177,30,1.0,21.4,177,30,1.0,21.4,177,30,1.0,21.4,177,30,1.0,21.4,177,30,1.0,21.4,177,30,1.0,21.4,177,30,1.0,21.4
119,60.74,0.75,1.86,0,179,29,1.0,21.5,179,29,1.0,21.5,179,29,1.0,21.5,179,29,1.0,21.5,179,29,1.0,21.5,179,29,1.0,21.5,179,29,1.0,21.5,179,29,1.0,21.5,179,29,1.0,21.5,179,29,1.0,21.5,179,29,1.0,21.5,179,29,1.0,21.5,179,29,1.0,21.5,179,29,1.0,21.5,179,29,1.0,21.5,179,29,1.0,21.5,179,29,1.0,21.5,179,29,1.0,21.5,179,29,1.0,21.5,179,29,1.0,21.5,179,29,1.0,21.5,179,29,1.0,21.5,179,29,1.0,21.5,179,29,1.0,21.5,179,29,1.0,21.5,179,29,1.0,21.5,179,29,1.0,21.5,179,29,1.0,21.5,179,29,1.0,21.5,179,29,1.0,21.5,179,29,1.0,21.5,179,29,1.0,21.5
120,61.51,0.75,1.86,0,179,30,1.0,21.4,179,30,1.0,21.4,179,30,1.0,21.4,179,30,1.0,21.4,179,30,1.0,21.4,179,30,1.0,21.4,179,30,1.0,21.4,179,30,1.0,21.4,179,30,1.0,21.4,179,30,1.0,21.4,179,30,1.0,21.4,179,30,1.0,21.4,179,30,1.0,21.4,179,30,1.0,21.4,179,30,1.0,21.4,179,30,1.0,21.4,179,30,1.0,21.4,179,30,1.0,21.4,179,30,1.0,21.4,179,30,1.0,21.4,179,30,1.0,21.4,179,30,1.0,21.4,179,30,1.0,21.4,179,30,1.0,21.4,179,30,1.0,21.4,179,30,1.0,21.4,179,30,1.0,21.4,179,30,1.0,21.4,179,30,1.0,21.4,179,30,1.0,21.4,179,30,1.0,21.4,179,30,1.0,21.4
121,62.5,0.76,1.9,0,182,27,1.0,21.8,182,27,1.0,21.8,182,27,1.0,21.8,182,27,1.0,21.8,182,27,1.0,21.8,182,27,1.0,21.8,182,27,1.0,21.8,182,27,1.0,21.8,182,27,1.0,21.8,182,27,1.0,21.8,182,27,1.0,21.8,182,27,1.0,21.8,182,27,1.0,21.8,182,27,1.0,21.8,182,27,1.0,21.8,182,27,1.0,21.8,182,27,1.0,21.8,182,27,1.0,21.8,182,27,1.0,21.8,182,27,1.0,21.8,182,27,1.0,21.8,182,27,1.0,21.8,182,27,1.0,21.8,182,27,1.0,21.8,182,27,1.0,21.8,182,27,1.0,21.8,182,27,1.0,21.8,182,27,1.0,21.8,182,27,1.0,21.8,182,27,1.0,21.8,182,27,1.0,21.8,182,27,1.0,21.8
122,62.2,0.76,1.91,0,183,27,1.0,21.8,183,27,1.0,21.8,183,27,1.0,21.8,183,27,1.0,21.8,183,27,1.0,21.8,183,27,1.0,21.8,183,27,1.0,21.8,183,27,1.0,21.8,183,27,1.0,21.8,183,27,1.0,21.8,183,27,1.0,21.8,183,27,1.0,21.8,183,27,1.0,21.8,183,27,1.0,21.8,183,27,1.0,21.8,183,27,1.0,21.8,183,27,1.0,21.8,183,27,1.0,21.8,183,27,1.0,21.8,183,27,1.0,21.8,183,27,1.0,21.8,183,27,1.0,21.8,183,27,1.0,21.8,183,27,1.0,21.8,183,27,1.0,21.8,183,27,1.0,21.8,183,27,1.0,21.8,183,27,1.0,21.8,183,27,1.0,21.8,183,27,1.0,21.8,183,27,1.0,21.8,183,27,1.0,21.8
123,62.77,0.77,1.93,0,185,26,1.0,21.9,185,26,1.0,21.9,185,26,1.0,21.9,185,26,1.0,21.9,185,26,1.0,21.9,185,26,1.0,21.9,185,26,1.0,21.9,185,26,1.0,21.9,185,26,1.0,21.9,185,26,1.0,21.9,185,26,1.0,21.9,185,26,1.0,21.9,185,26,1.0,21.9,185,26,1.0,21.9,185,26,1.0,21.9,185,26,1.0,21.9,185,26,1.0,21.9,185,26,1.0,21.9,185,26,1.0,21.9,185,26,1.0,21.9,185,26,1.0,21.9,185,26,1.0,21.9,185,26,1.0,21.9,185,26,1.0,21.9,185,26,1.0,21.9,185,26,1.0,21.9,185,26,1.0,21.9,185,26,1.0,21.9,185,26,1.0,21.9,185,26,1.0,21.9,185,26,1.0,21.9,185,26,1.0,21.9
124,63.33,0.78,1.94,0,186,28,1.0,21.7,186,28,1.0,21.7,186,28,1.0,21.7,186,28,1.0,21.7,186,28,1.0,21.7,186,28,1.0,21.7,186,28,1.0,21.7,186,28,1.0,21.7,186,28,1.0,21.7,186,28,1.0,21.7,186,28,1.0,21.7,186,28,1.0,21.7,186,28,1.0,21.7,186,28,1.0,21.7,186,28,1.0,21.7,186,28,1.0,21.7,186,28,1.0,21.7,186,28,1.0,21.7,186,28,1.0,21.7,186,28,1.0,21.7,186,28,1.0,21.7,186,28,1.0,21.7,186,28,1.0,21.7,186,28,1.0,21.7,186,28,1.0,21.7,186,28,1.0,21.7,186,28,1.0,21.7,186,28,1.0,21.7,186,28,1.0,21.7,186,28,1.0,21.7,186,28,1.0,21.7,186,28,1.0,21.7
125,63.9,0.78,1.95,0,187,27,1.0,21.8,187,27,1.0,21.8,187,27,1.0,21.8,187,27,1.0,21.8,187,27,1.0,21.8,187,27,1.0,21.8,187,27,1.0,21.8,187,27,1.0,21.8,187,27,1.0,21.8,187,27,1.0,21.8,187,27,1.0,21.8,187,27,1.0,21.8,187,27,1.0,21.8,187,27,1.0,21.8,187,27,1.0,21.8,187,27,1.0,21.8,187,27,1.0,21.8,187,27,1.0,21.8,187,27,1.0,21.8,187,27,1.0,21.8,187,27,1.0,21.8,187,27,1.0,21.8,187,27,1.0,21.8,187,27,1.0,21.8,187,27,1.0,21.8,187,27,1.0,21.8,187,27,1.0,21.8,187,27,1.0,21.8,187,27,1.0,21.8,187,27,1.0,21.8,187,27,1.0,21.8,187,27,1.0,21.8
126,64.46,0.79,1.97,0,189,26,1.0,22.0,189,26,1.0,22.0,189,26,1.0,22.0,189,26,1.0,22.0,189,26,1.0,22.0,189,26,1.0,22.0,189,26,1.0,22.0,189,26,1.0,22.0,189,26,1.0,22.0,189,26,1.0,22.0,189,26,1.0,22.0,189,26,1.0,22.0,189,26,1.0,22.0,189,26,1.0,22.0,189,26,1.0,22.0,189,26,1.0,22.0,189,26,1.0,22.0,189,26,1.0,22.0,189,26,1.0,22.0,189,26,1.0,22.0,189,26,1.0,22.0,189,26,1.0,22.0,189,26,1.0,22.0,189,26,1.0,22.0,189,26,1.0,22.0,189,26,1.0,22.0,189,26,1.0,22.0,189,26,1.0,22.0,189,26,1.0,22.0,189,26,1.0,22.0,189,26,1.0,22.0,189,26,1.0,22.0
127,64.81,0.8,1.99,0,191,28,1.0,21.8,191,28,1.0,21.8,191,28,1.0,21.8,191,28,1.0,21.8,191,28,1.0,21.8,191,28,1.0,21.8,191,28,1.0,21.8,191,28,1.0,21.8,191,28,1.0,21.8,191,28,1.0,21.8,191,28,1.0,21.8,191,28,1.0,21.8,191,28,1.0,21.8,191,28,1.0,21.8,191,28,1.0,21.8,191,28,1.0,21.8,191,28,1.0,21.8,191,28,1.0,21.8,191,28,1.0,21.8,191,28,1.0,21.8,191,28,1.0,21.8,191,28,1.0,21.8,191,28,1.0,21.8,191,28,1.0,21.8,191,28,1.0,21.8,191,28,1.0,21.8,191,28,1.0,21.8,191,28,1.0,21.8,191,28,1.0,21.8,191,28,1.0,21.8,191,28,1.0,21.8,191,28,1.0,21.8
128,65.37,0.8,2.01,0,193,26,1.0,22.0,193,26,1.0,22.0,193,26,1.0,22.0,193,26,1.0,22.0,193,26,1.0,22.0,193,26,1.0,22.0,193,26,1.0,22.0,193,26,1.0,22.0,193,26,1.0,22.0,193,26,1.0,22.0,193,26,1.0,22.0,193,26,1.0,22.0,193,26,1.0,22.0,193,26,1.0,22.0,193,26,1.0,22.0,193,26,1.0,22.0,193,26,1.0,22.0,193,26,1.0,22.0,193,26,1.0,22.0,193,26,1.0,22.0,193,26,1.0,22.0,193,26,1.0,22.0,193,26,1.0,22.0,193,26,1.0,22.0,193,26,1.0,22.0,193,26,1.0,22.0,193,26,1.0,22.0,193,26,1.0,22.0,193,26,1.0,22.0,193,26,1.0,22.0,193,26,1.0,22.0,193,26,1.0,22.0
129,65.31,0.81,2.03,0,195,24,1.0,22.3,195,24,1.0,22.3,195,24,1.0,22.3,195,24,1.0,22.3,195,24,1.0,22.3,195,24,1.0,22.3,195,24,1.0,22.3,195,24,1.0,22.3,195,24,1.0,22.3,195,24,1.0,22.3,195,24,1.0,22.3,195,24,1.0,22.3,195,24,1.0,22.3,195,24,1.0,22.3,195,24,1.0,22.3,195,24,1.0,22.3,195,24,1.0,22.3,195,24,1.0,22.3,195,24,1.0,22.3,195,24,1.0,22.3,195,24,1.0,22.3,195,24,1.0,22.3,195,24,1.0,22.3,195,24,1.0,22.3,195,24,1.0,22.3,195,24,1.0,22.3,195,24,1.0,22.3,195,24,1.0,22.3,195,24,1.0,22.3,195,24,1.0,22.3,195,24,1.0,22.3,195,24,1.0,22.3
130,65.06,0.82,2.05,0,197,25,1.0,22.2,197,25,1.0,22.2,197,25,1.0,22.2,197,25,1.0,22.2,197,25,1.0,22.2,197,25,1.0,22.2,197,25,1.0,22.2,197,25,1.0,22.2,197,25,1.0,22.2,197,25,1.0,22.2,197,25,1.0,22.2,197,25,1.0,22.2,197,25,1.0,22.2,197,25,1.0,22.2,197,25,1.0,22.2,197,25,1.0,22.2,197,25,1.0,22.2,197,25,1.0,22.2,197,25,1.0,22.2,197,25,1.0,22.2,197,25,1.0,22.2,197,25,1.0,22.2,197,25,1.0,22.2,197,25,1.0,22.2,197,25,1.0,22.2,197,25,1.0,22.2,197,25,1.0,22.2,197,25,1.0,22.2,197,25,1.0,22.2,197,25,1.0,22.2,197,25,1.0,22.2,197,25,1.0,22.2
131,65.24,0.82,2.06,0,198,24,1.0,22.3,198,24,1.0,22.3,198,24,1.0,22.3,198,24,1.0,22.3,198,24,1.0,22.3,198,24,1.0,22.3,198,24,1.0,22.3,198,24,1.0,22.3,198,24,1.0,22.3,198,24,1.0,22.3,198,24,1.0,22.3,198,24,1.0,22.3,198,24,1.0,22.3,198,24,1.0,22.3,198,24,1.0,22.3,198,24,1.0,22.3,198,24,1.0,22.3,198,24,1.0,22.3,198,24,1.0,22.3,198,24,1.0,22.3,198,24,1.0,22.3,198,24,1.0,22.3,198,24,1.0,22.3,198,24,1.0,22.3,198,24,1.0,22.3,198,24,1.0,22.3,198,24,1.0,22.3,198,24,1.0,22.3,198,24,1.0,22.3,198,24,1.0,22.3,198,24,1.0,22.3,198,24,1.0,22.3
132,65.82,0.83,2.07,0,199,25,1.0,22.2,199,25,1.0,22.2,199,25,1.0,22.2,199,25,1.0,22.2,199,25,1.0,22.2,199,25,1.0,22.2,199,25,1.0,22.2,199,25,1.0,22.2,199,25,1.0,22.2,199,25,1.0,22.2,199,25,1.0,22.2,199,25,1.0,22.2,199,25,1.0,22.2,199,25,1.0,22.2,199,25,1.0,22.2,199,25,1.0,22.2,199,25,1.0,22.2,199,25,1.0,22.2,199,25,1.0,22.2,199,25,1.0,22.2,199,25,1.0,22.2,199,25,1.0,22.2,199,25,1.0,22.2,199,25,1.0,22.2,199,25,1.0,22.2,199,25,1.0,22.2,199,25,1.0,22.2,199,25,1.0,22.2,199,25,1.0,22.2,199,25,1.0,22.2,199,25,1.0,22.2,199,25,1.0,22.2
133,66.6,0.83,2.08,0,200,27,1.0,22.0,200,27,1.0,22.0,200,27,1.0,22.0,200,27,1.0,22.0,200,27,1.0,22.0,200,27,1.0,22.0,200,27,1.0,22.0,200,27,1.0,22.0,200,27,1.0,22.0,200,27,1.0,22.0,200,27,1.0,22.0,200,27,1.0,22.0,200,27,1.0,22.0,200,27,1.0,22.0,200,27,1.0,22.0,200,27,1.0,22.0,200,27,1.0,22.0,200,27,1.0,22.0,200,27,1.0,22.0,200,27,1.0,22.0,200,27,1.0,22.0,200,27,1.0,22.0,200,27,1.0,22.0,200,27,1.0,22.0,200,27,1.0,22.0,200,27,1.0,22.0,200,27,1.0,22.0,200,27,1.0,22.0,200,27,1.0,22.0,200,27,1.0,22.0,200,27,1.0,22.0,200,27,1.0,22.0
134,66.98,0.84,2.1,0,202,25,1.0,22.2,202,25,1.0,22.2,202,25,1.0,22.2,202,25,1.0,22.2,202,25,1.0,22.2,202,25,1.0,22.2,202,25,1.0,22.2,202,25,1.0,22.2,202,25,1.0,22.2,202,25,1.0,22.2,202,25,1.0,22.2,202,25,1.0,22.2,202,25,1.0,22.2,202,25,1.0,22.2,202,25,1.0,22.2,202,25,1.0,22.2,202,25,1.0,22.2,202,25,1.0,22.2,202,25,1.0,22.2,202,25,1.0,22.2,202,25,1.0,22.2,202,25,1.0,22.2,202,25,1.0,22.2,202,25,1.0,22.2,202,25,1.0,22.2,202,25,1.0,22.2,202,25,1.0,22.2,202,25,1.0,22.2,202,25,1.0,22.2,202,25,1.0,22.2,202,25,1.0,22.2,202,25,1.0,22.2
135,67.97,0.85,2.11,0,203,24,1.0,22.4,203,24,1.0,22.4,203,24,1.0,22.4,203,24,1.0,22.4,203,24,1.0,22.4,203,24,1.0,22.4,203,24,1.0,22.4,203,24,1.0,22.4,203,24,1.0,22.4,203,24,1.0,22.4,203,24,1.0,22.4,203,24,1.0,22.4,203,24,1.0,22.4,203,24,1.0,22.4,203,24,1.0,22.4,203,24,1.0,22.4,203,24,1.0,22.4,203,24,1.0,22.4,203,24,1.0,22.4,203,24,1.0,22.4,203,24,1.0,22.4,203,24,1.0,22.4,203,24,1.0,22.4,203,24,1.0,22.4,203,24,1.0,22.4,203,24,1.0,22.4,203,24,1.0,22.4,203,24,1.0,22.4,203,24,1.0,22.4,203,24,1.0,22.4,203,24,1.0,22.4,203,24,1.0,22.4
136,68.75,0.85,2.11,0,203,25,1.0,22.3,203,25,1.0,22.3,203,25,1.0,22.3,203,25,1.0,22.3,203,25,1.0,22.3,203,25,1.0,22.3,203,25,1.0,22.3,203,25,1.0,22.3,203,25,1.0,22.3,203,25,1.0,22.3,203,25,1.0,22.3,203,25,1.0,22.3,203,25,1.0,22.3,203,25,1.0,22.3,203,25,1.0,22.3,203,25,1.0,22.3,203,25,1.0,22.3,203,25,1.0,22.3,203,25,1.0,22.3,203,25,1.0,22.3,203,25,1.0,22.3,203,25,1.0,22.3,203,25,1.0,22.3,203,25,1.0,22.3,203,25,1.0,22.3,203,25,1.0,22.3,203,25,1.0,22.3,203,25,1.0,22.3,203,25,1.0,22.3,203,25,1.0,22.3,203,25,1.0,22.3,203,25,1.0,22.3
137,69.53,0.85,2.12,0,204,24,1.0,22.4,204,24,1.0,22.4,204,24,1.0,22.4,204,24,1.0,22.4,204,24,1.0,22.4,204,24,1.0,22.4,204,24,1.0,22.4,204,24,1.0,22.4,204,24,1.0,22.4,204,24,1.0,22.4,204,24,1.0,22.4,204,24,1.0,22.4,204,24,1.0,22.4,204,24,1.0,22.4,204,24,1.0,22.4,204,24,1.0,22.4,204,24,1.0,22.4,204,24,1.0,22.4,204,24,1.0,22.4,204,24,1.0,22.4,204,24,1.0,22.4,204,24,1.0,22.4,204,24,1.0,22.4,204,24,1.0,22.4,204,24,1.0,22.4,204,24,1.0,22.4,204,24,1.0,22.4,204,24,1.0,22.4,204,24,1.0,22.4,204,24,1.0,22.4,204,24,1.0,22.4,204,24,1.0,22.4
138,70.1,0.85,2.12,0,204,25,1.0,22.3,204,25,1.0,22.3,204,25,1.0,22.3,204,25,1.0,22.3,204,25,1.0,22.3,204,25,1.0,22.3,204,25,1.0,22.3,204,25,1.0,22.3,204,25,1.0,22.3,204,25,1.0,22.3,204,25,1.0,22.3,204,25,1.0,22.3,204,25,1.0,22.3,204,25,1.0,22.3,204,25,1.0,22.3,204,25,1.0,22.3,204,25,1.0,22.3,204,25,1.0,22.3,204,25,1.0,22.3,204,25,1.0,22.3,204,25,1.0,22.3,204,25,1.0,22.3,204,25,1.0,22.3,204,25,1.0,22.3,204,25,1.0,22.3,204,25,1.0,22.3,204,25,1.0,22.3,204,25,1.0,22.3,204,25,1.0,22.3,204,25,1.0,22.3,204,25,1.0,22.3,204,25,1.0,22.3
139,70.46,0.85,2.12,0,204,25,1.0,22.3,204,25,1.0,22.3,204,25,1.0,22.3,204,25,1.0,22.3,204,25,1.0,22.3,204,25,1.0,22.3,204,25,1.0,22.3,204,25,1.0,22.3,204,25,1.0,22.3,204,25,1.0,22.3,204,25,1.0,22.3,204,25,1.0,22.3,204,25,1.0,22.3,204,25,1.0,22.3,204,25,1.0,22.3,204,25,1.0,22.3,204,25,1.0,22.3,204,25,1.0,22.3,204,25,1.0,22.3,204,25,1.0,22.3,204,25,1.0,22.3,204,25,1.0,22.3,204,25,1.0,22.3,204,25,1.0,22.3,204,25,1.0,22.3,204,25,1.0,22.3,204,25,1.0,22.3,204,25,1.0,22.3,204,25,1.0,22.3,204,25,1.0,22.3,204,25,1.0,22.3,204,25,1.0,22.3
140,71.02,0.85,2.12,0,204,25,1.0,22.3,204,25,1.0,22.3,204,25,1.0,22.3,204,25,1.0,22.3,204,25,1.0,22.3,204,25,1.0,22.3,204,25,1.0,22.3,204,25,1.0,22.3,204,25,1.0,22.3,204,25,1.0,22.3,204,25,1.0,22.3,204,25,1.0,22.3,204,25,1.0,22.3,204,25,1.0,22.3,204,25,1.0,22.3,204,25,1.0,22.3,204,25,1.0,22.3,204,25,1.0,22.3,204,25,1.0,22.3,204,25,1.0,22.3,204,25,1.0,22.3,204,25,1.0,22.3,204,25,1.0,22.3,204,25,1.0,22.3,204,25,1.0,22.3,204,25,1.0,22.3,204,25,1.0,22.3,204,25,1.0,22.3,204,25,1.0,22.3,204,25,1.0,22.3,204,25,1.0,22.3,204,25,1.0,22.3
141,71.8,0.82,2.05,0,197,26,1.0,22.1,197,26,1.0,22.1,197,26,1.0,22.1,197,26,1.0,22.1,197,26,1.0,22.1,197,26,1.0,22.1,197,26,1.0,22.1,197,26,1.0,22.1,197,26,1.0,22.1,197,26,1.0,22.1,197,26,1.0,22.1,197,26,1.0,22.1,197,26,1.0,22.1,197,26,1.0,22.1,197,26,1.0,22.1,197,26,1.0,22.1,197,26,1.0,22.1,197,26,1.0,22.1,197,26,1.0,22.1,197,26,1.0,22.1,197,26,1.0,22.1,197,26,1.0,22.1,197,26,1.0,22.1,197,26,1.0,22.1,197,26,1.0,22.1,197,26,1.0,22.1,197,26,1.0,22.1,197,26,1.0,22.1,197,26,1.0,22.1,197,26,1.0,22.1,197,26,1.0,22.1,197,26,1.0,22.1
142,72.57,0.8,2.01,0,193,30,1.0,21.6,193,30,1.0,21.6,193,30,1.0,21.6,193,30,1.0,21.6,193,30,1.0,21.6,193,30,1.0,21.6,193,30,1.0,21.6,193,30,1.0,21.6,193,30,1.0,21.6,193,30,1.0,21.6,193,30,1.0,21.6,193,30,1.0,21.6,193,30,1.0,21.6,193,30,1.0,21.6,193,30,1.0,21.6,193,30,1.0,21.6,193,30,1.0,21.6,193,30,1.0,21.6,193,30,1.0,21.6,193,30,1.0,21.6,193,30,1.0,21.6,193,30,1.0,21.6,193,30,1.0,21.6,193,30,1.0,21.6,193,30,1.0,21.6,193,30,1.0,21.6,193,30,1.0,21.6,193,30,1.0,21.6,193,30,1.0,21.6,193,30,1.0,21.6,193,30,1.0,21.6,193,30,1.0,21.6
143,73.34,0.8,2.0,0,192,31,1.0,21.5,192,31,1.0,21.5,192,31,1.0,21.5,192,31,1.0,21.5,192,31,1.0,21.5,192,31,1.0,21.5,192,31,1.0,21.5,192,31,1.0,21.5,192,31,1.0,21.5,192,31,1.0,21.5,192,31,1.0,21.5,192,31,1.0,21.5,192,31,1.0,21.5,192,31,1.0,21.5,192,31,1.0,21.5,192,31,1.0,21.5,192,31,1.0,21.5,192,31,1.0,21.5,192,31,1.0,21.5,192,31,1.0,21.5,192,31,1.0,21.5,192,31,1.0,21.5,192,31,1.0,21.5,192,31,1.0,21.5,192,31,1.0,21.5,192,31,1.0,21.5,192,31,1.0,21.5,192,31,1.0,21.5,192,31,1.0,21.5,192,31,1.0,21.5,192,31,1.0,21.5,192,31,1.0,21.5
144,74.11,0.8,2.01,0,193,30,1.0,21.6,193,30,1.0,21.6,193,30,1.0,21.6,193,30,1.0,21.6,193,30,1.0,21.6,193,30,1.0,21.6,193,30,1.0,21.6,193,30,1.0,21.6,193,30,1.0,21.6,193,30,1.0,21.6,193,30,1.0,21.6,193,30,1.0,21.6,193,30,1.0,21.6,193,30,1.0,21.6,193,30,1.0,21.6,193,30,1.0,21.6,193,30,1.0,21.6,193,30,1.0,21.6,193,30,1.0,21.6,193,30,1.0,21.6,193,30,1.0,21.6,193,30,1.0,21.6,193,30,1.0,21.6,193,30,1.0,21.6,193,30,1.0,21.6,193,30,1.0,21.6,193,30,1.0,21.6,193,30,1.0,21.6,193,30,1.0,21.6,193,30,1.0,21.6,193,30,1.0,21.6,193,30,1.0,21.6
145,74.45,0.8,2.01,0,193,33,1.0,21.3,193,33,1.0,21.3,193,33,1.0,21.3,193,33,1.0,21.3,193,33,1.0,21.3,193,33,1.0,21.3,193,33,1.0,21.3,193,33,1.0,21.3,193,33,1.0,21.3,193,33,1.0,21.3,193,33,1.0,21.3,193,33,1.0,21.3,193,33,1.0,21.3,193,33,1.0,21.3,193,33,1.0,21.3,193,33,1.0,21.3,193,33,1.0,21.3,193,33,1.0,21.3,193,33,1.0,21.3,193,33,1.0,21.3,193,33,1.0,21.3,193,33,1.0,21.3,193,33,1.0,21.3,193,33,1.0,21.3,193,33,1.0,21.3,193,33,1.0,21.3,193,33,1.0,21.3,193,33,1.0,21.3,193,33,1.0,21.3,193,33,1.0,21.3,193,33,1.0,21.3,193,33,1.0,21.3
146,74.79,0.8,2.0,0,192,36,1.0,21.1,192,36,1.0,21.1,192,36,1.0,21.1,192,36,1.0,21.1,192,36,1.0,21.1,192,36,1.0,21.1,192,36,1.0,21.1,192,36,1.0,21.1,192,36,1.0,21.1,192,36,1.0,21.1,192,36,1.0,21.1,192,36,1.0,21.1,192,36,1.0,21.1,192,36,1.0,21.1,192,36,1.0,21.1,192,36,1.0,21.1,192,36,1.0,21.1,192,36,1.0,21.1,192,36,1.0,21.1,192,36,1.0,21.1,192,36,1.0,21.1,192,36,1.0,21.1,192,36,1.0,21.1,192,36,1.0,21.1,192,36,1.0,21.1,192,36,1.0,21.1,192,36,1.0,21.1,192,36,1.0,21.1,192,36,1.0,21.1,192,36,1.0,21.1,192,36,1.0,21.1,192,36,1.0,21.1
147,75.13,0.81,2.03,0,195,31,1.0,21.6,195,31,1.0,21.6,195,31,1.0,21.6,195,31,1.0,21.6,195,31,1.0,21.6,195,31,1.0,21.6,195,31,1.0,21.6,195,31,1.0,21.6,195,31,1.0,21.6,195,31,1.0,21.6,195,31,1.0,21.6,195,31,1.0,21.6,195,31,1.0,21.6,195,31,1.0,21.6,195,31,1.0,21.6,195,31,1.0,21.6,195,31,1.0,21.6,195,31,1.0,21.6,195,31,1.0,21.6,195,31,1.0,21.6,195,31,1.0,21.6,195,31,1.0,21.6,195,31,1.0,21.6,195,31,1.0,21.6,195,31,1.0,21.6,195,31,1.0,21.6,195,31,1.0,21.6,195,31,1.0,21.6,195,31,1.0,21.6,195,31,1.0,21.6,195,31,1.0,21.6,195,31,1.0,21.6
148,75.47,0.81,2.02,0,194,36,1.0,21.1,194,36,1.0,21.1,194,36,1.0,21.1,194,36,1.0,21.1,194,36,1.0,21.1,194,36,1.0,21.1,194,36,1.0,21.1,194,36,1.0,21.1,194,36,1.0,21.1,194,36,1.0,21.1,194,36,1.0,21.1,194,36,1.0,21.1,194,36,1.0,21.1,194,36,1.0,21.1,194,36,1.0,21.1,194,36,1.0,21.1,194,36,1.0,21.1,194,36,1.0,21.1,194,36,1.0,21.1,194,36,1.0,21.1,194,36,1.0,21.1,194,36,1.0,21.1,194,36,1.0,21.1,194,36,1.0,21.1,194,36,1.0,21.1,194,36,1.0,21.1,194,36,1.0,21.1,194,36,1.0,21.1,194,36,1.0,21.1,194,36,1.0,21.1,194,36,1.0,21.1,194,36,1.0,21.1
149,76.25,0.81,2.02,0,194,37,1.0,21.0,194,37,1.0,21.0,194,37,1.0,21.0,194,37,1.0,21.0,194,37,1.0,21.0,194,37,1.0,21.0,194,37,1.0,21.0,194,37,1.0,21.0,194,37,1.0,21.0,194,37,1.0,21.0,194,37,1.0,21.0,194,37,1.0,21.0,194,37,1.0,21.0,194,37,1.0,21.0,194,37,1.0,21.0,194,37,1.0,21.0,194,37,1.0,21.0,194,37,1.0,21.0,194,37,1.0,21.0,194,37,1.0,21.0,194,37,1.0,21.0,194,37,1.0,21.0,194,37,1.0,21.0,194,37,1.0,21.0,194,37,1.0,21.0,194,37,1.0,21.0,194,37,1.0,21.0,194,37,1.0,21.0,194,37,1.0,21.0,194,37,1.0,21.0,194,37,1.0,21.0,194,37,1.0,21.0
150,76.38,0.82,2.04,0,196,39,1.0,20.9,196,39,1.0,20.9,196,39,1.0,20.9,196,39,1.0,20.9,196,39,1.0,20.9,196,39,1.0,20.9,196,39,1.0,20.9,196,39,1.0,20.9,196,39,1.0,20.9,196,39,1.0,20.9,196,39,1.0,20.9,196,39,1.0,20.9,196,39,1.0,20.9,196,39,1.0,20.9,196,39,1.0,20.9,196,39,1.0,20.9,196,39,1.0,20.9,196,39,1.0,20.9,196,39,1.0,20.9,196,39,1.0,20.9,196,39,1.0,20.9,196,39,1.0,20.9,196,39,1.0,20.9,196,39,1.0,20.9,196,39,1.0,20.9,196,39,1.0,20.9,196,39,1.0,20.9,196,39,1.0,20.9,196,39,1.0,20.9,196,39,1.0,20.9,196,39,1.0,20.9,196,39,1.0,20.9
151,77.36,0.81,2.03,0,195,39,1.0,20.8,195,39,1.0,20.8,195,39,1.0,20.8,195,39,1.0,20.8,195,39,1.0,20.8,195,39,1.0,20.8,195,39,1.0,20.8,195,39,1.0,20.8,195,39,1.0,20.8,195,39,1.0,20.8,195,39,1.0,20.8,195,39,1.0,20.8,195,39,1.0,20.8,195,39,1.0,20.8,195,39,1.0,20.8,195,39,1.0,20.8,195,39,1.0,20.8,195,39,1.0,20.8,195,39,1.0,20.8,195,39,1.0,20.8,195,39,1.0,20.8,195,39,1.0,20.8,195,39,1.0,20.8,195,39,1.0,20.8,195,39,1.0,20.8,195,39,1.0,20.8,195,39,1.0,20.8,195,39,1.0,20.8,195,39,1.0,20.8,195,39,1.0,20.8,195,39,1.0,20.8,195,39,1.0,20.8
152,77.92,0.82,2.04,0,196,39,1.0,20.9,196,39,1.0,20.9,196,39,1.0,20.9,196,39,1.0,20.9,196,39,1.0,20.9,196,39,1.0,20.9,196,39,1.0,20.9,196,39,1.0,20.9,196,39,1.0,20.9,196,39,1.0,20.9,196,39,1.0,20.9,196,39,1.0,20.9,196,39,1.0,20.9,196,39,1.0,20.9,196,39,1.0,20.9,196,39,1.0,20.9,196,39,1.0,20.9,196,39,1.0,20.9,196,39,1.0,20.9,196,39,1.0,20.9,196,39,1.0,20.9,196,39,1.0,20.9,196,39,1.0,20.9,196,39,1.0,20.9,196,39,1.0,20.9,196,39,1.0,20.9,196,39,1.0,20.9,196,39,1.0,20.9,196,39,1.0,20.9,196,39,1.0,20.9,196,39,1.0,20.9,196,39,1.0,20.9
153,78.26,0.82,2.05,0,197,40,1.0,20.8,197,40,1.0,20.8,197,40,1.0,20.8,197,40,1.0,20.8,197,40,1.0,20.8,197,40,1.0,20.8,197,40,1.0,20.8,197,40,1.0,20.8,197,40,1.0,20.8,197,40,1.0,20.8,197,40,1.0,20.8,197,40,1.0,20.8,197,40,1.0,20.8,197,40,1.0,20.8,197,40,1.0,20.8,197,40,1.0,20.8,197,40,1.0,20.8,197,40,1.0,20.8,197,40,1.0,20.8,197,40,1.0,20.8,197,40,1.0,20.8,197,40,1.0,20.8,197,40,1.0,20.8,197,40,1.0,20.8,197,40,1.0,20.8,197,40,1.0,20.8,197,40,1.0,20.8,197,40,1.0,20.8,197,40,1.0,20.8,197,40,1.0,20.8,197,40,1.0,20.8,197,40,1.0,20.8
154,78.82,0.82,2.04,0,196,41,1.0,20.7,196,41,1.0,20.7,196,41,1.0,20.7,196,41,1.0,20.7,196,41,1.0,20.7,196,41,1.0,20.7,196,41,1.0,20.7,196,41,1.0,20.7,196,41,1.0,20.7,196,41,1.0,20.7,196,41,1.0,20.7,196,41,1.0,20.7,196,41,1.0,20.7,196,41,1.0,20.7,196,41,1.0,20.7,196,41,1.0,20.7,196,41,1.0,20.7,196,41,1.0,20.7,196,41,1.0,20.7,196,41,1.0,20.7,196,41,1.0,20.7,196,41,1.0,20.7,196,41,1.0,20.7,196,41,1.0,20.7,196,41,1.0,20.7,196,41,1.0,20.7,196,41,1.0,20.7,196,41,1.0,20.7,196,41,1.0,20.7,196,41,1.0,20.7,196,41,1.0,20.7,196,41,1.0,20.7
155,78.73,0.82,2.04,0,196,40,1.0,20.8,196,40,1.0,20.8,196,40,1.0,20.8,196,40,1.0,20.8,196,40,1.0,20.8,196,40,1.0,20.8,196,40,1.0,20.8,196,40,1.0,20.8,196,40,1.0,20.8,196,40,1.0,20.8,196,40,1.0,20.8,196,40,1.0,20.8,196,40,1.0,20.8,196,40,1.0,20.8,196,40,1.0,20.8,196,40,1.0,20.8,196,40,1.0,20.8,196,40,1.0,20.8,196,40,1.0,20.8,196,40,1.0,20.8,196,40,1.0,20.8,196,40,1.0,20.8,196,40,1.0,20.8,196,40,1.0,20.8,196,40,1.0,20.8,196,40,1.0,20.8,196,40,1.0,20.8,196,40,1.0,20.8,196,40,1.0,20.8,196,40,1.0,20.8,196,40,1.0,20.8,196,40,1.0,20.8
156,78.88,0.82,2.05,0,197,41,1.0,20.7,197,41,1.0,20.7,197,41,1.0,20.7,197,41,1.0,20.7,197,41,1.0,20.7,197,41,1.0,20.7,197,41,1.0,20.7,197,41,1.0,20.7,197,41,1.0,20.7,197,41,1.0,20.7,197,41,1.0,20.7,197,41,1.0,20.7,197,41,1.0,20.7,197,41,1.0,20.7,197,41,1.0,20.7,197,41,1.0,20.7,197,41,1.0,20.7,197,41,1.0,20.7,197,41,1.0,20.7,197,41,1.0,20.7,197,41,1.0,20.7,197,41,1.0,20.7,197,41,1.0,20.7,197,41,1.0,20.7,197,41,1.0,20.7,197,41,1.0,20.7,197,41,1.0,20.7,197,41,1.0,20.7,197,41,1.0,20.7,197,41,1.0,20.7,197,41,1.0,20.7,197,41,1.0,20.7
157,79.23,0.82,2.05,0,197,43,1.0,20.5,197,43,1.0,20.5,197,43,1.0,20.5,197,43,1.0,20.5,197,43,1.0,20.5,197,43,1.0,20.5,197,43,1.0,20.5,197,43,1.0,20.5,197,43,1.0,20.5,197,43,1.0,20.5,197,43,1.0,20.5,197,43,1.0,20.5,197,43,1.0,20.5,197,43,1.0,20.5,197,43,1.0,20.5,197,43,1.0,20.5,197,43,1.0,20.5,197,43,1.0,20.5,197,43,1.0,20.5,197,43,1.0,20.5,197,43,1.0,20.5,197,43,1.0,20.5,197,43,1.0,20.5,197,43,1.0,20.5,197,43,1.0,20.5,197,43,1.0,20.5,197,43,1.0,20.5,197,43,1.0,20.5,197,43,1.0,20.5,197,43,1.0,20.5,197,43,1.0,20.5,197,43,1.0,20.5
158,79.39,0.82,2.05,0,197,43,1.0,20.5,197,43,1.0,20.5,197,43,1.0,20.5,197,43,1.0,20.5,197,43,1.0,20.5,197,43,1.0,20.5,197,43,1.0,20.5,197,43,1.0,20.5,197,43,1.0,20.5,197,43,1.0,20.5,197,43,1.0,20.5,197,43,1.0,20.5,197,43,1.0,20.5,197,43,1.0,20.5,197,43,1.0,20.5,197,43,1.0,20.5,197,43,1.0,20.5,197,43,1.0,20.5,197,43,1.0,20.5,197,43,1.0,20.5,197,43,1.0,20.5,197,43,1.0,20.5,197,43,1.0,20.5,197,43,1.0,20.5,197,43,1.0,20.5,197,43,1.0,20.5,197,43,1.0,20.5,197,43,1.0,20.5,197,43,1.0,20.5,197,43,1.0,20.5,197,43,1.0,20.5,197,43,1.0,20.5
159,80.37,0.82,2.06,0,198,44,1.0,20.5,198,44,1.0,20.5,198,44,1.0,20.5,198,44,1.0,20.5,198,44,1.0,20.5,198,44,1.0,20.5,198,44,1.0,20.5,198,44,1.0,20.5,198,44,1.0,20.5,198,44,1.0,20.5,198,44,1.0,20.5,198,44,1.0,20.5,198,44,1.0,20.5,198,44,1.0,20.5,198,44,1.0,20.5,198,44,1.0,20.5,198,44,1.0,20.5,198,44,1.0,20.5,198,44,1.0,20.5,198,44,1.0,20.5,198,44,1.0,20.5,198,44,1.0,20.5,198,44,1.0,20.5,198,44,1.0,20.5,198,44,1.0,20.5,198,44,1.0,20.5,198,44,1.0,20.5,198,44,1.0,20.5,198,44,1.0,20.5,198,44,1.0,20.5,198,44,1.0,20.5,198,44,1.0,20.5
160,81.15,0.83,2.07,0,199,45,1.0,20.4,199,45,1.0,20.4,199,45,1.0,20.4,199,45,1.0,20.4,199,45,1.0,20.4,199,45,1.0,20.4,199,45,1.0,20.4,199,45,1.0,20.4,199,45,1.0,20.4,199,45,1.0,20.4,199,45,1.0,20.4,199,45,1.0,20.4,199,45,1.0,20.4,199,45,1.0,20.4,199,45,1.0,20.4,199,45,1.0,20.4,199,45,1.0,20.4,199,45,1.0,20.4,199,45,1.0,20.4,199,45,1.0,20.4,199,45,1.0,20.4,199,45,1.0,20.4,199,45,1.0,20.4,199,45,1.0,20.4,199,45,1.0,20.4,199,45,1.0,20.4,199,45,1.0,20.4,199,45,1.0,20.4,199,45,1.0,20.4,199,45,1.0,20.4,199,45,1.0,20.4,199,45,1.0,20.4
161,82.14,0.82,2.06,0,198,46,1.0,20.3,198,46,1.0,20.3,198,46,1.0,20.3,198,46,1.0,20.3,198,46,1.0,20.3,198,46,1.0,20.3,198,46,1.0,20.3,198,46,1.0,20.3,198,46,1.0,20.3,198,46,1.0,20.3,198,46,1.0,20.3,198,46,1.0,20.3,198,46,1.0,20.3,198,46,1.0,20.3,198,46,1.0,20.3,198,46,1.0,20.3,198,46,1.0,20.3,198,46,1.0,20.3,198,46,1.0,20.3,198,46,1.0,20.3,198,46,1.0,20.3,198,46,1.0,20.3,198,46,1.0,20.3,198,46,1.0,20.3,198,46,1.0,20.3,198,46,1.0,20.3,198,46,1.0,20.3,198,46,1.0,20.3,198,46,1.0,20.3,198,46,1.0,20.3,198,46,1.0,20.3,198,46,1.0,20.3
162,82.48,0.82,2.06,0,198,49,1.0,20.0,198,49,1.0,20.0,198,49,1.0,20.0,198,49,1.0,20.0,198,49,1.0,20.0,198,49,1.0,20.0,198,49,1.0,20.0,198,49,1.0,20.0,198,49,1.0,20.0,198,49,1.0,20.0,198,49,1.0,20.0,198,49,1.0,20.0,198,49,1.0,20.0,198,49,1.0,20.0,198,49,1.0,20.0,198,49,1.0,20.0,198,49,1.0,20.0,198,49,1.0,20.0,198,49,1.0,20.0,198,49,1.0,20.0,198,49,1.0,20.0,198,49,1.0,20.0,198,49,1.0,20.0,198,49,1.0,20.0,198,49,1.0,20.0,198,49,1.0,20.0,198,49,1.0,20.0,198,49,1.0,20.0,198,49,1.0,20.0,198,49,1.0,20.0,198,49,1.0,20.0,198,49,1.0,20.0
163,83.47,0.82,2.06,0,198,49,1.0,20.0,198,49,1.0,20.0,198,49,1.0,20.0,198,49,1.0,20.0,198,49,1.0,20.0,198,49,1.0,20.0,198,49,1.0,20.0,198,49,1.0,20.0,198,49,1.0,20.0,198,49,1.0,20.0,198,49,1.0,20.0,198,49,1.0,20.0,198,49,1.0,20.0,198,49,1.0,20.0,198,49,1.0,20.0,198,49,1.0,20.0,198,49,1.0,20.0,198,49,1.0,20.0,198,49,1.0,20.0,198,49,1.0,20.0,198,49,1.0,20.0,198,49,1.0,20.0,198,49,1.0,20.0,198,49,1.0,20.0,198,49,1.0,20.0,198,49,1.0,20.0,198,49,1.0,20.0,198,49,1.0,20.0,198,49,1.0,20.0,198,49,1.0,20.0,198,49,1.0,20.0,198,49,1.0,20.0
164,83.81,0.82,2.05,0,197,50,1.0,19.9,197,50,1.0,19.9,197,50,1.0,19.9,197,50,1.0,19.9,197,50,1.0,19.9,197,50,1.0,19.9,197,50,1.0,19.9,197,50,1.0,19.9,197,50,1.0,19.9,197,50,1.0,19.9,197,50,1.0,19.9,197,50,1.0,19.9,197,50,1.0,19.9,197,50,1.0,19.9,197,50,1.0,19.9,197,50,1.0,19.9,197,50,1.0,19.9,197,50,1.0,19.9,197,50,1.0,19.9,197,50,1.0,19.9,197,50,1.0,19.9,197,50,1.0,19.9,197,50,1.0,19.9,197,50,1.0,19.9,197,50,1.0,19.9,197,50,1.0,19.9,197,50,1.0,19.9,197,50,1.0,19.9,197,50,1.0,19.9,197,50,1.0,19.9,197,50,1.0,19.9,197,50,1.0,19.9
165,84.37,0.83,2.07,0,199,50,1.0,20.0,199,50,1.0,20.0,199,50,1.0,20.0,199,50,1.0,20.0,199,50,1.0,20.0,199,50,1.0,20.0,199,50,1.0,20.0,199,50,1.0,20.0,199,50,1.0,20.0,199,50,1.0,20.0,199,50,1.0,20.0,199,50,1.0,20.0,199,50,1.0,20.0,199,50,1.0,20.0,199,50,1.0,20.0,199,50,1.0,20.0,199,50,1.0,20.0,199,50,1.0,20.0,199,50,1.0,20.0,199,50,1.0,20.0,199,50,1.0,20.0,199,50,1.0,20.0,199,50,1.0,20.0,199,50,1.0,20.0,199,50,1.0,20.0,199,50,1.0,20.0,199,50,1.0,20.0,199,50,1.0,20.0,199,50,1.0,20.0,199,50,1.0,20.0,199,50,1.0,20.0,199,50,1.0,20.0
166,85.14,0.82,2.06,0,198,51,1.0,19.9,198,51,1.0,19.9,198,51,1.0,19.9,198,51,1.0,19.9,198,51,1.0,19.9,198,51,1.0,19.9,198,51,1.0,19.9,198,51,1.0,19.9,198,51,1.0,19.9,198,51,1.0,19.9,198,51,1.0,19.9,198,51,1.0,19.9,198,51,1.0,19.9,198,51,1.0,19.9,198,51,1.0,19.9,198,51,1.0,19.9,198,51,1.0,19.9,198,51,1.0,19.9,198,51,1.0,19.9,198,51,1.0,19.9,198,51,1.0,19.9,198,51,1.0,19.9,198,51,1.0,19.9,198,51,1.0,19.9,198,51,1.0,19.9,198,51,1.0,19.9,198,51,1.0,19.9,198,51,1.0,19.9,198,51,1.0,19.9,198,51,1.0,19.9,198,51,1.0,19.9,198,51,1.0,19.9
167,85.69,0.82,2.06,0,198,52,1.0,19.8,198,52,1.0,19.8,198,52,1.0,19.8,198,52,1.0,19.8,198,52,1.0,19.8,198,52,1.0,19.8,198,52,1.0,19.8,198,52,1.0,19.8,198,52,1.0,19.8,198,52,1.0,19.8,198,52,1.0,19.8,198,52,1.0,19.8,198,52,1.0,19.8,198,52,1.0,19.8,198,52,1.0,19.8,198,52,1.0,19.8,198,52,1.0,19.8,198,52,1.0,19.8,198,52,1.0,19.8,198,52,1.0,19.8,198,52,1.0,19.8,198,52,1.0,19.8,198,52,1.0,19.8,198,52,1.0,19.8,198,52,1.0,19.8,198,52,1.0,19.8,198,52,1.0,19.8,198,52,1.0,19.8,198,52,1.0,19.8,198,52,1.0,19.8,198,52,1.0,19.8,198,52,1.0,19.8
168,85.81,0.82,2.06,0,198,54,1.0,19.6,198,54,1.0,19.6,198,54,1.0,19.6,198,54,1.0,19.6,198,54,1.0,19.6,198,54,1.0,19.6,198,54,1.0,19.6,198,54,1.0,19.6,198,54,1.0,19.6,198,54,1.0,19.6,198,54,1.0,19.6,198,54,1.0,19.6,198,54,1.0,19.6,198,54,1.0,19.6,198,54,1.0,19.6,198,54,1.0,19.6,198,54,1.0,19.6,198,54,1.0,19.6,198,54,1.0,19.6,198,54,1.0,19.6,198,54,1.0,19.6,198,54,1.0,19.6,198,54,1.0,19.6,198,54,1.0,19.6,198,54,1.0,19.6,198,54,1.0,19.6,198,54,1.0,19.6,198,54,1.0,19.6,198,54,1.0,19.6,198,54,1.0,19.6,198,54,1.0,19.6,198,54,1.0,19.6
169,86.8,0.83,2.07,0,199,53,1.0,19.7,199,53,1.0,19.7,199,53,1.0,19.7,199,53,1.0,19.7,199,53,1.0,19.7,199,53,1.0,19.7,199,53,1.0,19.7,199,53,1.0,19.7,199,53,1.0,19.7,199,53,1.0,19.7,199,53,1.0,19.7,199,53,1.0,19.7,199,53,1.0,19.7,199,53,1.0,19.7,199,53,1.0,19.7,199,53,1.0,19.7,199,53,1.0,19.7,199,53,1.0,19.7,199,53,1.0,19.7,199,53,1.0,19.7,199,53,1.0,19.7,199,53,1.0,19.7,199,53,1.0,19.7,199,53,1.0,19.7,199,53,1.0,19.7,199,53,1.0,19.7,199,53,1.0,19.7,199,53,1.0,19.7,199,53,1.0,19.7,199,53,1.0,19.7,199,53,1.0,19.7,199,53,1.0,19.7
170,87.35,0.83,2.08,0,200,52,1.0,19.8,200,52,1.0,19.8,200,52,1.0,19.8,200,52,1.0,19.8,200,52,1.0,19.8,200,52,1.0,19.8,200,52,1.0,19.8,200,52,1.0,19.8,200,52,1.0,19.8,200,52,1.0,19.8,200,52,1.0,19.8,200,52,1.0,19.8,200,52,1.0,19.8,200,52,1.0,19.8,200,52,1.0,19.8,200,52,1.0,19.8,200,52,1.0,19.8,200,52,1.0,19.8,200,52,1.0,19.8,200,52,1.0,19.8,200,52,1.0,19.8,200,52,1.0,19.8,200,52,1.0,19.8,200,52,1.0,19.8,200,52,1.0,19.8,200,52,1.0,19.8,200,52,1.0,19.8,200,52,1.0,19.8,200,52,1.0,19.8,200,52,1.0,19.8,200,52,1.0,19.8,200,52,1.0,19.8
171,87.68,0.83,2.08,0,200,51,1.0,19.9,200,51,1.0,19.9,200,51,1.0,19.9,200,51,1.0,19.9,200,51,1.0,19.9,200,51,1.0,19.9,200,51,1.0,19.9,200,51,1.0,19.9,200,51,1.0,19.9,200,51,1.0,19.9,200,51,1.0,19.9,200,51,1.0,19.9,200,51,1.0,19.9,200,51,1.0,19.9,200,51,1.0,19.9,200,51,1.0,19.9,200,51,1.0,19.9,200,51,1.0,19.9,200,51,1.0,19.9,200,51,1.0,19.9,200,51,1.0,19.9,200,51,1.0,19.9,200,51,1.0,19.9,200,51,1.0,19.9,200,51,1.0,19.9,200,51,1.0,19.9,200,51,1.0,19.9,200,51,1.0,19.9,200,51,1.0,19.9,200,51,1.0,19.9,200,51,1.0,19.9,200,51,1.0,19.9
172,87.59,0.84,2.1,0,202,52,1.0,19.9,202,52,1.0,19.9,202,52,1.0,19.9,202,52,1.0,19.9,202,52,1.0,19.9,202,52,1.0,19.9,202,52,1.0,19.9,202,52,1.0,19.9,202,52,1.0,19.9,202,52,1.0,19.9,202,52,1.0,19.9,202,52,1.0,19.9,202,52,1.0,19.9,202,52,1.0,19.9,202,52,1.0,19.9,202,52,1.0,19.9,202,52,1.0,19.9,202,52,1.0,19.9,202,52,1.0,19.9,202,52,1.0,19.9,202,52,1.0,19.9,202,52,1.0,19.9,202,52,1.0,19.9,202,52,1.0,19.9,202,52,1.0,19.9,202,52,1.0,19.9,202,52,1.0,19.9,202,52,1.0,19.9,202,52,1.0,19.9,202,52,1.0,19.9,202,52,1.0,19.9,202,52,1.0,19.9
173,88.36,0.85,2.11,0,203,52,1.0,19.9,203,52,1.0,19.9,203,52,1.0,19.9,203,52,1.0,19.9,203,52,1.0,19.9,203,52,1.0,19.9,203,52,1.0,19.9,203,52,1.0,19.9,203,52,1.0,19.9,203,52,1.0,19.9,203,52,1.0,19.9,203,52,1.0,19.9,203,52,1.0,19.9,203,52,1.0,19.9,203,52,1.0,19.9,203,52,1.0,19.9,203,52,1.0,19.9,203,52,1.0,19.9,203,52,1.0,19.9,203,52,1.0,19.9,203,52,1.0,19.9,203,52,1.0,19.9,203,52,1.0,19.9,203,52,1.0,19.9,203,52,1.0,19.9,203,52,1.0,19.9,203,52,1.0,19.9,203,52,1.0,19.9,203,52,1.0,19.9,203,52,1.0,19.9,203,52,1.0,19.9,203,52,1.0,19.9
174,89.12,0.87,2.17,0,208,47,1.0,20.4,208,47,1.0,20.4,208,47,1.0,20.4,208,47,1.0,20.4,208,47,1.0,20.4,208,47,1.0,20.4,208,47,1.0,20.4,208,47,1.0,20.4,208,47,1.0,20.4,208,47,1.0,20.4,208,47,1.0,20.4,208,47,1.0,20.4,208,47,1.0,20.4,208,47,1.0,20.4,208,47,1.0,20.4,208,47,1.0,20.4,208,47,1.0,20.4,208,47,1.0,20.4,208,47,1.0,20.4,208,47,1.0,20.4,208,47,1.0,20.4,208,47,1.0,20.4,208,47,1.0,20.4,208,47,1.0,20.4,208,47,1.0,20.4,208,47,1.0,20.4,208,47,1.0,20.4,208,47,1.0,20.4,208,47,1.0,20.4,208,47,1.0,20.4,208,47,1.0,20.4,208,47,1.0,20.4
175,89.24,0.89,2.22,0,213,43,1.0,20.8,213,43,1.0,20.8,213,43,1.0,20.8,213,43,1.0,20.8,213,43,1.0,20.8,213,43,1.0,20.8,213,43,1.0,20.8,213,43,1.0,20.8,213,43,1.0,20.8,213,43,1.0,20.8,213,43,1.0,20.8,213,43,1.0,20.8,213,43,1.0,20.8,213,43,1.0,20.8,213,43,1.0,20.8,213,43,1.0,20.8,213,43,1.0,20.8,213,43,1.0,20.8,213,43,1.0,20.8,213,43,1.0,20.8,213,43,1.0,20.8,213,43,1.0,20.8,213,43,1.0,20.8,213,43,1.0,20.8,213,43,1.0,20.8,213,43,1.0,20.8,213,43,1.0,20.8,213,43,1.0,20.8,213,43,1.0,20.8,213,43,1.0,20.8,213,43,1.0,20.8,213,43,1.0,20.8
176,90.0,0.9,2.25,0,216,40,1.0,21.1,216,40,1.0,21.1,216,40,1.0,21.1,216,40,1.0,21.1,216,40,1.0,21.1,216,40,1.0,21.1,216,40,1.0,21.1,216,40,1.0,21.1,216,40,1.0,21.1,216,40,1.0,21.1,216,40,1.0,21.1,216,40,1.0,21.1,216,40,1.0,21.1,216,40,1.0,21.1,216,40,1.0,21.1,216,40,1.0,21.1,216,40,1.0,21.1,216,40,1.0,21.1,216,40,1.0,21.1,216,40,1.0,21.1,216,40,1.0,21.1,216,40,1.0,21.1,216,40,1.0,21.1,216,40,1.0,21.1,216,40,1.0,21.1,216,40,1.0,21.1,216,40,1.0,21.1,216,40,1.0,21.1,216,40,1.0,21.1,216,40,1.0,21.1,216,40,1.0,21.1,216,40,1.0,21.1
177,90.77,0.92,2.29,0,220,35,1.0,21.6,220,35,1.0,21.6,220,35,1.0,21.6,220,35,1.0,21.6,220,35,1.0,21.6,220,35,1.0,21.6,220,35,1.0,21.6,220,35,1.0,21.6,220,35,1.0,21.6,220,35,1.0,21.6,220,35,1.0,21.6,220,35,1.0,21.6,220,35,1.0,21.6,220,35,1.0,21.6,220,35,1.0,21.6,220,35,1.0,21.6,220,35,1.0,21.6,220,35,1.0,21.6,220,35,1.0,21.6,220,35,1.0,21.6,220,35,1.0,21.6,220,35,1.0,21.6,220,35,1.0,21.6,220,35,1.0,21.6,220,35,1.0,21.6,220,35,1.0,21.6,220,35,1.0,21.6,220,35,1.0,21.6,220,35,1.0,21.6,220,35,1.0,21.6,220,35,1.0,21.6,220,35,1.0,21.6
178,91.74,0.93,2.31,0,222,34,1.0,21.7,222,34,1.0,21.7,222,34,1.0,21.7,222,34,1.0,21.7,222,34,1.0,21.7,222,34,1.0,21.7,222,34,1.0,21.7,222,34,1.0,21.7,222,34,1.0,21.7,222,34,1.0,21.7,222,34,1.0,21.7,222,34,1.0,21.7,222,34,1.0,21.7,222,34,1.0,21.7,222,34,1.0,21.7,222,34,1.0,21.7,222,34,1.0,21.7,222,34,1.0,21.7,222,34,1.0,21.7,222,34,1.0,21.7,222,34,1.0,21.7,222,34,1.0,21.7,222,34,1.0,21.7,222,34,1.0,21.7,222,34,1.0,21.7,222,34,1.0,21.7,222,34,1.0,21.7,222,34,1.0,21.7,222,34,1.0,21.7,222,34,1.0,21.7,222,34,1.0,21.7,222,34,1.0,21.7
179,92.06,0.94,2.34,0,225,33,1.0,21.8,225,33,1.0,21.8,225,33,1.0,21.8,225,33,1.0,21.8,225,33,1.0,21.8,225,33,1.0,21.8,225,33,1.0,21.8,225,33,1.0,21.8,225,33,1.0,21.8,225,33,1.0,21.8,225,33,1.0,21.8,225,33,1.0,21.8,225,33,1.0,21.8,225,33,1.0,21.8,225,33,1.0,21.8,225,33,1.0,21.8,225,33,1.0,21.8,225,33,1.0,21.8,225,33,1.0,21.8,225,33,1.0,21.8,225,33,1.0,21.8,225,33,1.0,21.8,225,33,1.0,21.8,225,33,1.0,21.8,225,33,1.0,21.8,225,33,1.0,21.8,225,33,1.0,21.8,225,33,1.0,21.8,225,33,1.0,21.8,225,33,1.0,21.8,225,33,1.0,21.8,225,33,1.0,21.8
180,92.6,0.95,2.36,0,227,32,1.0,21.9,227,32,1.0,21.9,227,32,1.0,21.9,227,32,1.0,21.9,227,32,1.0,21.9,227,32,1.0,21.9,227,32,1.0,21.9,227,32,1.0,21.9,227,32,1.0,21.9,227,32,1.0,21.9,227,32,1.0,21.9,227,32,1.0,21.9,227,32,1.0,21.9,227,32,1.0,21.9,227,32,1.0,21.9,227,32,1.0,21.9,227,32,1.0,21.9,227,32,1.0,21.9,227,32,1.0,21.9,227,32,1.0,21.9,227,32,1.0,21.9,227,32,1.0,21.9,227,32,1.0,21.9,227,32,1.0,21.9,227,32,1.0,21.9,227,32,1.0,21.9,227,32,1.0,21.9,227,32,1.0,21.9,227,32,1.0,21.9,227,32,1.0,21.9,227,32,1.0,21.9,227,32,1.0,21.9
181,93.36,0.97,2.42,0,232,27,1.0,22.4,232,27,1.0,22.4,232,27,1.0,22.4,232,27,1.0,22.4,232,27,1.0,22.4,232,27,1.0,22.4,232,27,1.0,22.4,232,27,1.0,22.4,232,27,1.0,22.4,232,27,1.0,22.4,232,27,1.0,22.4,232,27,1.0,22.4,232,27,1.0,22.4,232,27,1.0,22.4,232,27,1.0,22.4,232,27,1.0,22.4,232,27,1.0,22.4,232,27,1.0,22.4,232,27,1.0,22.4,232,27,1.0,22.4,232,27,1.0,22.4,232,27,1.0,22.4,232,27,1.0,22.4,232,27,1.0,22.4,232,27,1.0,22.4,232,27,1.0,22.4,232,27,1.0,22.4,232,27,1.0,22.4,232,27,1.0,22.4,232,27,1.0,22.4,232,27,1.0,22.4,232,27,1.0,22.4
182,94.34,0.97,2.43,0,233,26,1.0,22.5,233,26,1.0,22.5,233,26,1.0,22.5,233,26,1.0,22.5,233,26,1.0,22.5,233,26,1.0,22.5,233,26,1.0,22.5,233,26,1.0,22.5,233,26,1.0,22.5,233,26,1.0,22.5,233,26,1.0,22.5,233,26,1.0,22.5,233,26,1.0,22.5,233,26,1.0,22.5,233,26,1.0,22.5,233,26,1.0,22.5,233,26,1.0,22.5,233,26,1.0,22.5,233,26,1.0,22.5,233,26,1.0,22.5,233,26,1.0,22.5,233,26,1.0,22.5,233,26,1.0,22.5,233,26,1.0,22.5,233,26,1.0,22.5,233,26,1.0,22.5,233,26,1.0,22.5,233,26,1.0,22.5,233,26,1.0,22.5,233,26,1.0,22.5,233,26,1.0,22.5,233,26,1.0,22.5
183,95.09,0.98,2.46,0,236,22,1.0,22.9,236,22,1.0,22.9,236,22,1.0,22.9,236,22,1.0,22.9,236,22,1.0,22.9,236,22,1.0,22.9,236,22,1.0,22.9,236,22,1.0,22.9,236,22,1.0,22.9,236,22,1.0,22.9,236,22,1.0,22.9,236,22,1.0,22.9,236,22,1.0,22.9,236,22,1.0,22.9,236,22,1.0,22.9,236,22,1.0,22.9,236,22,1.0,22.9,236,22,1.0,22.9,236,22,1.0,22.9,236,22,1.0,22.9,236,22,1.0,22.9,236,22,1.0,22.9,236,22,1.0,22.9,236,22,1.0,22.9,236,22,1.0,22.9,236,22,1.0,22.9,236,22,1.0,22.9,236,22,1.0,22.9,236,22,1.0,22.9,236,22,1.0,22.9,236,22,1.0,22.9,236,22,1.0,22.9
184,95.39,0.99,2.48,0,238,20,1.0,23.1,238,20,1.0,23.1,238,20,1.0,23.1,238,20,1.0,23.1,238,20,1.0,23.1,238,20,1.0,23.1,238,20,1.0,23.1,238,20,1.0,23.1,238,20,1.0,23.1,238,20,1.0,23.1,238,20,1.0,23.1,238,20,1.0,23.1,238,20,1.0,23.1,238,20,1.0,23.1,238,20,1.0,23.1,238,20,1.0,23.1,238,20,1.0,23.1,238,20,1.0,23.1,238,20,1.0,23.1,238,20,1.0,23.1,238,20,1.0,23.1,238,20,1.0,23.1,238,20,1.0,23.1,238,20,1.0,23.1,238,20,1.0,23.1,238,20,1.0,23.1,238,20,1.0,23.1,238,20,1.0,23.1,238,20,1.0,23.1,238,20,1.0,23.1,238,20,1.0,23.1,238,20,1.0,23.1
185,95.7,0.99,2.48,0,238,21,1.0,23.0,238,21,1.0,23.0,238,21,1.0,23.0,238,21,1.0,23.0,238,21,1.0,23.0,238,21,1.0,23.0,238,21,1.0,23.0,238,21,1.0,23.0,238,21,1.0,23.0,238,21,1.0,23.0,238,21,1.0,23.0,238,21,1.0,23.0,238,21,1.0,23.0,238,21,1.0,23.0,238,21,1.0,23.0,238,21,1.0,23.0,238,21,1.0,23.0,238,21,1.0,23.0,238,21,1.0,23.0,238,21,1.0,23.0,238,21,1.0,23.0,238,21,1.0,23.0,238,21,1.0,23.0,238,21,1.0,23.0,238,21,1.0,23.0,238,21,1.0,23.0,238,21,1.0,23.0,238,21,1.0,23.0,238,21,1.0,23.0,238,21,1.0,23.0,238,21,1.0,23.0,238,21,1.0,23.0
186,96.23,1.0,2.49,0,239,19,1.0,23.2,239,19,1.0,23.2,239,19,1.0,23.2,239,19,1.0,23.2,239,19,1.0,23.2,239,19,1.0,23.2,239,19,1.0,23.2,239,19,1.0,23.2,239,19,1.0,23.2,239,19,1.0,23.2,239,19,1.0,23.2,239,19,1.0,23.2,239,19,1.0,23.2,239,19,1.0,23.2,239,19,1.0,23.2,239,19,1.0,23.2,239,19,1.0,23.2,239,19,1.0,23.2,239,19,1.0,23.2,239,19,1.0,23.2,239,19,1.0,23.2,239,19,1.0,23.2,239,19,1.0,23.2,239,19,1.0,23.2,239,19,1.0,23.2,239,19,1.0,23.2,239,19,1.0,23.2,239,19,1.0,23.2,239,19,1.0,23.2,239,19,1.0,23.2,239,19,1.0,23.2,239,19,1.0,23.2
187,96.76,1.0,2.5,0,240,18,1.0,23.3,240,18,1.0,23.3,240,18,1.0,23.3,240,18,1.0,23.3,240,18,1.0,23.3,240,18,1.0,23.3,240,18,1.0,23.3,240,18,1.0,23.3,240,18,1.0,23.3,240,18,1.0,23.3,240,18,1.0,23.3,240,18,1.0,23.3,240,18,1.0,23.3,240,18,1.0,23.3,240,18,1.0,23.3,240,18,1.0,23.3,240,18,1.0,23.3,240,18,1.0,23.3,240,18,1.0,23.3,240,18,1.0,23.3,240,18,1.0,23.3,240,18,1.0,23.3,240,18,1.0,23.3,240,18,1.0,23.3,240,18,1.0,23.3,240,18,1.0,23.3,240,18,1.0,23.3,240,18,1.0,23.3,240,18,1.0,23.3,240,18,1.0,23.3,240,18,1.0,23.3,240,18,1.0,23.3
188,97.06,1.0,2.51,0,241,18,1.0,23.3,241,18,1.0,23.3,241,18,1.0,23.3,241,18,1.0,23.3,241,18,1.0,23.3,241,18,1.0,23.3,241,18,1.0,23.3,241,18,1.0,23.3,241,18,1.0,23.3,241,18,1.0,23.3,241,18,1.0,23.3,241,18,1.0,23.3,241,18,1.0,23.3,241,18,1.0,23.3,241,18,1.0,23.3,241,18,1.0,23.3,241,18,1.0,23.3,241,18,1.0,23.3,241,18,1.0,23.3,241,18,1.0,23.3,241,18,1.0,23.3,241,18,1.0,23.3,241,18,1.0,23.3,241,18,1.0,23.3,241,18,1.0,23.3,241,18,1.0,23.3,241,18,1.0,23.3,241,18,1.0,23.3,241,18,1.0,23.3,241,18,1.0,23.3,241,18,1.0,23.3,241,18,1.0,23.3
189,97.15,1.0,2.51,0,241,20,1.0,23.1,241,20,1.0,23.1,241,20,1.0,23.1,241,20,1.0,23.1,241,20,1.0,23.1,241,20,1.0,23.1,241,20,1.0,23.1,241,20,1.0,23.1,241,20,1.0,23.1,241,20,1.0,23.1,241,20,1.0,23.1,241,20,1.0,23.1,241,20,1.0,23.1,241,20,1.0,23.1,241,20,1.0,23.1,241,20,1.0,23.1,241,20,1.0,23.1,241,20,1.0,23.1,241,20,1.0,23.1,241,20,1.0,23.1,241,20,1.0,23.1,241,20,1.0,23.1,241,20,1.0,23.1,241,20,1.0,23.1,241,20,1.0,23.1,241,20,1.0,23.1,241,20,1.0,23.1,241,20,1.0,23.1,241,20,1.0,23.1,241,20,1.0,23.1,241,20,1.0,23.1,241,20,1.0,23.1
190,97.46,1.01,2.52,0,242,19,1.0,23.2,242,19,1.0,23.2,242,19,1.0,23.2,242,19,1.0,23.2,242,19,1.0,23.2,242,19,1.0,23.2,242,19,1.0,23.2,242,19,1.0,23.2,242,19,1.0,23.2,242,19,1.0,23.2,242,19,1.0,23.2,242,19,1.0,23.2,242,19,1.0,23.2,242,19,1.0,23.2,242,19,1.0,23.2,242,19,1.0,23.2,242,19,1.0,23.2,242,19,1.0,23.2,242,19,1.0,23.2,242,19,1.0,23.2,242,19,1.0,23.2,242,19,1.0,23.2,242,19,1.0,23.2,242,19,1.0,23.2,242,19,1.0,23.2,242,19,1.0,23.2,242,19,1.0,23.2,242,19,1.0,23.2,242,19,1.0,23.2,242,19,1.0,23.2,242,19,1.0,23.2,242,19,1.0,23.2
191,98.44,0.99,2.47,0,237,18,1.0,23.2,237,18,1.0,23.2,237,18,1.0,23.2,237,18,1.0,23.2,237,18,1.0,23.2,237,18,1.0,23.2,237,18,1.0,23.2,237,18,1.0,23.2,237,18,1.0,23.2,237,18,1.0,23.2,237,18,1.0,23.2,237,18,1.0,23.2,237,18,1.0,23.2,237,18,1.0,23.2,237,18,1.0,23.2,237,18,1.0,23.2,237,18,1.0,23.2,237,18,1.0,23.2,237,18,1.0,23.2,237,18,1.0,23.2,237,18,1.0,23.2,237,18,1.0,23.2,237,18,1.0,23.2,237,18,1.0,23.2,237,18,1.0,23.2,237,18,1.0,23.2,237,18,1.0,23.2,237,18,1.0,23.2,237,18,1.0,23.2,237,18,1.0,23.2,237,18,1.0,23.2,237,18,1.0,23.2
192,99.41,0.97,2.43,0,233,23,1.0,22.8,233,23,1.0,22.8,233,23,1.0,22.8,233,23,1.0,22.8,233,23,1.0,22.8,233,23,1.0,22.8,233,23,1.0,22.8,233,23,1.0,22.8,233,23,1.0,22.8,233,23,1.0,22.8,233,23,1.0,22.8,233,23,1.0,22.8,233,23,1.0,22.8,233,23,1.0,22.8,233,23,1.0,22.8,233,23,1.0,22.8,233,23,1.0,22.8,233,23,1.0,22.8,233,23,1.0,22.8,233,23,1.0,22.8,233,23,1.0,22.8,233,23,1.0,22.8,233,23,1.0,22.8,233,23,1.0,22.8,233,23,1.0,22.8,233,23,1.0,22.8,233,23,1.0,22.8,233,23,1.0,22.8,233,23,1.0,22.8,233,23,1.0,22.8,233,23,1.0,22.8,233,23,1.0,22.8
193,99.94,0.96,2.41,0,231,25,1.0,22.6,231,25,1.0,22.6,231,25,1.0,22.6,231,25,1.0,22.6,231,25,1.0,22.6,231,25,1.0,22.6,231,25,1.0,22.6,231,25,1.0,22.6,231,25,1.0,22.6,231,25,1.0,22.6,231,25,1.0,22.6,231,25,1.0,22.6,231,25,1.0,22.6,231,25,1.0,22.6,231,25,1.0,22.6,231,25,1.0,22.6,231,25,1.0,22.6,231,25,1.0,22.6,231,25,1.0,22.6,231,25,1.0,22.6,231,25,1.0,22.6,231,25,1.0,22.6,231,25,1.0,22.6,231,25,1.0,22.6,231,25,1.0,22.6,231,25,1.0,22.6,231,25,1.0,22.6,231,25,1.0,22.6,231,25,1.0,22.6,231,25,1.0,22.6,231,25,1.0,22.6,231,25,1.0,22.6
194,100.24,0.96,2.41,0,231,25,1.0,22.6,231,25,1.0,22.6,231,25,1.0,22.6,231,25,1.0,22.6,231,25,1.0,22.6,231,25,1.0,22.6,231,25,1.0,22.6,231,25,1.0,22.6,231,25,1.0,22.6,231,25,1.0,22.6,231,25,1.0,22.6,231,25,1.0,22.6,231,25,1.0,22.6,231,25,1.0,22.6,231,25,1.0,22.6,231,25,1.0,22.6,231,25,1.0,22.6,231,25,1.0,22.6,231,25,1.0,22.6,231,25,1.0,22.6,231,25,1.0,22.6,231,25,1.0,22.6,231,25,1.0,22.6,231,25,1.0,22.6,231,25,1.0,22.6,231,25,1.0,22.6,231,25,1.0,22.6,231,25,1.0,22.6,231,25,1.0,22.6,231,25,1.0,22.6,231,25,1.0,22.6,231,25,1.0,22.6
195,101.22,0.96,2.4,0,230,28,1.0,22.3,230,28,1.0,22.3,230,28,1.0,22.3,230,28,1.0,22.3,230,28,1.0,22.3,230,28,1.0,22.3,230,28,1.0,22.3,230,28,1.0,22.3,230,28,1.0,22.3,230,28,1.0,22.3,230,28,1.0,22.3,230,28,1.0,22.3,230,28,1.0,22.3,230,28,1.0,22.3,230,28,1.0,22.3,230,28,1.0,22.3,230,28,1.0,22.3,230,28,1.0,22.3,230,28,1.0,22.3,230,28,1.0,22.3,230,28,1.0,22.3,230,28,1.0,22.3,230,28,1.0,22.3,230,28,1.0,22.3,230,28,1.0,22.3,230,28,1.0,22.3,230,28,1.0,22.3,230,28,1.0,22.3,230,28,1.0,22.3,230,28,1.0,22.3,230,28,1.0,22.3,230,28,1.0,22.3
196,102.2,0.95,2.38,0,228,30,1.0,22.1,228,30,1.0,22.1,228,30,1.0,22.1,228,30,1.0,22.1,228,30,1.0,22.1,228,30,1.0,22.1,228,30,1.0,22.1,228,30,1.0,22.1,228,30,1.0,22.1,228,30,1.0,22.1,228,30,1.0,22.1,228,30,1.0,22.1,228,30,1.0,22.1,228,30,1.0,22.1,228,30,1.0,22.1,228,30,1.0,22.1,228,30,1.0,22.1,228,30,1.0,22.1,228,30,1.0,22.1,228,30,1.0,22.1,228,30,1.0,22.1,228,30,1.0,22.1,228,30,1.0,22.1,228,30,1.0,22.1,228,30,1.0,22.1,228,30,1.0,22.1,228,30,1.0,22.1,228,30,1.0,22.1,228,30,1.0,22.1,228,30,1.0,22.1,228,30,1.0,22.1,228,30,1.0,22.1
197,102.94,0.95,2.38,0,228,30,1.0,22.1,228,30,1.0,22.1,228,30,1.0,22.1,228,30,1.0,22.1,228,30,1.0,22.1,228,30,1.0,22.1,228,30,1.0,22.1,228,30,1.0,22.1,228,30,1.0,22.1,228,30,1.0,22.1,228,30,1.0,22.1,228,30,1.0,22.1,228,30,1.0,22.1,228,30,1.0,22.1,228,30,1.0,22.1,228,30,1.0,22.1,228,30,1.0,22.1,228,30,1.0,22.1,228,30,1.0,22.1,228,30,1.0,22.1,228,30,1.0,22.1,228,30,1.0,22.1,228,30,1.0,22.1,228,30,1.0,22.1,228,30,1.0,22.1,228,30,1.0,22.1,228,30,1.0,22.1,228,30,1.0,22.1,228,30,1.0,22.1,228,30,1.0,22.1,228,30,1.0,22.1,228,30,1.0,22.1
198,103.23,0.95,2.39,0,229,31,1.0,22.0,229,31,1.0,22.0,229,31,1.0,22.0,229,31,1.0,22.0,229,31,1.0,22.0,229,31,1.0,22.0,229,31,1.0,22.0,229,31,1.0,22.0,229,31,1.0,22.0,229,31,1.0,22.0,229,31,1.0,22.0,229,31,1.0,22.0,229,31,1.0,22.0,229,31,1.0,22.0,229,31,1.0,22.0,229,31,1.0,22.0,229,31,1.0,22.0,229,31,1.0,22.0,229,31,1.0,22.0,229,31,1.0,22.0,229,31,1.0,22.0,229,31,1.0,22.0,229,31,1.0,22.0,229,31,1.0,22.0,229,31,1.0,22.0,229,31,1.0,22.0,229,31,1.0,22.0,229,31,1.0,22.0,229,31,1.0,22.0,229,31,1.0,22.0,229,31,1.0,22.0,229,31,1.0,22.0
199,103.52,0.95,2.36,0,227,34,1.0,21.7,227,34,1.0,21.7,227,34,1.0,21.7,227,34,1.0,21.7,227,34,1.0,21.7,227,34,1.0,21.7,227,34,1.0,21.7,227,34,1.0,21.7,227,34,1.0,21.7,227,34,1.0,21.7,227,34,1.0,21.7,227,34,1.0,21.7,227,34,1.0,21.7,227,34,1.0,21.7,227,34,1.0,21.7,227,34,1.0,21.7,227,34,1.0,21.7,227,34,1.0,21.7,227,34,1.0,21.7,227,34,1.0,21.7,227,34,1.0,21.7,227,34,1.0,21.7,227,34,1.0,21.7,227,34,1.0,21.7,227,34,1.0,21.7,227,34,1.0,21.7,227,34,1.0,21.7,227,34,1.0,21.7,227,34,1.0,21.7,227,34,1.0,21.7,227,34,1.0,21.7,227,34,1.0,21.7
200,104.27,0.95,2.36,0,227,37,1.0,21.5,227,37,1.0,21.5,227,37,1.0,21.5,227,37,1.0,21.5,227,37,1.0,21.5,227,37,1.0,21.5,227,37,1.0,21.5,227,37,1.0,21.5,227,37,1.0,21.5,227,37,1.0,21.5,227,37,1.0,21.5,227,37,1.0,21.5,227,37,1.0,21.5,227,37,1.0,21.5,227,37,1.0,21.5,227,37,1.0,21.5,227,37,1.0,21.5,227,37,1.0,21.5,227,37,1.0,21.5,227,37,1.0,21.5,227,37,1.0,21.5,227,37,1.0,21.5,227,37,1.0,21.5,227,37,1.0,21.5,227,37,1.0,21.5,227,37,1.0,21.5,227,37,1.0,21.5,227,37,1.0,21.5,227,37,1.0,21.5,227,37,1.0,21.5,227,37,1.0,21.5,227,37,1.0,21.5
201,105.02,0.95,2.39,0,229,35,1.0,21.7,229,35,1.0,21.7,229,35,1.0,21.7,229,35,1.0,21.7,229,35,1.0,21.7,229,35,1.0,21.7,229,35,1.0,21.7,229,35,1.0,21.7,229,35,1.0,21.7,229,35,1.0,21.7,229,35,1.0,21.7,229,35,1.0,21.7,229,35,1.0,21.7,229,35,1.0,21.7,229,35,1.0,21.7,229,35,1.0,21.7,229,35,1.0,21.7,229,35,1.0,21.7,229,35,1.0,21.7,229,35,1.0,21.7,229,35,1.0,21.7,229,35,1.0,21.7,229,35,1.0,21.7,229,35,1.0,21.7,229,35,1.0,21.7,229,35,1.0,21.7,229,35,1.0,21.7,229,35,1.0,21.7,229,35,1.0,21.7,229,35,1.0,21.7,229,35,1.0,21.7,229,35,1.0,21.7
202,105.53,0.95,2.38,0,228,37,1.0,21.5,228,37,1.0,21.5,228,37,1.0,21.5,228,37,1.0,21.5,228,37,1.0,21.5,228,37,1.0,21.5,228,37,1.0,21.5,228,37,1.0,21.5,228,37,1.0,21.5,228,37,1.0,21.5,228,37,1.0,21.5,228,37,1.0,21.5,228,37,1.0,21.5,228,37,1.0,21.5,228,37,1.0,21.5,228,37,1.0,21.5,228,37,1.0,21.5,228,37,1.0,21.5,228,37,1.0,21.5,228,37,1.0,21.5,228,37,1.0,21.5,228,37,1.0,21.5,228,37,1.0,21.5,228,37,1.0,21.5,228,37,1.0,21.5,228,37,1.0,21.5,228,37,1.0,21.5,228,37,1.0,21.5,228,37,1.0,21.5,228,37,1.0,21.5,228,37,1.0,21.5,228,37,1.0,21.5
203,106.05,0.95,2.36,0,227,40,1.0,21.3,227,40,1.0,21.3,227,40,1.0,21.3,227,40,1.0,21.3,227,40,1.0,21.3,227,40,1.0,21.3,227,40,1.0,21.3,227,40,1.0,21.3,227,40,1.0,21.3,227,40,1.0,21.3,227,40,1.0,21.3,227,40,1.0,21.3,227,40,1.0,21.3,227,40,1.0,21.3,227,40,1.0,21.3,227,40,1.0,21.3,227,40,1.0,21.3,227,40,1.0,21.3,227,40,1.0,21.3,227,40,1.0,21.3,227,40,1.0,21.3,227,40,1.0,21.3,227,40,1.0,21.3,227,40,1.0,21.3,227,40,1.0,21.3,227,40,1.0,21.3,227,40,1.0,21.3,227,40,1.0,21.3,227,40,1.0,21.3,227,40,1.0,21.3,227,40,1.0,21.3,227,40,1.0,21.3
204,106.8,0.95,2.38,0,228,38,1.0,21.4,228,38,1.0,21.4,228,38,1.0,21.4,228,38,1.0,21.4,228,38,1.0,21.4,228,38,1.0,21.4,228,38,1.0,21.4,228,38,1.0,21.4,228,38,1.0,21.4,228,38,1.0,21.4,228,38,1.0,21.4,228,38,1.0,21.4,228,38,1.0,21.4,228,38,1.0,21.4,228,38,1.0,21.4,228,38,1.0,21.4,228,38,1.0,21.4,228,38,1.0,21.4,228,38,1.0,21.4,228,38,1.0,21.4,228,38,1.0,21.4,228,38,1.0,21.4,228,38,1.0,21.4,228,38,1.0,21.4,228,38,1.0,21.4,228,38,1.0,21.4,228,38,1.0,21.4,228,38,1.0,21.4,228,38,1.0,21.4,228,38,1.0,21.4,228,38,1.0,21.4,228,38,1.0,21.4
205,107.31,0.95,2.39,0,229,39,1.0,21.4,229,39,1.0,21.4,229,39,1.0,21.4,229,39,1.0,21.4,229,39,1.0,21.4,229,39,1.0,21.4,229,39,1.0,21.4,229,39,1.0,21.4,229,39,1.0,21.4,229,39,1.0,21.4,229,39,1.0,21.4,229,39,1.0,21.4,229,39,1.0,21.4,229,39,1.0,21.4,229,39,1.0,21.4,229,39,1.0,21.4,229,39,1.0,21.4,229,39,1.0,21.4,229,39,1.0,21.4,229,39,1.0,21.4,229,39,1.0,21.4,229,39,1.0,21.4,229,39,1.0,21.4,229,39,1.0,21.4,229,39,1.0,21.4,229,39,1.0,21.4,229,39,1.0,21.4,229,39,1.0,21.4,229,39,1.0,21.4,229,39,1.0,21.4,229,39,1.0,21.4,229,39,1.0,21.4
206,107.59,0.96,2.4,0,230,40,1.0,21.3,230,40,1.0,21.3,230,40,1.0,21.3,230,40,1.0,21.3,230,40,1.0,21.3,230,40,1.0,21.3,230,40,1.0,21.3,230,40,1.0,21.3,230,40,1.0,21.3,230,40,1.0,21.3,230,40,1.0,21.3,230,40,1.0,21.3,230,40,1.0,21.3,230,40,1.0,21.3,230,40,1.0,21.3,230,40,1.0,21.3,230,40,1.0,21.3,230,40,1.0,21.3,230,40,1.0,21.3,230,40,1.0,21.3,230,40,1.0,21.3,230,40,1.0,21.3,230,40,1.0,21.3,230,40,1.0,21.3,230,40,1.0,21.3,230,40,1.0,21.3,230,40,1.0,21.3,230,40,1.0,21.3,230,40,1.0,21.3,230,40,1.0,21.3,230,40,1.0,21.3,230,40,1.0,21.3
207,108.11,0.96,2.41,0,231,39,1.0,21.4,231,39,1.0,21.4,231,39,1.0,21.4,231,39,1.0,21.4,231,39,1.0,21.4,231,39,1.0,21.4,231,39,1.0,21.4,231,39,1.0,21.4,231,39,1.0,21.4,231,39,1.0,21.4,231,39,1.0,21.4,231,39,1.0,21.4,231,39,1.0,21.4,231,39,1.0,21.4,231,39,1.0,21.4,231,39,1.0,21.4,231,39,1.0,21.4,231,39,1.0,21.4,231,39,1.0,21.4,231,39,1.0,21.4,231,39,1.0,21.4,231,39,1.0,21.4,231,39,1.0,21.4,231,39,1.0,21.4,231,39,1.0,21.4,231,39,1.0,21.4,231,39,1.0,21.4,231,39,1.0,21.4,231,39,1.0,21.4,231,39,1.0,21.4,231,39,1.0,21.4,231,39,1.0,21.4
208,108.62,0.98,2.45,0,235,35,1.0,21.8,235,35,1.0,21.8,235,35,1.0,21.8,235,35,1.0,21.8,235,35,1.0,21.8,235,35,1.0,21.8,235,35,1.0,21.8,235,35,1.0,21.8,235,35,1.0,21.8,235,35,1.0,21.8,235,35,1.0,21.8,235,35,1.0,21.8,235,35,1.0,21.8,235,35,1.0,21.8,235,35,1.0,21.8,235,35,1.0,21.8,235,35,1.0,21.8,235,35,1.0,21.8,235,35,1.0,21.8,235,35,1.0,21.8,235,35,1.0,21.8,235,35,1.0,21.8,235,35,1.0,21.8,235,35,1.0,21.8,235,35,1.0,21.8,235,35,1.0,21.8,235,35,1.0,21.8,235,35,1.0,21.8,235,35,1.0,21.8,235,35,1.0,21.8,235,35,1.0,21.8,235,35,1.0,21.8
209,109.37,0.97,2.44,0,234,38,1.0,21.5,234,38,1.0,21.5,234,38,1.0,21.5,234,38,1.0,21.5,234,38,1.0,21.5,234,38,1.0,21.5,234,38,1.0,21.5,234,38,1.0,21.5,234,38,1.0,21.5,234,38,1.0,21.5,234,38,1.0,21.5,234,38,1.0,21.5,234,38,1.0,21.5,234,38,1.0,21.5,234,38,1.0,21.5,234,38,1.0,21.5,234,38,1.0,21.5,234,38,1.0,21.5,234,38,1.0,21.5,234,38,1.0,21.5,234,38,1.0,21.5,234,38,1.0,21.5,234,38,1.0,21.5,234,38,1.0,21.5,234,38,1.0,21.5,234,38,1.0,21.5,234,38,1.0,21.5,234,38,1.0,21.5,234,38,1.0,21.5,234,38,1.0,21.5,234,38,1.0,21.5,234,38,1.0,21.5
210,109.65,0.98,2.46,0,236,36,1.0,21.7,236,36,1.0,21.7,236,36,1.0,21.7,236,36,1.0,21.7,236,36,1.0,21.7,236,36,1.0,21.7,236,36,1.0,21.7,236,36,1.0,21.7,236,36,1.0,21.7,236,36,1.0,21.7,236,36,1.0,21.7,236,36,1.0,21.7,236,36,1.0,21.7,236,36,1.0,21.7,236,36,1.0,21.7,236,36,1.0,21.7,236,36,1.0,21.7,236,36,1.0,21.7,236,36,1.0,21.7,236,36,1.0,21.7,236,36,1.0,21.7,236,36,1.0,21.7,236,36,1.0,21.7,236,36,1.0,21.7,236,36,1.0,21.7,236,36,1.0,21.7,236,36,1.0,21.7,236,36,1.0,21.7,236,36,1.0,21.7,236,36,1.0,21.7,236,36,1.0,21.7,236,36,1.0,21.7
211,109.71,0.99,2.48,0,238,36,1.0,21.7,238,36,1.0,21.7,238,36,1.0,21.7,238,36,1.0,21.7,238,36,1.0,21.7,238,36,1.0,21.7,238,36,1.0,21.7,238,36,1.0,21.7,238,36,1.0,21.7,238,36,1.0,21.7,238,36,1.0,21.7,238,36,1.0,21.7,238,36,1.0,21.7,238,36,1.0,21.7,238,36,1.0,21.7,238,36,1.0,21.7,238,36,1.0,21.7,238,36,1.0,21.7,238,36,1.0,21.7,238,36,1.0,21.7,238,36,1.0,21.7,238,36,1.0,21.7,238,36,1.0,21.7,238,36,1.0,21.7,238,36,1.0,21.7,238,36,1.0,21.7,238,36,1.0,21.7,238,36,1.0,21.7,238,36,1.0,21.7,238,36,1.0,21.7,238,36,1.0,21.7,238,36,1.0,21.7
212,110.69,0.99,2.47,0,237,38,1.0,21.5,237,38,1.0,21.5,237,38,1.0,21.5,237,38,1.0,21.5,237,38,1.0,21.5,237,38,1.0,21.5,237,38,1.0,21.5,237,38,1.0,21.5,237,38,1.0,21.5,237,38,1.0,21.5,237,38,1.0,21.5,237,38,1.0,21.5,237,38,1.0,21.5,237,38,1.0,21.5,237,38,1.0,21.5,237,38,1.0,21.5,237,38,1.0,21.5,237,38,1.0,21.5,237,38,1.0,21.5,237,38,1.0,21.5,237,38,1.0,21.5,237,38,1.0,21.5,237,38,1.0,21.5,237,38,1.0,21.5,237,38,1.0,21.5,237,38,1.0,21.5,237,38,1.0,21.5,237,38,1.0,21.5,237,38,1.0,21.5,237,38,1.0,21.5,237,38,1.0,21.5,237,38,1.0,21.5
213,111.43,0.99,2.48,0,238,37,1.0,21.6,238,37,1.0,21.6,238,37,1.0,21.6,238,37,1.0,21.6,238,37,1.0,21.6,238,37,1.0,21.6,238,37,1.0,21.6,238,37,1.0,21.6,238,37,1.0,21.6,238,37,1.0,21.6,238,37,1.0,21.6,238,37,1.0,21.6,238,37,1.0,21.6,238,37,1.0,21.6,238,37,1.0,21.6,238,37,1.0,21.6,238,37,1.0,21.6,238,37,1.0,21.6,238,37,1.0,21.6,238,37,1.0,21.6,238,37,1.0,21.6,238,37,1.0,21.6,238,37,1.0,21.6,238,37,1.0,21.6,238,37,1.0,21.6,238,37,1.0,21.6,238,37,1.0,21.6,238,37,1.0,21.6,238,37,1.0,21.6,238,37,1.0,21.6,238,37,1.0,21.6,238,37,1.0,21.6
214,112.18,1.0,2.49,0,239,37,1.0,21.6,239,37,1.0,21.6,239,37,1.0,21.6,239,37,1.0,21.6,239,37,1.0,21.6,239,37,1.0,21.6,239,37,1.0,21.6,239,37,1.0,21.6,239,37,1.0,21.6,239,37,1.0,21.6,239,37,1.0,21.6,239,37,1.0,21.6,239,37,1.0,21.6,239,37,1.0,21.6,239,37,1.0,21.6,239,37,1.0,21.6,239,37,1.0,21.6,239,37,1.0,21.6,239,37,1.0,21.6,239,37,1.0,21.6,239,37,1.0,21.6,239,37,1.0,21.6,239,37,1.0,21.6,239,37,1.0,21.6,239,37,1.0,21.6,239,37,1.0,21.6,239,37,1.0,21.6,239,37,1.0,21.6,239,37,1.0,21.6,239,37,1.0,21.6,239,37,1.0,21.6,239,37,1.0,21.6
215,112.69,1.0,2.5,0,240,37,1.0,21.7,240,37,1.0,21.7,240,37,1.0,21.7,240,37,1.0,21.7,240,37,1.0,21.7,240,37,1.0,21.7,240,37,1.0,21.7,240,37,1.0,21.7,240,37,1.0,21.7,240,37,1.0,21.7,240,37,1.0,21.7,240,37,1.0,21.7,240,37,1.0,21.7,240,37,1.0,21.7,240,37,1.0,21.7,240,37,1.0,21.7,240,37,1.0,21.7,240,37,1.0,21.7,240,37,1.0,21.7,240,37,1.0,21.7,240,37,1.0,21.7,240,37,1.0,21.7,240,37,1.0,21.7,240,37,1.0,21.7,240,37,1.0,21.7,240,37,1.0,21.7,240,37,1.0,21.7,240,37,1.0,21.7,240,37,1.0,21.7,240,37,1.0,21.7,240,37,1.0,21.7,240,37,1.0,21.7
216,112.97,1.0,2.51,0,241,36,1.0,21.8,241,36,1.0,21.8,241,36,1.0,21.8,241,36,1.0,21.8,241,36,1.0,21.8,241,36,1.0,21.8,241,36,1.0,21.8,241,36,1.0,21.8,241,36,1.0,21.8,241,36,1.0,21.8,241,36,1.0,21.8,241,36,1.0,21.8,241,36,1.0,21.8,241,36,1.0,21.8,241,36,1.0,21.8,241,36,1.0,21.8,241,36,1.0,21.8,241,36,1.0,21.8,241,36,1.0,21.8,241,36,1.0,21.8,241,36,1.0,21.8,241,36,1.0,21.8,241,36,1.0,21.8,241,36,1.0,21.8,241,36,1.0,21.8,241,36,1.0,21.8,241,36,1.0,21.8,241,36,1.0,21.8,241,36,1.0,21.8,241,36,1.0,21.8,241,36,1.0,21.8,241,36,1.0,21.8
217,113.25,1.01,2.53,0,243,33,1.0,22.0,243,33,1.0,22.0,243,33,1.0,22.0,243,33,1.0,22.0,243,33,1.0,22.0,243,33,1.0,22.0,243,33,1.0,22.0,243,33,1.0,22.0,243,33,1.0,22.0,243,33,1.0,22.0,243,33,1.0,22.0,243,33,1.0,22.0,243,33,1.0,22.0,243,33,1.0,22.0,243,33,1.0,22.0,243,33,1.0,22.0,243,33,1.0,22.0,243,33,1.0,22.0,243,33,1.0,22.0,243,33,1.0,22.0,243,33,1.0,22.0,243,33,1.0,22.0,243,33,1.0,22.0,243,33,1.0,22.0,243,33,1.0,22.0,243,33,1.0,22.0,243,33,1.0,22.0,243,33,1.0,22.0,243,33,1.0,22.0,243,33,1.0,22.0,243,33,1.0,22.0,243,33,1.0,22.0
218,113.53,1.02,2.54,0,244,34,1.0,21.9,244,34,1.0,21.9,244,34,1.0,21.9,244,34,1.0,21.9,244,34,1.0,21.9,244,34,1.0,21.9,244,34,1.0,21.9,244,34,1.0,21.9,244,34,1.0,21.9,244,34,1.0,21.9,244,34,1.0,21.9,244,34,1.0,21.9,244,34,1.0,21.9,244,34,1.0,21.9,244,34,1.0,21.9,244,34,1.0,21.9,244,34,1.0,21.9,244,34,1.0,21.9,244,34,1.0,21.9,244,34,1.0,21.9,244,34,1.0,21.9,244,34,1.0,21.9,244,34,1.0,21.9,244,34,1.0,21.9,244,34,1.0,21.9,244,34,1.0,21.9,244,34,1.0,21.9,244,34,1.0,21.9,244,34,1.0,21.9,244,34,1.0,21.9,244,34,1.0,21.9,244,34,1.0,21.9
219,114.28,1.02,2.54,0,244,34,1.0,21.9,244,34,1.0,21.9,244,34,1.0,21.9,244,34,1.0,21.9,244,34,1.0,21.9,244,34,1.0,21.9,244,34,1.0,21.9,244,34,1.0,21.9,244,34,1.0,21.9,244,34,1.0,21.9,244,34,1.0,21.9,244,34,1.0,21.9,244,34,1.0,21.9,244,34,1.0,21.9,244,34,1.0,21.9,244,34,1.0,21.9,244,34,1.0,21.9,244,34,1.0,21.9,244,34,1.0,21.9,244,34,1.0,21.9,244,34,1.0,21.9,244,34,1.0,21.9,244,34,1.0,21.9,244,34,1.0,21.9,244,34,1.0,21.9,244,34,1.0,21.9,244,34,1.0,21.9,244,34,1.0,21.9,244,34,1.0,21.9,244,34,1.0,21.9,244,34,1.0,21.9,244,34,1.0,21.9
220,114.79,1.02,2.56,0,246,32,1.0,22.1,246,32,1.0,22.1,246,32,1.0,22.1,246,32,1.0,22.1,246,32,1.0,22.1,246,32,1.0,22.1,246,32,1.0,22.1,246,32,1.0,22.1,246,32,1.0,22.1,246,32,1.0,22.1,246,32,1.0,22.1,246,32,1.0,22.1,246,32,1.0,22.1,246,32,1.0,22.1,246,32,1.0,22.1,246,32,1.0,22.1,246,32,1.0,22.1,246,32,1.0,22.1,246,32,1.0,22.1,246,32,1.0,22.1,246,32,1.0,22.1,246,32,1.0,22.1,246,32,1.0,22.1,246,32,1.0,22.1,246,32,1.0,22.1,246,32,1.0,22.1,246,32,1.0,22.1,246,32,1.0,22.1,246,32,1.0,22.1,246,32,1.0,22.1,246,32,1.0,22.1,246,32,1.0,22.1
221,115.54,1.03,2.58,0,248,27,1.0,22.5,248,27,1.0,22.5,248,27,1.0,22.5,248,27,1.0,22.5,248,27,1.0,22.5,248,27,1.0,22.5,248,27,1.0,22.5,248,27,1.0,22.5,248,27,1.0,22.5,248,27,1.0,22.5,248,27,1.0,22.5,248,27,1.0,22.5,248,27,1.0,22.5,248,27,1.0,22.5,248,27,1.0,22.5,248,27,1.0,22.5,248,27,1.0,22.5,248,27,1.0,22.5,248,27,1.0,22.5,248,27,1.0,22.5,248,27,1.0,22.5,248,27,1.0,22.5,248,27,1.0,22.5,248,27,1.0,22.5,248,27,1.0,22.5,248,27,1.0,22.5,248,27,1.0,22.5,248,27,1.0,22.5,248,27,1.0,22.5,248,27,1.0,22.5,248,27,1.0,22.5,248,27,1.0,22.5
222,116.05,1.03,2.58,0,248,30,1.0,22.3,248,30,1.0,22.3,248,30,1.0,22.3,248,30,1.0,22.3,248,30,1.0,22.3,248,30,1.0,22.3,248,30,1.0,22.3,248,30,1.0,22.3,248,30,1.0,22.3,248,30,1.0,22.3,248,30,1.0,22.3,248,30,1.0,22.3,248,30,1.0,22.3,248,30,1.0,22.3,248,30,1.0,22.3,248,30,1.0,22.3,248,30,1.0,22.3,248,30,1.0,22.3,248,30,1.0,22.3,248,30,1.0,22.3,248,30,1.0,22.3,248,30,1.0,22.3,248,30,1.0,22.3,248,30,1.0,22.3,248,30,1.0,22.3,248,30,1.0,22.3,248,30,1.0,22.3,248,30,1.0,22.3,248,30,1.0,22.3,248,30,1.0,22.3,248,30,1.0,22.3,248,30,1.0,22.3
223,116.79,1.05,2.61,0,251,28,1.0,22.5,251,28,1.0,22.5,251,28,1.0,22.5,251,28,1.0,22.5,251,28,1.0,22.5,251,28,1.0,22.5,251,28,1.0,22.5,251,28,1.0,22.5,251,28,1.0,22.5,251,28,1.0,22.5,251,28,1.0,22.5,251,28,1.0,22.5,251,28,1.0,22.5,251,28,1.0,22.5,251,28,1.0,22.5,251,28,1.0,22.5,251,28,1.0,22.5,251,28,1.0,22.5,251,28,1.0,22.5,251,28,1.0,22.5,251,28,1.0,22.5,251,28,1.0,22.5,251,28,1.0,22.5,251,28,1.0,22.5,251,28,1.0,22.5,251,28,1.0,22.5,251,28,1.0,22.5,251,28,1.0,22.5,251,28,1.0,22.5,251,28,1.0,22.5,251,28,1.0,22.5,251,28,1.0,22.5
224,117.06,1.05,2.64,0,253,24,1.0,22.8,253,24,1.0,22.8,253,24,1.0,22.8,253,24,1.0,22.8,253,24,1.0,22.8,253,24,1.0,22.8,253,24,1.0,22.8,253,24,1.0,22.8,253,24,1.0,22.8,253,24,1.0,22.8,253,24,1.0,22.8,253,24,1.0,22.8,253,24,1.0,22.8,253,24,1.0,22.8,253,24,1.0,22.8,253,24,1.0,22.8,253,24,1.0,22.8,253,24,1.0,22.8,253,24,1.0,22.8,253,24,1.0,22.8,253,24,1.0,22.8,253,24,1.0,22.8,253,24,1.0,22.8,253,24,1.0,22.8,253,24,1.0,22.8,253,24,1.0,22.8,253,24,1.0,22.8,253,24,1.0,22.8,253,24,1.0,22.8,253,24,1.0,22.8,253,24,1.0,22.8,253,24,1.0,22.8
225,117.34,1.07,2.67,0,256,23,1.0,22.9,256,23,1.0,22.9,256,23,1.0,22.9,256,23,1.0,22.9,256,23,1.0,22.9,256,23,1.0,22.9,256,23,1.0,22.9,256,23,1.0,22.9,256,23,1.0,22.9,256,23,1.0,22.9,256,23,1.0,22.9,256,23,1.0,22.9,256,23,1.0,22.9,256,23,1.0,22.9,256,23,1.0,22.9,256,23,1.0,22.9,256,23,1.0,22.9,256,23,1.0,22.9,256,23,1.0,22.9,256,23,1.0,22.9,256,23,1.0,22.9,256,23,1.0,22.9,256,23,1.0,22.9,256,23,1.0,22.9,256,23,1.0,22.9,256,23,1.0,22.9,256,23,1.0,22.9,256,23,1.0,22.9,256,23,1.0,22.9,256,23,1.0,22.9,256,23,1.0,22.9,256,23,1.0,22.9
226,118.31,1.07,2.68,0,257,22,1.0,23.0,257,22,1.0,23.0,257,22,1.0,23.0,257,22,1.0,23.0,257,22,1.0,23.0,257,22,1.0,23.0,257,22,1.0,23.0,257,22,1.0,23.0,257,22,1.0,23.0,257,22,1.0,23.0,257,22,1.0,23.0,257,22,1.0,23.0,257,22,1.0,23.0,257,22,1.0,23.0,257,22,1.0,23.0,257,22,1.0,23.0,257,22,1.0,23.0,257,22,1.0,23.0,257,22,1.0,23.0,257,22,1.0,23.0,257,22,1.0,23.0,257,22,1.0,23.0,257,22,1.0,23.0,257,22,1.0,23.0,257,22,1.0,23.0,257,22,1.0,23.0,257,22,1.0,23.0,257,22,1.0,23.0,257,22,1.0,23.0,257,22,1.0,23.0,257,22,1.0,23.0,257,22,1.0,23.0
227,119.05,1.08,2.71,0,260,18,1.0,23.4,260,18,1.0,23.4,260,18,1.0,23.4,260,18,1.0,23.4,260,18,1.0,23.4,260,18,1.0,23.4,260,18,1.0,23.4,260,18,1.0,23.4,260,18,1.0,23.4,260,18,1.0,23.4,260,18,1.0,23.4,260,18,1.0,23.4,260,18,1.0,23.4,260,18,1.0,23.4,260,18,1.0,23.4,260,18,1.0,23.4,260,18,1.0,23.4,260,18,1.0,23.4,260,18,1.0,23.4,260,18,1.0,23.4,260,18,1.0,23.4,260,18,1.0,23.4,260,18,1.0,23.4,260,18,1.0,23.4,260,18,1.0,23.4,260,18,1.0,23.4,260,18,1.0,23.4,260,18,1.0,23.4,260,18,1.0,23.4,260,18,1.0,23.4,260,18,1.0,23.4,260,18,1.0,23.4
228,120.02,1.09,2.72,0,261,18,1.0,23.4,261,18,1.0,23.4,261,18,1.0,23.4,261,18,1.0,23.4,261,18,1.0,23.4,261,18,1.0,23.4,261,18,1.0,23.4,261,18,1.0,23.4,261,18,1.0,23.4,261,18,1.0,23.4,261,18,1.0,23.4,261,18,1.0,23.4,261,18,1.0,23.4,261,18,1.0,23.4,261,18,1.0,23.4,261,18,1.0,23.4,261,18,1.0,23.4,261,18,1.0,23.4,261,18,1.0,23.4,261,18,1.0,23.4,261,18,1.0,23.4,261,18,1.0,23.4,261,18,1.0,23.4,261,18,1.0,23.4,261,18,1.0,23.4,261,18,1.0,23.4,261,18,1.0,23.4,261,18,1.0,23.4,261,18,1.0,23.4,261,18,1.0,23.4,261,18,1.0,23.4,261,18,1.0,23.4
229,120.52,1.09,2.73,0,262,17,1.0,23.5,262,17,1.0,23.5,262,17,1.0,23.5,262,17,1.0,23.5,262,17,1.0,23.5,262,17,1.0,23.5,262,17,1.0,23.5,262,17,1.0,23.5,262,17,1.0,23.5,262,17,1.0,23.5,262,17,1.0,23.5,262,17,1.0,23.5,262,17,1.0,23.5,262,17,1.0,23.5,262,17,1.0,23.5,262,17,1.0,23.5,262,17,1.0,23.5,262,17,1.0,23.5,262,17,1.0,23.5,262,17,1.0,23.5,262,17,1.0,23.5,262,17,1.0,23.5,262,17,1.0,23.5,262,17,1.0,23.5,262,17,1.0,23.5,262,17,1.0,23.5,262,17,1.0,23.5,262,17,1.0,23.5,262,17,1.0,23.5,262,17,1.0,23.5,262,17,1.0,23.5,262,17,1.0,23.5
230,121.25,1.1,2.74,0,263,17,1.0,23.5,263,17,1.0,23.5,263,17,1.0,23.5,263,17,1.0,23.5,263,17,1.0,23.5,263,17,1.0,23.5,263,17,1.0,23.5,263,17,1.0,23.5,263,17,1.0,23.5,263,17,1.0,23.5,263,17,1.0,23.5,263,17,1.0,23.5,263,17,1.0,23.5,263,17,1.0,23.5,263,17,1.0,23.5,263,17,1.0,23.5,263,17,1.0,23.5,263,17,1.0,23.5,263,17,1.0,23.5,263,17,1.0,23.5,263,17,1.0,23.5,263,17,1.0,23.5,263,17,1.0,23.5,263,17,1.0,23.5,263,17,1.0,23.5,263,17,1.0,23.5,263,17,1.0,23.5,263,17,1.0,23.5,263,17,1.0,23.5,263,17,1.0,23.5,263,17,1.0,23.5,263,17,1.0,23.5
231,121.74,1.1,2.74,0,263,18,1.0,23.4,263,18,1.0,23.4,263,18,1.0,23.4,263,18,1.0,23.4,263,18,1.0,23.4,263,18,1.0,23.4,263,18,1.0,23.4,263,18,1.0,23.4,263,18,1.0,23.4,263,18,1.0,23.4,263,18,1.0,23.4,263,18,1.0,23.4,263,18,1.0,23.4,263,18,1.0,23.4,263,18,1.0,23.4,263,18,1.0,23.4,263,18,1.0,23.4,263,18,1.0,23.4,263,18,1.0,23.4,263,18,1.0,23.4,263,18,1.0,23.4,263,18,1.0,23.4,263,18,1.0,23.4,263,18,1.0,23.4,263,18,1.0,23.4,263,18,1.0,23.4,263,18,1.0,23.4,263,18,1.0,23.4,263,18,1.0,23.4,263,18,1.0,23.4,263,18,1.0,23.4,263,18,1.0,23.4
232,122.24,1.1,2.75,0,264,18,1.0,23.4,264,18,1.0,23.4,264,18,1.0,23.4,264,18,1.0,23.4,264,18,1.0,23.4,264,18,1.0,23.4,264,18,1.0,23.4,264,18,1.0,23.4,264,18,1.0,23.4,264,18,1.0,23.4,264,18,1.0,23.4,264,18,1.0,23.4,264,18,1.0,23.4,264,18,1.0,23.4,264,18,1.0,23.4,264,18,1.0,23.4,264,18,1.0,23.4,264,18,1.0,23.4,264,18,1.0,23.4,264,18,1.0,23.4,264,18,1.0,23.4,264,18,1.0,23.4,264,18,1.0,23.4,264,18,1.0,23.4,264,18,1.0,23.4,264,18,1.0,23.4,264,18,1.0,23.4,264,18,1.0,23.4,264,18,1.0,23.4,264,18,1.0,23.4,264,18,1.0,23.4,264,18,1.0,23.4
233,122.26,1.1,2.75,0,264,19,1.0,23.3,264,19,1.0,23.3,264,19,1.0,23.3,264,19,1.0,23.3,264,19,1.0,23.3,264,19,1.0,23.3,264,19,1.0,23.3,264,19,1.0,23.3,264,19,1.0,23.3,264,19,1.0,23.3,264,19,1.0,23.3,264,19,1.0,23.3,264,19,1.0,23.3,264,19,1.0,23.3,264,19,1.0,23.3,264,19,1.0,23.3,264,19,1.0,23.3,264,19,1.0,23.3,264,19,1.0,23.3,264,19,1.0,23.3,264,19,1.0,23.3,264,19,1.0,23.3,264,19,1.0,23.3,264,19,1.0,23.3,264,19,1.0,23.3,264,19,1.0,23.3,264,19,1.0,23.3,264,19,1.0,23.3,264,19,1.0,23.3,264,19,1.0,23.3,264,19,1.0,23.3,264,19,1.0,23.3
234,122.99,1.1,2.76,0,265,17,1.0,23.5,265,17,1.0,23.5,265,17,1.0,23.5,265,17,1.0,23.5,265,17,1.0,23.5,265,17,1.0,23.5,265,17,1.0,23.5,265,17,1.0,23.5,265,17,1.0,23.5,265,17,1.0,23.5,265,17,1.0,23.5,265,17,1.0,23.5,265,17,1.0,23.5,265,17,1.0,23.5,265,17,1.0,23.5,265,17,1.0,23.5,265,17,1.0,23.5,265,17,1.0,23.5,265,17,1.0,23.5,265,17,1.0,23.5,265,17,1.0,23.5,265,17,1.0,23.5,265,17,1.0,23.5,265,17,1.0,23.5,265,17,1.0,23.5,265,17,1.0,23.5,265,17,1.0,23.5,265,17,1.0,23.5,265,17,1.0,23.5,265,17,1.0,23.5,265,17,1.0,23.5,265,17,1.0,23.5
235,123.49,1.1,2.76,0,265,19,1.0,23.3,265,19,1.0,23.3,265,19,1.0,23.3,265,19,1.0,23.3,265,19,1.0,23.3,265,19,1.0,23.3,265,19,1.0,23.3,265,19,1.0,23.3,265,19,1.0,23.3,265,19,1.0,23.3,265,19,1.0,23.3,265,19,1.0,23.3,265,19,1.0,23.3,265,19,1.0,23.3,265,19,1.0,23.3,265,19,1.0,23.3,265,19,1.0,23.3,265,19,1.0,23.3,265,19,1.0,23.3,265,19,1.0,23.3,265,19,1.0,23.3,265,19,1.0,23.3,265,19,1.0,23.3,265,19,1.0,23.3,265,19,1.0,23.3,265,19,1.0,23.3,265,19,1.0,23.3,265,19,1.0,23.3,265,19,1.0,23.3,265,19,1.0,23.3,265,19,1.0,23.3,265,19,1.0,23.3
236,124.46,1.1,2.76,0,265,19,1.0,23.3,265,19,1.0,23.3,265,19,1.0,23.3,265,19,1.0,23.3,265,19,1.0,23.3,265,19,1.0,23.3,265,19,1.0,23.3,265,19,1.0,23.3,265,19,1.0,23.3,265,19,1.0,23.3,265,19,1.0,23.3,265,19,1.0,23.3,265,19,1.0,23.3,265,19,1.0,23.3,265,19,1.0,23.3,265,19,1.0,23.3,265,19,1.0,23.3,265,19,1.0,23.3,265,19,1.0,23.3,265,19,1.0,23.3,265,19,1.0,23.3,265,19,1.0,23.3,265,19,1.0,23.3,265,19,1.0,23.3,265,19,1.0,23.3,265,19,1.0,23.3,265,19,1.0,23.3,265,19,1.0,23.3,265,19,1.0,23.3,265,19,1.0,23.3,265,19,1.0,23.3,265,19,1.0,23.3
237,125.43,1.1,2.76,0,265,18,1.0,23.4,265,18,1.0,23.4,265,18,1.0,23.4,265,18,1.0,23.4,265,18,1.0,23.4,265,18,1.0,23.4,265,18,1.0,23.4,265,18,1.0,23.4,265,18,1.0,23.4,265,18,1.0,23.4,265,18,1.0,23.4,265,18,1.0,23.4,265,18,1.0,23.4,265,18,1.0,23.4,265,18,1.0,23.4,265,18,1.0,23.4,265,18,1.0,23.4,265,18,1.0,23.4,265,18,1.0,23.4,265,18,1.0,23.4,265,18,1.0,23.4,265,18,1.0,23.4,265,18,1.0,23.4,265,18,1.0,23.4,265,18,1.0,23.4,265,18,1.0,23.4,265,18,1.0,23.4,265,18,1.0,23.4,265,18,1.0,23.4,265,18,1.0,23.4,265,18,1.0,23.4,265,18,1.0,23.4
238,126.16,1.1,2.76,0,265,19,1.0,23.3,265,19,1.0,23.3,265,19,1.0,23.3,265,19,1.0,23.3,265,19,1.0,23.3,265,19,1.0,23.3,265,19,1.0,23.3,265,19,1.0,23.3,265,19,1.0,23.3,265,19,1.0,23.3,265,19,1.0,23.3,265,19,1.0,23.3,265,19,1.0,23.3,265,19,1.0,23.3,265,19,1.0,23.3,265,19,1.0,23.3,265,19,1.0,23.3,265,19,1.0,23.3,265,19,1.0,23.3,265,19,1.0,23.3,265,19,1.0,23.3,265,19,1.0,23.3,265,19,1.0,23.3,265,19,1.0,23.3,265,19,1.0,23.3,265,19,1.0,23.3,265,19,1.0,23.3,265,19,1.0,23.3,265,19,1.0,23.3,265,19,1.0,23.3,265,19,1.0,23.3,265,19,1.0,23.3
239,127.13,1.11,2.77,0,266,18,1.0,23.4,266,18,1.0,23.4,266,18,1.0,23.4,266,18,1.0,23.4,266,18,1.0,23.4,266,18,1.0,23.4,266,18,1.0,23.4,266,18,1.0,23.4,266,18,1.0,23.4,266,18,1.0,23.4,266,18,1.0,23.4,266,18,1.0,23.4,266,18,1.0,23.4,266,18,1.0,23.4,266,18,1.0,23.4,266,18,1.0,23.4,266,18,1.0,23.4,266,18,1.0,23.4,266,18,1.0,23.4,266,18,1.0,23.4,266,18,1.0,23.4,266,18,1.0,23.4,266,18,1.0,23.4,266,18,1.0,23.4,266,18,1.0,23.4,266,18,1.0,23.4,266,18,1.0,23.4,266,18,1.0,23.4,266,18,1.0,23.4,266,18,1.0,23.4,266,18,1.0,23.4,266,18,1.0,23.4
240,127.61,1.11,2.77,0,266,18,1.0,23.4,266,18,1.0,23.4,266,18,1.0,23.4,266,18,1.0,23.4,266,18,1.0,23.4,266,18,1.0,23.4,266,18,1.0,23.4,266,18,1.0,23.4,266,18,1.0,23.4,266,18,1.0,23.4,266,18,1.0,23.4,266,18,1.0,23.4,266,18,1.0,23.4,266,18,1.0,23.4,266,18,1.0,23.4,266,18,1.0,23.4,266,18,1.0,23.4,266,18,1.0,23.4,266,18,1.0,23.4,266,18,1.0,23.4,266,18,1.0,23.4,266,18,1.0,23.4,266,18,1.0,23.4,266,18,1.0,23.4,266,18,1.0,23.4,266,18,1.0,23.4,266,18,1.0,23.4,266,18,1.0,23.4,266,18,1.0,23.4,266,18,1.0,23.4,266,18,1.0,23.4,266,18,1.0,23.4
241,127.61,1.11,2.77,0,266,19,1.0,23.3,266,19,1.0,23.3,266,19,1.0,23.3,266,19,1.0,23.3,266,19,1.0,23.3,266,19,1.0,23.3,266,19,1.0,23.3,266,19,1.0,23.3,266,19,1.0,23.3,266,19,1.0,23.3,266,19,1.0,23.3,266,19,1.0,23.3,266,19,1.0,23.3,266,19,1.0,23.3,266,19,1.0,23.3,266,19,1.0,23.3,266,19,1.0,23.3,266,19,1.0,23.3,266,19,1.0,23.3,266,19,1.0,23.3,266,19,1.0,23.3,266,19,1.0,23.3,266,19,1.0,23.3,266,19,1.0,23.3,266,19,1.0,23.3,266,19,1.0,23.3,266,19,1.0,23.3,266,19,1.0,23.3,266,19,1.0,23.3,266,19,1.0,23.3,266,19,1.0,23.3,266,19,1.0,23.3
242,128.34,1.11,2.77,0,266,19,1.0,23.3,266,19,1.0,23.3,266,19,1.0,23.3,266,19,1.0,23.3,266,19,1.0,23.3,266,19,1.0,23.3,266,19,1.0,23.3,266,19,1.0,23.3,266,19,1.0,23.3,266,19,1.0,23.3,266,19,1.0,23.3,266,19,1.0,23.3,266,19,1.0,23.3,266,19,1.0,23.3,266,19,1.0,23.3,266,19,1.0,23.3,266,19,1.0,23.3,266,19,1.0,23.3,266,19,1.0,23.3,266,19,1.0,23.3,266,19,1.0,23.3,266,19,1.0,23.3,266,19,1.0,23.3,266,19,1.0,23.3,266,19,1.0,23.3,266,19,1.0,23.3,266,19,1.0,23.3,266,19,1.0,23.3,266,19,1.0,23.3,266,19,1.0,23.3,266,19,1.0,23.3,266,19,1.0,23.3
243,128.83,1.11,2.77,0,266,20,1.0,23.3,266,20,1.0,23.3,266,20,1.0,23.3,266,20,1.0,23.3,266,20,1.0,23.3,266,20,1.0,23.3,266,20,1.0,23.3,266,20,1.0,23.3,266,20,1.0,23.3,266,20,1.0,23.3,266,20,1.0,23.3,266,20,1.0,23.3,266,20,1.0,23.3,266,20,1.0,23.3,266,20,1.0,23.3,266,20,1.0,23.3,266,20,1.0,23.3,266,20,1.0,23.3,266,20,1.0,23.3,266,20,1.0,23.3,266,20,1.0,23.3,266,20,1.0,23.3,266,20,1.0,23.3,266,20,1.0,23.3,266,20,1.0,23.3,266,20,1.0,23.3,266,20,1.0,23.3,266,20,1.0,23.3,266,20,1.0,23.3,266,20,1.0,23.3,266,20,1.0,23.3,266,20,1.0,23.3
244,129.56,1.11,2.77,0,266,20,1.0,23.3,266,20,1.0,23.3,266,20,1.0,23.3,266,20,1.0,23.3,266,20,1.0,23.3,266,20,1.0,23.3,266,20,1.0,23.3,266,20,1.0,23.3,266,20,1.0,23.3,266,20,1.0,23.3,266,20,1.0,23.3,266,20,1.0,23.3,266,20,1.0,23.3,266,20,1.0,23.3,266,20,1.0,23.3,266,20,1.0,23.3,266,20,1.0,23.3,266,20,1.0,23.3,266,20,1.0,23.3,266,20,1.0,23.3,266,20,1.0,23.3,266,20,1.0,23.3,266,20,1.0,23.3,266,20,1.0,23.3,266,20,1.0,23.3,266,20,1.0,23.3,266,20,1.0,23.3,266,20,1.0,23.3,266,20,1.0,23.3,266,20,1.0,23.3,266,20,1.0,23.3,266,20,1.0,23.3
245,130.28,1.11,2.77,0,266,20,1.0,23.3,266,20,1.0,23.3,266,20,1.0,23.3,266,20,1.0,23.3,266,20,1.0,23.3,266,20,1.0,23.3,266,20,1.0,23.3,266,20,1.0,23.3,266,20,1.0,23.3,266,20,1.0,23.3,266,20,1.0,23.3,266,20,1.0,23.3,266,20,1.0,23.3,266,20,1.0,23.3,266,20,1.0,23.3,266,20,1.0,23.3,266,20,1.0,23.3,266,20,1.0,23.3,266,20,1.0,23.3,266,20,1.0,23.3,266,20,1.0,23.3,266,20,1.0,23.3,266,20,1.0,23.3,266,20,1.0,23.3,266,20,1.0,23.3,266,20,1.0,23.3,266,20,1.0,23.3,266,20,1.0,23.3,266,20,1.0,23.3,266,20,1.0,23.3,266,20,1.0,23.3,266,20,1.0,23.3
246,131.01,1.11,2.77,0,266,21,1.0,23.2,266,21,1.0,23.2,266,21,1.0,23.2,266,21,1.0,23.2,266,21,1.0,23.2,266,21,1.0,23.2,266,21,1.0,23.2,266,21,1.0,23.2,266,21,1.0,23.2,266,21,1.0,23.2,266,21,1.0,23.2,266,21,1.0,23.2,266,21,1.0,23.2,266,21,1.0,23.2,266,21,1.0,23.2,266,21,1.0,23.2,266,21,1.0,23.2,266,21,1.0,23.2,266,21,1.0,23.2,266,21,1.0,23.2,266,21,1.0,23.2,266,21,1.0,23.2,266,21,1.0,23.2,266,21,1.0,23.2,266,21,1.0,23.2,266,21,1.0,23.2,266,21,1.0,23.2,266,21,1.0,23.2,266,21,1.0,23.2,266,21,1.0,23.2,266,21,1.0,23.2,266,21,1.0,23.2
247,130.52,1.12,2.79,0,268,18,1.0,23.4,268,18,1.0,23.4,268,18,1.0,23.4,268,18,1.0,23.4,268,18,1.0,23.4,268,18,1.0,23.4,268,18,1.0,23.4,268,18,1.0,23.4,268,18,1.0,23.4,268,18,1.0,23.4,268,18,1.0,23.4,268,18,1.0,23.4,268,18,1.0,23.4,268,18,1.0,23.4,268,18,1.0,23.4,268,18,1.0,23.4,268,18,1.0,23.4,268,18,1.0,23.4,268,18,1.0,23.4,268,18,1.0,23.4,268,18,1.0,23.4,268,18,1.0,23.4,268,18,1.0,23.4,268,18,1.0,23.4,268,18,1.0,23.4,268,18,1.0,23.4,268,18,1.0,23.4,268,18,1.0,23.4,268,18,1.0,23.4,268,18,1.0,23.4,268,18,1.0,23.4,268,18,1.0,23.4
248,131.01,1.12,2.8,0,269,17,1.0,23.5,269,17,1.0,23.5,269,17,1.0,23.5,269,17,1.0,23.5,269,17,1.0,23.5,269,17,1.0,23.5,269,17,1.0,23.5,269,17,1.0,23.5,269,17,1.0,23.5,269,17,1.0,23.5,269,17,1.0,23.5,269,17,1.0,23.5,269,17,1.0,23.5,269,17,1.0,23.5,269,17,1.0,23.5,269,17,1.0,23.5,269,17,1.0,23.5,269,17,1.0,23.5,269,17,1.0,23.5,269,17,1.0,23.5,269,17,1.0,23.5,269,17,1.0,23.5,269,17,1.0,23.5,269,17,1.0,23.5,269,17,1.0,23.5,269,17,1.0,23.5,269,17,1.0,23.5,269,17,1.0,23.5,269,17,1.0,23.5,269,17,1.0,23.5,269,17,1.0,23.5,269,17,1.0,23.5
249,131.98,1.12,2.81,0,270,17,1.0,23.5,270,17,1.0,23.5,270,17,1.0,23.5,270,17,1.0,23.5,270,17,1.0,23.5,270,17,1.0,23.5,270,17,1.0,23.5,270,17,1.0,23.5,270,17,1.0,23.5,270,17,1.0,23.5,270,17,1.0,23.5,270,17,1.0,23.5,270,17,1.0,23.5,270,17,1.0,23.5,270,17,1.0,23.5,270,17,1.0,23.5,270,17,1.0,23.5,270,17,1.0,23.5,270,17,1.0,23.5,270,17,1.0,23.5,270,17,1.0,23.5,270,17,1.0,23.5,270,17,1.0,23.5,270,17,1.0,23.5,270,17,1.0,23.5,270,17,1.0,23.5,270,17,1.0,23.5,270,17,1.0,23.5,270,17,1.0,23.5,270,17,1.0,23.5,270,17,1.0,23.5,270,17,1.0,23.5
250,132.22,1.13,2.82,0,271,18,1.0,23.4,271,18,1.0,23.4,271,18,1.0,23.4,271,18,1.0,23.4,271,18,1.0,23.4,271,18,1.0,23.4,271,18,1.0,23.4,271,18,1.0,23.4,271,18,1.0,23.4,271,18,1.0,23.4,271,18,1.0,23.4,271,18,1.0,23.4,271,18,1.0,23.4,271,18,1.0,23.4,271,18,1.0,23.4,271,18,1.0,23.4,271,18,1.0,23.4,271,18,1.0,23.4,271,18,1.0,23.4,271,18,1.0,23.4,271,18,1.0,23.4,271,18,1.0,23.4,271,18,1.0,23.4,271,18,1.0,23.4,271,18,1.0,23.4,271,18,1.0,23.4,271,18,1.0,23.4,271,18,1.0,23.4,271,18,1.0,23.4,271,18,1.0,23.4,271,18,1.0,23.4,271,18,1.0,23.4
251,132.71,1.13,2.83,0,272,19,1.0,23.4,272,19,1.0,23.4,272,19,1.0,23.4,272,19,1.0,23.4,272,19,1.0,23.4,272,19,1.0,23.4,272,19,1.0,23.4,272,19,1.0,23.4,272,19,1.0,23.4,272,19,1.0,23.4,272,19,1.0,23.4,272,19,1.0,23.4,272,19,1.0,23.4,272,19,1.0,23.4,272,19,1.0,23.4,272,19,1.0,23.4,272,19,1.0,23.4,272,19,1.0,23.4,272,19,1.0,23.4,272,19,1.0,23.4,272,19,1.0,23.4,272,19,1.0,23.4,272,19,1.0,23.4,272,19,1.0,23.4,272,19,1.0,23.4,272,19,1.0,23.4,272,19,1.0,23.4,272,19,1.0,23.4,272,19,1.0,23.4,272,19,1.0,23.4,272,19,1.0,23.4,272,19,1.0,23.4
252,132.95,1.14,2.84,0,273,18,1.0,23.5,273,18,1.0,23.5,273,18,1.0,23.5,273,18,1.0,23.5,273,18,1.0,23.5,273,18,1.0,23.5,273,18,1.0,23.5,273,18,1.0,23.5,273,18,1.0,23.5,273,18,1.0,23.5,273,18,1.0,23.5,273,18,1.0,23.5,273,18,1.0,23.5,273,18,1.0,23.5,273,18,1.0,23.5,273,18,1.0,23.5,273,18,1.0,23.5,273,18,1.0,23.5,273,18,1.0,23.5,273,18,1.0,23.5,273,18,1.0,23.5,273,18,1.0,23.5,273,18,1.0,23.5,273,18,1.0,23.5,273,18,1.0,23.5,273,18,1.0,23.5,273,18,1.0,23.5,273,18,1.0,23.5,273,18,1.0,23.5,273,18,1.0,23.5,273,18,1.0,23.5,273,18,1.0,23.5
253,133.2,1.14,2.85,0,274,19,1.0,23.4,274,19,1.0,23.4,274,19,1.0,23.4,274,19,1.0,23.4,274,19,1.0,23.4,274,19,1.0,23.4,274,19,1.0,23.4,274,19,1.0,23.4,274,19,1.0,23.4,274,19,1.0,23.4,274,19,1.0,23.4,274,19,1.0,23.4,274,19,1.0,23.4,274,19,1.0,23.4,274,19,1.0,23.4,274,19,1.0,23.4,274,19,1.0,23.4,274,19,1.0,23.4,274,19,1.0,23.4,274,19,1.0,23.4,274,19,1.0,23.4,274,19,1.0,23.4,274,19,1.0,23.4,274,19,1.0,23.4,274,19,1.0,23.4,274,19,1.0,23.4,274,19,1.0,23.4,274,19,1.0,23.4,274,19,1.0,23.4,274,19,1.0,23.4,274,19,1.0,23.4,274,19,1.0,23.4
254,133.93,1.15,2.86,0,275,18,1.0,23.5,275,18,1.0,23.5,275,18,1.0,23.5,275,18,1.0,23.5,275,18,1.0,23.5,275,18,1.0,23.5,275,18,1.0,23.5,275,18,1.0,23.5,275,18,1.0,23.5,275,18,1.0,23.5,275,18,1.0,23.5,275,18,1.0,23.5,275,18,1.0,23.5,275,18,1.0,23.5,275,18,1.0,23.5,275,18,1.0,23.5,275,18,1.0,23.5,275,18,1.0,23.5,275,18,1.0,23.5,275,18,1.0,23.5,275,18,1.0,23.5,275,18,1.0,23.5,275,18,1.0,23.5,275,18,1.0,23.5,275,18,1.0,23.5,275,18,1.0,23.5,275,18,1.0,23.5,275,18,1.0,23.5,275,18,1.0,23.5,275,18,1.0,23.5,275,18,1.0,23.5,275,18,1.0,23.5
255,134.18,1.15,2.88,0,276,19,1.0,23.4,276,19,1.0,23.4,276,19,1.0,23.4,276,19,1.0,23.4,276,19,1.0,23.4,276,19,1.0,23.4,276,19,1.0,23.4,276,19,1.0,23.4,276,19,1.0,23.4,276,19,1.0,23.4,276,19,1.0,23.4,276,19,1.0,23.4,276,19,1.0,23.4,276,19,1.0,23.4,276,19,1.0,23.4,276,19,1.0,23.4,276,19,1.0,23.4,276,19,1.0,23.4,276,19,1.0,23.4,276,19,1.0,23.4,276,19,1.0,23.4,276,19,1.0,23.4,276,19,1.0,23.4,276,19,1.0,23.4,276,19,1.0,23.4,276,19,1.0,23.4,276,19,1.0,23.4,276,19,1.0,23.4,276,19,1.0,23.4,276,19,1.0,23.4,276,19,1.0,23.4,276,19,1.0,23.4
256,135.15,1.16,2.9,0,278,17,1.0,23.6,278,17,1.0,23.6,278,17,1.0,23.6,278,17,1.0,23.6,278,17,1.0,23.6,278,17,1.0,23.6,278,17,1.0,23.6,278,17,1.0,23.6,278,17,1.0,23.6,278,17,1.0,23.6,278,17,1.0,23.6,278,17,1.0,23.6,278,17,1.0,23.6,278,17,1.0,23.6,278,17,1.0,23.6,278,17,1.0,23.6,278,17,1.0,23.6,278,17,1.0,23.6,278,17,1.0,23.6,278,17,1.0,23.6,278,17,1.0,23.6,278,17,1.0,23.6,278,17,1.0,23.6,278,17,1.0,23.6,278,17,1.0,23.6,278,17,1.0,23.6,278,17,1.0,23.6,278,17,1.0,23.6,278,17,1.0,23.6,278,17,1.0,23.6,278,17,1.0,23.6,278,17,1.0,23.6
257,135.39,1.16,2.9,0,278,17,1.0,23.6,278,17,1.0,23.6,278,17,1.0,23.6,278,17,1.0,23.6,278,17,1.0,23.6,278,17,1.0,23.6,278,17,1.0,23.6,278,17,1.0,23.6,278,17,1.0,23.6,278,17,1.0,23.6,278,17,1.0,23.6,278,17,1.0,23.6,278,17,1.0,23.6,278,17,1.0,23.6,278,17,1.0,23.6,278,17,1.0,23.6,278,17,1.0,23.6,278,17,1.0,23.6,278,17,1.0,23.6,278,17,1.0,23.6,278,17,1.0,23.6,278,17,1.0,23.6,278,17,1.0,23.6,278,17,1.0,23.6,278,17,1.0,23.6,278,17,1.0,23.6,278,17,1.0,23.6,278,17,1.0,23.6,278,17,1.0,23.6,278,17,1.0,23.6,278,17,1.0,23.6,278,17,1.0,23.6
258,135.88,1.16,2.9,0,278,16,1.0,23.6,278,16,1.0,23.6,278,16,1.0,23.6,278,16,1.0,23.6,278,16,1.0,23.6,278,16,1.0,23.6,278,16,1.0,23.6,278,16,1.0,23.6,278,16,1.0,23.6,278,16,1.0,23.6,278,16,1.0,23.6,278,16,1.0,23.6,278,16,1.0,23.6,278,16,1.0,23.6,278,16,1.0,23.6,278,16,1.0,23.6,278,16,1.0,23.6,278,16,1.0,23.6,278,16,1.0,23.6,278,16,1.0,23.6,278,16,1.0,23.6,278,16,1.0,23.6,278,16,1.0,23.6,278,16,1.0,23.6,278,16,1.0,23.6,278,16,1.0,23.6,278,16,1.0,23.6,278,16,1.0,23.6,278,16,1.0,23.6,278,16,1.0,23.6,278,16,1.0,23.6,278,16,1.0,23.6
259,136.85,1.16,2.91,0,279,14,1.0,23.8,279,14,1.0,23.8,279,14,1.0,23.8,279,14,1.0,23.8,279,14,1.0,23.8,279,14,1.0,23.8,279,14,1.0,23.8,279,14,1.0,23.8,279,14,1.0,23.8,279,14,1.0,23.8,279,14,1.0,23.8,279,14,1.0,23.8,279,14,1.0,23.8,279,14,1.0,23.8,279,14,1.0,23.8,279,14,1.0,23.8,279,14,1.0,23.8,279,14,1.0,23.8,279,14,1.0,23.8,279,14,1.0,23.8,279,14,1.0,23.8,279,14,1.0,23.8,279,14,1.0,23.8,279,14,1.0,23.8,279,14,1.0,23.8,279,14,1.0,23.8,279,14,1.0,23.8,279,14,1.0,23.8,279,14,1.0,23.8,279,14,1.0,23.8,279,14,1.0,23.8,279,14,1.0,23.8
260,137.82,1.16,2.91,0,279,15,1.0,23.7,279,15,1.0,23.7,279,15,1.0,23.7,279,15,1.0,23.7,279,15,1.0,23.7,279,15,1.0,23.7,279,15,1.0,23.7,279,15,1.0,23.7,279,15,1.0,23.7,279,15,1.0,23.7,279,15,1.0,23.7,279,15,1.0,23.7,279,15,1.0,23.7,279,15,1.0,23.7,279,15,1.0,23.7,279,15,1.0,23.7,279,15,1.0,23.7,279,15,1.0,23.7,279,15,1.0,23.7,279,15,1.0,23.7,279,15,1.0,23.7,279,15,1.0,23.7,279,15,1.0,23.7,279,15,1.0,23.7,279,15,1.0,23.7,279,15,1.0,23.7,279,15,1.0,23.7,279,15,1.0,23.7,279,15,1.0,23.7,279,15,1.0,23.7,279,15,1.0,23.7,279,15,1.0,23.7
261,138.55,1.16,2.91,0,279,15,1.0,23.7,279,15,1.0,23.7,279,15,1.0,23.7,279,15,1.0,23.7,279,15,1.0,23.7,279,15,1.0,23.7,279,15,1.0,23.7,279,15,1.0,23.7,279,15,1.0,23.7,279,15,1.0,23.7,279,15,1.0,23.7,279,15,1.0,23.7,279,15,1.0,23.7,279,15,1.0,23.7,279,15,1.0,23.7,279,15,1.0,23.7,279,15,1.0,23.7,279,15,1.0,23.7,279,15,1.0,23.7,279,15,1.0,23.7,279,15,1.0,23.7,279,15,1.0,23.7,279,15,1.0,23.7,279,15,1.0,23.7,279,15,1.0,23.7,279,15,1.0,23.7,279,15,1.0,23.7,279,15,1.0,23.7,279,15,1.0,23.7,279,15,1.0,23.7,279,15,1.0,23.7,279,15,1.0,23.7
262,139.52,1.16,2.91,0,279,15,1.0,23.7,279,15,1.0,23.7,279,15,1.0,23.7,279,15,1.0,23.7,279,15,1.0,23.7,279,15,1.0,23.7,279,15,1.0,23.7,279,15,1.0,23.7,279,15,1.0,23.7,279,15,1.0,23.7,279,15,1.0,23.7,279,15,1.0,23.7,279,15,1.0,23.7,279,15,1.0,23.7,279,15,1.0,23.7,279,15,1.0,23.7,279,15,1.0,23.7,279,15,1.0,23.7,279,15,1.0,23.7,279,15,1.0,23.7,279,15,1.0,23.7,279,15,1.0,23.7,279,15,1.0,23.7,279,15,1.0,23.7,279,15,1.0,23.7,279,15,1.0,23.7,279,15,1.0,23.7,279,15,1.0,23.7,279,15,1.0,23.7,279,15,1.0,23.7,279,15,1.0,23.7,279,15,1.0,23.7
263,139.75,1.17,2.92,0,280,14,1.0,23.8,280,14,1.0,23.8,280,14,1.0,23.8,280,14,1.0,23.8,280,14,1.0,23.8,280,14,1.0,23.8,280,14,1.0,23.8,280,14,1.0,23.8,280,14,1.0,23.8,280,14,1.0,23.8,280,14,1.0,23.8,280,14,1.0,23.8,280,14,1.0,23.8,280,14,1.0,23.8,280,14,1.0,23.8,280,14,1.0,23.8,280,14,1.0,23.8,280,14,1.0,23.8,280,14,1.0,23.8,280,14,1.0,23.8,280,14,1.0,23.8,280,14,1.0,23.8,280,14,1.0,23.8,280,14,1.0,23.8,280,14,1.0,23.8,280,14,1.0,23.8,280,14,1.0,23.8,280,14,1.0,23.8,280,14,1.0,23.8,280,14,1.0,23.8,280,14,1.0,23.8,280,14,1.0,23.8
264,139.74,1.17,2.92,0,280,16,1.0,23.6,280,16,1.0,23.6,280,16,1.0,23.6,280,16,1.0,23.6,280,16,1.0,23.6,280,16,1.0,23.6,280,16,1.0,23.6,280,16,1.0,23.6,280,16,1.0,23.6,280,16,1.0,23.6,280,16,1.0,23.6,280,16,1.0,23.6,280,16,1.0,23.6,280,16,1.0,23.6,280,16,1.0,23.6,280,16,1.0,23.6,280,16,1.0,23.6,280,16,1.0,23.6,280,16,1.0,23.6,280,16,1.0,23.6,280,16,1.0,23.6,280,16,1.0,23.6,280,16,1.0,23.6,280,16,1.0,23.6,280,16,1.0,23.6,280,16,1.0,23.6,280,16,1.0,23.6,280,16,1.0,23.6,280,16,1.0,23.6,280,16,1.0,23.6,280,16,1.0,23.6,280,16,1.0,23.6
265,139.97,1.17,2.92,0,280,17,1.0,23.6,280,17,1.0,23.6,280,17,1.0,23.6,280,17,1.0,23.6,280,17,1.0,23.6,280,17,1.0,23.6,280,17,1.0,23.6,280,17,1.0,23.6,280,17,1.0,23.6,280,17,1.0,23.6,280,17,1.0,23.6,280,17,1.0,23.6,280,17,1.0,23.6,280,17,1.0,23.6,280,17,1.0,23.6,280,17,1.0,23.6,280,17,1.0,23.6,280,17,1.0,23.6,280,17,1.0,23.6,280,17,1.0,23.6,280,17,1.0,23.6,280,17,1.0,23.6,280,17,1.0,23.6,280,17,1.0,23.6,280,17,1.0,23.6,280,17,1.0,23.6,280,17,1.0,23.6,280,17,1.0,23.6,280,17,1.0,23.6,280,17,1.0,23.6,280,17,1.0,23.6,280,17,1.0,23.6
266,140.21,1.17,2.93,0,281,16,1.0,23.7,281,16,1.0,23.7,281,16,1.0,23.7,281,16,1.0,23.7,281,16,1.0,23.7,281,16,1.0,23.7,281,16,1.0,23.7,281,16,1.0,23.7,281,16,1.0,23.7,281,16,1.0,23.7,281,16,1.0,23.7,281,16,1.0,23.7,281,16,1.0,23.7,281,16,1.0,23.7,281,16,1.0,23.7,281,16,1.0,23.7,281,16,1.0,23.7,281,16,1.0,23.7,281,16,1.0,23.7,281,16,1.0,23.7,281,16,1.0,23.7,281,16,1.0,23.7,281,16,1.0,23.7,281,16,1.0,23.7,281,16,1.0,23.7,281,16,1.0,23.7,281,16,1.0,23.7,281,16,1.0,23.7,281,16,1.0,23.7,281,16,1.0,23.7,281,16,1.0,23.7,281,16,1.0,23.7
267,140.7,1.17,2.93,0,281,16,1.0,23.7,281,16,1.0,23.7,281,16,1.0,23.7,281,16,1.0,23.7,281,16,1.0,23.7,281,16,1.0,23.7,281,16,1.0,23.7,281,16,1.0,23.7,281,16,1.0,23.7,281,16,1.0,23.7,281,16,1.0,23.7,281,16,1.0,23.7,281,16,1.0,23.7,281,16,1.0,23.7,281,16,1.0,23.7,281,16,1.0,23.7,281,16,1.0,23.7,281,16,1.0,23.7,281,16,1.0,23.7,281,16,1.0,23.7,281,16,1.0,23.7,281,16,1.0,23.7,281,16,1.0,23.7,281,16,1.0,23.7,281,16,1.0,23.7,281,16,1.0,23.7,281,16,1.0,23.7,281,16,1.0,23.7,281,16,1.0,23.7,281,16,1.0,23.7,281,16,1.0,23.7,281,16,1.0,23.7
268,141.42,1.17,2.93,0,281,16,1.0,23.7,281,16,1.0,23.7,281,16,1.0,23.7,281,16,1.0,23.7,281,16,1.0,23.7,281,16,1.0,23.7,281,16,1.0,23.7,281,16,1.0,23.7,281,16,1.0,23.7,281,16,1.0,23.7,281,16,1.0,23.7,281,16,1.0,23.7,281,16,1.0,23.7,281,16,1.0,23.7,281,16,1.0,23.7,281,16,1.0,23.7,281,16,1.0,23.7,281,16,1.0,23.7,281,16,1.0,23.7,281,16,1.0,23.7,281,16,1.0,23.7,281,16,1.0,23.7,281,16,1.0,23.7,281,16,1.0,23.7,281,16,1.0,23.7,281,16,1.0,23.7,281,16,1.0,23.7,281,16,1.0,23.7,281,16,1.0,23.7,281,16,1.0,23.7,281,16,1.0,23.7,281,16,1.0,23.7
269,141.42,1.18,2.94,0,282,17,1.0,23.6,282,17,1.0,23.6,282,17,1.0,23.6,282,17,1.0,23.6,282,17,1.0,23.6,282,17,1.0,23.6,282,17,1.0,23.6,282,17,1.0,23.6,282,17,1.0,23.6,282,17,1.0,23.6,282,17,1.0,23.6,282,17,1.0,23.6,282,17,1.0,23.6,282,17,1.0,23.6,282,17,1.0,23.6,282,17,1.0,23.6,282,17,1.0,23.6,282,17,1.0,23.6,282,17,1.0,23.6,282,17,1.0,23.6,282,17,1.0,23.6,282,17,1.0,23.6,282,17,1.0,23.6,282,17,1.0,23.6,282,17,1.0,23.6,282,17,1.0,23.6,282,17,1.0,23.6,282,17,1.0,23.6,282,17,1.0,23.6,282,17,1.0,23.6,282,17,1.0,23.6,282,17,1.0,23.6
270,142.15,1.18,2.94,0,282,17,1.0,23.6,282,17,1.0,23.6,282,17,1.0,23.6,282,17,1.0,23.6,282,17,1.0,23.6,282,17,1.0,23.6,282,17,1.0,23.6,282,17,1.0,23.6,282,17,1.0,23.6,282,17,1.0,23.6,282,17,1.0,23.6,282,17,1.0,23.6,282,17,1.0,23.6,282,17,1.0,23.6,282,17,1.0,23.6,282,17,1.0,23.6,282,17,1.0,23.6,282,17,1.0,23.6,282,17,1.0,23.6,282,17,1.0,23.6,282,17,1.0,23.6,282,17,1.0,23.6,282,17,1.0,23.6,282,17,1.0,23.6,282,17,1.0,23.6,282,17,1.0,23.6,282,17,1.0,23.6,282,17,1.0,23.6,282,17,1.0,23.6,282,17,1.0,23.6,282,17,1.0,23.6,282,17,1.0,23.6
271,142.15,1.15,2.89,0,277,16,1.0,23.6,277,16,1.0,23.6,277,16,1.0,23.6,277,16,1.0,23.6,277,16,1.0,23.6,277,16,1.0,23.6,277,16,1.0,23.6,277,16,1.0,23.6,277,16,1.0,23.6,277,16,1.0,23.6,277,16,1.0,23.6,277,16,1.0,23.6,277,16,1.0,23.6,277,16,1.0,23.6,277,16,1.0,23.6,277,16,1.0,23.6,277,16,1.0,23.6,277,16,1.0,23.6,277,16,1.0,23.6,277,16,1.0,23.6,277,16,1.0,23.6,277,16,1.0,23.6,277,16,1.0,23.6,277,16,1.0,23.6,277,16,1.0,23.6,277,16,1.0,23.6,277,16,1.0,23.6,277,16,1.0,23.6,277,16,1.0,23.6,277,16,1.0,23.6,277,16,1.0,23.6,277,16,1.0,23.6
272,143.12,1.14,2.85,0,274,19,1.0,23.4,274,19,1.0,23.4,274,19,1.0,23.4,274,19,1.0,23.4,274,19,1.0,23.4,274,19,1.0,23.4,274,19,1.0,23.4,274,19,1.0,23.4,274,19,1.0,23.4,274,19,1.0,23.4,274,19,1.0,23.4,274,19,1.0,23.4,274,19,1.0,23.4,274,19,1.0,23.4,274,19,1.0,23.4,274,19,1.0,23.4,274,19,1.0,23.4,274,19,1.0,23.4,274,19,1.0,23.4,274,19,1.0,23.4,274,19,1.0,23.4,274,19,1.0,23.4,274,19,1.0,23.4,274,19,1.0,23.4,274,19,1.0,23.4,274,19,1.0,23.4,274,19,1.0,23.4,274,19,1.0,23.4,274,19,1.0,23.4,274,19,1.0,23.4,274,19,1.0,23.4,274,19,1.0,23.4
273,143.6,1.13,2.82,0,271,24,1.0,23.0,271,24,1.0,23.0,271,24,1.0,23.0,271,24,1.0,23.0,271,24,1.0,23.0,271,24,1.0,23.0,271,24,1.0,23.0,271,24,1.0,23.0,271,24,1.0,23.0,271,24,1.0,23.0,271,24,1.0,23.0,271,24,1.0,23.0,271,24,1.0,23.0,271,24,1.0,23.0,271,24,1.0,23.0,271,24,1.0,23.0,271,24,1.0,23.0,271,24,1.0,23.0,271,24,1.0,23.0,271,24,1.0,23.0,271,24,1.0,23.0,271,24,1.0,23.0,271,24,1.0,23.0,271,24,1.0,23.0,271,24,1.0,23.0,271,24,1.0,23.0,271,24,1.0,23.0,271,24,1.0,23.0,271,24,1.0,23.0,271,24,1.0,23.0,271,24,1.0,23.0,271,24,1.0,23.0
274,143.6,1.12,2.8,0,269,26,1.0,22.8,269,26,1.0,22.8,269,26,1.0,22.8,269,26,1.0,22.8,269,26,1.0,22.8,269,26,1.0,22.8,269,26,1.0,22.8,269,26,1.0,22.8,269,26,1.0,22.8,269,26,1.0,22.8,269,26,1.0,22.8,269,26,1.0,22.8,269,26,1.0,22.8,269,26,1.0,22.8,269,26,1.0,22.8,269,26,1.0,22.8,269,26,1.0,22.8,269,26,1.0,22.8,269,26,1.0,22.8,269,26,1.0,22.8,269,26,1.0,22.8,269,26,1.0,22.8,269,26,1.0,22.8,269,26,1.0,22.8,269,26,1.0,22.8,269,26,1.0,22.8,269,26,1.0,22.8,269,26,1.0,22.8,269,26,1.0,22.8,269,26,1.0,22.8,269,26,1.0,22.8,269,26,1.0,22.8
275,144.57,1.12,2.81,0,270,28,1.0,22.7,270,28,1.0,22.7,270,28,1.0,22.7,270,28,1.0,22.7,270,28,1.0,22.7,270,28,1.0,22.7,270,28,1.0,22.7,270,28,1.0,22.7,270,28,1.0,22.7,270,28,1.0,22.7,270,28,1.0,22.7,270,28,1.0,22.7,270,28,1.0,22.7,270,28,1.0,22.7,270,28,1.0,22.7,270,28,1.0,22.7,270,28,1.0,22.7,270,28,1.0,22.7,270,28,1.0,22.7,270,28,1.0,22.7,270,28,1.0,22.7,270,28,1.0,22.7,270,28,1.0,22.7,270,28,1.0,22.7,270,28,1.0,22.7,270,28,1.0,22.7,270,28,1.0,22.7,270,28,1.0,22.7,270,28,1.0,22.7,270,28,1.0,22.7,270,28,1.0,22.7,270,28,1.0,22.7
276,145.06,1.12,2.79,0,268,31,1.0,22.4,268,31,1.0,22.4,268,31,1.0,22.4,268,31,1.0,22.4,268,31,1.0,22.4,268,31,1.0,22.4,268,31,1.0,22.4,268,31,1.0,22.4,268,31,1.0,22.4,268,31,1.0,22.4,268,31,1.0,22.4,268,31,1.0,22.4,268,31,1.0,22.4,268,31,1.0,22.4,268,31,1.0,22.4,268,31,1.0,22.4,268,31,1.0,22.4,268,31,1.0,22.4,268,31,1.0,22.4,268,31,1.0,22.4,268,31,1.0,22.4,268,31,1.0,22.4,268,31,1.0,22.4,268,31,1.0,22.4,268,31,1.0,22.4,268,31,1.0,22.4,268,31,1.0,22.4,268,31,1.0,22.4,268,31,1.0,22.4,268,31,1.0,22.4,268,31,1.0,22.4,268,31,1.0,22.4
277,145.3,1.11,2.77,0,266,33,1.0,22.2,266,33,1.0,22.2,266,33,1.0,22.2,266,33,1.0,22.2,266,33,1.0,22.2,266,33,1.0,22.2,266,33,1.0,22.2,266,33,1.0,22.2,266,33,1.0,22.2,266,33,1.0,22.2,266,33,1.0,22.2,266,33,1.0,22.2,266,33,1.0,22.2,266,33,1.0,22.2,266,33,1.0,22.2,266,33,1.0,22.2,266,33,1.0,22.2,266,33,1.0,22.2,266,33,1.0,22.2,266,33,1.0,22.2,266,33,1.0,22.2,266,33,1.0,22.2,266,33,1.0,22.2,266,33,1.0,22.2,266,33,1.0,22.2,266,33,1.0,22.2,266,33,1.0,22.2,266,33,1.0,22.2,266,33,1.0,22.2,266,33,1.0,22.2,266,33,1.0,22.2,266,33,1.0,22.2
278,145.3,1.11,2.77,0,266,35,1.0,22.1,266,35,1.0,22.1,266,35,1.0,22.1,266,35,1.0,22.1,266,35,1.0,22.1,266,35,1.0,22.1,266,35,1.0,22.1,266,35,1.0,22.1,266,35,1.0,22.1,266,35,1.0,22.1,266,35,1.0,22.1,266,35,1.0,22.1,266,35,1.0,22.1,266,35,1.0,22.1,266,35,1.0,22.1,266,35,1.0,22.1,266,35,1.0,22.1,266,35,1.0,22.1,266,35,1.0,22.1,266,35,1.0,22.1,266,35,1.0,22.1,266,35,1.0,22.1,266,35,1.0,22.1,266,35,1.0,22.1,266,35,1.0,22.1,266,35,1.0,22.1,266,35,1.0,22.1,266,35,1.0,22.1,266,35,1.0,22.1,266,35,1.0,22.1,266,35,1.0,22.1,266,35,1.0,22.1
279,145.79,1.1,2.76,0,265,38,1.0,21.9,265,38,1.0,21.9,265,38,1.0,21.9,265,38,1.0,21.9,265,38,1.0,21.9,265,38,1.0,21.9,265,38,1.0,21.9,265,38,1.0,21.9,265,38,1.0,21.9,265,38,1.0,21.9,265,38,1.0,21.9,265,38,1.0,21.9,265,38,1.0,21.9,265,38,1.0,21.9,265,38,1.0,21.9,265,38,1.0,21.9,265,38,1.0,21.9,265,38,1.0,21.9,265,38,1.0,21.9,265,38,1.0,21.9,265,38,1.0,21.9,265,38,1.0,21.9,265,38,1.0,21.9,265,38,1.0,21.9,265,38,1.0,21.9,265,38,1.0,21.9,265,38,1.0,21.9,265,38,1.0,21.9,265,38,1.0,21.9,265,38,1.0,21.9,265,38,1.0,21.9,265,38,1.0,21.9
280,145.8,1.1,2.75,0,264,39,1.0,21.8,264,39,1.0,21.8,264,39,1.0,21.8,264,39,1.0,21.8,264,39,1.0,21.8,264,39,1.0,21.8,264,39,1.0,21.8,264,39,1.0,21.8,264,39,1.0,21.8,264,39,1.0,21.8,264,39,1.0,21.8,264,39,1.0,21.8,264,39,1.0,21.8,264,39,1.0,21.8,264,39,1.0,21.8,264,39,1.0,21.8,264,39,1.0,21.8,264,39,1.0,21.8,264,39,1.0,21.8,264,39,1.0,21.8,264,39,1.0,21.8,264,39,1.0,21.8,264,39,1.0,21.8,264,39,1.0,21.8,264,39,1.0,21.8,264,39,1.0,21.8,264,39,1.0,21.8,264,39,1.0,21.8,264,39,1.0,21.8,264,39,1.0,21.8,264,39,1.0,21.8,264,39,1.0,21.8
281,146.29,1.1,2.75,0,264,39,1.0,21.8,264,39,1.0,21.8,264,39,1.0,21.8,264,39,1.0,21.8,264,39,1.0,21.8,264,39,1.0,21.8,264,39,1.0,21.8,264,39,1.0,21.8,264,39,1.0,21.8,264,39,1.0,21.8,264,39,1.0,21.8,264,39,1.0,21.8,264,39,1.0,21.8,264,39,1.0,21.8,264,39,1.0,21.8,264,39,1.0,21.8,264,39,1.0,21.8,264,39,1.0,21.8,264,39,1.0,21.8,264,39,1.0,21.8,264,39,1.0,21.8,264,39,1.0,21.8,264,39,1.0,21.8,264,39,1.0,21.8,264,39,1.0,21.8,264,39,1.0,21.8,264,39,1.0,21.8,264,39,1.0,21.8,264,39,1.0,21.8,264,39,1.0,21.8,264,39,1.0,21.8,264,39,1.0,21.8
282,147.26,1.1,2.74,0,263,40,1.0,21.7,263,40,1.0,21.7,263,40,1.0,21.7,263,40,1.0,21.7,263,40,1.0,21.7,263,40,1.0,21.7,263,40,1.0,21.7,263,40,1.0,21.7,263,40,1.0,21.7,263,40,1.0,21.7,263,40,1.0,21.7,263,40,1.0,21.7,263,40,1.0,21.7,263,40,1.0,21.7,263,40,1.0,21.7,263,40,1.0,21.7,263,40,1.0,21.7,263,40,1.0,21.7,263,40,1.0,21.7,263,40,1.0,21.7,263,40,1.0,21.7,263,40,1.0,21.7,263,40,1.0,21.7,263,40,1.0,21.7,263,40,1.0,21.7,263,40,1.0,21.7,263,40,1.0,21.7,263,40,1.0,21.7,263,40,1.0,21.7,263,40,1.0,21.7,263,40,1.0,21.7,263,40,1.0,21.7
283,147.51,1.09,2.73,0,262,44,1.0,21.4,262,44,1.0,21.4,262,44,1.0,21.4,262,44,1.0,21.4,262,44,1.0,21.4,262,44,1.0,21.4,262,44,1.0,21.4,262,44,1.0,21.4,262,44,1.0,21.4,262,44,1.0,21.4,262,44,1.0,21.4,262,44,1.0,21.4,262,44,1.0,21.4,262,44,1.0,21.4,262,44,1.0,21.4,262,44,1.0,21.4,262,44,1.0,21.4,262,44,1.0,21.4,262,44,1.0,21.4,262,44,1.0,21.4,262,44,1.0,21.4,262,44,1.0,21.4,262,44,1.0,21.4,262,44,1.0,21.4,262,44,1.0,21.4,262,44,1.0,21.4,262,44,1.0,21.4,262,44,1.0,21.4,262,44,1.0,21.4,262,44,1.0,21.4,262,44,1.0,21.4,262,44,1.0,21.4
284,148.0,1.09,2.73,0,262,46,1.0,21.3,262,46,1.0,21.3,262,46,1.0,21.3,262,46,1.0,21.3,262,46,1.0,21.3,262,46,1.0,21.3,262,46,1.0,21.3,262,46,1.0,21.3,262,46,1.0,21.3,262,46,1.0,21.3,262,46,1.0,21.3,262,46,1.0,21.3,262,46,1.0,21.3,262,46,1.0,21.3,262,46,1.0,21.3,262,46,1.0,21.3,262,46,1.0,21.3,262,46,1.0,21.3,262,46,1.0,21.3,262,46,1.0,21.3,262,46,1.0,21.3,262,46,1.0,21.3,262,46,1.0,21.3,262,46,1.0,21.3,262,46,1.0,21.3,262,46,1.0,21.3,262,46,1.0,21.3,262,46,1.0,21.3,262,46,1.0,21.3,262,46,1.0,21.3,262,46,1.0,21.3,262,46,1.0,21.3
285,148.74,1.09,2.72,0,261,46,1.0,21.3,261,46,1.0,21.3,261,46,1.0,21.3,261,46,1.0,21.3,261,46,1.0,21.3,261,46,1.0,21.3,261,46,1.0,21.3,261,46,1.0,21.3,261,46,1.0,21.3,261,46,1.0,21.3,261,46,1.0,21.3,261,46,1.0,21.3,261,46,1.0,21.3,261,46,1.0,21.3,261,46,1.0,21.3,261,46,1.0,21.3,261,46,1.0,21.3,261,46,1.0,21.3,261,46,1.0,21.3,261,46,1.0,21.3,261,46,1.0,21.3,261,46,1.0,21.3,261,46,1.0,21.3,261,46,1.0,21.3,261,46,1.0,21.3,261,46,1.0,21.3,261,46,1.0,21.3,261,46,1.0,21.3,261,46,1.0,21.3,261,46,1.0,21.3,261,46,1.0,21.3,261,46,1.0,21.3
286,149.23,1.09,2.72,0,261,47,1.0,21.2,261,47,1.0,21.2,261,47,1.0,21.2,261,47,1.0,21.2,261,47,1.0,21.2,261,47,1.0,21.2,261,47,1.0,21.2,261,47,1.0,21.2,261,47,1.0,21.2,261,47,1.0,21.2,261,47,1.0,21.2,261,47,1.0,21.2,261,47,1.0,21.2,261,47,1.0,21.2,261,47,1.0,21.2,261,47,1.0,21.2,261,47,1.0,21.2,261,47,1.0,21.2,261,47,1.0,21.2,261,47,1.0,21.2,261,47,1.0,21.2,261,47,1.0,21.2,261,47,1.0,21.2,261,47,1.0,21.2,261,47,1.0,21.2,261,47,1.0,21.2,261,47,1.0,21.2,261,47,1.0,21.2,261,47,1.0,21.2,261,47,1.0,21.2,261,47,1.0,21.2,261,47,1.0,21.2
287,149.24,1.08,2.71,0,260,50,1.0,21.0,260,50,1.0,21.0,260,50,1.0,21.0,260,50,1.0,21.0,260,50,1.0,21.0,260,50,1.0,21.0,260,50,1.0,21.0,260,50,1.0,21.0,260,50,1.0,21.0,260,50,1.0,21.0,260,50,1.0,21.0,260,50,1.0,21.0,260,50,1.0,21.0,260,50,1.0,21.0,260,50,1.0,21.0,260,50,1.0,21.0,260,50,1.0,21.0,260,50,1.0,21.0,260,50,1.0,21.0,260,50,1.0,21.0,260,50,1.0,21.0,260,50,1.0,21.0,260,50,1.0,21.0,260,50,1.0,21.0,260,50,1.0,21.0,260,50,1.0,21.0,260,50,1.0,21.0,260,50,1.0,21.0,260,50,1.0,21.0,260,50,1.0,21.0,260,50,1.0,21.0,260,50,1.0,21.0
288,150.21,1.09,2.72,0,261,47,1.0,21.2,261,47,1.0,21.2,261,47,1.0,21.2,261,47,1.0,21.2,261,47,1.0,21.2,261,47,1.0,21.2,261,47,1.0,21.2,261,47,1.0,21.2,261,47,1.0,21.2,261,47,1.0,21.2,261,47,1.0,21.2,261,47,1.0,21.2,261,47,1.0,21.2,261,47,1.0,21.2,261,47,1.0,21.2,261,47,1.0,21.2,261,47,1.0,21.2,261,47,1.0,21.2,261,47,1.0,21.2,261,47,1.0,21.2,261,47,1.0,21.2,261,47,1.0,21.2,261,47,1.0,21.2,261,47,1.0,21.2,261,47,1.0,21.2,261,47,1.0,21.2,261,47,1.0,21.2,261,47,1.0,21.2,261,47,1.0,21.2,261,47,1.0,21.2,261,47,1.0,21.2,261,47,1.0,21.2
289,150.21,1.09,2.72,0,261,48,1.0,21.1,261,48,1.0,21.1,261,48,1.0,21.1,261,48,1.0,21.1,261,48,1.0,21.1,261,48,1.0,21.1,261,48,1.0,21.1,261,48,1.0,21.1,261,48,1.0,21.1,261,48,1.0,21.1,261,48,1.0,21.1,261,48,1.0,21.1,261,48,1.0,21.1,261,48,1.0,21.1,261,48,1.0,21.1,261,48,1.0,21.1,261,48,1.0,21.1,261,48,1.0,21.1,261,48,1.0,21.1,261,48,1.0,21.1,261,48,1.0,21.1,261,48,1.0,21.1,261,48,1.0,21.1,261,48,1.0,21.1,261,48,1.0,21.1,261,48,1.0,21.1,261,48,1.0,21.1,261,48,1.0,21.1,261,48,1.0,21.1,261,48,1.0,21.1,261,48,1.0,21.1,261,48,1.0,21.1
290,150.47,1.09,2.73,0,262,48,1.0,21.1,262,48,1.0,21.1,262,48,1.0,21.1,262,48,1.0,21.1,262,48,1.0,21.1,262,48,1.0,21.1,262,48,1.0,21.1,262,48,1.0,21.1,262,48,1.0,21.1,262,48,1.0,21.1,262,48,1.0,21.1,262,48,1.0,21.1,262,48,1.0,21.1,262,48,1.0,21.1,262,48,1.0,21.1,262,48,1.0,21.1,262,48,1.0,21.1,262,48,1.0,21.1,262,48,1.0,21.1,262,48,1.0,21.1,262,48,1.0,21.1,262,48,1.0,21.1,262,48,1.0,21.1,262,48,1.0,21.1,262,48,1.0,21.1,262,48,1.0,21.1,262,48,1.0,21.1,262,48,1.0,21.1,262,48,1.0,21.1,262,48,1.0,21.1,262,48,1.0,21.1,262,48,1.0,21.1
291,150.96,1.1,2.74,0,263,47,1.0,21.2,263,47,1.0,21.2,263,47,1.0,21.2,263,47,1.0,21.2,263,47,1.0,21.2,263,47,1.0,21.2,263,47,1.0,21.2,263,47,1.0,21.2,263,47,1.0,21.2,263,47,1.0,21.2,263,47,1.0,21.2,263,47,1.0,21.2,263,47,1.0,21.2,263,47,1.0,21.2,263,47,1.0,21.2,263,47,1.0,21.2,263,47,1.0,21.2,263,47,1.0,21.2,263,47,1.0,21.2,263,47,1.0,21.2,263,47,1.0,21.2,263,47,1.0,21.2,263,47,1.0,21.2,263,47,1.0,21.2,263,47,1.0,21.2,263,47,1.0,21.2,263,47,1.0,21.2,263,47,1.0,21.2,263,47,1.0,21.2,263,47,1.0,21.2,263,47,1.0,21.2,263,47,1.0,21.2
292,151.21,1.09,2.73,0,262,50,1.0,21.0,262,50,1.0,21.0,262,50,1.0,21.0,262,50,1.0,21.0,262,50,1.0,21.0,262,50,1.0,21.0,262,50,1.0,21.0,262,50,1.0,21.0,262,50,1.0,21.0,262,50,1.0,21.0,262,50,1.0,21.0,262,50,1.0,21.0,262,50,1.0,21.0,262,50,1.0,21.0,262,50,1.0,21.0,262,50,1.0,21.0,262,50,1.0,21.0,262,50,1.0,21.0,262,50,1.0,21.0,262,50,1.0,21.0,262,50,1.0,21.0,262,50,1.0,21.0,262,50,1.0,21.0,262,50,1.0,21.0,262,50,1.0,21.0,262,50,1.0,21.0,262,50,1.0,21.0,262,50,1.0,21.0,262,50,1.0,21.0,262,50,1.0,21.0,262,50,1.0,21.0,262,50,1.0,21.0
293,152.18,1.1,2.74,0,263,49,1.0,21.1,263,49,1.0,21.1,263,49,1.0,21.1,263,49,1.0,21.1,263,49,1.0,21.1,263,49,1.0,21.1,263,49,1.0,21.1,263,49,1.0,21.1,263,49,1.0,21.1,263,49,1.0,21.1,263,49,1.0,21.1,263,49,1.0,21.1,263,49,1.0,21.1,263,49,1.0,21.1,263,49,1.0,21.1,263,49,1.0,21.1,263,49,1.0,21.1,263,49,1.0,21.1,263,49,1.0,21.1,263,49,1.0,21.1,263,49,1.0,21.1,263,49,1.0,21.1,263,49,1.0,21.1,263,49,1.0,21.1,263,49,1.0,21.1,263,49,1.0,21.1,263,49,1.0,21.1,263,49,1.0,21.1,263,49,1.0,21.1,263,49,1.0,21.1,263,49,1.0,21.1,263,49,1.0,21.1
294,151.96,1.1,2.76,0,265,46,1.0,21.3,265,46,1.0,21.3,265,46,1.0,21.3,265,46,1.0,21.3,265,46,1.0,21.3,265,46,1.0,21.3,265,46,1.0,21.3,265,46,1.0,21.3,265,46,1.0,21.3,265,46,1.0,21.3,265,46,1.0,21.3,265,46,1.0,21.3,265,46,1.0,21.3,265,46,1.0,21.3,265,46,1.0,21.3,265,46,1.0,21.3,265,46,1.0,21.3,265,46,1.0,21.3,265,46,1.0,21.3,265,46,1.0,21.3,265,46,1.0,21.3,265,46,1.0,21.3,265,46,1.0,21.3,265,46,1.0,21.3,265,46,1.0,21.3,265,46,1.0,21.3,265,46,1.0,21.3,265,46,1.0,21.3,265,46,1.0,21.3,265,46,1.0,21.3,265,46,1.0,21.3,265,46,1.0,21.3
295,152.69,1.1,2.76,0,265,48,1.0,21.2,265,48,1.0,21.2,265,48,1.0,21.2,265,48,1.0,21.2,265,48,1.0,21.2,265,48,1.0,21.2,265,48,1.0,21.2,265,48,1.0,21.2,265,48,1.0,21.2,265,48,1.0,21.2,265,48,1.0,21.2,265,48,1.0,21.2,265,48,1.0,21.2,265,48,1.0,21.2,265,48,1.0,21.2,265,48,1.0,21.2,265,48,1.0,21.2,265,48,1.0,21.2,265,48,1.0,21.2,265,48,1.0,21.2,265,48,1.0,21.2,265,48,1.0,21.2,265,48,1.0,21.2,265,48,1.0,21.2,265,48,1.0,21.2,265,48,1.0,21.2,265,48,1.0,21.2,265,48,1.0,21.2,265,48,1.0,21.2,265,48,1.0,21.2,265,48,1.0,21.2,265,48,1.0,21.2
296,153.42,1.1,2.76,0,265,48,1.0,21.2,265,48,1.0,21.2,265,48,1.0,21.2,265,48,1.0,21.2,265,48,1.0,21.2,265,48,1.0,21.2,265,48,1.0,21.2,265,48,1.0,21.2,265,48,1.0,21.2,265,48,1.0,21.2,265,48,1.0,21.2,265,48,1.0,21.2,265,48,1.0,21.2,265,48,1.0,21.2,265,48,1.0,21.2,265,48,1.0,21.2,265,48,1.0,21.2,265,48,1.0,21.2,265,48,1.0,21.2,265,48,1.0,21.2,265,48,1.0,21.2,265,48,1.0,21.2,265,48,1.0,21.2,265,48,1.0,21.2,265,48,1.0,21.2,265,48,1.0,21.2,265,48,1.0,21.2,265,48,1.0,21.2,265,48,1.0,21.2,265,48,1.0,21.2,265,48,1.0,21.2,265,48,1.0,21.2
297,154.15,1.11,2.77,0,266,48,1.0,21.2,266,48,1.0,21.2,266,48,1.0,21.2,266,48,1.0,21.2,266,48,1.0,21.2,266,48,1.0,21.2,266,48,1.0,21.2,266,48,1.0,21.2,266,48,1.0,21.2,266,48,1.0,21.2,266,48,1.0,21.2,266,48,1.0,21.2,266,48,1.0,21.2,266,48,1.0,21.2,266,48,1.0,21.2,266,48,1.0,21.2,266,48,1.0,21.2,266,48,1.0,21.2,266,48,1.0,21.2,266,48,1.0,21.2,266,48,1.0,21.2,266,48,1.0,21.2,266,48,1.0,21.2,266,48,1.0,21.2,266,48,1.0,21.2,266,48,1.0,21.2,266,48,1.0,21.2,266,48,1.0,21.2,266,48,1.0,21.2,266,48,1.0,21.2,266,48,1.0,21.2,266,48,1.0,21.2
298,154.63,1.11,2.77,0,266,48,1.0,21.2,266,48,1.0,21.2,266,48,1.0,21.2,266,48,1.0,21.2,266,48,1.0,21.2,266,48,1.0,21.2,266,48,1.0,21.2,266,48,1.0,21.2,266,48,1.0,21.2,266,48,1.0,21.2,266,48,1.0,21.2,266,48,1.0,21.2,266,48,1.0,21.2,266,48,1.0,21.2,266,48,1.0,21.2,266,48,1.0,21.2,266,48,1.0,21.2,266,48,1.0,21.2,266,48,1.0,21.2,266,48,1.0,21.2,266,48,1.0,21.2,266,48,1.0,21.2,266,48,1.0,21.2,266,48,1.0,21.2,266,48,1.0,21.2,266,48,1.0,21.2,266,48,1.0,21.2,266,48,1.0,21.2,266,48,1.0,21.2,266,48,1.0,21.2,266,48,1.0,21.2,266,48,1.0,21.2
299,155.6,1.12,2.79,0,268,47,1.0,21.3,268,47,1.0,21.3,268,47,1.0,21.3,268,47,1.0,21.3,268,47,1.0,21.3,268,47,1.0,21.3,268,47,1.0,21.3,268,47,1.0,21.3,268,47,1.0,21.3,268,47,1.0,21.3,268,47,1.0,21.3,268,47,1.0,21.3,268,47,1.0,21.3,268,47,1.0,21.3,268,47,1.0,21.3,268,47,1.0,21.3,268,47,1.0,21.3,268,47,1.0,21.3,268,47,1.0,21.3,268,47,1.0,21.3,268,47,1.0,21.3,268,47,1.0,21.3,268,47,1.0,21.3,268,47,1.0,21.3,268,47,1.0,21.3,268,47,1.0,21.3,268,47,1.0,21.3,268,47,1.0,21.3,268,47,1.0,21.3,268,47,1.0,21.3,268,47,1.0,21.3,268,47,1.0,21.3
300,156.33,1.13,2.82,0,271,44,1.0,21.5,271,44,1.0,21.5,271,44,1.0,21.5,271,44,1.0,21.5,271,44,1.0,21.5,271,44,1.0,21.5,271,44,1.0,21.5,271,44,1.0,21.5,271,44,1.0,21.5,271,44,1.0,21.5,271,44,1.0,21.5,271,44,1.0,21.5,271,44,1.0,21.5,271,44,1.0,21.5,271,44,1.0,21.5,271,44,1.0,21.5,271,44,1.0,21.5,271,44,1.0,21.5,271,44,1.0,21.5,271,44,1.0,21.5,271,44,1.0,21.5,271,44,1.0,21.5,271,44,1.0,21.5,271,44,1.0,21.5,271,44,1.0,21.5,271,44,1.0,21.5,271,44,1.0,21.5,271,44,1.0,21.5,271,44,1.0,21.5,271,44,1.0,21.5,271,44,1.0,21.5,271,44,1.0,21.5
301,156.57,1.13,2.82,0,271,42,1.0,21.6,271,42,1.0,21.6,271,42,1.0,21.6,271,42,1.0,21.6,271,42,1.0,21.6,271,42,1.0,21.6,271,42,1.0,21.6,271,42,1.0,21.6,271,42,1.0,21.6,271,42,1.0,21.6,271,42,1.0,21.6,271,42,1.0,21.6,271,42,1.0,21.6,271,42,1.0,21.6,271,42,1.0,21.6,271,42,1.0,21.6,271,42,1.0,21.6,271,42,1.0,21.6,271,42,1.0,21.6,271,42,1.0,21.6,271,42,1.0,21.6,271,42,1.0,21.6,271,42,1.0,21.6,271,42,1.0,21.6,271,42,1.0,21.6,271,42,1.0,21.6,271,42,1.0,21.6,271,42,1.0,21.6,271,42,1.0,21.6,271,42,1.0,21.6,271,42,1.0,21.6,271,42,1.0,21.6
302,157.54,1.13,2.83,0,272,41,1.0,21.7,272,41,1.0,21.7,272,41,1.0,21.7,272,41,1.0,21.7,272,41,1.0,21.7,272,41,1.0,21.7,272,41,1.0,21.7,272,41,1.0,21.7,272,41,1.0,21.7,272,41,1.0,21.7,272,41,1.0,21.7,272,41,1.0,21.7,272,41,1.0,21.7,272,41,1.0,21.7,272,41,1.0,21.7,272,41,1.0,21.7,272,41,1.0,21.7,272,41,1.0,21.7,272,41,1.0,21.7,272,41,1.0,21.7,272,41,1.0,21.7,272,41,1.0,21.7,272,41,1.0,21.7,272,41,1.0,21.7,272,41,1.0,21.7,272,41,1.0,21.7,272,41,1.0,21.7,272,41,1.0,21.7,272,41,1.0,21.7,272,41,1.0,21.7,272,41,1.0,21.7,272,41,1.0,21.7
303,158.02,1.14,2.85,0,274,40,1.0,21.8,274,40,1.0,21.8,274,40,1.0,21.8,274,40,1.0,21.8,274,40,1.0,21.8,274,40,1.0,21.8,274,40,1.0,21.8,274,40,1.0,21.8,274,40,1.0,21.8,274,40,1.0,21.8,274,40,1.0,21.8,274,40,1.0,21.8,274,40,1.0,21.8,274,40,1.0,21.8,274,40,1.0,21.8,274,40,1.0,21.8,274,40,1.0,21.8,274,40,1.0,21.8,274,40,1.0,21.8,274,40,1.0,21.8,274,40,1.0,21.8,274,40,1.0,21.8,274,40,1.0,21.8,274,40,1.0,21.8,274,40,1.0,21.8,274,40,1.0,21.8,274,40,1.0,21.8,274,40,1.0,21.8,274,40,1.0,21.8,274,40,1.0,21.8,274,40,1.0,21.8,274,40,1.0,21.8
304,158.74,1.15,2.89,0,277,35,1.0,22.2,277,35,1.0,22.2,277,35,1.0,22.2,277,35,1.0,22.2,277,35,1.0,22.2,277,35,1.0,22.2,277,35,1.0,22.2,277,35,1.0,22.2,277,35,1.0,22.2,277,35,1.0,22.2,277,35,1.0,22.2,277,35,1.0,22.2,277,35,1.0,22.2,277,35,1.0,22.2,277,35,1.0,22.2,277,35,1.0,22.2,277,35,1.0,22.2,277,35,1.0,22.2,277,35,1.0,22.2,277,35,1.0,22.2,277,35,1.0,22.2,277,35,1.0,22.2,277,35,1.0,22.2,277,35,1.0,22.2,277,35,1.0,22.2,277,35,1.0,22.2,277,35,1.0,22.2,277,35,1.0,22.2,277,35,1.0,22.2,277,35,1.0,22.2,277,35,1.0,22.2,277,35,1.0,22.2
305,159.7,1.17,2.93,0,281,32,1.0,22.4,281,32,1.0,22.4,281,32,1.0,22.4,281,32,1.0,22.4,281,32,1.0,22.4,281,32,1.0,22.4,281,32,1.0,22.4,281,32,1.0,22.4,281,32,1.0,22.4,281,32,1.0,22.4,281,32,1.0,22.4,281,32,1.0,22.4,281,32,1.0,22.4,281,32,1.0,22.4,281,32,1.0,22.4,281,32,1.0,22.4,281,32,1.0,22.4,281,32,1.0,22.4,281,32,1.0,22.4,281,32,1.0,22.4,281,32,1.0,22.4,281,32,1.0,22.4,281,32,1.0,22.4,281,32,1.0,22.4,281,32,1.0,22.4,281,32,1.0,22.4,281,32,1.0,22.4,281,32,1.0,22.4,281,32,1.0,22.4,281,32,1.0,22.4,281,32,1.0,22.4,281,32,1.0,22.4
306,160.42,1.18,2.95,0,283,30,1.0,22.6,283,30,1.0,22.6,283,30,1.0,22.6,283,30,1.0,22.6,283,30,1.0,22.6,283,30,1.0,22.6,283,30,1.0,22.6,283,30,1.0,22.6,283,30,1.0,22.6,283,30,1.0,22.6,283,30,1.0,22.6,283,30,1.0,22.6,283,30,1.0,22.6,283,30,1.0,22.6,283,30,1.0,22.6,283,30,1.0,22.6,283,30,1.0,22.6,283,30,1.0,22.6,283,30,1.0,22.6,283,30,1.0,22.6,283,30,1.0,22.6,283,30,1.0,22.6,283,30,1.0,22.6,283,30,1.0,22.6,283,30,1.0,22.6,283,30,1.0,22.6,283,30,1.0,22.6,283,30,1.0,22.6,283,30,1.0,22.6,283,30,1.0,22.6,283,30,1.0,22.6,283,30,1.0,22.6
307,160.89,1.18,2.96,0,284,29,1.0,22.7,284,29,1.0,22.7,284,29,1.0,22.7,284,29,1.0,22.7,284,29,1.0,22.7,284,29,1.0,22.7,284,29,1.0,22.7,284,29,1.0,22.7,284,29,1.0,22.7,284,29,1.0,22.7,284,29,1.0,22.7,284,29,1.0,22.7,284,29,1.0,22.7,284,29,1.0,22.7,284,29,1.0,22.7,284,29,1.0,22.7,284,29,1.0,22.7,284,29,1.0,22.7,284,29,1.0,22.7,284,29,1.0,22.7,284,29,1.0,22.7,284,29,1.0,22.7,284,29,1.0,22.7,284,29,1.0,22.7,284,29,1.0,22.7,284,29,1.0,22.7,284,29,1.0,22.7,284,29,1.0,22.7,284,29,1.0,22.7,284,29,1.0,22.7,284,29,1.0,22.7,284,29,1.0,22.7
308,161.86,1.2,2.99,0,287,25,1.0,23.0,287,25,1.0,23.0,287,25,1.0,23.0,287,25,1.0,23.0,287,25,1.0,23.0,287,25,1.0,23.0,287,25,1.0,23.0,287,25,1.0,23.0,287,25,1.0,23.0,287,25,1.0,23.0,287,25,1.0,23.0,287,25,1.0,23.0,287,25,1.0,23.0,287,25,1.0,23.0,287,25,1.0,23.0,287,25,1.0,23.0,287,25,1.0,23.0,287,25,1.0,23.0,287,25,1.0,23.0,287,25,1.0,23.0,287,25,1.0,23.0,287,25,1.0,23.0,287,25,1.0,23.0,287,25,1.0,23.0,287,25,1.0,23.0,287,25,1.0,23.0,287,25,1.0,23.0,287,25,1.0,23.0,287,25,1.0,23.0,287,25,1.0,23.0,287,25,1.0,23.0,287,25,1.0,23.0
309,162.33,1.2,3.01,0,289,24,1.0,23.1,289,24,1.0,23.1,289,24,1.0,23.1,289,24,1.0,23.1,289,24,1.0,23.1,289,24,1.0,23.1,289,24,1.0,23.1,289,24,1.0,23.1,289,24,1.0,23.1,289,24,1.0,23.1,289,24,1.0,23.1,289,24,1.0,23.1,289,24,1.0,23.1,289,24,1.0,23.1,289,24,1.0,23.1,289,24,1.0,23.1,289,24,1.0,23.1,289,24,1.0,23.1,289,24,1.0,23.1,289,24,1.0,23.1,289,24,1.0,23.1,289,24,1.0,23.1,289,24,1.0,23.1,289,24,1.0,23.1,289,24,1.0,23.1,289,24,1.0,23.1,289,24,1.0,23.1,289,24,1.0,23.1,289,24,1.0,23.1,289,24,1.0,23.1,289,24,1.0,23.1,289,24,1.0,23.1
310,162.06,1.21,3.02,0,290,23,1.0,23.2,290,23,1.0,23.2,290,23,1.0,23.2,290,23,1.0,23.2,290,23,1.0,23.2,290,23,1.0,23.2,290,23,1.0,23.2,290,23,1.0,23.2,290,23,1.0,23.2,290,23,1.0,23.2,290,23,1.0,23.2,290,23,1.0,23.2,290,23,1.0,23.2,290,23,1.0,23.2,290,23,1.0,23.2,290,23,1.0,23.2,290,23,1.0,23.2,290,23,1.0,23.2,290,23,1.0,23.2,290,23,1.0,23.2,290,23,1.0,23.2,290,23,1.0,23.2,290,23,1.0,23.2,290,23,1.0,23.2,290,23,1.0,23.2,290,23,1.0,23.2,290,23,1.0,23.2,290,23,1.0,23.2,290,23,1.0,23.2,290,23,1.0,23.2,290,23,1.0,23.2,290,23,1.0,23.2
311,162.78,1.2,3.01,0,289,21,1.0,23.3,289,21,1.0,23.3,289,21,1.0,23.3,289,21,1.0,23.3,289,21,1.0,23.3,289,21,1.0,23.3,289,21,1.0,23.3,289,21,1.0,23.3,289,21,1.0,23.3,289,21,1.0,23.3,289,21,1.0,23.3,289,21,1.0,23.3,289,21,1.0,23.3,289,21,1.0,23.3,289,21,1.0,23.3,289,21,1.0,23.3,289,21,1.0,23.3,289,21,1.0,23.3,289,21,1.0,23.3,289,21,1.0,23.3,289,21,1.0,23.3,289,21,1.0,23.3,289,21,1.0,23.3,289,21,1.0,23.3,289,21,1.0,23.3,289,21,1.0,23.3,289,21,1.0,23.3,289,21,1.0,23.3,289,21,1.0,23.3,289,21,1.0,23.3,289,21,1.0,23.3,289,21,1.0,23.3
312,163.75,1.2,2.99,0,287,23,1.0,23.1,287,23,1.0,23.1,287,23,1.0,23.1,287,23,1.0,23.1,287,23,1.0,23.1,287,23,1.0,23.1,287,23,1.0,23.1,287,23,1.0,23.1,287,23,1.0,23.1,287,23,1.0,23.1,287,23,1.0,23.1,287,23,1.0,23.1,287,23,1.0,23.1,287,23,1.0,23.1,287,23,1.0,23.1,287,23,1.0,23.1,287,23,1.0,23.1,287,23,1.0,23.1,287,23,1.0,23.1,287,23,1.0,23.1,287,23,1.0,23.1,287,23,1.0,23.1,287,23,1.0,23.1,287,23,1.0,23.1,287,23,1.0,23.1,287,23,1.0,23.1,287,23,1.0,23.1,287,23,1.0,23.1,287,23,1.0,23.1,287,23,1.0,23.1,287,23,1.0,23.1,287,23,1.0,23.1
313,164.71,1.2,3.01,0,289,20,1.0,23.4,289,20,1.0,23.4,289,20,1.0,23.4,289,20,1.0,23.4,289,20,1.0,23.4,289,20,1.0,23.4,289,20,1.0,23.4,289,20,1.0,23.4,289,20,1.0,23.4,289,20,1.0,23.4,289,20,1.0,23.4,289,20,1.0,23.4,289,20,1.0,23.4,289,20,1.0,23.4,289,20,1.0,23.4,289,20,1.0,23.4,289,20,1.0,23.4,289,20,1.0,23.4,289,20,1.0,23.4,289,20,1.0,23.4,289,20,1.0,23.4,289,20,1.0,23.4,289,20,1.0,23.4,289,20,1.0,23.4,289,20,1.0,23.4,289,20,1.0,23.4,289,20,1.0,23.4,289,20,1.0,23.4,289,20,1.0,23.4,289,20,1.0,23.4,289,20,1.0,23.4,289,20,1.0,23.4
314,165.42,1.2,3.01,0,289,19,1.0,23.5,289,19,1.0,23.5,289,19,1.0,23.5,289,19,1.0,23.5,289,19,1.0,23.5,289,19,1.0,23.5,289,19,1.0,23.5,289,19,1.0,23.5,289,19,1.0,23.5,289,19,1.0,23.5,289,19,1.0,23.5,289,19,1.0,23.5,289,19,1.0,23.5,289,19,1.0,23.5,289,19,1.0,23.5,289,19,1.0,23.5,289,19,1.0,23.5,289,19,1.0,23.5,289,19,1.0,23.5,289,19,1.0,23.5,289,19,1.0,23.5,289,19,1.0,23.5,289,19,1.0,23.5,289,19,1.0,23.5,289,19,1.0,23.5,289,19,1.0,23.5,289,19,1.0,23.5,289,19,1.0,23.5,289,19,1.0,23.5,289,19,1.0,23.5,289,19,1.0,23.5,289,19,1.0,23.5
315,165.89,1.2,3.01,0,289,24,1.0,23.1,289,24,1.0,23.1,289,24,1.0,23.1,289,24,1.0,23.1,289,24,1.0,23.1,289,24,1.0,23.1,289,24,1.0,23.1,289,24,1.0,23.1,289,24,1.0,23.1,289,24,1.0,23.1,289,24,1.0,23.1,289,24,1.0,23.1,289,24,1.0,23.1,289,24,1.0,23.1,289,24,1.0,23.1,289,24,1.0,23.1,289,24,1.0,23.1,289,24,1.0,23.1,289,24,1.0,23.1,289,24,1.0,23.1,289,24,1.0,23.1,289,24,1.0,23.1,289,24,1.0,23.1,289,24,1.0,23.1,289,24,1.0,23.1,289,24,1.0,23.1,289,24,1.0,23.1,289,24,1.0,23.1,289,24,1.0,23.1,289,24,1.0,23.1,289,24,1.0,23.1,289,24,1.0,23.1
316,166.6,1.19,2.98,0,286,26,1.0,22.9,286,26,1.0,22.9,286,26,1.0,22.9,286,26,1.0,22.9,286,26,1.0,22.9,286,26,1.0,22.9,286,26,1.0,22.9,286,26,1.0,22.9,286,26,1.0,22.9,286,26,1.0,22.9,286,26,1.0,22.9,286,26,1.0,22.9,286,26,1.0,22.9,286,26,1.0,22.9,286,26,1.0,22.9,286,26,1.0,22.9,286,26,1.0,22.9,286,26,1.0,22.9,286,26,1.0,22.9,286,26,1.0,22.9,286,26,1.0,22.9,286,26,1.0,22.9,286,26,1.0,22.9,286,26,1.0,22.9,286,26,1.0,22.9,286,26,1.0,22.9,286,26,1.0,22.9,286,26,1.0,22.9,286,26,1.0,22.9,286,26,1.0,22.9,286,26,1.0,22.9,286,26,1.0,22.9
317,167.07,1.19,2.97,0,285,29,1.0,22.7,285,29,1.0,22.7,285,29,1.0,22.7,285,29,1.0,22.7,285,29,1.0,22.7,285,29,1.0,22.7,285,29,1.0,22.7,285,29,1.0,22.7,285,29,1.0,22.7,285,29,1.0,22.7,285,29,1.0,22.7,285,29,1.0,22.7,285,29,1.0,22.7,285,29,1.0,22.7,285,29,1.0,22.7,285,29,1.0,22.7,285,29,1.0,22.7,285,29,1.0,22.7,285,29,1.0,22.7,285,29,1.0,22.7,285,29,1.0,22.7,285,29,1.0,22.7,285,29,1.0,22.7,285,29,1.0,22.7,285,29,1.0,22.7,285,29,1.0,22.7,285,29,1.0,22.7,285,29,1.0,22.7,285,29,1.0,22.7,285,29,1.0,22.7,285,29,1.0,22.7,285,29,1.0,22.7
318,167.78,1.18,2.96,0,284,29,1.0,22.7,284,29,1.0,22.7,284,29,1.0,22.7,284,29,1.0,22.7,284,29,1.0,22.7,284,29,1.0,22.7,284,29,1.0,22.7,284,29,1.0,22.7,284,29,1.0,22.7,284,29,1.0,22.7,284,29,1.0,22.7,284,29,1.0,22.7,284,29,1.0,22.7,284,29,1.0,22.7,284,29,1.0,22.7,284,29,1.0,22.7,284,29,1.0,22.7,284,29,1.0,22.7,284,29,1.0,22.7,284,29,1.0,22.7,284,29,1.0,22.7,284,29,1.0,22.7,284,29,1.0,22.7,284,29,1.0,22.7,284,29,1.0,22.7,284,29,1.0,22.7,284,29,1.0,22.7,284,29,1.0,22.7,284,29,1.0,22.7,284,29,1.0,22.7,284,29,1.0,22.7,284,29,1.0,22.7
319,167.99,1.18,2.94,0,282,31,1.0,22.5,282,31,1.0,22.5,282,31,1.0,22.5,282,31,1.0,22.5,282,31,1.0,22.5,282,31,1.0,22.5,282,31,1.0,22.5,282,31,1.0,22.5,282,31,1.0,22.5,282,31,1.0,22.5,282,31,1.0,22.5,282,31,1.0,22.5,282,31,1.0,22.5,282,31,1.0,22.5,282,31,1.0,22.5,282,31,1.0,22.5,282,31,1.0,22.5,282,31,1.0,22.5,282,31,1.0,22.5,282,31,1.0,22.5,282,31,1.0,22.5,282,31,1.0,22.5,282,31,1.0,22.5,282,31,1.0,22.5,282,31,1.0,22.5,282,31,1.0,22.5,282,31,1.0,22.5,282,31,1.0,22.5,282,31,1.0,22.5,282,31,1.0,22.5,282,31,1.0,22.5,282,31,1.0,22.5
320,168.71,1.17,2.93,0,281,33,1.0,22.4,281,33,1.0,22.4,281,33,1.0,22.4,281,33,1.0,22.4,281,33,1.0,22.4,281,33,1.0,22.4,281,33,1.0,22.4,281,33,1.0,22.4,281,33,1.0,22.4,281,33,1.0,22.4,281,33,1.0,22.4,281,33,1.0,22.4,281,33,1.0,22.4,281,33,1.0,22.4,281,33,1.0,22.4,281,33,1.0,22.4,281,33,1.0,22.4,281,33,1.0,22.4,281,33,1.0,22.4,281,33,1.0,22.4,281,33,1.0,22.4,281,33,1.0,22.4,281,33,1.0,22.4,281,33,1.0,22.4,281,33,1.0,22.4,281,33,1.0,22.4,281,33,1.0,22.4,281,33,1.0,22.4,281,33,1.0,22.4,281,33,1.0,22.4,281,33,1.0,22.4,281,33,1.0,22.4
321,169.42,1.17,2.92,0,280,34,1.0,22.3,280,34,1.0,22.3,280,34,1.0,22.3,280,34,1.0,22.3,280,34,1.0,22.3,280,34,1.0,22.3,280,34,1.0,22.3,280,34,1.0,22.3,280,34,1.0,22.3,280,34,1.0,22.3,280,34,1.0,22.3,280,34,1.0,22.3,280,34,1.0,22.3,280,34,1.0,22.3,280,34,1.0,22.3,280,34,1.0,22.3,280,34,1.0,22.3,280,34,1.0,22.3,280,34,1.0,22.3,280,34,1.0,22.3,280,34,1.0,22.3,280,34,1.0,22.3,280,34,1.0,22.3,280,34,1.0,22.3,280,34,1.0,22.3,280,34,1.0,22.3,280,34,1.0,22.3,280,34,1.0,22.3,280,34,1.0,22.3,280,34,1.0,22.3,280,34,1.0,22.3,280,34,1.0,22.3
322,169.38,1.16,2.91,0,279,37,1.0,22.1,279,37,1.0,22.1,279,37,1.0,22.1,279,37,1.0,22.1,279,37,1.0,22.1,279,37,1.0,22.1,279,37,1.0,22.1,279,37,1.0,22.1,279,37,1.0,22.1,279,37,1.0,22.1,279,37,1.0,22.1,279,37,1.0,22.1,279,37,1.0,22.1,279,37,1.0,22.1,279,37,1.0,22.1,279,37,1.0,22.1,279,37,1.0,22.1,279,37,1.0,22.1,279,37,1.0,22.1,279,37,1.0,22.1,279,37,1.0,22.1,279,37,1.0,22.1,279,37,1.0,22.1,279,37,1.0,22.1,279,37,1.0,22.1,279,37,1.0,22.1,279,37,1.0,22.1,279,37,1.0,22.1,279,37,1.0,22.1,279,37,1.0,22.1,279,37,1.0,22.1,279,37,1.0,22.1
323,169.35,1.16,2.91,0,279,40,1.0,21.9,279,40,1.0,21.9,279,40,1.0,21.9,279,40,1.0,21.9,279,40,1.0,21.9,279,40,1.0,21.9,279,40,1.0,21.9,279,40,1.0,21.9,279,40,1.0,21.9,279,40,1.0,21.9,279,40,1.0,21.9,279,40,1.0,21.9,279,40,1.0,21.9,279,40,1.0,21.9,279,40,1.0,21.9,279,40,1.0,21.9,279,40,1.0,21.9,279,40,1.0,21.9,279,40,1.0,21.9,279,40,1.0,21.9,279,40,1.0,21.9,279,40,1.0,21.9,279,40,1.0,21.9,279,40,1.0,21.9,279,40,1.0,21.9,279,40,1.0,21.9,279,40,1.0,21.9,279,40,1.0,21.9,279,40,1.0,21.9,279,40,1.0,21.9,279,40,1.0,21.9,279,40,1.0,21.9
324,169.82,1.16,2.9,0,278,42,1.0,21.7,278,42,1.0,21.7,278,42,1.0,21.7,278,42,1.0,21.7,278,42,1.0,21.7,278,42,1.0,21.7,278,42,1.0,21.7,278,42,1.0,21.7,278,42,1.0,21.7,278,42,1.0,21.7,278,42,1.0,21.7,278,42,1.0,21.7,278,42,1.0,21.7,278,42,1.0,21.7,278,42,1.0,21.7,278,42,1.0,21.7,278,42,1.0,21.7,278,42,1.0,21.7,278,42,1.0,21.7,278,42,1.0,21.7,278,42,1.0,21.7,278,42,1.0,21.7,278,42,1.0,21.7,278,42,1.0,21.7,278,42,1.0,21.7,278,42,1.0,21.7,278,42,1.0,21.7,278,42,1.0,21.7,278,42,1.0,21.7,278,42,1.0,21.7,278,42,1.0,21.7,278,42,1.0,21.7
325,170.78,1.16,2.91,0,279,41,1.0,21.8,279,41,1.0,21.8,279,41,1.0,21.8,279,41,1.0,21.8,279,41,1.0,21.8,279,41,1.0,21.8,279,41,1.0,21.8,279,41,1.0,21.8,279,41,1.0,21.8,279,41,1.0,21.8,279,41,1.0,21.8,279,41,1.0,21.8,279,41,1.0,21.8,279,41,1.0,21.8,279,41,1.0,21.8,279,41,1.0,21.8,279,41,1.0,21.8,279,41,1.0,21.8,279,41,1.0,21.8,279,41,1.0,21.8,279,41,1.0,21.8,279,41,1.0,21.8,279,41,1.0,21.8,279,41,1.0,21.8,279,41,1.0,21.8,279,41,1.0,21.8,279,41,1.0,21.8,279,41,1.0,21.8,279,41,1.0,21.8,279,41,1.0,21.8,279,41,1.0,21.8,279,41,1.0,21.8
326,170.26,1.17,2.93,0,281,42,1.0,21.7,281,42,1.0,21.7,281,42,1.0,21.7,281,42,1.0,21.7,281,42,1.0,21.7,281,42,1.0,21.7,281,42,1.0,21.7,281,42,1.0,21.7,281,42,1.0,21.7,281,42,1.0,21.7,281,42,1.0,21.7,281,42,1.0,21.7,281,42,1.0,21.7,281,42,1.0,21.7,281,42,1.0,21.7,281,42,1.0,21.7,281,42,1.0,21.7,281,42,1.0,21.7,281,42,1.0,21.7,281,42,1.0,21.7,281,42,1.0,21.7,281,42,1.0,21.7,281,42,1.0,21.7,281,42,1.0,21.7,281,42,1.0,21.7,281,42,1.0,21.7,281,42,1.0,21.7,281,42,1.0,21.7,281,42,1.0,21.7,281,42,1.0,21.7,281,42,1.0,21.7,281,42,1.0,21.7
327,170.98,1.18,2.96,0,284,39,1.0,22.0,284,39,1.0,22.0,284,39,1.0,22.0,284,39,1.0,22.0,284,39,1.0,22.0,284,39,1.0,22.0,284,39,1.0,22.0,284,39,1.0,22.0,284,39,1.0,22.0,284,39,1.0,22.0,284,39,1.0,22.0,284,39,1.0,22.0,284,39,1.0,22.0,284,39,1.0,22.0,284,39,1.0,22.0,284,39,1.0,22.0,284,39,1.0,22.0,284,39,1.0,22.0,284,39,1.0,22.0,284,39,1.0,22.0,284,39,1.0,22.0,284,39,1.0,22.0,284,39,1.0,22.0,284,39,1.0,22.0,284,39,1.0,22.0,284,39,1.0,22.0,284,39,1.0,22.0,284,39,1.0,22.0,284,39,1.0,22.0,284,39,1.0,22.0,284,39,1.0,22.0,284,39,1.0,22.0
328,171.94,1.2,2.99,0,287,36,1.0,22.2,287,36,1.0,22.2,287,36,1.0,22.2,287,36,1.0,22.2,287,36,1.0,22.2,287,36,1.0,22.2,287,36,1.0,22.2,287,36,1.0,22.2,287,36,1.0,22.2,287,36,1.0,22.2,287,36,1.0,22.2,287,36,1.0,22.2,287,36,1.0,22.2,287,36,1.0,22.2,287,36,1.0,22.2,287,36,1.0,22.2,287,36,1.0,22.2,287,36,1.0,22.2,287,36,1.0,22.2,287,36,1.0,22.2,287,36,1.0,22.2,287,36,1.0,22.2,287,36,1.0,22.2,287,36,1.0,22.2,287,36,1.0,22.2,287,36,1.0,22.2,287,36,1.0,22.2,287,36,1.0,22.2,287,36,1.0,22.2,287,36,1.0,22.2,287,36,1.0,22.2,287,36,1.0,22.2
329,172.41,1.2,3.0,0,288,35,1.0,22.3,288,35,1.0,22.3,288,35,1.0,22.3,288,35,1.0,22.3,288,35,1.0,22.3,288,35,1.0,22.3,288,35,1.0,22.3,288,35,1.0,22.3,288,35,1.0,22.3,288,35,1.0,22.3,288,35,1.0,22.3,288,35,1.0,22.3,288,35,1.0,22.3,288,35,1.0,22.3,288,35,1.0,22.3,288,35,1.0,22.3,288,35,1.0,22.3,288,35,1.0,22.3,288,35,1.0,22.3,288,35,1.0,22.3,288,35,1.0,22.3,288,35,1.0,22.3,288,35,1.0,22.3,288,35,1.0,22.3,288,35,1.0,22.3,288,35,1.0,22.3,288,35,1.0,22.3,288,35,1.0,22.3,288,35,1.0,22.3,288,35,1.0,22.3,288,35,1.0,22.3,288,35,1.0,22.3
330,172.88,1.2,3.0,0,288,35,1.0,22.3,288,35,1.0,22.3,288,35,1.0,22.3,288,35,1.0,22.3,288,35,1.0,22.3,288,35,1.0,22.3,288,35,1.0,22.3,288,35,1.0,22.3,288,35,1.0,22.3,288,35,1.0,22.3,288,35,1.0,22.3,288,35,1.0,22.3,288,35,1.0,22.3,288,35,1.0,22.3,288,35,1.0,22.3,288,35,1.0,22.3,288,35,1.0,22.3,288,35,1.0,22.3,288,35,1.0,22.3,288,35,1.0,22.3,288,35,1.0,22.3,288,35,1.0,22.3,288,35,1.0,22.3,288,35,1.0,22.3,288,35,1.0,22.3,288,35,1.0,22.3,288,35,1.0,22.3,288,35,1.0,22.3,288,35,1.0,22.3,288,35,1.0,22.3,288,35,1.0,22.3,288,35,1.0,22.3
331,173.59,1.18,2.96,0,284,36,1.0,22.2,284,36,1.0,22.2,284,36,1.0,22.2,284,36,1.0,22.2,284,36,1.0,22.2,284,36,1.0,22.2,284,36,1.0,22.2,284,36,1.0,22.2,284,36,1.0,22.2,284,36,1.0,22.2,284,36,1.0,22.2,284,36,1.0,22.2,284,36,1.0,22.2,284,36,1.0,22.2,284,36,1.0,22.2,284,36,1.0,22.2,284,36,1.0,22.2,284,36,1.0,22.2,284,36,1.0,22.2,284,36,1.0,22.2,284,36,1.0,22.2,284,36,1.0,22.2,284,36,1.0,22.2,284,36,1.0,22.2,284,36,1.0,22.2,284,36,1.0,22.2,284,36,1.0,22.2,284,36,1.0,22.2,284,36,1.0,22.2,284,36,1.0,22.2,284,36,1.0,22.2,284,36,1.0,22.2
332,174.06,1.18,2.95,0,283,38,1.0,22.0,283,38,1.0,22.0,283,38,1.0,22.0,283,38,1.0,22.0,283,38,1.0,22.0,283,38,1.0,22.0,283,38,1.0,22.0,283,38,1.0,22.0,283,38,1.0,22.0,283,38,1.0,22.0,283,38,1.0,22.0,283,38,1.0,22.0,283,38,1.0,22.0,283,38,1.0,22.0,283,38,1.0,22.0,283,38,1.0,22.0,283,38,1.0,22.0,283,38,1.0,22.0,283,38,1.0,22.0,283,38,1.0,22.0,283,38,1.0,22.0,283,38,1.0,22.0,283,38,1.0,22.0,283,38,1.0,22.0,283,38,1.0,22.0,283,38,1.0,22.0,283,38,1.0,22.0,283,38,1.0,22.0,283,38,1.0,22.0,283,38,1.0,22.0,283,38,1.0,22.0,283,38,1.0,22.0
333,174.53,1.17,2.93,0,281,40,1.0,21.9,281,40,1.0,21.9,281,40,1.0,21.9,281,40,1.0,21.9,281,40,1.0,21.9,281,40,1.0,21.9,281,40,1.0,21.9,281,40,1.0,21.9,281,40,1.0,21.9,281,40,1.0,21.9,281,40,1.0,21.9,281,40,1.0,21.9,281,40,1.0,21.9,281,40,1.0,21.9,281,40,1.0,21.9,281,40,1.0,21.9,281,40,1.0,21.9,281,40,1.0,21.9,281,40,1.0,21.9,281,40,1.0,21.9,281,40,1.0,21.9,281,40,1.0,21.9,281,40,1.0,21.9,281,40,1.0,21.9,281,40,1.0,21.9,281,40,1.0,21.9,281,40,1.0,21.9,281,40,1.0,21.9,281,40,1.0,21.9,281,40,1.0,21.9,281,40,1.0,21.9,281,40,1.0,21.9
334,174.99,1.17,2.92,0,280,41,1.0,21.8,280,41,1.0,21.8,280,41,1.0,21.8,280,41,1.0,21.8,280,41,1.0,21.8,280,41,1.0,21.8,280,41,1.0,21.8,280,41,1.0,21.8,280,41,1.0,21.8,280,41,1.0,21.8,280,41,1.0,21.8,280,41,1.0,21.8,280,41,1.0,21.8,280,41,1.0,21.8,280,41,1.0,21.8,280,41,1.0,21.8,280,41,1.0,21.8,280,41,1.0,21.8,280,41,1.0,21.8,280,41,1.0,21.8,280,41,1.0,21.8,280,41,1.0,21.8,280,41,1.0,21.8,280,41,1.0,21.8,280,41,1.0,21.8,280,41,1.0,21.8,280,41,1.0,21.8,280,41,1.0,21.8,280,41,1.0,21.8,280,41,1.0,21.8,280,41,1.0,21.8,280,41,1.0,21.8
335,175.96,1.17,2.93,0,281,42,1.0,21.7,281,42,1.0,21.7,281,42,1.0,21.7,281,42,1.0,21.7,281,42,1.0,21.7,281,42,1.0,21.7,281,42,1.0,21.7,281,42,1.0,21.7,281,42,1.0,21.7,281,42,1.0,21.7,281,42,1.0,21.7,281,42,1.0,21.7,281,42,1.0,21.7,281,42,1.0,21.7,281,42,1.0,21.7,281,42,1.0,21.7,281,42,1.0,21.7,281,42,1.0,21.7,281,42,1.0,21.7,281,42,1.0,21.7,281,42,1.0,21.7,281,42,1.0,21.7,281,42,1.0,21.7,281,42,1.0,21.7,281,42,1.0,21.7,281,42,1.0,21.7,281,42,1.0,21.7,281,42,1.0,21.7,281,42,1.0,21.7,281,42,1.0,21.7,281,42,1.0,21.7,281,42,1.0,21.7
336,176.67,1.17,2.93,0,281,41,1.0,21.8,281,41,1.0,21.8,281,41,1.0,21.8,281,41,1.0,21.8,281,41,1.0,21.8,281,41,1.0,21.8,281,41,1.0,21.8,281,41,1.0,21.8,281,41,1.0,21.8,281,41,1.0,21.8,281,41,1.0,21.8,281,41,1.0,21.8,281,41,1.0,21.8,281,41,1.0,21.8,281,41,1.0,21.8,281,41,1.0,21.8,281,41,1.0,21.8,281,41,1.0,21.8,281,41,1.0,21.8,281,41,1.0,21.8,281,41,1.0,21.8,281,41,1.0,21.8,281,41,1.0,21.8,281,41,1.0,21.8,281,41,1.0,21.8,281,41,1.0,21.8,281,41,1.0,21.8,281,41,1.0,21.8,281,41,1.0,21.8,281,41,1.0,21.8,281,41,1.0,21.8,281,41,1.0,21.8
337,176.64,1.18,2.95,0,283,40,1.0,21.9,283,40,1.0,21.9,283,40,1.0,21.9,283,40,1.0,21.9,283,40,1.0,21.9,283,40,1.0,21.9,283,40,1.0,21.9,283,40,1.0,21.9,283,40,1.0,21.9,283,40,1.0,21.9,283,40,1.0,21.9,283,40,1.0,21.9,283,40,1.0,21.9,283,40,1.0,21.9,283,40,1.0,21.9,283,40,1.0,21.9,283,40,1.0,21.9,283,40,1.0,21.9,283,40,1.0,21.9,283,40,1.0,21.9,283,40,1.0,21.9,283,40,1.0,21.9,283,40,1.0,21.9,283,40,1.0,21.9,283,40,1.0,21.9,283,40,1.0,21.9,283,40,1.0,21.9,283,40,1.0,21.9,283,40,1.0,21.9,283,40,1.0,21.9,283,40,1.0,21.9,283,40,1.0,21.9
338,177.6,1.18,2.96,0,284,39,1.0,22.0,284,39,1.0,22.0,284,39,1.0,22.0,284,39,1.0,22.0,284,39,1.0,22.0,284,39,1.0,22.0,284,39,1.0,22.0,284,39,1.0,22.0,284,39,1.0,22.0,284,39,1.0,22.0,284,39,1.0,22.0,284,39,1.0,22.0,284,39,1.0,22.0,284,39,1.0,22.0,284,39,1.0,22.0,284,39,1.0,22.0,284,39,1.0,22.0,284,39,1.0,22.0,284,39,1.0,22.0,284,39,1.0,22.0,284,39,1.0,22.0,284,39,1.0,22.0,284,39,1.0,22.0,284,39,1.0,22.0,284,39,1.0,22.0,284,39,1.0,22.0,284,39,1.0,22.0,284,39,1.0,22.0,284,39,1.0,22.0,284,39,1.0,22.0,284,39,1.0,22.0,284,39,1.0,22.0
339,177.57,1.19,2.98,0,286,36,1.0,22.2,286,36,1.0,22.2,286,36,1.0,22.2,286,36,1.0,22.2,286,36,1.0,22.2,286,36,1.0,22.2,286,36,1.0,22.2,286,36,1.0,22.2,286,36,1.0,22.2,286,36,1.0,22.2,286,36,1.0,22.2,286,36,1.0,22.2,286,36,1.0,22.2,286,36,1.0,22.2,286,36,1.0,22.2,286,36,1.0,22.2,286,36,1.0,22.2,286,36,1.0,22.2,286,36,1.0,22.2,286,36,1.0,22.2,286,36,1.0,22.2,286,36,1.0,22.2,286,36,1.0,22.2,286,36,1.0,22.2,286,36,1.0,22.2,286,36,1.0,22.2,286,36,1.0,22.2,286,36,1.0,22.2,286,36,1.0,22.2,286,36,1.0,22.2,286,36,1.0,22.2,286,36,1.0,22.2
340,177.79,1.19,2.98,0,286,39,1.0,22.0,286,39,1.0,22.0,286,39,1.0,22.0,286,39,1.0,22.0,286,39,1.0,22.0,286,39,1.0,22.0,286,39,1.0,22.0,286,39,1.0,22.0,286,39,1.0,22.0,286,39,1.0,22.0,286,39,1.0,22.0,286,39,1.0,22.0,286,39,1.0,22.0,286,39,1.0,22.0,286,39,1.0,22.0,286,39,1.0,22.0,286,39,1.0,22.0,286,39,1.0,22.0,286,39,1.0,22.0,286,39,1.0,22.0,286,39,1.0,22.0,286,39,1.0,22.0,286,39,1.0,22.0,286,39,1.0,22.0,286,39,1.0,22.0,286,39,1.0,22.0,286,39,1.0,22.0,286,39,1.0,22.0,286,39,1.0,22.0,286,39,1.0,22.0,286,39,1.0,22.0,286,39,1.0,22.0
341,177.76,1.2,2.99,0,287,38,1.0,22.1,287,38,1.0,22.1,287,38,1.0,22.1,287,38,1.0,22.1,287,38,1.0,22.1,287,38,1.0,22.1,287,38,1.0,22.1,287,38,1.0,22.1,287,38,1.0,22.1,287,38,1.0,22.1,287,38,1.0,22.1,287,38,1.0,22.1,287,38,1.0,22.1,287,38,1.0,22.1,287,38,1.0,22.1,287,38,1.0,22.1,287,38,1.0,22.1,287,38,1.0,22.1,287,38,1.0,22.1,287,38,1.0,22.1,287,38,1.0,22.1,287,38,1.0,22.1,287,38,1.0,22.1,287,38,1.0,22.1,287,38,1.0,22.1,287,38,1.0,22.1,287,38,1.0,22.1,287,38,1.0,22.1,287,38,1.0,22.1,287,38,1.0,22.1,287,38,1.0,22.1,287,38,1.0,22.1
342,177.01,1.2,2.99,0,287,41,1.0,21.9,287,41,1.0,21.9,287,41,1.0,21.9,287,41,1.0,21.9,287,41,1.0,21.9,287,41,1.0,21.9,287,41,1.0,21.9,287,41,1.0,21.9,287,41,1.0,21.9,287,41,1.0,21.9,287,41,1.0,21.9,287,41,1.0,21.9,287,41,1.0,21.9,287,41,1.0,21.9,287,41,1.0,21.9,287,41,1.0,21.9,287,41,1.0,21.9,287,41,1.0,21.9,287,41,1.0,21.9,287,41,1.0,21.9,287,41,1.0,21.9,287,41,1.0,21.9,287,41,1.0,21.9,287,41,1.0,21.9,287,41,1.0,21.9,287,41,1.0,21.9,287,41,1.0,21.9,287,41,1.0,21.9,287,41,1.0,21.9,287,41,1.0,21.9,287,41,1.0,21.9,287,41,1.0,21.9
343,177.73,1.2,2.99,0,287,40,1.0,21.9,287,40,1.0,21.9,287,40,1.0,21.9,287,40,1.0,21.9,287,40,1.0,21.9,287,40,1.0,21.9,287,40,1.0,21.9,287,40,1.0,21.9,287,40,1.0,21.9,287,40,1.0,21.9,287,40,1.0,21.9,287,40,1.0,21.9,287,40,1.0,21.9,287,40,1.0,21.9,287,40,1.0,21.9,287,40,1.0,21.9,287,40,1.0,21.9,287,40,1.0,21.9,287,40,1.0,21.9,287,40,1.0,21.9,287,40,1.0,21.9,287,40,1.0,21.9,287,40,1.0,21.9,287,40,1.0,21.9,287,40,1.0,21.9,287,40,1.0,21.9,287,40,1.0,21.9,287,40,1.0,21.9,287,40,1.0,21.9,287,40,1.0,21.9,287,40,1.0,21.9,287,40,1.0,21.9
344,178.21,1.2,3.0,0,288,40,1.0,22.0,288,40,1.0,22.0,288,40,1.0,22.0,288,40,1.0,22.0,288,40,1.0,22.0,288,40,1.0,22.0,288,40,1.0,22.0,288,40,1.0,22.0,288,40,1.0,22.0,288,40,1.0,22.0,288,40,1.0,22.0,288,40,1.0,22.0,288,40,1.0,22.0,288,40,1.0,22.0,288,40,1.0,22.0,288,40,1.0,22.0,288,40,1.0,22.0,288,40,1.0,22.0,288,40,1.0,22.0,288,40,1.0,22.0,288,40,1.0,22.0,288,40,1.0,22.0,288,40,1.0,22.0,288,40,1.0,22.0,288,40,1.0,22.0,288,40,1.0,22.0,288,40,1.0,22.0,288,40,1.0,22.0,288,40,1.0,22.0,288,40,1.0,22.0,288,40,1.0,22.0,288,40,1.0,22.0
345,177.95,1.2,3.0,0,288,41,1.0,21.9,288,41,1.0,21.9,288,41,1.0,21.9,288,41,1.0,21.9,288,41,1.0,21.9,288,41,1.0,21.9,288,41,1.0,21.9,288,41,1.0,21.9,288,41,1.0,21.9,288,41,1.0,21.9,288,41,1.0,21.9,288,41,1.0,21.9,288,41,1.0,21.9,288,41,1.0,21.9,288,41,1.0,21.9,288,41,1.0,21.9,288,41,1.0,21.9,288,41,1.0,21.9,288,41,1.0,21.9,288,41,1.0,21.9,288,41,1.0,21.9,288,41,1.0,21.9,288,41,1.0,21.9,288,41,1.0,21.9,288,41,1.0,21.9,288,41,1.0,21.9,288,41,1.0,21.9,288,41,1.0,21.9,288,41,1.0,21.9,288,41,1.0,21.9,288,41,1.0,21.9,288,41,1.0,21.9
346,178.44,1.2,3.0,0,288,40,1.0,22.0,288,40,1.0,22.0,288,40,1.0,22.0,288,40,1.0,22.0,288,40,1.0,22.0,288,40,1.0,22.0,288,40,1.0,22.0,288,40,1.0,22.0,288,40,1.0,22.0,288,40,1.0,22.0,288,40,1.0,22.0,288,40,1.0,22.0,288,40,1.0,22.0,288,40,1.0,22.0,288,40,1.0,22.0,288,40,1.0,22.0,288,40,1.0,22.0,288,40,1.0,22.0,288,40,1.0,22.0,288,40,1.0,22.0,288,40,1.0,22.0,288,40,1.0,22.0,288,40,1.0,22.0,288,40,1.0,22.0,288,40,1.0,22.0,288,40,1.0,22.0,288,40,1.0,22.0,288,40,1.0,22.0,288,40,1.0,22.0,288,40,1.0,22.0,288,40,1.0,22.0,288,40,1.0,22.0
347,179.16,1.2,3.01,0,289,40,1.0,22.0,289,40,1.0,22.0,289,40,1.0,22.0,289,40,1.0,22.0,289,40,1.0,22.0,289,40,1.0,22.0,289,40,1.0,22.0,289,40,1.0,22.0,289,40,1.0,22.0,289,40,1.0,22.0,289,40,1.0,22.0,289,40,1.0,22.0,289,40,1.0,22.0,289,40,1.0,22.0,289,40,1.0,22.0,289,40,1.0,22.0,289,40,1.0,22.0,289,40,1.0,22.0,289,40,1.0,22.0,289,40,1.0,22.0,289,40,1.0,22.0,289,40,1.0,22.0,289,40,1.0,22.0,289,40,1.0,22.0,289,40,1.0,22.0,289,40,1.0,22.0,289,40,1.0,22.0,289,40,1.0,22.0,289,40,1.0,22.0,289,40,1.0,22.0,289,40,1.0,22.0,289,40,1.0,22.0
348,180.13,1.2,3.01,0,289,40,1.0,22.0,289,40,1.0,22.0,289,40,1.0,22.0,289,40,1.0,22.0,289,40,1.0,22.0,289,40,1.0,22.0,289,40,1.0,22.0,289,40,1.0,22.0,289,40,1.0,22.0,289,40,1.0,22.0,289,40,1.0,22.0,289,40,1.0,22.0,289,40,1.0,22.0,289,40,1.0,22.0,289,40,1.0,22.0,289,40,1.0,22.0,289,40,1.0,22.0,289,40,1.0,22.0,289,40,1.0,22.0,289,40,1.0,22.0,289,40,1.0,22.0,289,40,1.0,22.0,289,40,1.0,22.0,289,40,1.0,22.0,289,40,1.0,22.0,289,40,1.0,22.0,289,40,1.0,22.0,289,40,1.0,22.0,289,40,1.0,22.0,289,40,1.0,22.0,289,40,1.0,22.0,289,40,1.0,22.0
349,179.87,1.2,3.01,0,289,39,1.0,22.0,289,39,1.0,22.0,289,39,1.0,22.0,289,39,1.0,22.0,289,39,1.0,22.0,289,39,1.0,22.0,289,39,1.0,22.0,289,39,1.0,22.0,289,39,1.0,22.0,289,39,1.0,22.0,289,39,1.0,22.0,289,39,1.0,22.0,289,39,1.0,22.0,289,39,1.0,22.0,289,39,1.0,22.0,289,39,1.0,22.0,289,39,1.0,22.0,289,39,1.0,22.0,289,39,1.0,22.0,289,39,1.0,22.0,289,39,1.0,22.0,289,39,1.0,22.0,289,39,1.0,22.0,289,39,1.0,22.0,289,39,1.0,22.0,289,39,1.0,22.0,289,39,1.0,22.0,289,39,1.0,22.0,289,39,1.0,22.0,289,39,1.0,22.0,289,39,1.0,22.0,289,39,1.0,22.0
350,180.11,1.2,3.01,0,289,41,1.0,21.9,289,41,1.0,21.9,289,41,1.0,21.9,289,41,1.0,21.9,289,41,1.0,21.9,289,41,1.0,21.9,289,41,1.0,21.9,289,41,1.0,21.9,289,41,1.0,21.9,289,41,1.0,21.9,289,41,1.0,21.9,289,41,1.0,21.9,289,41,1.0,21.9,289,41,1.0,21.9,289,41,1.0,21.9,289,41,1.0,21.9,289,41,1.0,21.9,289,41,1.0,21.9,289,41,1.0,21.9,289,41,1.0,21.9,289,41,1.0,21.9,289,41,1.0,21.9,289,41,1.0,21.9,289,41,1.0,21.9,289,41,1.0,21.9,289,41,1.0,21.9,289,41,1.0,21.9,289,41,1.0,21.9,289,41,1.0,21.9,289,41,1.0,21.9,289,41,1.0,21.9,289,41,1.0,21.9
351,180.59,1.2,3.01,0,289,42,1.0,21.8,289,42,1.0,21.8,289,42,1.0,21.8,289,42,1.0,21.8,289,42,1.0,21.8,289,42,1.0,21.8,289,42,1.0,21.8,289,42,1.0,21.8,289,42,1.0,21.8,289,42,1.0,21.8,289,42,1.0,21.8,289,42,1.0,21.8,289,42,1.0,21.8,289,42,1.0,21.8,289,42,1.0,21.8,289,42,1.0,21.8,289,42,1.0,21.8,289,42,1.0,21.8,289,42,1.0,21.8,289,42,1.0,21.8,289,42,1.0,21.8,289,42,1.0,21.8,289,42,1.0,21.8,289,42,1.0,21.8,289,42,1.0,21.8,289,42,1.0,21.8,289,42,1.0,21.8,289,42,1.0,21.8,289,42,1.0,21.8,289,42,1.0,21.8,289,42,1.0,21.8,289,42,1.0,21.8
352,180.84,1.2,3.0,0,288,44,1.0,21.7,288,44,1.0,21.7,288,44,1.0,21.7,288,44,1.0,21.7,288,44,1.0,21.7,288,44,1.0,21.7,288,44,1.0,21.7,288,44,1.0,21.7,288,44,1.0,21.7,288,44,1.0,21.7,288,44,1.0,21.7,288,44,1.0,21.7,288,44,1.0,21.7,288,44,1.0,21.7,288,44,1.0,21.7,288,44,1.0,21.7,288,44,1.0,21.7,288,44,1.0,21.7,288,44,1.0,21.7,288,44,1.0,21.7,288,44,1.0,21.7,288,44,1.0,21.7,288,44,1.0,21.7,288,44,1.0,21.7,288,44,1.0,21.7,288,44,1.0,21.7,288,44,1.0,21.7,288,44,1.0,21.7,288,44,1.0,21.7,288,44,1.0,21.7,288,44,1.0,21.7,288,44,1.0,21.7
353,181.56,1.2,3.0,0,288,46,1.0,21.6,288,46,1.0,21.6,288,46,1.0,21.6,288,46,1.0,21.6,288,46,1.0,21.6,288,46,1.0,21.6,288,46,1.0,21.6,288,46,1.0,21.6,288,46,1.0,21.6,288,46,1.0,21.6,288,46,1.0,21.6,288,46,1.0,21.6,288,46,1.0,21.6,288,46,1.0,21.6,288,46,1.0,21.6,288,46,1.0,21.6,288,46,1.0,21.6,288,46,1.0,21.6,288,46,1.0,21.6,288,46,1.0,21.6,288,46,1.0,21.6,288,46,1.0,21.6,288,46,1.0,21.6,288,46,1.0,21.6,288,46,1.0,21.6,288,46,1.0,21.6,288,46,1.0,21.6,288,46,1.0,21.6,288,46,1.0,21.6,288,46,1.0,21.6,288,46,1.0,21.6,288,46,1.0,21.6
354,182.28,1.21,3.02,0,290,44,1.0,21.7,290,44,1.0,21.7,290,44,1.0,21.7,290,44,1.0,21.7,290,44,1.0,21.7,290,44,1.0,21.7,290,44,1.0,21.7,290,44,1.0,21.7,290,44,1.0,21.7,290,44,1.0,21.7,290,44,1.0,21.7,290,44,1.0,21.7,290,44,1.0,21.7,290,44,1.0,21.7,290,44,1.0,21.7,290,44,1.0,21.7,290,44,1.0,21.7,290,44,1.0,21.7,290,44,1.0,21.7,290,44,1.0,21.7,290,44,1.0,21.7,290,44,1.0,21.7,290,44,1.0,21.7,290,44,1.0,21.7,290,44,1.0,21.7,290,44,1.0,21.7,290,44,1.0,21.7,290,44,1.0,21.7,290,44,1.0,21.7,290,44,1.0,21.7,290,44,1.0,21.7,290,44,1.0,21.7
355,182.77,1.21,3.03,0,291,43,1.0,21.8,291,43,1.0,21.8,291,43,1.0,21.8,291,43,1.0,21.8,291,43,1.0,21.8,291,43,1.0,21.8,291,43,1.0,21.8,291,43,1.0,21.8,291,43,1.0,21.8,291,43,1.0,21.8,291,43,1.0,21.8,291,43,1.0,21.8,291,43,1.0,21.8,291,43,1.0,21.8,291,43,1.0,21.8,291,43,1.0,21.8,291,43,1.0,21.8,291,43,1.0,21.8,291,43,1.0,21.8,291,43,1.0,21.8,291,43,1.0,21.8,291,43,1.0,21.8,291,43,1.0,21.8,291,43,1.0,21.8,291,43,1.0,21.8,291,43,1.0,21.8,291,43,1.0,21.8,291,43,1.0,21.8,291,43,1.0,21.8,291,43,1.0,21.8,291,43,1.0,21.8,291,43,1.0,21.8
356,183.49,1.21,3.03,0,291,43,1.0,21.8,291,43,1.0,21.8,291,43,1.0,21.8,291,43,1.0,21.8,291,43,1.0,21.8,291,43,1.0,21.8,291,43,1.0,21.8,291,43,1.0,21.8,291,43,1.0,21.8,291,43,1.0,21.8,291,43,1.0,21.8,291,43,1.0,21.8,291,43,1.0,21.8,291,43,1.0,21.8,291,43,1.0,21.8,291,43,1.0,21.8,291,43,1.0,21.8,291,43,1.0,21.8,291,43,1.0,21.8,291,43,1.0,21.8,291,43,1.0,21.8,291,43,1.0,21.8,291,43,1.0,21.8,291,43,1.0,21.8,291,43,1.0,21.8,291,43,1.0,21.8,291,43,1.0,21.8,291,43,1.0,21.8,291,43,1.0,21.8,291,43,1.0,21.8,291,43,1.0,21.8,291,43,1.0,21.8
357,183.97,1.23,3.06,0,294,40,1.0,22.0,294,40,1.0,22.0,294,40,1.0,22.0,294,40,1.0,22.0,294,40,1.0,22.0,294,40,1.0,22.0,294,40,1.0,22.0,294,40,1.0,22.0,294,40,1.0,22.0,294,40,1.0,22.0,294,40,1.0,22.0,294,40,1.0,22.0,294,40,1.0,22.0,294,40,1.0,22.0,294,40,1.0,22.0,294,40,1.0,22.0,294,40,1.0,22.0,294,40,1.0,22.0,294,40,1.0,22.0,294,40,1.0,22.0,294,40,1.0,22.0,294,40,1.0,22.0,294,40,1.0,22.0,294,40,1.0,22.0,294,40,1.0,22.0,294,40,1.0,22.0,294,40,1.0,22.0,294,40,1.0,22.0,294,40,1.0,22.0,294,40,1.0,22.0,294,40,1.0,22.0,294,40,1.0,22.0
358,184.21,1.23,3.08,0,296,39,1.0,22.1,296,39,1.0,22.1,296,39,1.0,22.1,296,39,1.0,22.1,296,39,1.0,22.1,296,39,1.0,22.1,296,39,1.0,22.1,296,39,1.0,22.1,296,39,1.0,22.1,296,39,1.0,22.1,296,39,1.0,22.1,296,39,1.0,22.1,296,39,1.0,22.1,296,39,1.0,22.1,296,39,1.0,22.1,296,39,1.0,22.1,296,39,1.0,22.1,296,39,1.0,22.1,296,39,1.0,22.1,296,39,1.0,22.1,296,39,1.0,22.1,296,39,1.0,22.1,296,39,1.0,22.1,296,39,1.0,22.1,296,39,1.0,22.1,296,39,1.0,22.1,296,39,1.0,22.1,296,39,1.0,22.1,296,39,1.0,22.1,296,39,1.0,22.1,296,39,1.0,22.1,296,39,1.0,22.1
359,184.21,1.24,3.09,0,297,41,1.0,22.0,297,41,1.0,22.0,297,41,1.0,22.0,297,41,1.0,22.0,297,41,1.0,22.0,297,41,1.0,22.0,297,41,1.0,22.0,297,41,1.0,22.0,297,41,1.0,22.0,297,41,1.0,22.0,297,41,1.0,22.0,297,41,1.0,22.0,297,41,1.0,22.0,297,41,1.0,22.0,297,41,1.0,22.0,297,41,1.0,22.0,297,41,1.0,22.0,297,41,1.0,22.0,297,41,1.0,22.0,297,41,1.0,22.0,297,41,1.0,22.0,297,41,1.0,22.0,297,41,1.0,22.0,297,41,1.0,22.0,297,41,1.0,22.0,297,41,1.0,22.0,297,41,1.0,22.0,297,41,1.0,22.0,297,41,1.0,22.0,297,41,1.0,22.0,297,41,1.0,22.0,297,41,1.0,22.0
