step,att,aql,awt,throughput,intersection_0_1_queued,intersection_0_1_moving,intersection_0_1_occupancy,intersection_0_1_tau,intersection_0_2_queued,intersection_0_2_moving,intersection_0_2_occupancy,intersection_0_2_tau,intersection_0_3_queued,intersection_0_3_moving,intersection_0_3_occupancy,intersection_0_3_tau,intersection_0_4_queued,intersection_0_4_moving,intersection_0_4_occupancy,intersection_0_4_tau,intersection_1_0_queued,intersection_1_0_moving,intersection_1_0_occupancy,intersection_1_0_tau,intersection_1_1_queued,intersection_1_1_moving,intersection_1_1_occupancy,intersection_1_1_tau,intersection_1_2_queued,intersection_1_2_moving,intersection_1_2_occupancy,intersection_1_2_tau,intersection_1_3_queued,intersection_1_3_moving,intersection_1_3_occupancy,intersection_1_3_tau,intersection_1_4_queued,intersection_1_4_moving,intersection_1_4_occupancy,intersection_1_4_tau,intersection_1_5_queued,intersection_1_5_moving,intersection_1_5_occupancy,intersection_1_5_tau,intersection_2_0_queued,intersection_2_0_moving,intersection_2_0_occupancy,intersection_2_0_tau,intersection_2_1_queued,intersection_2_1_moving,intersection_2_1_occupancy,intersection_2_1_tau,intersection_2_2_queued,intersection_2_2_moving,intersection_2_2_occupancy,intersection_2_2_tau,intersection_2_3_queued,intersection_2_3_moving,intersection_2_3_occupancy,intersection_2_3_tau,intersection_2_4_queued,intersection_2_4_moving,intersection_2_4_occupancy,intersection_2_4_tau,intersection_2_5_queued,intersection_2_5_moving,intersection_2_5_occupancy,intersection_2_5_tau,intersection_3_0_queued,intersection_3_0_moving,intersection_3_0_occupancy,intersection_3_0_tau,intersection_3_1_queued,intersection_3_1_moving,intersection_3_1_occupancy,intersection_3_1_tau,intersection_3_2_queued,intersection_3_2_moving,intersection_3_2_occupancy,intersection_3_2_tau,intersection_3_3_queued,intersection_3_3_moving,intersection_3_3_occupancy,intersection_3_3_tau,intersection_3_4_queued,intersection_3_4_moving,intersection_3_4_occupancy,intersection_3_4_tau,intersection_3_5_queued,intersection_3_5_moving,intersection_3_5_occupancy,intersection_3_5_tau,intersection_4_0_queued,intersection_4_0_moving,intersection_4_0_occupancy,intersection_4_0_tau,intersection_4_1_queued,intersection_4_1_moving,intersection_4_1_occupancy,intersection_4_1_tau,intersection_4_2_queued,intersection_4_2_moving,intersection_4_2_occupancy,intersection_4_2_tau,intersection_4_3_queued,intersection_4_3_moving,intersection_4_3_occupancy,intersection_4_3_tau,intersection_4_4_queued,intersection_4_4_moving,intersection_4_4_occupancy,intersection_4_4_tau,intersection_4_5_queued,intersection_4_5_moving,intersection_4_5_occupancy,intersection_4_5_tau,intersection_5_1_queued,intersection_5_1_moving,intersection_5_1_occupancy,intersection_5_1_tau,intersection_5_2_queued,intersection_5_2_moving,intersection_5_2_occupancy,intersection_5_2_tau,intersection_5_3_queued,intersection_5_3_moving,intersection_5_3_occupancy,intersection_5_3_tau,intersection_5_4_queued,intersection_5_4_moving,intersection_5_4_occupancy,intersection_5_4_tau
0,0.0,0.0,0.0,0,0,0,0.0,0.0,0,0,0.0,0.0,0,0,0.0,0.0,0,0,0.0,0.0,0,0,0.0,0.0,0,0,0.0,0.0,0,0,0.0,0.0,0,0,0.0,0.0,0,0,0.0,0.0,0,0,0.0,0.0,0,0,0.0,0.0,0,0,0.0,0.0,0,0,0.0,0.0,0,0,0.0,0.0,0,0,0.0,0.0,0,0,0.0,0.0,0,0,0.0,0.0,0,0,0.0,0.0,0,0,0.0,0.0,0,0,0.0,0.0,0,0,0.0,0.0,0,0,0.0,0.0,0,0,0.0,0.0,0,0,0.0,0.0,0,0,0.0,0.0,0,0,0.0,0.0,0,0,0.0,0.0,0,0,0.0,0.0,0,0,0.0,0.0,0,0,0.0,0.0,0,0,0.0,0.0,0,0,0.0,0.0
1,1.0,0.0,0.0,0,0,3,0.037,0.0,0,3,0.037,0.0,0,3,0.037,0.0,0,3,0.037,0.0,0,3,0.037,0.0,0,3,0.037,0.0,0,3,0.037,0.0,0,3,0.037,0.0,0,3,0.037,0.0,0,3,0.037,0.0,0,3,0.037,0.0,0,3,0.037,0.0,0,3,0.037,0.0,0,3,0.037,0.0,0,3,0.037,0.0,0,3,0.037,0.0,0,3,0.037,0.0,0,3,0.037,0.0,0,3,0.037,0.0,0,3,0.037,0.0,0,3,0.037,0.0,0,3,0.037,0.0,0,3,0.037,0.0,0,3,0.037,0.0,0,3,0.037,0.0,0,3,0.037,0.0,0,3,0.037,0.0,0,3,0.037,0.0,0,3,0.037,0.0,0,3,0.037,0.0,0,3,0.037,0.0,0,3,0.037,0.0
2,1.45,0.0,0.0,0,0,6,0.075,0.0,0,6,0.075,0.0,0,6,0.075,0.0,0,6,0.075,0.0,0,6,0.075,0.0,0,6,0.075,0.0,0,6,0.075,0.0,0,6,0.075,0.0,0,6,0.075,0.0,0,6,0.075,0.0,0,6,0.075,0.0,0,6,0.075,0.0,0,6,0.075,0.0,0,6,0.075,0.0,0,6,0.075,0.0,0,6,0.075,0.0,0,6,0.075,0.0,0,6,0.075,0.0,0,6,0.075,0.0,0,6,0.075,0.0,0,6,0.075,0.0,0,6,0.075,0.0,0,6,0.075,0.0,0,6,0.075,0.0,0,6,0.075,0.0,0,6,0.075,0.0,0,6,0.075,0.0,0,6,0.075,0.0,0,6,0.075,0.0,0,6,0.075,0.0,0,6,0.075,0.0,0,6,0.075,0.0
3,2.23,0.0,0.0,0,0,7,0.087,0.0,0,7,0.087,0.0,0,7,0.087,0.0,0,7,0.087,0.0,0,7,0.087,0.0,0,7,0.087,0.0,0,7,0.087,0.0,0,7,0.087,0.0,0,7,0.087,0.0,0,7,0.087,0.0,0,7,0.087,0.0,0,7,0.087,0.0,0,7,0.087,0.0,0,7,0.087,0.0,0,7,0.087,0.0,0,7,0.087,0.0,0,7,0.087,0.0,0,7,0.087,0.0,0,7,0.087,0.0,0,7,0.087,0.0,0,7,0.087,0.0,0,7,0.087,0.0,0,7,0.087,0.0,0,7,0.087,0.0,0,7,0.087,0.0,0,7,0.087,0.0,0,7,0.087,0.0,0,7,0.087,0.0,0,7,0.087,0.0,0,7,0.087,0.0,0,7,0.087,0.0,0,7,0.087,0.0
4,3.07,0.0,0.0,0,0,9,0.113,0.0,0,9,0.113,0.0,0,9,0.113,0.0,0,9,0.113,0.0,0,9,0.113,0.0,0,9,0.113,0.0,0,9,0.113,0.0,0,9,0.113,0.0,0,9,0.113,0.0,0,9,0.113,0.0,0,9,0.113,0.0,0,9,0.113,0.0,0,9,0.113,0.0,0,9,0.113,0.0,0,9,0.113,0.0,0,9,0.113,0.0,0,9,0.113,0.0,0,9,0.113,0.0,0,9,0.113,0.0,0,9,0.113,0.0,0,9,0.113,0.0,0,9,0.113,0.0,0,9,0.113,0.0,0,9,0.113,0.0,0,9,0.113,0.0,0,9,0.113,0.0,0,9,0.113,0.0,0,9,0.113,0.0,0,9,0.113,0.0,0,9,0.113,0.0,0,9,0.113,0.0,0,9,0.113,0.0
5,4.07,0.0,0.0,0,0,10,0.125,0.0,0,10,0.125,0.0,0,10,0.125,0.0,0,10,0.125,0.0,0,10,0.125,0.0,0,10,0.125,0.0,0,10,0.125,0.0,0,10,0.125,0.0,0,10,0.125,0.0,0,10,0.125,0.0,0,10,0.125,0.0,0,10,0.125,0.0,0,10,0.125,0.0,0,10,0.125,0.0,0,10,0.125,0.0,0,10,0.125,0.0,0,10,0.125,0.0,0,10,0.125,0.0,0,10,0.125,0.0,0,10,0.125,0.0,0,10,0.125,0.0,0,10,0.125,0.0,0,10,0.125,0.0,0,10,0.125,0.0,0,10,0.125,0.0,0,10,0.125,0.0,0,10,0.125,0.0,0,10,0.125,0.0,0,10,0.125,0.0,0,10,0.125,0.0,0,10,0.125,0.0,0,10,0.125,0.0
6,4.0,0.0,0.0,0,0,13,0.163,0.0,0,13,0.163,0.0,0,13,0.163,0.0,0,13,0.163,0.0,0,13,0.163,0.0,0,13,0.163,0.0,0,13,0.163,0.0,0,13,0.163,0.0,0,13,0.163,0.0,0,13,0.163,0.0,0,13,0.163,0.0,0,13,0.163,0.0,0,13,0.163,0.0,0,13,0.163,0.0,0,13,0.163,0.0,0,13,0.163,0.0,0,13,0.163,0.0,0,13,0.163,0.0,0,13,0.163,0.0,0,13,0.163,0.0,0,13,0.163,0.0,0,13,0.163,0.0,0,13,0.163,0.0,0,13,0.163,0.0,0,13,0.163,0.0,0,13,0.163,0.0,0,13,0.163,0.0,0,13,0.163,0.0,0,13,0.163,0.0,0,13,0.163,0.0,0,13,0.163,0.0,0,13,0.163,0.0
7,4.04,0.0,0.0,0,0,17,0.212,0.0,0,17,0.212,0.0,0,17,0.212,0.0,0,17,0.212,0.0,0,17,0.212,0.0,0,17,0.212,0.0,0,17,0.212,0.0,0,17,0.212,0.0,0,17,0.212,0.0,0,17,0.212,0.0,0,17,0.212,0.0,0,17,0.212,0.0,0,17,0.212,0.0,0,17,0.212,0.0,0,17,0.212,0.0,0,17,0.212,0.0,0,17,0.212,0.0,0,17,0.212,0.0,0,17,0.212,0.0,0,17,0.212,0.0,0,17,0.212,0.0,0,17,0.212,0.0,0,17,0.212,0.0,0,17,0.212,0.0,0,17,0.212,0.0,0,17,0.212,0.0,0,17,0.212,0.0,0,17,0.212,0.0,0,17,0.212,0.0,0,17,0.212,0.0,0,17,0.212,0.0,0,17,0.212,0.0
8,4.48,0.0,0.0,0,0,17,0.212,0.0,0,17,0.212,0.0,0,17,0.212,0.0,0,17,0.212,0.0,0,17,0.212,0.0,0,17,0.212,0.0,0,17,0.212,0.0,0,17,0.212,0.0,0,17,0.212,0.0,0,17,0.212,0.0,0,17,0.212,0.0,0,17,0.212,0.0,0,17,0.212,0.0,0,17,0.212,0.0,0,17,0.212,0.0,0,17,0.212,0.0,0,17,0.212,0.0,0,17,0.212,0.0,0,17,0.212,0.0,0,17,0.212,0.0,0,17,0.212,0.0,0,17,0.212,0.0,0,17,0.212,0.0,0,17,0.212,0.0,0,17,0.212,0.0,0,17,0.212,0.0,0,17,0.212,0.0,0,17,0.212,0.0,0,17,0.212,0.0,0,17,0.212,0.0,0,17,0.212,0.0,0,17,0.212,0.0
9,4.94,0.0,0.0,0,0,19,0.237,0.0,0,19,0.237,0.0,0,19,0.237,0.0,0,19,0.237,0.0,0,19,0.237,0.0,0,19,0.237,0.0,0,19,0.237,0.0,0,19,0.237,0.0,0,19,0.237,0.0,0,19,0.237,0.0,0,19,0.237,0.0,0,19,0.237,0.0,0,19,0.237,0.0,0,19,0.237,0.0,0,19,0.237,0.0,0,19,0.237,0.0,0,19,0.237,0.0,0,19,0.237,0.0,0,19,0.237,0.0,0,19,0.237,0.0,0,19,0.237,0.0,0,19,0.237,0.0,0,19,0.237,0.0,0,19,0.237,0.0,0,19,0.237,0.0,0,19,0.237,0.0,0,19,0.237,0.0,0,19,0.237,0.0,0,19,0.237,0.0,0,19,0.237,0.0,0,19,0.237,0.0,0,19,0.237,0.0
10,5.53,0.0,0.0,0,0,21,0.263,0.0,0,21,0.263,0.0,0,21,0.263,0.0,0,21,0.263,0.0,0,21,0.263,0.0,0,21,0.263,0.0,0,21,0.263,0.0,0,21,0.263,0.0,0,21,0.263,0.0,0,21,0.263,0.0,0,21,0.263,0.0,0,21,0.263,0.0,0,21,0.263,0.0,0,21,0.263,0.0,0,21,0.263,0.0,0,21,0.263,0.0,0,21,0.263,0.0,0,21,0.263,0.0,0,21,0.263,0.0,0,21,0.263,0.0,0,21,0.263,0.0,0,21,0.263,0.0,0,21,0.263,0.0,0,21,0.263,0.0,0,21,0.263,0.0,0,21,0.263,0.0,0,21,0.263,0.0,0,21,0.263,0.0,0,21,0.263,0.0,0,21,0.263,0.0,0,21,0.263,0.0,0,21,0.263,0.0
11,6.1,0.0,0.0,0,0,21,0.263,0.0,0,21,0.263,0.0,0,21,0.263,0.0,0,21,0.263,0.0,0,21,0.263,0.0,0,21,0.263,0.0,0,21,0.263,0.0,0,21,0.263,0.0,0,21,0.263,0.0,0,21,0.263,0.0,0,21,0.263,0.0,0,21,0.263,0.0,0,21,0.263,0.0,0,21,0.263,0.0,0,21,0.263,0.0,0,21,0.263,0.0,0,21,0.263,0.0,0,21,0.263,0.0,0,21,0.263,0.0,0,21,0.263,0.0,0,21,0.263,0.0,0,21,0.263,0.0,0,21,0.263,0.0,0,21,0.263,0.0,0,21,0.263,0.0,0,21,0.263,0.0,0,21,0.263,0.0,0,21,0.263,0.0,0,21,0.263,0.0,0,21,0.263,0.0,0,21,0.263,0.0,0,21,0.263,0.0
12,6.8,0.0,0.0,0,0,23,0.287,0.0,0,23,0.287,0.0,0,23,0.287,0.0,0,23,0.287,0.0,0,23,0.287,0.0,0,23,0.287,0.0,0,23,0.287,0.0,0,23,0.287,0.0,0,23,0.287,0.0,0,23,0.287,0.0,0,23,0.287,0.0,0,23,0.287,0.0,0,23,0.287,0.0,0,23,0.287,0.0,0,23,0.287,0.0,0,23,0.287,0.0,0,23,0.287,0.0,0,23,0.287,0.0,0,23,0.287,0.0,0,23,0.287,0.0,0,23,0.287,0.0,0,23,0.287,0.0,0,23,0.287,0.0,0,23,0.287,0.0,0,23,0.287,0.0,0,23,0.287,0.0,0,23,0.287,0.0,0,23,0.287,0.0,0,23,0.287,0.0,0,23,0.287,0.0,0,23,0.287,0.0,0,23,0.287,0.0
13,7.49,0.0,0.0,0,0,26,0.325,0.0,0,26,0.325,0.0,0,26,0.325,0.0,0,26,0.325,0.0,0,26,0.325,0.0,0,26,0.325,0.0,0,26,0.325,0.0,0,26,0.325,0.0,0,26,0.325,0.0,0,26,0.325,0.0,0,26,0.325,0.0,0,26,0.325,0.0,0,26,0.325,0.0,0,26,0.325,0.0,0,26,0.325,0.0,0,26,0.325,0.0,0,26,0.325,0.0,0,26,0.325,0.0,0,26,0.325,0.0,0,26,0.325,0.0,0,26,0.325,0.0,0,26,0.325,0.0,0,26,0.325,0.0,0,26,0.325,0.0,0,26,0.325,0.0,0,26,0.325,0.0,0,26,0.325,0.0,0,26,0.325,0.0,0,26,0.325,0.0,0,26,0.325,0.0,0,26,0.325,0.0,0,26,0.325,0.0
14,8.16,0.0,0.0,0,0,27,0.338,0.0,0,27,0.338,0.0,0,27,0.338,0.0,0,27,0.338,0.0,0,27,0.338,0.0,0,27,0.338,0.0,0,27,0.338,0.0,0,27,0.338,0.0,0,27,0.338,0.0,0,27,0.338,0.0,0,27,0.338,0.0,0,27,0.338,0.0,0,27,0.338,0.0,0,27,0.338,0.0,0,27,0.338,0.0,0,27,0.338,0.0,0,27,0.338,0.0,0,27,0.338,0.0,0,27,0.338,0.0,0,27,0.338,0.0,0,27,0.338,0.0,0,27,0.338,0.0,0,27,0.338,0.0,0,27,0.338,0.0,0,27,0.338,0.0,0,27,0.338,0.0,0,27,0.338,0.0,0,27,0.338,0.0,0,27,0.338,0.0,0,27,0.338,0.0,0,27,0.338,0.0,0,27,0.338,0.0
15,8.98,0.0,0.0,0,0,28,0.35,0.0,0,28,0.35,0.0,0,28,0.35,0.0,0,28,0.35,0.0,0,28,0.35,0.0,0,28,0.35,0.0,0,28,0.35,0.0,0,28,0.35,0.0,0,28,0.35,0.0,0,28,0.35,0.0,0,28,0.35,0.0,0,28,0.35,0.0,0,28,0.35,0.0,0,28,0.35,0.0,0,28,0.35,0.0,0,28,0.35,0.0,0,28,0.35,0.0,0,28,0.35,0.0,0,28,0.35,0.0,0,28,0.35,0.0,0,28,0.35,0.0,0,28,0.35,0.0,0,28,0.35,0.0,0,28,0.35,0.0,0,28,0.35,0.0,0,28,0.35,0.0,0,28,0.35,0.0,0,28,0.35,0.0,0,28,0.35,0.0,0,28,0.35,0.0,0,28,0.35,0.0,0,28,0.35,0.0
16,9.26,0.0,0.0,0,0,31,0.388,0.0,0,31,0.388,0.0,0,31,0.388,0.0,0,31,0.388,0.0,0,31,0.388,0.0,0,31,0.388,0.0,0,31,0.388,0.0,0,31,0.388,0.0,0,31,0.388,0.0,0,31,0.388,0.0,0,31,0.388,0.0,0,31,0.388,0.0,0,31,0.388,0.0,0,31,0.388,0.0,0,31,0.388,0.0,0,31,0.388,0.0,0,31,0.388,0.0,0,31,0.388,0.0,0,31,0.388,0.0,0,31,0.388,0.0,0,31,0.388,0.0,0,31,0.388,0.0,0,31,0.388,0.0,0,31,0.388,0.0,0,31,0.388,0.0,0,31,0.388,0.0,0,31,0.388,0.0,0,31,0.388,0.0,0,31,0.388,0.0,0,31,0.388,0.0,0,31,0.388,0.0,0,31,0.388,0.0
17,9.9,0.0,0.0,0,0,31,0.388,0.0,0,31,0.388,0.0,0,31,0.388,0.0,0,31,0.388,0.0,0,31,0.388,0.0,0,31,0.388,0.0,0,31,0.388,0.0,0,31,0.388,0.0,0,31,0.388,0.0,0,31,0.388,0.0,0,31,0.388,0.0,0,31,0.388,0.0,0,31,0.388,0.0,0,31,0.388,0.0,0,31,0.388,0.0,0,31,0.388,0.0,0,31,0.388,0.0,0,31,0.388,0.0,0,31,0.388,0.0,0,31,0.388,0.0,0,31,0.388,0.0,0,31,0.388,0.0,0,31,0.388,0.0,0,31,0.388,0.0,0,31,0.388,0.0,0,31,0.388,0.0,0,31,0.388,0.0,0,31,0.388,0.0,0,31,0.388,0.0,0,31,0.388,0.0,0,31,0.388,0.0,0,31,0.388,0.0
18,10.36,0.0,0.0,0,0,33,0.412,0.0,0,33,0.412,0.0,0,33,0.412,0.0,0,33,0.412,0.0,0,33,0.412,0.0,0,33,0.412,0.0,0,33,0.412,0.0,0,33,0.412,0.0,0,33,0.412,0.0,0,33,0.412,0.0,0,33,0.412,0.0,0,33,0.412,0.0,0,33,0.412,0.0,0,33,0.412,0.0,0,33,0.412,0.0,0,33,0.412,0.0,0,33,0.412,0.0,0,33,0.412,0.0,0,33,0.412,0.0,0,33,0.412,0.0,0,33,0.412,0.0,0,33,0.412,0.0,0,33,0.412,0.0,0,33,0.412,0.0,0,33,0.412,0.0,0,33,0.412,0.0,0,33,0.412,0.0,0,33,0.412,0.0,0,33,0.412,0.0,0,33,0.412,0.0,0,33,0.412,0.0,0,33,0.412,0.0
19,10.83,0.0,0.0,0,0,36,0.45,0.0,0,36,0.45,0.0,0,36,0.45,0.0,0,36,0.45,0.0,0,36,0.45,0.0,0,36,0.45,0.0,0,36,0.45,0.0,0,36,0.45,0.0,0,36,0.45,0.0,0,36,0.45,0.0,0,36,0.45,0.0,0,36,0.45,0.0,0,36,0.45,0.0,0,36,0.45,0.0,0,36,0.45,0.0,0,36,0.45,0.0,0,36,0.45,0.0,0,36,0.45,0.0,0,36,0.45,0.0,0,36,0.45,0.0,0,36,0.45,0.0,0,36,0.45,0.0,0,36,0.45,0.0,0,36,0.45,0.0,0,36,0.45,0.0,0,36,0.45,0.0,0,36,0.45,0.0,0,36,0.45,0.0,0,36,0.45,0.0,0,36,0.45,0.0,0,36,0.45,0.0,0,36,0.45,0.0
20,11.83,0.0,0.0,0,0,36,0.45,0.0,0,36,0.45,0.0,0,36,0.45,0.0,0,36,0.45,0.0,0,36,0.45,0.0,0,36,0.45,0.0,0,36,0.45,0.0,0,36,0.45,0.0,0,36,0.45,0.0,0,36,0.45,0.0,0,36,0.45,0.0,0,36,0.45,0.0,0,36,0.45,0.0,0,36,0.45,0.0,0,36,0.45,0.0,0,36,0.45,0.0,0,36,0.45,0.0,0,36,0.45,0.0,0,36,0.45,0.0,0,36,0.45,0.0,0,36,0.45,0.0,0,36,0.45,0.0,0,36,0.45,0.0,0,36,0.45,0.0,0,36,0.45,0.0,0,36,0.45,0.0,0,36,0.45,0.0,0,36,0.45,0.0,0,36,0.45,0.0,0,36,0.45,0.0,0,36,0.45,0.0,0,36,0.45,0.0
21,12.25,0.0,0.0,0,0,38,0.475,0.0,0,38,0.475,0.0,0,38,0.475,0.0,0,38,0.475,0.0,0,38,0.475,0.0,0,38,0.475,0.0,0,38,0.475,0.0,0,38,0.475,0.0,0,38,0.475,0.0,0,38,0.475,0.0,0,38,0.475,0.0,0,38,0.475,0.0,0,38,0.475,0.0,0,38,0.475,0.0,0,38,0.475,0.0,0,38,0.475,0.0,0,38,0.475,0.0,0,38,0.475,0.0,0,38,0.475,0.0,0,38,0.475,0.0,0,38,0.475,0.0,0,38,0.475,0.0,0,38,0.475,0.0,0,38,0.475,0.0,0,38,0.475,0.0,0,38,0.475,0.0,0,38,0.475,0.0,0,38,0.475,0.0,0,38,0.475,0.0,0,38,0.475,0.0,0,38,0.475,0.0,0,38,0.475,0.0
22,12.86,0.0,0.0,0,0,41,0.512,0.0,0,41,0.512,0.0,0,41,0.512,0.0,0,41,0.512,0.0,0,41,0.512,0.0,0,41,0.512,0.0,0,41,0.512,0.0,0,41,0.512,0.0,0,41,0.512,0.0,0,41,0.512,0.0,0,41,0.512,0.0,0,41,0.512,0.0,0,41,0.512,0.0,0,41,0.512,0.0,0,41,0.512,0.0,0,41,0.512,0.0,0,41,0.512,0.0,0,41,0.512,0.0,0,41,0.512,0.0,0,41,0.512,0.0,0,41,0.512,0.0,0,41,0.512,0.0,0,41,0.512,0.0,0,41,0.512,0.0,0,41,0.512,0.0,0,41,0.512,0.0,0,41,0.512,0.0,0,41,0.512,0.0,0,41,0.512,0.0,0,41,0.512,0.0,0,41,0.512,0.0,0,41,0.512,0.0
23,13.46,0.0,0.0,0,0,41,0.512,0.0,0,41,0.512,0.0,0,41,0.512,0.0,0,41,0.512,0.0,0,41,0.512,0.0,0,41,0.512,0.0,0,41,0.512,0.0,0,41,0.512,0.0,0,41,0.512,0.0,0,41,0.512,0.0,0,41,0.512,0.0,0,41,0.512,0.0,0,41,0.512,0.0,0,41,0.512,0.0,0,41,0.512,0.0,0,41,0.512,0.0,0,41,0.512,0.0,0,41,0.512,0.0,0,41,0.512,0.0,0,41,0.512,0.0,0,41,0.512,0.0,0,41,0.512,0.0,0,41,0.512,0.0,0,41,0.512,0.0,0,41,0.512,0.0,0,41,0.512,0.0,0,41,0.512,0.0,0,41,0.512,0.0,0,41,0.512,0.0,0,41,0.512,0.0,0,41,0.512,0.0,0,41,0.512,0.0
24,14.06,0.0,0.0,0,0,42,0.525,0.0,0,42,0.525,0.0,0,42,0.525,0.0,0,42,0.525,0.0,0,42,0.525,0.0,0,42,0.525,0.0,0,42,0.525,0.0,0,42,0.525,0.0,0,42,0.525,0.0,0,42,0.525,0.0,0,42,0.525,0.0,0,42,0.525,0.0,0,42,0.525,0.0,0,42,0.525,0.0,0,42,0.525,0.0,0,42,0.525,0.0,0,42,0.525,0.0,0,42,0.525,0.0,0,42,0.525,0.0,0,42,0.525,0.0,0,42,0.525,0.0,0,42,0.525,0.0,0,42,0.525,0.0,0,42,0.525,0.0,0,42,0.525,0.0,0,42,0.525,0.0,0,42,0.525,0.0,0,42,0.525,0.0,0,42,0.525,0.0,0,42,0.525,0.0,0,42,0.525,0.0,0,42,0.525,0.0
25,14.85,0.0,0.0,0,0,44,0.55,0.0,0,44,0.55,0.0,0,44,0.55,0.0,0,44,0.55,0.0,0,44,0.55,0.0,0,44,0.55,0.0,0,44,0.55,0.0,0,44,0.55,0.0,0,44,0.55,0.0,0,44,0.55,0.0,0,44,0.55,0.0,0,44,0.55,0.0,0,44,0.55,0.0,0,44,0.55,0.0,0,44,0.55,0.0,0,44,0.55,0.0,0,44,0.55,0.0,0,44,0.55,0.0,0,44,0.55,0.0,0,44,0.55,0.0,0,44,0.55,0.0,0,44,0.55,0.0,0,44,0.55,0.0,0,44,0.55,0.0,0,44,0.55,0.0,0,44,0.55,0.0,0,44,0.55,0.0,0,44,0.55,0.0,0,44,0.55,0.0,0,44,0.55,0.0,0,44,0.55,0.0,0,44,0.55,0.0
26,15.43,0.0,0.0,0,0,46,0.575,0.0,0,46,0.575,0.0,0,46,0.575,0.0,0,46,0.575,0.0,0,46,0.575,0.0,0,46,0.575,0.0,0,46,0.575,0.0,0,46,0.575,0.0,0,46,0.575,0.0,0,46,0.575,0.0,0,46,0.575,0.0,0,46,0.575,0.0,0,46,0.575,0.0,0,46,0.575,0.0,0,46,0.575,0.0,0,46,0.575,0.0,0,46,0.575,0.0,0,46,0.575,0.0,0,46,0.575,0.0,0,46,0.575,0.0,0,46,0.575,0.0,0,46,0.575,0.0,0,46,0.575,0.0,0,46,0.575,0.0,0,46,0.575,0.0,0,46,0.575,0.0,0,46,0.575,0.0,0,46,0.575,0.0,0,46,0.575,0.0,0,46,0.575,0.0,0,46,0.575,0.0,0,46,0.575,0.0
27,16.43,0.0,0.0,0,0,47,0.588,0.0,0,47,0.588,0.0,0,47,0.588,0.0,0,47,0.588,0.0,0,47,0.588,0.0,0,47,0.588,0.0,0,47,0.588,0.0,0,47,0.588,0.0,0,47,0.588,0.0,0,47,0.588,0.0,0,47,0.588,0.0,0,47,0.588,0.0,0,47,0.588,0.0,0,47,0.588,0.0,0,47,0.588,0.0,0,47,0.588,0.0,0,47,0.588,0.0,0,47,0.588,0.0,0,47,0.588,0.0,0,47,0.588,0.0,0,47,0.588,0.0,0,47,0.588,0.0,0,47,0.588,0.0,0,47,0.588,0.0,0,47,0.588,0.0,0,47,0.588,0.0,0,47,0.588,0.0,0,47,0.588,0.0,0,47,0.588,0.0,0,47,0.588,0.0,0,47,0.588,0.0,0,47,0.588,0.0
28,17.2,0.0,0.0,0,0,49,0.613,0.0,0,49,0.613,0.0,0,49,0.613,0.0,0,49,0.613,0.0,0,49,0.613,0.0,0,49,0.613,0.0,0,49,0.613,0.0,0,49,0.613,0.0,0,49,0.613,0.0,0,49,0.613,0.0,0,49,0.613,0.0,0,49,0.613,0.0,0,49,0.613,0.0,0,49,0.613,0.0,0,49,0.613,0.0,0,49,0.613,0.0,0,49,0.613,0.0,0,49,0.613,0.0,0,49,0.613,0.0,0,49,0.613,0.0,0,49,0.613,0.0,0,49,0.613,0.0,0,49,0.613,0.0,0,49,0.613,0.0,0,49,0.613,0.0,0,49,0.613,0.0,0,49,0.613,0.0,0,49,0.613,0.0,0,49,0.613,0.0,0,49,0.613,0.0,0,49,0.613,0.0,0,49,0.613,0.0
29,17.28,0.0,0.0,0,0,51,0.637,0.0,0,51,0.637,0.0,0,51,0.637,0.0,0,51,0.637,0.0,0,51,0.637,0.0,0,51,0.637,0.0,0,51,0.637,0.0,0,51,0.637,0.0,0,51,0.637,0.0,0,51,0.637,0.0,0,51,0.637,0.0,0,51,0.637,0.0,0,51,0.637,0.0,0,51,0.637,0.0,0,51,0.637,0.0,0,51,0.637,0.0,0,51,0.637,0.0,0,51,0.637,0.0,0,51,0.637,0.0,0,51,0.637,0.0,0,51,0.637,0.0,0,51,0.637,0.0,0,51,0.637,0.0,0,51,0.637,0.0,0,51,0.637,0.0,0,51,0.637,0.0,0,51,0.637,0.0,0,51,0.637,0.0,0,51,0.637,0.0,0,51,0.637,0.0,0,51,0.637,0.0,0,51,0.637,0.0
30,17.62,0.0,0.0,0,0,52,0.65,0.0,0,52,0.65,0.0,0,52,0.65,0.0,0,52,0.65,0.0,0,52,0.65,0.0,0,52,0.65,0.0,0,52,0.65,0.0,0,52,0.65,0.0,0,52,0.65,0.0,0,52,0.65,0.0,0,52,0.65,0.0,0,52,0.65,0.0,0,52,0.65,0.0,0,52,0.65,0.0,0,52,0.65,0.0,0,52,0.65,0.0,0,52,0.65,0.0,0,52,0.65,0.0,0,52,0.65,0.0,0,52,0.65,0.0,0,52,0.65,0.0,0,52,0.65,0.0,0,52,0.65,0.0,0,52,0.65,0.0,0,52,0.65,0.0,0,52,0.65,0.0,0,52,0.65,0.0,0,52,0.65,0.0,0,52,0.65,0.0,0,52,0.65,0.0,0,52,0.65,0.0,0,52,0.65,0.0
31,17.96,0.0,0.0,0,0,54,0.675,0.0,0,54,0.675,0.0,0,54,0.675,0.0,0,54,0.675,0.0,0,54,0.675,0.0,0,54,0.675,0.0,0,54,0.675,0.0,0,54,0.675,0.0,0,54,0.675,0.0,0,54,0.675,0.0,0,54,0.675,0.0,0,54,0.675,0.0,0,54,0.675,0.0,0,54,0.675,0.0,0,54,0.675,0.0,0,54,0.675,0.0,0,54,0.675,0.0,0,54,0.675,0.0,0,54,0.675,0.0,0,54,0.675,0.0,0,54,0.675,0.0,0,54,0.675,0.0,0,54,0.675,0.0,0,54,0.675,0.0,0,54,0.675,0.0,0,54,0.675,0.0,0,54,0.675,0.0,0,54,0.675,0.0,0,54,0.675,0.0,0,54,0.675,0.0,0,54,0.675,0.0,0,54,0.675,0.0
32,18.12,0.0,0.0,0,0,56,0.7,0.0,0,56,0.7,0.0,0,56,0.7,0.0,0,56,0.7,0.0,0,56,0.7,0.0,0,56,0.7,0.0,0,56,0.7,0.0,0,56,0.7,0.0,0,56,0.7,0.0,0,56,0.7,0.0,0,56,0.7,0.0,0,56,0.7,0.0,0,56,0.7,0.0,0,56,0.7,0.0,0,56,0.7,0.0,0,56,0.7,0.0,0,56,0.7,0.0,0,56,0.7,0.0,0,56,0.7,0.0,0,56,0.7,0.0,0,56,0.7,0.0,0,56,0.7,0.0,0,56,0.7,0.0,0,56,0.7,0.0,0,56,0.7,0.0,0,56,0.7,0.0,0,56,0.7,0.0,0,56,0.7,0.0,0,56,0.7,0.0,0,56,0.7,0.0,0,56,0.7,0.0,0,56,0.7,0.0
33,18.91,0.01,0.02,0,2,56,0.725,0.9,2,56,0.725,0.9,2,56,0.725,0.9,2,56,0.725,0.9,2,56,0.725,0.9,2,56,0.725,0.9,2,56,0.725,0.9,2,56,0.725,0.9,2,56,0.725,0.9,2,56,0.725,0.9,2,56,0.725,0.9,2,56,0.725,0.9,2,56,0.725,0.9,2,56,0.725,0.9,2,56,0.725,0.9,2,56,0.725,0.9,2,56,0.725,0.9,2,56,0.725,0.9,2,56,0.725,0.9,2,56,0.725,0.9,2,56,0.725,0.9,2,56,0.725,0.9,2,56,0.725,0.9,2,56,0.725,0.9,2,56,0.725,0.9,2,56,0.725,0.9,2,56,0.725,0.9,2,56,0.725,0.9,2,56,0.725,0.9,2,56,0.725,0.9,2,56,0.725,0.9,2,56,0.725,0.9
34,19.48,0.02,0.05,0,5,52,0.713,2.2,5,52,0.713,2.2,5,52,0.713,2.2,5,52,0.713,2.2,5,52,0.713,2.2,5,52,0.713,2.2,5,52,0.713,2.2,5,52,0.713,2.2,5,52,0.713,2.2,5,52,0.713,2.2,5,52,0.713,2.2,5,52,0.713,2.2,5,52,0.713,2.2,5,52,0.713,2.2,5,52,0.713,2.2,5,52,0.713,2.2,5,52,0.713,2.2,5,52,0.713,2.2,5,52,0.713,2.2,5,52,0.713,2.2,5,52,0.713,2.2,5,52,0.713,2.2,5,52,0.713,2.2,5,52,0.713,2.2,5,52,0.713,2.2,5,52,0.713,2.2,5,52,0.713,2.2,5,52,0.713,2.2,5,52,0.713,2.2,5,52,0.713,2.2,5,52,0.713,2.2,5,52,0.713,2.2
35,20.48,0.03,0.06,0,6,52,0.725,2.6,6,52,0.725,2.6,6,52,0.725,2.6,6,52,0.725,2.6,6,52,0.725,2.6,6,52,0.725,2.6,6,52,0.725,2.6,6,52,0.725,2.6,6,52,0.725,2.6,6,52,0.725,2.6,6,52,0.725,2.6,6,52,0.725,2.6,6,52,0.725,2.6,6,52,0.725,2.6,6,52,0.725,2.6,6,52,0.725,2.6,6,52,0.725,2.6,6,52,0.725,2.6,6,52,0.725,2.6,6,52,0.725,2.6,6,52,0.725,2.6,6,52,0.725,2.6,6,52,0.725,2.6,6,52,0.725,2.6,6,52,0.725,2.6,6,52,0.725,2.6,6,52,0.725,2.6,6,52,0.725,2.6,6,52,0.725,2.6,6,52,0.725,2.6,6,52,0.725,2.6,6,52,0.725,2.6
36,21.02,0.03,0.06,0,6,57,0.787,2.4,6,57,0.787,2.4,6,57,0.787,2.4,6,57,0.787,2.4,6,57,0.787,2.4,6,57,0.787,2.4,6,57,0.787,2.4,6,57,0.787,2.4,6,57,0.787,2.4,6,57,0.787,2.4,6,57,0.787,2.4,6,57,0.787,2.4,6,57,0.787,2.4,6,57,0.787,2.4,6,57,0.787,2.4,6,57,0.787,2.4,6,57,0.787,2.4,6,57,0.787,2.4,6,57,0.787,2.4,6,57,0.787,2.4,6,57,0.787,2.4,6,57,0.787,2.4,6,57,0.787,2.4,6,57,0.787,2.4,6,57,0.787,2.4,6,57,0.787,2.4,6,57,0.787,2.4,6,57,0.787,2.4,6,57,0.787,2.4,6,57,0.787,2.4,6,57,0.787,2.4,6,57,0.787,2.4
37,21.79,0.03,0.08,0,8,56,0.8,3.1,8,56,0.8,3.1,8,56,0.8,3.1,8,56,0.8,3.1,8,56,0.8,3.1,8,56,0.8,3.1,8,56,0.8,3.1,8,56,0.8,3.1,8,56,0.8,3.1,8,56,0.8,3.1,8,56,0.8,3.1,8,56,0.8,3.1,8,56,0.8,3.1,8,56,0.8,3.1,8,56,0.8,3.1,8,56,0.8,3.1,8,56,0.8,3.1,8,56,0.8,3.1,8,56,0.8,3.1,8,56,0.8,3.1,8,56,0.8,3.1,8,56,0.8,3.1,8,56,0.8,3.1,8,56,0.8,3.1,8,56,0.8,3.1,8,56,0.8,3.1,8,56,0.8,3.1,8,56,0.8,3.1,8,56,0.8,3.1,8,56,0.8,3.1,8,56,0.8,3.1,8,56,0.8,3.1
38,21.66,0.04,0.09,0,9,56,0.812,3.5,9,56,0.812,3.5,9,56,0.812,3.5,9,56,0.812,3.5,9,56,0.812,3.5,9,56,0.812,3.5,9,56,0.812,3.5,9,56,0.812,3.5,9,56,0.812,3.5,9,56,0.812,3.5,9,56,0.812,3.5,9,56,0.812,3.5,9,56,0.812,3.5,9,56,0.812,3.5,9,56,0.812,3.5,9,56,0.812,3.5,9,56,0.812,3.5,9,56,0.812,3.5,9,56,0.812,3.5,9,56,0.812,3.5,9,56,0.812,3.5,9,56,0.812,3.5,9,56,0.812,3.5,9,56,0.812,3.5,9,56,0.812,3.5,9,56,0.812,3.5,9,56,0.812,3.5,9,56,0.812,3.5,9,56,0.812,3.5,9,56,0.812,3.5,9,56,0.812,3.5,9,56,0.812,3.5
39,22.43,0.05,0.12,0,12,57,0.863,4.3,12,57,0.863,4.3,12,57,0.863,4.3,12,57,0.863,4.3,12,57,0.863,4.3,12,57,0.863,4.3,12,57,0.863,4.3,12,57,0.863,4.3,12,57,0.863,4.3,12,57,0.863,4.3,12,57,0.863,4.3,12,57,0.863,4.3,12,57,0.863,4.3,12,57,0.863,4.3,12,57,0.863,4.3,12,57,0.863,4.3,12,57,0.863,4.3,12,57,0.863,4.3,12,57,0.863,4.3,12,57,0.863,4.3,12,57,0.863,4.3,12,57,0.863,4.3,12,57,0.863,4.3,12,57,0.863,4.3,12,57,0.863,4.3,12,57,0.863,4.3,12,57,0.863,4.3,12,57,0.863,4.3,12,57,0.863,4.3,12,57,0.863,4.3,12,57,0.863,4.3,12,57,0.863,4.3
40,22.98,0.05,0.14,0,13,59,0.9,4.5,13,59,0.9,4.5,13,59,0.9,4.5,13,59,0.9,4.5,13,59,0.9,4.5,13,59,0.9,4.5,13,59,0.9,4.5,13,59,0.9,4.5,13,59,0.9,4.5,13,59,0.9,4.5,13,59,0.9,4.5,13,59,0.9,4.5,13,59,0.9,4.5,13,59,0.9,4.5,13,59,0.9,4.5,13,59,0.9,4.5,13,59,0.9,4.5,13,59,0.9,4.5,13,59,0.9,4.5,13,59,0.9,4.5,13,59,0.9,4.5,13,59,0.9,4.5,13,59,0.9,4.5,13,59,0.9,4.5,13,59,0.9,4.5,13,59,0.9,4.5,13,59,0.9,4.5,13,59,0.9,4.5,13,59,0.9,4.5,13,59,0.9,4.5,13,59,0.9,4.5,13,59,0.9,4.5
41,23.3,0.05,0.14,0,13,59,0.9,4.5,13,59,0.9,4.5,13,59,0.9,4.5,13,59,0.9,4.5,13,59,0.9,4.5,13,59,0.9,4.5,13,59,0.9,4.5,13,59,0.9,4.5,13,59,0.9,4.5,13,59,0.9,4.5,13,59,0.9,4.5,13,59,0.9,4.5,13,59,0.9,4.5,13,59,0.9,4.5,13,59,0.9,4.5,13,59,0.9,4.5,13,59,0.9,4.5,13,59,0.9,4.5,13,59,0.9,4.5,13,59,0.9,4.5,13,59,0.9,4.5,13,59,0.9,4.5,13,59,0.9,4.5,13,59,0.9,4.5,13,59,0.9,4.5,13,59,0.9,4.5,13,59,0.9,4.5,13,59,0.9,4.5,13,59,0.9,4.5,13,59,0.9,4.5,13,59,0.9,4.5,13,59,0.9,4.5
42,23.64,0.06,0.15,0,14,60,0.925,4.7,14,60,0.925,4.7,14,60,0.925,4.7,14,60,0.925,4.7,14,60,0.925,4.7,14,60,0.925,4.7,14,60,0.925,4.7,14,60,0.925,4.7,14,60,0.925,4.7,14,60,0.925,4.7,14,60,0.925,4.7,14,60,0.925,4.7,14,60,0.925,4.7,14,60,0.925,4.7,14,60,0.925,4.7,14,60,0.925,4.7,14,60,0.925,4.7,14,60,0.925,4.7,14,60,0.925,4.7,14,60,0.925,4.7,14,60,0.925,4.7,14,60,0.925,4.7,14,60,0.925,4.7,14,60,0.925,4.7,14,60,0.925,4.7,14,60,0.925,4.7,14,60,0.925,4.7,14,60,0.925,4.7,14,60,0.925,4.7,14,60,0.925,4.7,14,60,0.925,4.7,14,60,0.925,4.7
43,24.64,0.07,0.17,0,16,60,0.95,5.3,16,60,0.95,5.3,16,60,0.95,5.3,16,60,0.95,5.3,16,60,0.95,5.3,16,60,0.95,5.3,16,60,0.95,5.3,16,60,0.95,5.3,16,60,0.95,5.3,16,60,0.95,5.3,16,60,0.95,5.3,16,60,0.95,5.3,16,60,0.95,5.3,16,60,0.95,5.3,16,60,0.95,5.3,16,60,0.95,5.3,16,60,0.95,5.3,16,60,0.95,5.3,16,60,0.95,5.3,16,60,0.95,5.3,16,60,0.95,5.3,16,60,0.95,5.3,16,60,0.95,5.3,16,60,0.95,5.3,16,60,0.95,5.3,16,60,0.95,5.3,16,60,0.95,5.3,16,60,0.95,5.3,16,60,0.95,5.3,16,60,0.95,5.3,16,60,0.95,5.3,16,60,0.95,5.3
44,24.95,0.07,0.18,0,17,60,0.963,5.5,17,60,0.963,5.5,17,60,0.963,5.5,17,60,0.963,5.5,17,60,0.963,5.5,17,60,0.963,5.5,17,60,0.963,5.5,17,60,0.963,5.5,17,60,0.963,5.5,17,60,0.963,5.5,17,60,0.963,5.5,17,60,0.963,5.5,17,60,0.963,5.5,17,60,0.963,5.5,17,60,0.963,5.5,17,60,0.963,5.5,17,60,0.963,5.5,17,60,0.963,5.5,17,60,0.963,5.5,17,60,0.963,5.5,17,60,0.963,5.5,17,60,0.963,5.5,17,60,0.963,5.5,17,60,0.963,5.5,17,60,0.963,5.5,17,60,0.963,5.5,17,60,0.963,5.5,17,60,0.963,5.5,17,60,0.963,5.5,17,60,0.963,5.5,17,60,0.963,5.5,17,60,0.963,5.5
45,25.5,0.07,0.19,0,18,60,0.975,5.8,18,60,0.975,5.8,18,60,0.975,5.8,18,60,0.975,5.8,18,60,0.975,5.8,18,60,0.975,5.8,18,60,0.975,5.8,18,60,0.975,5.8,18,60,0.975,5.8,18,60,0.975,5.8,18,60,0.975,5.8,18,60,0.975,5.8,18,60,0.975,5.8,18,60,0.975,5.8,18,60,0.975,5.8,18,60,0.975,5.8,18,60,0.975,5.8,18,60,0.975,5.8,18,60,0.975,5.8,18,60,0.975,5.8,18,60,0.975,5.8,18,60,0.975,5.8,18,60,0.975,5.8,18,60,0.975,5.8,18,60,0.975,5.8,18,60,0.975,5.8,18,60,0.975,5.8,18,60,0.975,5.8,18,60,0.975,5.8,18,60,0.975,5.8,18,60,0.975,5.8,18,60,0.975,5.8
46,26.04,0.08,0.2,0,19,61,1.0,5.9,19,61,1.0,5.9,19,61,1.0,5.9,19,61,1.0,5.9,19,61,1.0,5.9,19,61,1.0,5.9,19,61,1.0,5.9,19,61,1.0,5.9,19,61,1.0,5.9,19,61,1.0,5.9,19,61,1.0,5.9,19,61,1.0,5.9,19,61,1.0,5.9,19,61,1.0,5.9,19,61,1.0,5.9,19,61,1.0,5.9,19,61,1.0,5.9,19,61,1.0,5.9,19,61,1.0,5.9,19,61,1.0,5.9,19,61,1.0,5.9,19,61,1.0,5.9,19,61,1.0,5.9,19,61,1.0,5.9,19,61,1.0,5.9,19,61,1.0,5.9,19,61,1.0,5.9,19,61,1.0,5.9,19,61,1.0,5.9,19,61,1.0,5.9,19,61,1.0,5.9,19,61,1.0,5.9
47,26.81,0.08,0.21,0,20,61,1.0,6.2,20,61,1.0,6.2,20,61,1.0,6.2,20,61,1.0,6.2,20,61,1.0,6.2,20,61,1.0,6.2,20,61,1.0,6.2,20,61,1.0,6.2,20,61,1.0,6.2,20,61,1.0,6.2,20,61,1.0,6.2,20,61,1.0,6.2,20,61,1.0,6.2,20,61,1.0,6.2,20,61,1.0,6.2,20,61,1.0,6.2,20,61,1.0,6.2,20,61,1.0,6.2,20,61,1.0,6.2,20,61,1.0,6.2,20,61,1.0,6.2,20,61,1.0,6.2,20,61,1.0,6.2,20,61,1.0,6.2,20,61,1.0,6.2,20,61,1.0,6.2,20,61,1.0,6.2,20,61,1.0,6.2,20,61,1.0,6.2,20,61,1.0,6.2,20,61,1.0,6.2,20,61,1.0,6.2
48,27.58,0.09,0.23,0,22,60,1.0,6.7,22,60,1.0,6.7,22,60,1.0,6.7,22,60,1.0,6.7,22,60,1.0,6.7,22,60,1.0,6.7,22,60,1.0,6.7,22,60,1.0,6.7,22,60,1.0,6.7,22,60,1.0,6.7,22,60,1.0,6.7,22,60,1.0,6.7,22,60,1.0,6.7,22,60,1.0,6.7,22,60,1.0,6.7,22,60,1.0,6.7,22,60,1.0,6.7,22,60,1.0,6.7,22,60,1.0,6.7,22,60,1.0,6.7,22,60,1.0,6.7,22,60,1.0,6.7,22,60,1.0,6.7,22,60,1.0,6.7,22,60,1.0,6.7,22,60,1.0,6.7,22,60,1.0,6.7,22,60,1.0,6.7,22,60,1.0,6.7,22,60,1.0,6.7,22,60,1.0,6.7,22,60,1.0,6.7
49,28.34,0.1,0.25,0,24,59,1.0,7.2,24,59,1.0,7.2,24,59,1.0,7.2,24,59,1.0,7.2,24,59,1.0,7.2,24,59,1.0,7.2,24,59,1.0,7.2,24,59,1.0,7.2,24,59,1.0,7.2,24,59,1.0,7.2,24,59,1.0,7.2,24,59,1.0,7.2,24,59,1.0,7.2,24,59,1.0,7.2,24,59,1.0,7.2,24,59,1.0,7.2,24,59,1.0,7.2,24,59,1.0,7.2,24,59,1.0,7.2,24,59,1.0,7.2,24,59,1.0,7.2,24,59,1.0,7.2,24,59,1.0,7.2,24,59,1.0,7.2,24,59,1.0,7.2,24,59,1.0,7.2,24,59,1.0,7.2,24,59,1.0,7.2,24,59,1.0,7.2,24,59,1.0,7.2,24,59,1.0,7.2,24,59,1.0,7.2
50,27.71,0.1,0.25,0,24,62,1.0,7.0,24,62,1.0,7.0,24,62,1.0,7.0,24,62,1.0,7.0,24,62,1.0,7.0,24,62,1.0,7.0,24,62,1.0,7.0,24,62,1.0,7.0,24,62,1.0,7.0,24,62,1.0,7.0,24,62,1.0,7.0,24,62,1.0,7.0,24,62,1.0,7.0,24,62,1.0,7.0,24,62,1.0,7.0,24,62,1.0,7.0,24,62,1.0,7.0,24,62,1.0,7.0,24,62,1.0,7.0,24,62,1.0,7.0,24,62,1.0,7.0,24,62,1.0,7.0,24,62,1.0,7.0,24,62,1.0,7.0,24,62,1.0,7.0,24,62,1.0,7.0,24,62,1.0,7.0,24,62,1.0,7.0,24,62,1.0,7.0,24,62,1.0,7.0,24,62,1.0,7.0,24,62,1.0,7.0
51,28.49,0.1,0.26,0,25,63,1.0,7.1,25,63,1.0,7.1,25,63,1.0,7.1,25,63,1.0,7.1,25,63,1.0,7.1,25,63,1.0,7.1,25,63,1.0,7.1,25,63,1.0,7.1,25,63,1.0,7.1,25,63,1.0,7.1,25,63,1.0,7.1,25,63,1.0,7.1,25,63,1.0,7.1,25,63,1.0,7.1,25,63,1.0,7.1,25,63,1.0,7.1,25,63,1.0,7.1,25,63,1.0,7.1,25,63,1.0,7.1,25,63,1.0,7.1,25,63,1.0,7.1,25,63,1.0,7.1,25,63,1.0,7.1,25,63,1.0,7.1,25,63,1.0,7.1,25,63,1.0,7.1,25,63,1.0,7.1,25,63,1.0,7.1,25,63,1.0,7.1,25,63,1.0,7.1,25,63,1.0,7.1,25,63,1.0,7.1
52,29.26,0.1,0.26,0,25,65,1.0,6.9,25,65,1.0,6.9,25,65,1.0,6.9,25,65,1.0,6.9,25,65,1.0,6.9,25,65,1.0,6.9,25,65,1.0,6.9,25,65,1.0,6.9,25,65,1.0,6.9,25,65,1.0,6.9,25,65,1.0,6.9,25,65,1.0,6.9,25,65,1.0,6.9,25,65,1.0,6.9,25,65,1.0,6.9,25,65,1.0,6.9,25,65,1.0,6.9,25,65,1.0,6.9,25,65,1.0,6.9,25,65,1.0,6.9,25,65,1.0,6.9,25,65,1.0,6.9,25,65,1.0,6.9,25,65,1.0,6.9,25,65,1.0,6.9,25,65,1.0,6.9,25,65,1.0,6.9,25,65,1.0,6.9,25,65,1.0,6.9,25,65,1.0,6.9,25,65,1.0,6.9,25,65,1.0,6.9
53,29.79,0.1,0.26,0,25,67,1.0,6.8,25,67,1.0,6.8,25,67,1.0,6.8,25,67,1.0,6.8,25,67,1.0,6.8,25,67,1.0,6.8,25,67,1.0,6.8,25,67,1.0,6.8,25,67,1.0,6.8,25,67,1.0,6.8,25,67,1.0,6.8,25,67,1.0,6.8,25,67,1.0,6.8,25,67,1.0,6.8,25,67,1.0,6.8,25,67,1.0,6.8,25,67,1.0,6.8,25,67,1.0,6.8,25,67,1.0,6.8,25,67,1.0,6.8,25,67,1.0,6.8,25,67,1.0,6.8,25,67,1.0,6.8,25,67,1.0,6.8,25,67,1.0,6.8,25,67,1.0,6.8,25,67,1.0,6.8,25,67,1.0,6.8,25,67,1.0,6.8,25,67,1.0,6.8,25,67,1.0,6.8,25,67,1.0,6.8
54,30.33,0.11,0.27,0,26,68,1.0,6.9,26,68,1.0,6.9,26,68,1.0,6.9,26,68,1.0,6.9,26,68,1.0,6.9,26,68,1.0,6.9,26,68,1.0,6.9,26,68,1.0,6.9,26,68,1.0,6.9,26,68,1.0,6.9,26,68,1.0,6.9,26,68,1.0,6.9,26,68,1.0,6.9,26,68,1.0,6.9,26,68,1.0,6.9,26,68,1.0,6.9,26,68,1.0,6.9,26,68,1.0,6.9,26,68,1.0,6.9,26,68,1.0,6.9,26,68,1.0,6.9,26,68,1.0,6.9,26,68,1.0,6.9,26,68,1.0,6.9,26,68,1.0,6.9,26,68,1.0,6.9,26,68,1.0,6.9,26,68,1.0,6.9,26,68,1.0,6.9,26,68,1.0,6.9,26,68,1.0,6.9,26,68,1.0,6.9
55,31.09,0.11,0.27,0,26,68,1.0,6.9,26,68,1.0,6.9,26,68,1.0,6.9,26,68,1.0,6.9,26,68,1.0,6.9,26,68,1.0,6.9,26,68,1.0,6.9,26,68,1.0,6.9,26,68,1.0,6.9,26,68,1.0,6.9,26,68,1.0,6.9,26,68,1.0,6.9,26,68,1.0,6.9,26,68,1.0,6.9,26,68,1.0,6.9,26,68,1.0,6.9,26,68,1.0,6.9,26,68,1.0,6.9,26,68,1.0,6.9,26,68,1.0,6.9,26,68,1.0,6.9,26,68,1.0,6.9,26,68,1.0,6.9,26,68,1.0,6.9,26,68,1.0,6.9,26,68,1.0,6.9,26,68,1.0,6.9,26,68,1.0,6.9,26,68,1.0,6.9,26,68,1.0,6.9,26,68,1.0,6.9,26,68,1.0,6.9
56,31.85,0.11,0.28,0,27,68,1.0,7.1,27,68,1.0,7.1,27,68,1.0,7.1,27,68,1.0,7.1,27,68,1.0,7.1,27,68,1.0,7.1,27,68,1.0,7.1,27,68,1.0,7.1,27,68,1.0,7.1,27,68,1.0,7.1,27,68,1.0,7.1,27,68,1.0,7.1,27,68,1.0,7.1,27,68,1.0,7.1,27,68,1.0,7.1,27,68,1.0,7.1,27,68,1.0,7.1,27,68,1.0,7.1,27,68,1.0,7.1,27,68,1.0,7.1,27,68,1.0,7.1,27,68,1.0,7.1,27,68,1.0,7.1,27,68,1.0,7.1,27,68,1.0,7.1,27,68,1.0,7.1,27,68,1.0,7.1,27,68,1.0,7.1,27,68,1.0,7.1,27,68,1.0,7.1,27,68,1.0,7.1,27,68,1.0,7.1
57,32.37,0.12,0.29,0,28,69,1.0,7.2,28,69,1.0,7.2,28,69,1.0,7.2,28,69,1.0,7.2,28,69,1.0,7.2,28,69,1.0,7.2,28,69,1.0,7.2,28,69,1.0,7.2,28,69,1.0,7.2,28,69,1.0,7.2,28,69,1.0,7.2,28,69,1.0,7.2,28,69,1.0,7.2,28,69,1.0,7.2,28,69,1.0,7.2,28,69,1.0,7.2,28,69,1.0,7.2,28,69,1.0,7.2,28,69,1.0,7.2,28,69,1.0,7.2,28,69,1.0,7.2,28,69,1.0,7.2,28,69,1.0,7.2,28,69,1.0,7.2,28,69,1.0,7.2,28,69,1.0,7.2,28,69,1.0,7.2,28,69,1.0,7.2,28,69,1.0,7.2,28,69,1.0,7.2,28,69,1.0,7.2,28,69,1.0,7.2
58,32.89,0.13,0.32,0,31,67,1.0,7.9,31,67,1.0,7.9,31,67,1.0,7.9,31,67,1.0,7.9,31,67,1.0,7.9,31,67,1.0,7.9,31,67,1.0,7.9,31,67,1.0,7.9,31,67,1.0,7.9,31,67,1.0,7.9,31,67,1.0,7.9,31,67,1.0,7.9,31,67,1.0,7.9,31,67,1.0,7.9,31,67,1.0,7.9,31,67,1.0,7.9,31,67,1.0,7.9,31,67,1.0,7.9,31,67,1.0,7.9,31,67,1.0,7.9,31,67,1.0,7.9,31,67,1.0,7.9,31,67,1.0,7.9,31,67,1.0,7.9,31,67,1.0,7.9,31,67,1.0,7.9,31,67,1.0,7.9,31,67,1.0,7.9,31,67,1.0,7.9,31,67,1.0,7.9,31,67,1.0,7.9,31,67,1.0,7.9
59,33.17,0.13,0.33,0,32,66,1.0,8.2,32,66,1.0,8.2,32,66,1.0,8.2,32,66,1.0,8.2,32,66,1.0,8.2,32,66,1.0,8.2,32,66,1.0,8.2,32,66,1.0,8.2,32,66,1.0,8.2,32,66,1.0,8.2,32,66,1.0,8.2,32,66,1.0,8.2,32,66,1.0,8.2,32,66,1.0,8.2,32,66,1.0,8.2,32,66,1.0,8.2,32,66,1.0,8.2,32,66,1.0,8.2,32,66,1.0,8.2,32,66,1.0,8.2,32,66,1.0,8.2,32,66,1.0,8.2,32,66,1.0,8.2,32,66,1.0,8.2,32,66,1.0,8.2,32,66,1.0,8.2,32,66,1.0,8.2,32,66,1.0,8.2,32,66,1.0,8.2,32,66,1.0,8.2,32,66,1.0,8.2,32,66,1.0,8.2
60,33.69,0.14,0.34,0,33,67,1.0,8.2,33,67,1.0,8.2,33,67,1.0,8.2,33,67,1.0,8.2,33,67,1.0,8.2,33,67,1.0,8.2,33,67,1.0,8.2,33,67,1.0,8.2,33,67,1.0,8.2,33,67,1.0,8.2,33,67,1.0,8.2,33,67,1.0,8.2,33,67,1.0,8.2,33,67,1.0,8.2,33,67,1.0,8.2,33,67,1.0,8.2,33,67,1.0,8.2,33,67,1.0,8.2,33,67,1.0,8.2,33,67,1.0,8.2,33,67,1.0,8.2,33,67,1.0,8.2,33,67,1.0,8.2,33,67,1.0,8.2,33,67,1.0,8.2,33,67,1.0,8.2,33,67,1.0,8.2,33,67,1.0,8.2,33,67,1.0,8.2,33,67,1.0,8.2,33,67,1.0,8.2,33,67,1.0,8.2
61,33.52,0.14,0.35,0,34,68,1.0,8.3,34,68,1.0,8.3,34,68,1.0,8.3,34,68,1.0,8.3,34,68,1.0,8.3,34,68,1.0,8.3,34,68,1.0,8.3,34,68,1.0,8.3,34,68,1.0,8.3,34,68,1.0,8.3,34,68,1.0,8.3,34,68,1.0,8.3,34,68,1.0,8.3,34,68,1.0,8.3,34,68,1.0,8.3,34,68,1.0,8.3,34,68,1.0,8.3,34,68,1.0,8.3,34,68,1.0,8.3,34,68,1.0,8.3,34,68,1.0,8.3,34,68,1.0,8.3,34,68,1.0,8.3,34,68,1.0,8.3,34,68,1.0,8.3,34,68,1.0,8.3,34,68,1.0,8.3,34,68,1.0,8.3,34,68,1.0,8.3,34,68,1.0,8.3,34,68,1.0,8.3,34,68,1.0,8.3
62,34.29,0.14,0.34,0,33,70,1.0,8.0,33,70,1.0,8.0,33,70,1.0,8.0,33,70,1.0,8.0,33,70,1.0,8.0,33,70,1.0,8.0,33,70,1.0,8.0,33,70,1.0,8.0,33,70,1.0,8.0,33,70,1.0,8.0,33,70,1.0,8.0,33,70,1.0,8.0,33,70,1.0,8.0,33,70,1.0,8.0,33,70,1.0,8.0,33,70,1.0,8.0,33,70,1.0,8.0,33,70,1.0,8.0,33,70,1.0,8.0,33,70,1.0,8.0,33,70,1.0,8.0,33,70,1.0,8.0,33,70,1.0,8.0,33,70,1.0,8.0,33,70,1.0,8.0,33,70,1.0,8.0,33,70,1.0,8.0,33,70,1.0,8.0,33,70,1.0,8.0,33,70,1.0,8.0,33,70,1.0,8.0,33,70,1.0,8.0
63,34.82,0.14,0.35,0,34,75,1.0,7.8,34,75,1.0,7.8,34,75,1.0,7.8,34,75,1.0,7.8,34,75,1.0,7.8,34,75,1.0,7.8,34,75,1.0,7.8,34,75,1.0,7.8,34,75,1.0,7.8,34,75,1.0,7.8,34,75,1.0,7.8,34,75,1.0,7.8,34,75,1.0,7.8,34,75,1.0,7.8,34,75,1.0,7.8,34,75,1.0,7.8,34,75,1.0,7.8,34,75,1.0,7.8,34,75,1.0,7.8,34,75,1.0,7.8,34,75,1.0,7.8,34,75,1.0,7.8,34,75,1.0,7.8,34,75,1.0,7.8,34,75,1.0,7.8,34,75,1.0,7.8,34,75,1.0,7.8,34,75,1.0,7.8,34,75,1.0,7.8,34,75,1.0,7.8,34,75,1.0,7.8,34,75,1.0,7.8
64,34.24,0.15,0.36,0,35,78,1.0,7.7,35,78,1.0,7.7,35,78,1.0,7.7,35,78,1.0,7.7,35,78,1.0,7.7,35,78,1.0,7.7,35,78,1.0,7.7,35,78,1.0,7.7,35,78,1.0,7.7,35,78,1.0,7.7,35,78,1.0,7.7,35,78,1.0,7.7,35,78,1.0,7.7,35,78,1.0,7.7,35,78,1.0,7.7,35,78,1.0,7.7,35,78,1.0,7.7,35,78,1.0,7.7,35,78,1.0,7.7,35,78,1.0,7.7,35,78,1.0,7.7,35,78,1.0,7.7,35,78,1.0,7.7,35,78,1.0,7.7,35,78,1.0,7.7,35,78,1.0,7.7,35,78,1.0,7.7,35,78,1.0,7.7,35,78,1.0,7.7,35,78,1.0,7.7,35,78,1.0,7.7,35,78,1.0,7.7
65,35.24,0.15,0.39,0,37,76,1.0,8.2,37,76,1.0,8.2,37,76,1.0,8.2,37,76,1.0,8.2,37,76,1.0,8.2,37,76,1.0,8.2,37,76,1.0,8.2,37,76,1.0,8.2,37,76,1.0,8.2,37,76,1.0,8.2,37,76,1.0,8.2,37,76,1.0,8.2,37,76,1.0,8.2,37,76,1.0,8.2,37,76,1.0,8.2,37,76,1.0,8.2,37,76,1.0,8.2,37,76,1.0,8.2,37,76,1.0,8.2,37,76,1.0,8.2,37,76,1.0,8.2,37,76,1.0,8.2,37,76,1.0,8.2,37,76,1.0,8.2,37,76,1.0,8.2,37,76,1.0,8.2,37,76,1.0,8.2,37,76,1.0,8.2,37,76,1.0,8.2,37,76,1.0,8.2,37,76,1.0,8.2,37,76,1.0,8.2
66,36.24,0.16,0.4,0,38,77,1.0,8.3,38,77,1.0,8.3,38,77,1.0,8.3,38,77,1.0,8.3,38,77,1.0,8.3,38,77,1.0,8.3,38,77,1.0,8.3,38,77,1.0,8.3,38,77,1.0,8.3,38,77,1.0,8.3,38,77,1.0,8.3,38,77,1.0,8.3,38,77,1.0,8.3,38,77,1.0,8.3,38,77,1.0,8.3,38,77,1.0,8.3,38,77,1.0,8.3,38,77,1.0,8.3,38,77,1.0,8.3,38,77,1.0,8.3,38,77,1.0,8.3,38,77,1.0,8.3,38,77,1.0,8.3,38,77,1.0,8.3,38,77,1.0,8.3,38,77,1.0,8.3,38,77,1.0,8.3,38,77,1.0,8.3,38,77,1.0,8.3,38,77,1.0,8.3,38,77,1.0,8.3,38,77,1.0,8.3
67,36.78,0.16,0.41,0,39,77,1.0,8.4,39,77,1.0,8.4,39,77,1.0,8.4,39,77,1.0,8.4,39,77,1.0,8.4,39,77,1.0,8.4,39,77,1.0,8.4,39,77,1.0,8.4,39,77,1.0,8.4,39,77,1.0,8.4,39,77,1.0,8.4,39,77,1.0,8.4,39,77,1.0,8.4,39,77,1.0,8.4,39,77,1.0,8.4,39,77,1.0,8.4,39,77,1.0,8.4,39,77,1.0,8.4,39,77,1.0,8.4,39,77,1.0,8.4,39,77,1.0,8.4,39,77,1.0,8.4,39,77,1.0,8.4,39,77,1.0,8.4,39,77,1.0,8.4,39,77,1.0,8.4,39,77,1.0,8.4,39,77,1.0,8.4,39,77,1.0,8.4,39,77,1.0,8.4,39,77,1.0,8.4,39,77,1.0,8.4
68,37.08,0.17,0.44,0,42,73,1.0,9.1,42,73,1.0,9.1,42,73,1.0,9.1,42,73,1.0,9.1,42,73,1.0,9.1,42,73,1.0,9.1,42,73,1.0,9.1,42,73,1.0,9.1,42,73,1.0,9.1,42,73,1.0,9.1,42,73,1.0,9.1,42,73,1.0,9.1,42,73,1.0,9.1,42,73,1.0,9.1,42,73,1.0,9.1,42,73,1.0,9.1,42,73,1.0,9.1,42,73,1.0,9.1,42,73,1.0,9.1,42,73,1.0,9.1,42,73,1.0,9.1,42,73,1.0,9.1,42,73,1.0,9.1,42,73,1.0,9.1,42,73,1.0,9.1,42,73,1.0,9.1,42,73,1.0,9.1,42,73,1.0,9.1,42,73,1.0,9.1,42,73,1.0,9.1,42,73,1.0,9.1,42,73,1.0,9.1
69,36.95,0.17,0.43,0,41,77,1.0,8.7,41,77,1.0,8.7,41,77,1.0,8.7,41,77,1.0,8.7,41,77,1.0,8.7,41,77,1.0,8.7,41,77,1.0,8.7,41,77,1.0,8.7,41,77,1.0,8.7,41,77,1.0,8.7,41,77,1.0,8.7,41,77,1.0,8.7,41,77,1.0,8.7,41,77,1.0,8.7,41,77,1.0,8.7,41,77,1.0,8.7,41,77,1.0,8.7,41,77,1.0,8.7,41,77,1.0,8.7,41,77,1.0,8.7,41,77,1.0,8.7,41,77,1.0,8.7,41,77,1.0,8.7,41,77,1.0,8.7,41,77,1.0,8.7,41,77,1.0,8.7,41,77,1.0,8.7,41,77,1.0,8.7,41,77,1.0,8.7,41,77,1.0,8.7,41,77,1.0,8.7,41,77,1.0,8.7
70,37.95,0.18,0.46,0,44,77,1.0,9.1,44,77,1.0,9.1,44,77,1.0,9.1,44,77,1.0,9.1,44,77,1.0,9.1,44,77,1.0,9.1,44,77,1.0,9.1,44,77,1.0,9.1,44,77,1.0,9.1,44,77,1.0,9.1,44,77,1.0,9.1,44,77,1.0,9.1,44,77,1.0,9.1,44,77,1.0,9.1,44,77,1.0,9.1,44,77,1.0,9.1,44,77,1.0,9.1,44,77,1.0,9.1,44,77,1.0,9.1,44,77,1.0,9.1,44,77,1.0,9.1,44,77,1.0,9.1,44,77,1.0,9.1,44,77,1.0,9.1,44,77,1.0,9.1,44,77,1.0,9.1,44,77,1.0,9.1,44,77,1.0,9.1,44,77,1.0,9.1,44,77,1.0,9.1,44,77,1.0,9.1,44,77,1.0,9.1
71,38.72,0.18,0.45,0,43,77,1.0,9.0,43,77,1.0,9.0,43,77,1.0,9.0,43,77,1.0,9.0,43,77,1.0,9.0,43,77,1.0,9.0,43,77,1.0,9.0,43,77,1.0,9.0,43,77,1.0,9.0,43,77,1.0,9.0,43,77,1.0,9.0,43,77,1.0,9.0,43,77,1.0,9.0,43,77,1.0,9.0,43,77,1.0,9.0,43,77,1.0,9.0,43,77,1.0,9.0,43,77,1.0,9.0,43,77,1.0,9.0,43,77,1.0,9.0,43,77,1.0,9.0,43,77,1.0,9.0,43,77,1.0,9.0,43,77,1.0,9.0,43,77,1.0,9.0,43,77,1.0,9.0,43,77,1.0,9.0,43,77,1.0,9.0,43,77,1.0,9.0,43,77,1.0,9.0,43,77,1.0,9.0,43,77,1.0,9.0
72,39.03,0.18,0.46,0,44,80,1.0,8.9,44,80,1.0,8.9,44,80,1.0,8.9,44,80,1.0,8.9,44,80,1.0,8.9,44,80,1.0,8.9,44,80,1.0,8.9,44,80,1.0,8.9,44,80,1.0,8.9,44,80,1.0,8.9,44,80,1.0,8.9,44,80,1.0,8.9,44,80,1.0,8.9,44,80,1.0,8.9,44,80,1.0,8.9,44,80,1.0,8.9,44,80,1.0,8.9,44,80,1.0,8.9,44,80,1.0,8.9,44,80,1.0,8.9,44,80,1.0,8.9,44,80,1.0,8.9,44,80,1.0,8.9,44,80,1.0,8.9,44,80,1.0,8.9,44,80,1.0,8.9,44,80,1.0,8.9,44,80,1.0,8.9,44,80,1.0,8.9,44,80,1.0,8.9,44,80,1.0,8.9,44,80,1.0,8.9
73,38.68,0.19,0.47,0,45,83,1.0,8.8,45,83,1.0,8.8,45,83,1.0,8.8,45,83,1.0,8.8,45,83,1.0,8.8,45,83,1.0,8.8,45,83,1.0,8.8,45,83,1.0,8.8,45,83,1.0,8.8,45,83,1.0,8.8,45,83,1.0,8.8,45,83,1.0,8.8,45,83,1.0,8.8,45,83,1.0,8.8,45,83,1.0,8.8,45,83,1.0,8.8,45,83,1.0,8.8,45,83,1.0,8.8,45,83,1.0,8.8,45,83,1.0,8.8,45,83,1.0,8.8,45,83,1.0,8.8,45,83,1.0,8.8,45,83,1.0,8.8,45,83,1.0,8.8,45,83,1.0,8.8,45,83,1.0,8.8,45,83,1.0,8.8,45,83,1.0,8.8,45,83,1.0,8.8,45,83,1.0,8.8,45,83,1.0,8.8
74,39.03,0.18,0.46,0,44,84,1.0,8.6,44,84,1.0,8.6,44,84,1.0,8.6,44,84,1.0,8.6,44,84,1.0,8.6,44,84,1.0,8.6,44,84,1.0,8.6,44,84,1.0,8.6,44,84,1.0,8.6,44,84,1.0,8.6,44,84,1.0,8.6,44,84,1.0,8.6,44,84,1.0,8.6,44,84,1.0,8.6,44,84,1.0,8.6,44,84,1.0,8.6,44,84,1.0,8.6,44,84,1.0,8.6,44,84,1.0,8.6,44,84,1.0,8.6,44,84,1.0,8.6,44,84,1.0,8.6,44,84,1.0,8.6,44,84,1.0,8.6,44,84,1.0,8.6,44,84,1.0,8.6,44,84,1.0,8.6,44,84,1.0,8.6,44,84,1.0,8.6,44,84,1.0,8.6,44,84,1.0,8.6,44,84,1.0,8.6
75,39.38,0.19,0.48,0,46,83,1.0,8.9,46,83,1.0,8.9,46,83,1.0,8.9,46,83,1.0,8.9,46,83,1.0,8.9,46,83,1.0,8.9,46,83,1.0,8.9,46,83,1.0,8.9,46,83,1.0,8.9,46,83,1.0,8.9,46,83,1.0,8.9,46,83,1.0,8.9,46,83,1.0,8.9,46,83,1.0,8.9,46,83,1.0,8.9,46,83,1.0,8.9,46,83,1.0,8.9,46,83,1.0,8.9,46,83,1.0,8.9,46,83,1.0,8.9,46,83,1.0,8.9,46,83,1.0,8.9,46,83,1.0,8.9,46,83,1.0,8.9,46,83,1.0,8.9,46,83,1.0,8.9,46,83,1.0,8.9,46,83,1.0,8.9,46,83,1.0,8.9,46,83,1.0,8.9,46,83,1.0,8.9,46,83,1.0,8.9
76,39.73,0.2,0.49,0,47,85,1.0,8.9,47,85,1.0,8.9,47,85,1.0,8.9,47,85,1.0,8.9,47,85,1.0,8.9,47,85,1.0,8.9,47,85,1.0,8.9,47,85,1.0,8.9,47,85,1.0,8.9,47,85,1.0,8.9,47,85,1.0,8.9,47,85,1.0,8.9,47,85,1.0,8.9,47,85,1.0,8.9,47,85,1.0,8.9,47,85,1.0,8.9,47,85,1.0,8.9,47,85,1.0,8.9,47,85,1.0,8.9,47,85,1.0,8.9,47,85,1.0,8.9,47,85,1.0,8.9,47,85,1.0,8.9,47,85,1.0,8.9,47,85,1.0,8.9,47,85,1.0,8.9,47,85,1.0,8.9,47,85,1.0,8.9,47,85,1.0,8.9,47,85,1.0,8.9,47,85,1.0,8.9,47,85,1.0,8.9
77,40.3,0.2,0.5,0,48,84,1.0,9.1,48,84,1.0,9.1,48,84,1.0,9.1,48,84,1.0,9.1,48,84,1.0,9.1,48,84,1.0,9.1,48,84,1.0,9.1,48,84,1.0,9.1,48,84,1.0,9.1,48,84,1.0,9.1,48,84,1.0,9.1,48,84,1.0,9.1,48,84,1.0,9.1,48,84,1.0,9.1,48,84,1.0,9.1,48,84,1.0,9.1,48,84,1.0,9.1,48,84,1.0,9.1,48,84,1.0,9.1,48,84,1.0,9.1,48,84,1.0,9.1,48,84,1.0,9.1,48,84,1.0,9.1,48,84,1.0,9.1,48,84,1.0,9.1,48,84,1.0,9.1,48,84,1.0,9.1,48,84,1.0,9.1,48,84,1.0,9.1,48,84,1.0,9.1,48,84,1.0,9.1,48,84,1.0,9.1
78,40.66,0.2,0.5,0,48,88,1.0,8.8,48,88,1.0,8.8,48,88,1.0,8.8,48,88,1.0,8.8,48,88,1.0,8.8,48,88,1.0,8.8,48,88,1.0,8.8,48,88,1.0,8.8,48,88,1.0,8.8,48,88,1.0,8.8,48,88,1.0,8.8,48,88,1.0,8.8,48,88,1.0,8.8,48,88,1.0,8.8,48,88,1.0,8.8,48,88,1.0,8.8,48,88,1.0,8.8,48,88,1.0,8.8,48,88,1.0,8.8,48,88,1.0,8.8,48,88,1.0,8.8,48,88,1.0,8.8,48,88,1.0,8.8,48,88,1.0,8.8,48,88,1.0,8.8,48,88,1.0,8.8,48,88,1.0,8.8,48,88,1.0,8.8,48,88,1.0,8.8,48,88,1.0,8.8,48,88,1.0,8.8,48,88,1.0,8.8
79,41.02,0.21,0.52,0,50,90,1.0,8.9,50,90,1.0,8.9,50,90,1.0,8.9,50,90,1.0,8.9,50,90,1.0,8.9,50,90,1.0,8.9,50,90,1.0,8.9,50,90,1.0,8.9,50,90,1.0,8.9,50,90,1.0,8.9,50,90,1.0,8.9,50,90,1.0,8.9,50,90,1.0,8.9,50,90,1.0,8.9,50,90,1.0,8.9,50,90,1.0,8.9,50,90,1.0,8.9,50,90,1.0,8.9,50,90,1.0,8.9,50,90,1.0,8.9,50,90,1.0,8.9,50,90,1.0,8.9,50,90,1.0,8.9,50,90,1.0,8.9,50,90,1.0,8.9,50,90,1.0,8.9,50,90,1.0,8.9,50,90,1.0,8.9,50,90,1.0,8.9,50,90,1.0,8.9,50,90,1.0,8.9,50,90,1.0,8.9
80,41.81,0.21,0.52,0,50,89,1.0,9.0,50,89,1.0,9.0,50,89,1.0,9.0,50,89,1.0,9.0,50,89,1.0,9.0,50,89,1.0,9.0,50,89,1.0,9.0,50,89,1.0,9.0,50,89,1.0,9.0,50,89,1.0,9.0,50,89,1.0,9.0,50,89,1.0,9.0,50,89,1.0,9.0,50,89,1.0,9.0,50,89,1.0,9.0,50,89,1.0,9.0,50,89,1.0,9.0,50,89,1.0,9.0,50,89,1.0,9.0,50,89,1.0,9.0,50,89,1.0,9.0,50,89,1.0,9.0,50,89,1.0,9.0,50,89,1.0,9.0,50,89,1.0,9.0,50,89,1.0,9.0,50,89,1.0,9.0,50,89,1.0,9.0,50,89,1.0,9.0,50,89,1.0,9.0,50,89,1.0,9.0,50,89,1.0,9.0
81,42.16,0.21,0.52,0,50,92,1.0,8.8,50,92,1.0,8.8,50,92,1.0,8.8,50,92,1.0,8.8,50,92,1.0,8.8,50,92,1.0,8.8,50,92,1.0,8.8,50,92,1.0,8.8,50,92,1.0,8.8,50,92,1.0,8.8,50,92,1.0,8.8,50,92,1.0,8.8,50,92,1.0,8.8,50,92,1.0,8.8,50,92,1.0,8.8,50,92,1.0,8.8,50,92,1.0,8.8,50,92,1.0,8.8,50,92,1.0,8.8,50,92,1.0,8.8,50,92,1.0,8.8,50,92,1.0,8.8,50,92,1.0,8.8,50,92,1.0,8.8,50,92,1.0,8.8,50,92,1.0,8.8,50,92,1.0,8.8,50,92,1.0,8.8,50,92,1.0,8.8,50,92,1.0,8.8,50,92,1.0,8.8,50,92,1.0,8.8
82,42.74,0.23,0.56,0,54,90,1.0,9.4,54,90,1.0,9.4,54,90,1.0,9.4,54,90,1.0,9.4,54,90,1.0,9.4,54,90,1.0,9.4,54,90,1.0,9.4,54,90,1.0,9.4,54,90,1.0,9.4,54,90,1.0,9.4,54,90,1.0,9.4,54,90,1.0,9.4,54,90,1.0,9.4,54,90,1.0,9.4,54,90,1.0,9.4,54,90,1.0,9.4,54,90,1.0,9.4,54,90,1.0,9.4,54,90,1.0,9.4,54,90,1.0,9.4,54,90,1.0,9.4,54,90,1.0,9.4,54,90,1.0,9.4,54,90,1.0,9.4,54,90,1.0,9.4,54,90,1.0,9.4,54,90,1.0,9.4,54,90,1.0,9.4,54,90,1.0,9.4,54,90,1.0,9.4,54,90,1.0,9.4,54,90,1.0,9.4
83,43.09,0.22,0.55,0,53,92,1.0,9.1,53,92,1.0,9.1,53,92,1.0,9.1,53,92,1.0,9.1,53,92,1.0,9.1,53,92,1.0,9.1,53,92,1.0,9.1,53,92,1.0,9.1,53,92,1.0,9.1,53,92,1.0,9.1,53,92,1.0,9.1,53,92,1.0,9.1,53,92,1.0,9.1,53,92,1.0,9.1,53,92,1.0,9.1,53,92,1.0,9.1,53,92,1.0,9.1,53,92,1.0,9.1,53,92,1.0,9.1,53,92,1.0,9.1,53,92,1.0,9.1,53,92,1.0,9.1,53,92,1.0,9.1,53,92,1.0,9.1,53,92,1.0,9.1,53,92,1.0,9.1,53,92,1.0,9.1,53,92,1.0,9.1,53,92,1.0,9.1,53,92,1.0,9.1,53,92,1.0,9.1,53,92,1.0,9.1
84,43.88,0.23,0.58,0,56,92,1.0,9.5,56,92,1.0,9.5,56,92,1.0,9.5,56,92,1.0,9.5,56,92,1.0,9.5,56,92,1.0,9.5,56,92,1.0,9.5,56,92,1.0,9.5,56,92,1.0,9.5,56,92,1.0,9.5,56,92,1.0,9.5,56,92,1.0,9.5,56,92,1.0,9.5,56,92,1.0,9.5,56,92,1.0,9.5,56,92,1.0,9.5,56,92,1.0,9.5,56,92,1.0,9.5,56,92,1.0,9.5,56,92,1.0,9.5,56,92,1.0,9.5,56,92,1.0,9.5,56,92,1.0,9.5,56,92,1.0,9.5,56,92,1.0,9.5,56,92,1.0,9.5,56,92,1.0,9.5,56,92,1.0,9.5,56,92,1.0,9.5,56,92,1.0,9.5,56,92,1.0,9.5,56,92,1.0,9.5
85,44.24,0.24,0.59,0,57,91,1.0,9.6,57,91,1.0,9.6,57,91,1.0,9.6,57,91,1.0,9.6,57,91,1.0,9.6,57,91,1.0,9.6,57,91,1.0,9.6,57,91,1.0,9.6,57,91,1.0,9.6,57,91,1.0,9.6,57,91,1.0,9.6,57,91,1.0,9.6,57,91,1.0,9.6,57,91,1.0,9.6,57,91,1.0,9.6,57,91,1.0,9.6,57,91,1.0,9.6,57,91,1.0,9.6,57,91,1.0,9.6,57,91,1.0,9.6,57,91,1.0,9.6,57,91,1.0,9.6,57,91,1.0,9.6,57,91,1.0,9.6,57,91,1.0,9.6,57,91,1.0,9.6,57,91,1.0,9.6,57,91,1.0,9.6,57,91,1.0,9.6,57,91,1.0,9.6,57,91,1.0,9.6,57,91,1.0,9.6
86,45.24,0.25,0.61,0,59,91,1.0,9.8,59,91,1.0,9.8,59,91,1.0,9.8,59,91,1.0,9.8,59,91,1.0,9.8,59,91,1.0,9.8,59,91,1.0,9.8,59,91,1.0,9.8,59,91,1.0,9.8,59,91,1.0,9.8,59,91,1.0,9.8,59,91,1.0,9.8,59,91,1.0,9.8,59,91,1.0,9.8,59,91,1.0,9.8,59,91,1.0,9.8,59,91,1.0,9.8,59,91,1.0,9.8,59,91,1.0,9.8,59,91,1.0,9.8,59,91,1.0,9.8,59,91,1.0,9.8,59,91,1.0,9.8,59,91,1.0,9.8,59,91,1.0,9.8,59,91,1.0,9.8,59,91,1.0,9.8,59,91,1.0,9.8,59,91,1.0,9.8,59,91,1.0,9.8,59,91,1.0,9.8,59,91,1.0,9.8
87,45.58,0.25,0.62,0,60,91,1.0,9.9,60,91,1.0,9.9,60,91,1.0,9.9,60,91,1.0,9.9,60,91,1.0,9.9,60,91,1.0,9.9,60,91,1.0,9.9,60,91,1.0,9.9,60,91,1.0,9.9,60,91,1.0,9.9,60,91,1.0,9.9,60,91,1.0,9.9,60,91,1.0,9.9,60,91,1.0,9.9,60,91,1.0,9.9,60,91,1.0,9.9,60,91,1.0,9.9,60,91,1.0,9.9,60,91,1.0,9.9,60,91,1.0,9.9,60,91,1.0,9.9,60,91,1.0,9.9,60,91,1.0,9.9,60,91,1.0,9.9,60,91,1.0,9.9,60,91,1.0,9.9,60,91,1.0,9.9,60,91,1.0,9.9,60,91,1.0,9.9,60,91,1.0,9.9,60,91,1.0,9.9,60,91,1.0,9.9
88,45.93,0.25,0.64,0,61,94,1.0,9.8,61,94,1.0,9.8,61,94,1.0,9.8,61,94,1.0,9.8,61,94,1.0,9.8,61,94,1.0,9.8,61,94,1.0,9.8,61,94,1.0,9.8,61,94,1.0,9.8,61,94,1.0,9.8,61,94,1.0,9.8,61,94,1.0,9.8,61,94,1.0,9.8,61,94,1.0,9.8,61,94,1.0,9.8,61,94,1.0,9.8,61,94,1.0,9.8,61,94,1.0,9.8,61,94,1.0,9.8,61,94,1.0,9.8,61,94,1.0,9.8,61,94,1.0,9.8,61,94,1.0,9.8,61,94,1.0,9.8,61,94,1.0,9.8,61,94,1.0,9.8,61,94,1.0,9.8,61,94,1.0,9.8,61,94,1.0,9.8,61,94,1.0,9.8,61,94,1.0,9.8,61,94,1.0,9.8
89,46.07,0.26,0.66,0,63,93,1.0,10.1,63,93,1.0,10.1,63,93,1.0,10.1,63,93,1.0,10.1,63,93,1.0,10.1,63,93,1.0,10.1,63,93,1.0,10.1,63,93,1.0,10.1,63,93,1.0,10.1,63,93,1.0,10.1,63,93,1.0,10.1,63,93,1.0,10.1,63,93,1.0,10.1,63,93,1.0,10.1,63,93,1.0,10.1,63,93,1.0,10.1,63,93,1.0,10.1,63,93,1.0,10.1,63,93,1.0,10.1,63,93,1.0,10.1,63,93,1.0,10.1,63,93,1.0,10.1,63,93,1.0,10.1,63,93,1.0,10.1,63,93,1.0,10.1,63,93,1.0,10.1,63,93,1.0,10.1,63,93,1.0,10.1,63,93,1.0,10.1,63,93,1.0,10.1,63,93,1.0,10.1,63,93,1.0,10.1
90,46.63,0.26,0.65,0,62,94,1.0,9.9,62,94,1.0,9.9,62,94,1.0,9.9,62,94,1.0,9.9,62,94,1.0,9.9,62,94,1.0,9.9,62,94,1.0,9.9,62,94,1.0,9.9,62,94,1.0,9.9,62,94,1.0,9.9,62,94,1.0,9.9,62,94,1.0,9.9,62,94,1.0,9.9,62,94,1.0,9.9,62,94,1.0,9.9,62,94,1.0,9.9,62,94,1.0,9.9,62,94,1.0,9.9,62,94,1.0,9.9,62,94,1.0,9.9,62,94,1.0,9.9,62,94,1.0,9.9,62,94,1.0,9.9,62,94,1.0,9.9,62,94,1.0,9.9,62,94,1.0,9.9,62,94,1.0,9.9,62,94,1.0,9.9,62,94,1.0,9.9,62,94,1.0,9.9,62,94,1.0,9.9,62,94,1.0,9.9
91,46.78,0.26,0.65,0,62,98,1.0,9.7,62,98,1.0,9.7,62,98,1.0,9.7,62,98,1.0,9.7,62,98,1.0,9.7,62,98,1.0,9.7,62,98,1.0,9.7,62,98,1.0,9.7,62,98,1.0,9.7,62,98,1.0,9.7,62,98,1.0,9.7,62,98,1.0,9.7,62,98,1.0,9.7,62,98,1.0,9.7,62,98,1.0,9.7,62,98,1.0,9.7,62,98,1.0,9.7,62,98,1.0,9.7,62,98,1.0,9.7,62,98,1.0,9.7,62,98,1.0,9.7,62,98,1.0,9.7,62,98,1.0,9.7,62,98,1.0,9.7,62,98,1.0,9.7,62,98,1.0,9.7,62,98,1.0,9.7,62,98,1.0,9.7,62,98,1.0,9.7,62,98,1.0,9.7,62,98,1.0,9.7,62,98,1.0,9.7
92,47.57,0.25,0.64,0,61,98,1.0,9.6,61,98,1.0,9.6,61,98,1.0,9.6,61,98,1.0,9.6,61,98,1.0,9.6,61,98,1.0,9.6,61,98,1.0,9.6,61,98,1.0,9.6,61,98,1.0,9.6,61,98,1.0,9.6,61,98,1.0,9.6,61,98,1.0,9.6,61,98,1.0,9.6,61,98,1.0,9.6,61,98,1.0,9.6,61,98,1.0,9.6,61,98,1.0,9.6,61,98,1.0,9.6,61,98,1.0,9.6,61,98,1.0,9.6,61,98,1.0,9.6,61,98,1.0,9.6,61,98,1.0,9.6,61,98,1.0,9.6,61,98,1.0,9.6,61,98,1.0,9.6,61,98,1.0,9.6,61,98,1.0,9.6,61,98,1.0,9.6,61,98,1.0,9.6,61,98,1.0,9.6,61,98,1.0,9.6
93,47.92,0.26,0.65,0,62,99,1.0,9.6,62,99,1.0,9.6,62,99,1.0,9.6,62,99,1.0,9.6,62,99,1.0,9.6,62,99,1.0,9.6,62,99,1.0,9.6,62,99,1.0,9.6,62,99,1.0,9.6,62,99,1.0,9.6,62,99,1.0,9.6,62,99,1.0,9.6,62,99,1.0,9.6,62,99,1.0,9.6,62,99,1.0,9.6,62,99,1.0,9.6,62,99,1.0,9.6,62,99,1.0,9.6,62,99,1.0,9.6,62,99,1.0,9.6,62,99,1.0,9.6,62,99,1.0,9.6,62,99,1.0,9.6,62,99,1.0,9.6,62,99,1.0,9.6,62,99,1.0,9.6,62,99,1.0,9.6,62,99,1.0,9.6,62,99,1.0,9.6,62,99,1.0,9.6,62,99,1.0,9.6,62,99,1.0,9.6
94,48.29,0.25,0.64,0,61,105,1.0,9.2,61,105,1.0,9.2,61,105,1.0,9.2,61,105,1.0,9.2,61,105,1.0,9.2,61,105,1.0,9.2,61,105,1.0,9.2,61,105,1.0,9.2,61,105,1.0,9.2,61,105,1.0,9.2,61,105,1.0,9.2,61,105,1.0,9.2,61,105,1.0,9.2,61,105,1.0,9.2,61,105,1.0,9.2,61,105,1.0,9.2,61,105,1.0,9.2,61,105,1.0,9.2,61,105,1.0,9.2,61,105,1.0,9.2,61,105,1.0,9.2,61,105,1.0,9.2,61,105,1.0,9.2,61,105,1.0,9.2,61,105,1.0,9.2,61,105,1.0,9.2,61,105,1.0,9.2,61,105,1.0,9.2,61,105,1.0,9.2,61,105,1.0,9.2,61,105,1.0,9.2,61,105,1.0,9.2
95,48.86,0.26,0.65,0,62,105,1.0,9.3,62,105,1.0,9.3,62,105,1.0,9.3,62,105,1.0,9.3,62,105,1.0,9.3,62,105,1.0,9.3,62,105,1.0,9.3,62,105,1.0,9.3,62,105,1.0,9.3,62,105,1.0,9.3,62,105,1.0,9.3,62,105,1.0,9.3,62,105,1.0,9.3,62,105,1.0,9.3,62,105,1.0,9.3,62,105,1.0,9.3,62,105,1.0,9.3,62,105,1.0,9.3,62,105,1.0,9.3,62,105,1.0,9.3,62,105,1.0,9.3,62,105,1.0,9.3,62,105,1.0,9.3,62,105,1.0,9.3,62,105,1.0,9.3,62,105,1.0,9.3,62,105,1.0,9.3,62,105,1.0,9.3,62,105,1.0,9.3,62,105,1.0,9.3,62,105,1.0,9.3,62,105,1.0,9.3
96,49.86,0.27,0.67,0,64,103,1.0,9.6,64,103,1.0,9.6,64,103,1.0,9.6,64,103,1.0,9.6,64,103,1.0,9.6,64,103,1.0,9.6,64,103,1.0,9.6,64,103,1.0,9.6,64,103,1.0,9.6,64,103,1.0,9.6,64,103,1.0,9.6,64,103,1.0,9.6,64,103,1.0,9.6,64,103,1.0,9.6,64,103,1.0,9.6,64,103,1.0,9.6,64,103,1.0,9.6,64,103,1.0,9.6,64,103,1.0,9.6,64,103,1.0,9.6,64,103,1.0,9.6,64,103,1.0,9.6,64,103,1.0,9.6,64,103,1.0,9.6,64,103,1.0,9.6,64,103,1.0,9.6,64,103,1.0,9.6,64,103,1.0,9.6,64,103,1.0,9.6,64,103,1.0,9.6,64,103,1.0,9.6,64,103,1.0,9.6
97,49.79,0.28,0.69,0,66,108,1.0,9.5,66,108,1.0,9.5,66,108,1.0,9.5,66,108,1.0,9.5,66,108,1.0,9.5,66,108,1.0,9.5,66,108,1.0,9.5,66,108,1.0,9.5,66,108,1.0,9.5,66,108,1.0,9.5,66,108,1.0,9.5,66,108,1.0,9.5,66,108,1.0,9.5,66,108,1.0,9.5,66,108,1.0,9.5,66,108,1.0,9.5,66,108,1.0,9.5,66,108,1.0,9.5,66,108,1.0,9.5,66,108,1.0,9.5,66,108,1.0,9.5,66,108,1.0,9.5,66,108,1.0,9.5,66,108,1.0,9.5,66,108,1.0,9.5,66,108,1.0,9.5,66,108,1.0,9.5,66,108,1.0,9.5,66,108,1.0,9.5,66,108,1.0,9.5,66,108,1.0,9.5,66,108,1.0,9.5
98,50.36,0.28,0.71,0,68,103,1.0,9.9,68,103,1.0,9.9,68,103,1.0,9.9,68,103,1.0,9.9,68,103,1.0,9.9,68,103,1.0,9.9,68,103,1.0,9.9,68,103,1.0,9.9,68,103,1.0,9.9,68,103,1.0,9.9,68,103,1.0,9.9,68,103,1.0,9.9,68,103,1.0,9.9,68,103,1.0,9.9,68,103,1.0,9.9,68,103,1.0,9.9,68,103,1.0,9.9,68,103,1.0,9.9,68,103,1.0,9.9,68,103,1.0,9.9,68,103,1.0,9.9,68,103,1.0,9.9,68,103,1.0,9.9,68,103,1.0,9.9,68,103,1.0,9.9,68,103,1.0,9.9,68,103,1.0,9.9,68,103,1.0,9.9,68,103,1.0,9.9,68,103,1.0,9.9,68,103,1.0,9.9,68,103,1.0,9.9
99,50.72,0.28,0.7,0,67,105,1.0,9.7,67,105,1.0,9.7,67,105,1.0,9.7,67,105,1.0,9.7,67,105,1.0,9.7,67,105,1.0,9.7,67,105,1.0,9.7,67,105,1.0,9.7,67,105,1.0,9.7,67,105,1.0,9.7,67,105,1.0,9.7,67,105,1.0,9.7,67,105,1.0,9.7,67,105,1.0,9.7,67,105,1.0,9.7,67,105,1.0,9.7,67,105,1.0,9.7,67,105,1.0,9.7,67,105,1.0,9.7,67,105,1.0,9.7,67,105,1.0,9.7,67,105,1.0,9.7,67,105,1.0,9.7,67,105,1.0,9.7,67,105,1.0,9.7,67,105,1.0,9.7,67,105,1.0,9.7,67,105,1.0,9.7,67,105,1.0,9.7,67,105,1.0,9.7,67,105,1.0,9.7,67,105,1.0,9.7
100,50.88,0.3,0.76,0,73,103,1.0,10.4,73,103,1.0,10.4,73,103,1.0,10.4,73,103,1.0,10.4,73,103,1.0,10.4,73,103,1.0,10.4,73,103,1.0,10.4,73,103,1.0,10.4,73,103,1.0,10.4,73,103,1.0,10.4,73,103,1.0,10.4,73,103,1.0,10.4,73,103,1.0,10.4,73,103,1.0,10.4,73,103,1.0,10.4,73,103,1.0,10.4,73,103,1.0,10.4,73,103,1.0,10.4,73,103,1.0,10.4,73,103,1.0,10.4,73,103,1.0,10.4,73,103,1.0,10.4,73,103,1.0,10.4,73,103,1.0,10.4,73,103,1.0,10.4,73,103,1.0,10.4,73,103,1.0,10.4,73,103,1.0,10.4,73,103,1.0,10.4,73,103,1.0,10.4,73,103,1.0,10.4,73,103,1.0,10.4
101,51.67,0.3,0.74,0,71,104,1.0,10.1,71,104,1.0,10.1,71,104,1.0,10.1,71,104,1.0,10.1,71,104,1.0,10.1,71,104,1.0,10.1,71,104,1.0,10.1,71,104,1.0,10.1,71,104,1.0,10.1,71,104,1.0,10.1,71,104,1.0,10.1,71,104,1.0,10.1,71,104,1.0,10.1,71,104,1.0,10.1,71,104,1.0,10.1,71,104,1.0,10.1,71,104,1.0,10.1,71,104,1.0,10.1,71,104,1.0,10.1,71,104,1.0,10.1,71,104,1.0,10.1,71,104,1.0,10.1,71,104,1.0,10.1,71,104,1.0,10.1,71,104,1.0,10.1,71,104,1.0,10.1,71,104,1.0,10.1,71,104,1.0,10.1,71,104,1.0,10.1,71,104,1.0,10.1,71,104,1.0,10.1,71,104,1.0,10.1
102,52.04,0.3,0.75,0,72,107,1.0,10.1,72,107,1.0,10.1,72,107,1.0,10.1,72,107,1.0,10.1,72,107,1.0,10.1,72,107,1.0,10.1,72,107,1.0,10.1,72,107,1.0,10.1,72,107,1.0,10.1,72,107,1.0,10.1,72,107,1.0,10.1,72,107,1.0,10.1,72,107,1.0,10.1,72,107,1.0,10.1,72,107,1.0,10.1,72,107,1.0,10.1,72,107,1.0,10.1,72,107,1.0,10.1,72,107,1.0,10.1,72,107,1.0,10.1,72,107,1.0,10.1,72,107,1.0,10.1,72,107,1.0,10.1,72,107,1.0,10.1,72,107,1.0,10.1,72,107,1.0,10.1,72,107,1.0,10.1,72,107,1.0,10.1,72,107,1.0,10.1,72,107,1.0,10.1,72,107,1.0,10.1,72,107,1.0,10.1
103,53.04,0.32,0.79,0,76,106,1.0,10.4,76,106,1.0,10.4,76,106,1.0,10.4,76,106,1.0,10.4,76,106,1.0,10.4,76,106,1.0,10.4,76,106,1.0,10.4,76,106,1.0,10.4,76,106,1.0,10.4,76,106,1.0,10.4,76,106,1.0,10.4,76,106,1.0,10.4,76,106,1.0,10.4,76,106,1.0,10.4,76,106,1.0,10.4,76,106,1.0,10.4,76,106,1.0,10.4,76,106,1.0,10.4,76,106,1.0,10.4,76,106,1.0,10.4,76,106,1.0,10.4,76,106,1.0,10.4,76,106,1.0,10.4,76,106,1.0,10.4,76,106,1.0,10.4,76,106,1.0,10.4,76,106,1.0,10.4,76,106,1.0,10.4,76,106,1.0,10.4,76,106,1.0,10.4,76,106,1.0,10.4,76,106,1.0,10.4
104,53.4,0.31,0.78,0,75,107,1.0,10.3,75,107,1.0,10.3,75,107,1.0,10.3,75,107,1.0,10.3,75,107,1.0,10.3,75,107,1.0,10.3,75,107,1.0,10.3,75,107,1.0,10.3,75,107,1.0,10.3,75,107,1.0,10.3,75,107,1.0,10.3,75,107,1.0,10.3,75,107,1.0,10.3,75,107,1.0,10.3,75,107,1.0,10.3,75,107,1.0,10.3,75,107,1.0,10.3,75,107,1.0,10.3,75,107,1.0,10.3,75,107,1.0,10.3,75,107,1.0,10.3,75,107,1.0,10.3,75,107,1.0,10.3,75,107,1.0,10.3,75,107,1.0,10.3,75,107,1.0,10.3,75,107,1.0,10.3,75,107,1.0,10.3,75,107,1.0,10.3,75,107,1.0,10.3,75,107,1.0,10.3,75,107,1.0,10.3
105,54.18,0.32,0.8,0,77,107,1.0,10.5,77,107,1.0,10.5,77,107,1.0,10.5,77,107,1.0,10.5,77,107,1.0,10.5,77,107,1.0,10.5,77,107,1.0,10.5,77,107,1.0,10.5,77,107,1.0,10.5,77,107,1.0,10.5,77,107,1.0,10.5,77,107,1.0,10.5,77,107,1.0,10.5,77,107,1.0,10.5,77,107,1.0,10.5,77,107,1.0,10.5,77,107,1.0,10.5,77,107,1.0,10.5,77,107,1.0,10.5,77,107,1.0,10.5,77,107,1.0,10.5,77,107,1.0,10.5,77,107,1.0,10.5,77,107,1.0,10.5,77,107,1.0,10.5,77,107,1.0,10.5,77,107,1.0,10.5,77,107,1.0,10.5,77,107,1.0,10.5,77,107,1.0,10.5,77,107,1.0,10.5,77,107,1.0,10.5
106,53.71,0.33,0.81,0,78,111,1.0,10.3,78,111,1.0,10.3,78,111,1.0,10.3,78,111,1.0,10.3,78,111,1.0,10.3,78,111,1.0,10.3,78,111,1.0,10.3,78,111,1.0,10.3,78,111,1.0,10.3,78,111,1.0,10.3,78,111,1.0,10.3,78,111,1.0,10.3,78,111,1.0,10.3,78,111,1.0,10.3,78,111,1.0,10.3,78,111,1.0,10.3,78,111,1.0,10.3,78,111,1.0,10.3,78,111,1.0,10.3,78,111,1.0,10.3,78,111,1.0,10.3,78,111,1.0,10.3,78,111,1.0,10.3,78,111,1.0,10.3,78,111,1.0,10.3,78,111,1.0,10.3,78,111,1.0,10.3,78,111,1.0,10.3,78,111,1.0,10.3,78,111,1.0,10.3,78,111,1.0,10.3,78,111,1.0,10.3
107,54.29,0.34,0.84,0,81,108,1.0,10.7,81,108,1.0,10.7,81,108,1.0,10.7,81,108,1.0,10.7,81,108,1.0,10.7,81,108,1.0,10.7,81,108,1.0,10.7,81,108,1.0,10.7,81,108,1.0,10.7,81,108,1.0,10.7,81,108,1.0,10.7,81,108,1.0,10.7,81,108,1.0,10.7,81,108,1.0,10.7,81,108,1.0,10.7,81,108,1.0,10.7,81,108,1.0,10.7,81,108,1.0,10.7,81,108,1.0,10.7,81,108,1.0,10.7,81,108,1.0,10.7,81,108,1.0,10.7,81,108,1.0,10.7,81,108,1.0,10.7,81,108,1.0,10.7,81,108,1.0,10.7,81,108,1.0,10.7,81,108,1.0,10.7,81,108,1.0,10.7,81,108,1.0,10.7,81,108,1.0,10.7,81,108,1.0,10.7
108,55.08,0.34,0.84,0,81,109,1.0,10.7,81,109,1.0,10.7,81,109,1.0,10.7,81,109,1.0,10.7,81,109,1.0,10.7,81,109,1.0,10.7,81,109,1.0,10.7,81,109,1.0,10.7,81,109,1.0,10.7,81,109,1.0,10.7,81,109,1.0,10.7,81,109,1.0,10.7,81,109,1.0,10.7,81,109,1.0,10.7,81,109,1.0,10.7,81,109,1.0,10.7,81,109,1.0,10.7,81,109,1.0,10.7,81,109,1.0,10.7,81,109,1.0,10.7,81,109,1.0,10.7,81,109,1.0,10.7,81,109,1.0,10.7,81,109,1.0,10.7,81,109,1.0,10.7,81,109,1.0,10.7,81,109,1.0,10.7,81,109,1.0,10.7,81,109,1.0,10.7,81,109,1.0,10.7,81,109,1.0,10.7,81,109,1.0,10.7
109,55.45,0.35,0.88,0,84,110,1.0,10.8,84,110,1.0,10.8,84,110,1.0,10.8,84,110,1.0,10.8,84,110,1.0,10.8,84,110,1.0,10.8,84,110,1.0,10.8,84,110,1.0,10.8,84,110,1.0,10.8,84,110,1.0,10.8,84,110,1.0,10.8,84,110,1.0,10.8,84,110,1.0,10.8,84,110,1.0,10.8,84,110,1.0,10.8,84,110,1.0,10.8,84,110,1.0,10.8,84,110,1.0,10.8,84,110,1.0,10.8,84,110,1.0,10.8,84,110,1.0,10.8,84,110,1.0,10.8,84,110,1.0,10.8,84,110,1.0,10.8,84,110,1.0,10.8,84,110,1.0,10.8,84,110,1.0,10.8,84,110,1.0,10.8,84,110,1.0,10.8,84,110,1.0,10.8,84,110,1.0,10.8,84,110,1.0,10.8
110,55.82,0.35,0.89,0,85,108,1.0,11.0,85,108,1.0,11.0,85,108,1.0,11.0,85,108,1.0,11.0,85,108,1.0,11.0,85,108,1.0,11.0,85,108,1.0,11.0,85,108,1.0,11.0,85,108,1.0,11.0,85,108,1.0,11.0,85,108,1.0,11.0,85,108,1.0,11.0,85,108,1.0,11.0,85,108,1.0,11.0,85,108,1.0,11.0,85,108,1.0,11.0,85,108,1.0,11.0,85,108,1.0,11.0,85,108,1.0,11.0,85,108,1.0,11.0,85,108,1.0,11.0,85,108,1.0,11.0,85,108,1.0,11.0,85,108,1.0,11.0,85,108,1.0,11.0,85,108,1.0,11.0,85,108,1.0,11.0,85,108,1.0,11.0,85,108,1.0,11.0,85,108,1.0,11.0,85,108,1.0,11.0,85,108,1.0,11.0
111,56.2,0.35,0.88,0,84,111,1.0,10.8,84,111,1.0,10.8,84,111,1.0,10.8,84,111,1.0,10.8,84,111,1.0,10.8,84,111,1.0,10.8,84,111,1.0,10.8,84,111,1.0,10.8,84,111,1.0,10.8,84,111,1.0,10.8,84,111,1.0,10.8,84,111,1.0,10.8,84,111,1.0,10.8,84,111,1.0,10.8,84,111,1.0,10.8,84,111,1.0,10.8,84,111,1.0,10.8,84,111,1.0,10.8,84,111,1.0,10.8,84,111,1.0,10.8,84,111,1.0,10.8,84,111,1.0,10.8,84,111,1.0,10.8,84,111,1.0,10.8,84,111,1.0,10.8,84,111,1.0,10.8,84,111,1.0,10.8,84,111,1.0,10.8,84,111,1.0,10.8,84,111,1.0,10.8,84,111,1.0,10.8,84,111,1.0,10.8
112,57.19,0.37,0.93,0,89,108,1.0,11.3,89,108,1.0,11.3,89,108,1.0,11.3,89,108,1.0,11.3,89,108,1.0,11.3,89,108,1.0,11.3,89,108,1.0,11.3,89,108,1.0,11.3,89,108,1.0,11.3,89,108,1.0,11.3,89,108,1.0,11.3,89,108,1.0,11.3,89,108,1.0,11.3,89,108,1.0,11.3,89,108,1.0,11.3,89,108,1.0,11.3,89,108,1.0,11.3,89,108,1.0,11.3,89,108,1.0,11.3,89,108,1.0,11.3,89,108,1.0,11.3,89,108,1.0,11.3,89,108,1.0,11.3,89,108,1.0,11.3,89,108,1.0,11.3,89,108,1.0,11.3,89,108,1.0,11.3,89,108,1.0,11.3,89,108,1.0,11.3,89,108,1.0,11.3,89,108,1.0,11.3,89,108,1.0,11.3
113,57.77,0.37,0.93,0,89,108,1.0,11.3,89,108,1.0,11.3,89,108,1.0,11.3,89,108,1.0,11.3,89,108,1.0,11.3,89,108,1.0,11.3,89,108,1.0,11.3,89,108,1.0,11.3,89,108,1.0,11.3,89,108,1.0,11.3,89,108,1.0,11.3,89,108,1.0,11.3,89,108,1.0,11.3,89,108,1.0,11.3,89,108,1.0,11.3,89,108,1.0,11.3,89,108,1.0,11.3,89,108,1.0,11.3,89,108,1.0,11.3,89,108,1.0,11.3,89,108,1.0,11.3,89,108,1.0,11.3,89,108,1.0,11.3,89,108,1.0,11.3,89,108,1.0,11.3,89,108,1.0,11.3,89,108,1.0,11.3,89,108,1.0,11.3,89,108,1.0,11.3,89,108,1.0,11.3,89,108,1.0,11.3,89,108,1.0,11.3
114,57.92,0.38,0.95,0,91,109,1.0,11.4,91,109,1.0,11.4,91,109,1.0,11.4,91,109,1.0,11.4,91,109,1.0,11.4,91,109,1.0,11.4,91,109,1.0,11.4,91,109,1.0,11.4,91,109,1.0,11.4,91,109,1.0,11.4,91,109,1.0,11.4,91,109,1.0,11.4,91,109,1.0,11.4,91,109,1.0,11.4,91,109,1.0,11.4,91,109,1.0,11.4,91,109,1.0,11.4,91,109,1.0,11.4,91,109,1.0,11.4,91,109,1.0,11.4,91,109,1.0,11.4,91,109,1.0,11.4,91,109,1.0,11.4,91,109,1.0,11.4,91,109,1.0,11.4,91,109,1.0,11.4,91,109,1.0,11.4,91,109,1.0,11.4,91,109,1.0,11.4,91,109,1.0,11.4,91,109,1.0,11.4,91,109,1.0,11.4
115,58.29,0.38,0.96,0,92,111,1.0,11.3,92,111,1.0,11.3,92,111,1.0,11.3,92,111,1.0,11.3,92,111,1.0,11.3,92,111,1.0,11.3,92,111,1.0,11.3,92,111,1.0,11.3,92,111,1.0,11.3,92,111,1.0,11.3,92,111,1.0,11.3,92,111,1.0,11.3,92,111,1.0,11.3,92,111,1.0,11.3,92,111,1.0,11.3,92,111,1.0,11.3,92,111,1.0,11.3,92,111,1.0,11.3,92,111,1.0,11.3,92,111,1.0,11.3,92,111,1.0,11.3,92,111,1.0,11.3,92,111,1.0,11.3,92,111,1.0,11.3,92,111,1.0,11.3,92,111,1.0,11.3,92,111,1.0,11.3,92,111,1.0,11.3,92,111,1.0,11.3,92,111,1.0,11.3,92,111,1.0,11.3,92,111,1.0,11.3
116,58.67,0.39,0.97,0,93,110,1.0,11.5,93,110,1.0,11.5,93,110,1.0,11.5,93,110,1.0,11.5,93,110,1.0,11.5,93,110,1.0,11.5,93,110,1.0,11.5,93,110,1.0,11.5,93,110,1.0,11.5,93,110,1.0,11.5,93,110,1.0,11.5,93,110,1.0,11.5,93,110,1.0,11.5,93,110,1.0,11.5,93,110,1.0,11.5,93,110,1.0,11.5,93,110,1.0,11.5,93,110,1.0,11.5,93,110,1.0,11.5,93,110,1.0,11.5,93,110,1.0,11.5,93,110,1.0,11.5,93,110,1.0,11.5,93,110,1.0,11.5,93,110,1.0,11.5,93,110,1.0,11.5,93,110,1.0,11.5,93,110,1.0,11.5,93,110,1.0,11.5,93,110,1.0,11.5,93,110,1.0,11.5,93,110,1.0,11.5
117,59.45,0.39,0.98,0,94,109,1.0,11.6,94,109,1.0,11.6,94,109,1.0,11.6,94,109,1.0,11.6,94,109,1.0,11.6,94,109,1.0,11.6,94,109,1.0,11.6,94,109,1.0,11.6,94,109,1.0,11.6,94,109,1.0,11.6,94,109,1.0,11.6,94,109,1.0,11.6,94,109,1.0,11.6,94,109,1.0,11.6,94,109,1.0,11.6,94,109,1.0,11.6,94,109,1.0,11.6,94,109,1.0,11.6,94,109,1.0,11.6,94,109,1.0,11.6,94,109,1.0,11.6,94,109,1.0,11.6,94,109,1.0,11.6,94,109,1.0,11.6,94,109,1.0,11.6,94,109,1.0,11.6,94,109,1.0,11.6,94,109,1.0,11.6,94,109,1.0,11.6,94,109,1.0,11.6,94,109,1.0,11.6,94,109,1.0,11.6
118,60.24,0.4,1.0,0,96,110,1.0,11.7,96,110,1.0,11.7,96,110,1.0,11.7,96,110,1.0,11.7,96,110,1.0,11.7,96,110,1.0,11.7,96,110,1.0,11.7,96,110,1.0,11.7,96,110,1.0,11.7,96,110,1.0,11.7,96,110,1.0,11.7,96,110,1.0,11.7,96,110,1.0,11.7,96,110,1.0,11.7,96,110,1.0,11.7,96,110,1.0,11.7,96,110,1.0,11.7,96,110,1.0,11.7,96,110,1.0,11.7,96,110,1.0,11.7,96,110,1.0,11.7,96,110,1.0,11.7,96,110,1.0,11.7,96,110,1.0,11.7,96,110,1.0,11.7,96,110,1.0,11.7,96,110,1.0,11.7,96,110,1.0,11.7,96,110,1.0,11.7,96,110,1.0,11.7,96,110,1.0,11.7,96,110,1.0,11.7
119,60.81,0.41,1.02,0,98,113,1.0,11.6,98,113,1.0,11.6,98,113,1.0,11.6,98,113,1.0,11.6,98,113,1.0,11.6,98,113,1.0,11.6,98,113,1.0,11.6,98,113,1.0,11.6,98,113,1.0,11.6,98,113,1.0,11.6,98,113,1.0,11.6,98,113,1.0,11.6,98,113,1.0,11.6,98,113,1.0,11.6,98,113,1.0,11.6,98,113,1.0,11.6,98,113,1.0,11.6,98,113,1.0,11.6,98,113,1.0,11.6,98,113,1.0,11.6,98,113,1.0,11.6,98,113,1.0,11.6,98,113,1.0,11.6,98,113,1.0,11.6,98,113,1.0,11.6,98,113,1.0,11.6,98,113,1.0,11.6,98,113,1.0,11.6,98,113,1.0,11.6,98,113,1.0,11.6,98,113,1.0,11.6,98,113,1.0,11.6
120,61.59,0.42,1.04,0,100,108,1.0,12.0,100,108,1.0,12.0,100,108,1.0,12.0,100,108,1.0,12.0,100,108,1.0,12.0,100,108,1.0,12.0,100,108,1.0,12.0,100,108,1.0,12.0,100,108,1.0,12.0,100,108,1.0,12.0,100,108,1.0,12.0,100,108,1.0,12.0,100,108,1.0,12.0,100,108,1.0,12.0,100,108,1.0,12.0,100,108,1.0,12.0,100,108,1.0,12.0,100,108,1.0,12.0,100,108,1.0,12.0,100,108,1.0,12.0,100,108,1.0,12.0,100,108,1.0,12.0,100,108,1.0,12.0,100,108,1.0,12.0,100,108,1.0,12.0,100,108,1.0,12.0,100,108,1.0,12.0,100,108,1.0,12.0,100,108,1.0,12.0,100,108,1.0,12.0,100,108,1.0,12.0,100,108,1.0,12.0
121,62.58,0.43,1.07,0,103,102,1.0,12.6,103,102,1.0,12.6,103,102,1.0,12.6,103,102,1.0,12.6,103,102,1.0,12.6,103,102,1.0,12.6,103,102,1.0,12.6,103,102,1.0,12.6,103,102,1.0,12.6,103,102,1.0,12.6,103,102,1.0,12.6,103,102,1.0,12.6,103,102,1.0,12.6,103,102,1.0,12.6,103,102,1.0,12.6,103,102,1.0,12.6,103,102,1.0,12.6,103,102,1.0,12.6,103,102,1.0,12.6,103,102,1.0,12.6,103,102,1.0,12.6,103,102,1.0,12.6,103,102,1.0,12.6,103,102,1.0,12.6,103,102,1.0,12.6,103,102,1.0,12.6,103,102,1.0,12.6,103,102,1.0,12.6,103,102,1.0,12.6,103,102,1.0,12.6,103,102,1.0,12.6,103,102,1.0,12.6
122,62.29,0.42,1.06,0,102,109,1.0,12.1,102,109,1.0,12.1,102,109,1.0,12.1,102,109,1.0,12.1,102,109,1.0,12.1,102,109,1.0,12.1,102,109,1.0,12.1,102,109,1.0,12.1,102,109,1.0,12.1,102,109,1.0,12.1,102,109,1.0,12.1,102,109,1.0,12.1,102,109,1.0,12.1,102,109,1.0,12.1,102,109,1.0,12.1,102,109,1.0,12.1,102,109,1.0,12.1,102,109,1.0,12.1,102,109,1.0,12.1,102,109,1.0,12.1,102,109,1.0,12.1,102,109,1.0,12.1,102,109,1.0,12.1,102,109,1.0,12.1,102,109,1.0,12.1,102,109,1.0,12.1,102,109,1.0,12.1,102,109,1.0,12.1,102,109,1.0,12.1,102,109,1.0,12.1,102,109,1.0,12.1,102,109,1.0,12.1
123,62.86,0.43,1.08,0,104,106,1.0,12.4,104,106,1.0,12.4,104,106,1.0,12.4,104,106,1.0,12.4,104,106,1.0,12.4,104,106,1.0,12.4,104,106,1.0,12.4,104,106,1.0,12.4,104,106,1.0,12.4,104,106,1.0,12.4,104,106,1.0,12.4,104,106,1.0,12.4,104,106,1.0,12.4,104,106,1.0,12.4,104,106,1.0,12.4,104,106,1.0,12.4,104,106,1.0,12.4,104,106,1.0,12.4,104,106,1.0,12.4,104,106,1.0,12.4,104,106,1.0,12.4,104,106,1.0,12.4,104,106,1.0,12.4,104,106,1.0,12.4,104,106,1.0,12.4,104,106,1.0,12.4,104,106,1.0,12.4,104,106,1.0,12.4,104,106,1.0,12.4,104,106,1.0,12.4,104,106,1.0,12.4,104,106,1.0,12.4
124,63.43,0.44,1.1,0,106,111,1.0,12.2,106,111,1.0,12.2,106,111,1.0,12.2,106,111,1.0,12.2,106,111,1.0,12.2,106,111,1.0,12.2,106,111,1.0,12.2,106,111,1.0,12.2,106,111,1.0,12.2,106,111,1.0,12.2,106,111,1.0,12.2,106,111,1.0,12.2,106,111,1.0,12.2,106,111,1.0,12.2,106,111,1.0,12.2,106,111,1.0,12.2,106,111,1.0,12.2,106,111,1.0,12.2,106,111,1.0,12.2,106,111,1.0,12.2,106,111,1.0,12.2,106,111,1.0,12.2,106,111,1.0,12.2,106,111,1.0,12.2,106,111,1.0,12.2,106,111,1.0,12.2,106,111,1.0,12.2,106,111,1.0,12.2,106,111,1.0,12.2,106,111,1.0,12.2,106,111,1.0,12.2,106,111,1.0,12.2
125,64.0,0.45,1.12,0,108,109,1.0,12.4,108,109,1.0,12.4,108,109,1.0,12.4,108,109,1.0,12.4,108,109,1.0,12.4,108,109,1.0,12.4,108,109,1.0,12.4,108,109,1.0,12.4,108,109,1.0,12.4,108,109,1.0,12.4,108,109,1.0,12.4,108,109,1.0,12.4,108,109,1.0,12.4,108,109,1.0,12.4,108,109,1.0,12.4,108,109,1.0,12.4,108,109,1.0,12.4,108,109,1.0,12.4,108,109,1.0,12.4,108,109,1.0,12.4,108,109,1.0,12.4,108,109,1.0,12.4,108,109,1.0,12.4,108,109,1.0,12.4,108,109,1.0,12.4,108,109,1.0,12.4,108,109,1.0,12.4,108,109,1.0,12.4,108,109,1.0,12.4,108,109,1.0,12.4,108,109,1.0,12.4,108,109,1.0,12.4
126,64.57,0.47,1.17,0,112,105,1.0,12.9,112,105,1.0,12.9,112,105,1.0,12.9,112,105,1.0,12.9,112,105,1.0,12.9,112,105,1.0,12.9,112,105,1.0,12.9,112,105,1.0,12.9,112,105,1.0,12.9,112,105,1.0,12.9,112,105,1.0,12.9,112,105,1.0,12.9,112,105,1.0,12.9,112,105,1.0,12.9,112,105,1.0,12.9,112,105,1.0,12.9,112,105,1.0,12.9,112,105,1.0,12.9,112,105,1.0,12.9,112,105,1.0,12.9,112,105,1.0,12.9,112,105,1.0,12.9,112,105,1.0,12.9,112,105,1.0,12.9,112,105,1.0,12.9,112,105,1.0,12.9,112,105,1.0,12.9,112,105,1.0,12.9,112,105,1.0,12.9,112,105,1.0,12.9,112,105,1.0,12.9,112,105,1.0,12.9
127,64.93,0.48,1.21,0,116,107,1.0,13.0,116,107,1.0,13.0,116,107,1.0,13.0,116,107,1.0,13.0,116,107,1.0,13.0,116,107,1.0,13.0,116,107,1.0,13.0,116,107,1.0,13.0,116,107,1.0,13.0,116,107,1.0,13.0,116,107,1.0,13.0,116,107,1.0,13.0,116,107,1.0,13.0,116,107,1.0,13.0,116,107,1.0,13.0,116,107,1.0,13.0,116,107,1.0,13.0,116,107,1.0,13.0,116,107,1.0,13.0,116,107,1.0,13.0,116,107,1.0,13.0,116,107,1.0,13.0,116,107,1.0,13.0,116,107,1.0,13.0,116,107,1.0,13.0,116,107,1.0,13.0,116,107,1.0,13.0,116,107,1.0,13.0,116,107,1.0,13.0,116,107,1.0,13.0,116,107,1.0,13.0,116,107,1.0,13.0
128,65.5,0.5,1.25,0,120,106,1.0,13.3,120,106,1.0,13.3,120,106,1.0,13.3,120,106,1.0,13.3,120,106,1.0,13.3,120,106,1.0,13.3,120,106,1.0,13.3,120,106,1.0,13.3,120,106,1.0,13.3,120,106,1.0,13.3,120,106,1.0,13.3,120,106,1.0,13.3,120,106,1.0,13.3,120,106,1.0,13.3,120,106,1.0,13.3,120,106,1.0,13.3,120,106,1.0,13.3,120,106,1.0,13.3,120,106,1.0,13.3,120,106,1.0,13.3,120,106,1.0,13.3,120,106,1.0,13.3,120,106,1.0,13.3,120,106,1.0,13.3,120,106,1.0,13.3,120,106,1.0,13.3,120,106,1.0,13.3,120,106,1.0,13.3,120,106,1.0,13.3,120,106,1.0,13.3,120,106,1.0,13.3,120,106,1.0,13.3
129,65.44,0.52,1.29,0,124,102,1.0,13.7,124,102,1.0,13.7,124,102,1.0,13.7,124,102,1.0,13.7,124,102,1.0,13.7,124,102,1.0,13.7,124,102,1.0,13.7,124,102,1.0,13.7,124,102,1.0,13.7,124,102,1.0,13.7,124,102,1.0,13.7,124,102,1.0,13.7,124,102,1.0,13.7,124,102,1.0,13.7,124,102,1.0,13.7,124,102,1.0,13.7,124,102,1.0,13.7,124,102,1.0,13.7,124,102,1.0,13.7,124,102,1.0,13.7,124,102,1.0,13.7,124,102,1.0,13.7,124,102,1.0,13.7,124,102,1.0,13.7,124,102,1.0,13.7,124,102,1.0,13.7,124,102,1.0,13.7,124,102,1.0,13.7,124,102,1.0,13.7,124,102,1.0,13.7,124,102,1.0,13.7,124,102,1.0,13.7
130,65.19,0.53,1.32,0,127,104,1.0,13.7,127,104,1.0,13.7,127,104,1.0,13.7,127,104,1.0,13.7,127,104,1.0,13.7,127,104,1.0,13.7,127,104,1.0,13.7,127,104,1.0,13.7,127,104,1.0,13.7,127,104,1.0,13.7,127,104,1.0,13.7,127,104,1.0,13.7,127,104,1.0,13.7,127,104,1.0,13.7,127,104,1.0,13.7,127,104,1.0,13.7,127,104,1.0,13.7,127,104,1.0,13.7,127,104,1.0,13.7,127,104,1.0,13.7,127,104,1.0,13.7,127,104,1.0,13.7,127,104,1.0,13.7,127,104,1.0,13.7,127,104,1.0,13.7,127,104,1.0,13.7,127,104,1.0,13.7,127,104,1.0,13.7,127,104,1.0,13.7,127,104,1.0,13.7,127,104,1.0,13.7,127,104,1.0,13.7
131,65.37,0.54,1.35,0,130,101,1.0,14.1,130,101,1.0,14.1,130,101,1.0,14.1,130,101,1.0,14.1,130,101,1.0,14.1,130,101,1.0,14.1,130,101,1.0,14.1,130,101,1.0,14.1,130,101,1.0,14.1,130,101,1.0,14.1,130,101,1.0,14.1,130,101,1.0,14.1,130,101,1.0,14.1,130,101,1.0,14.1,130,101,1.0,14.1,130,101,1.0,14.1,130,101,1.0,14.1,130,101,1.0,14.1,130,101,1.0,14.1,130,101,1.0,14.1,130,101,1.0,14.1,130,101,1.0,14.1,130,101,1.0,14.1,130,101,1.0,14.1,130,101,1.0,14.1,130,101,1.0,14.1,130,101,1.0,14.1,130,101,1.0,14.1,130,101,1.0,14.1,130,101,1.0,14.1,130,101,1.0,14.1,130,101,1.0,14.1
132,65.96,0.56,1.4,0,134,99,1.0,14.4,134,99,1.0,14.4,134,99,1.0,14.4,134,99,1.0,14.4,134,99,1.0,14.4,134,99,1.0,14.4,134,99,1.0,14.4,134,99,1.0,14.4,134,99,1.0,14.4,134,99,1.0,14.4,134,99,1.0,14.4,134,99,1.0,14.4,134,99,1.0,14.4,134,99,1.0,14.4,134,99,1.0,14.4,134,99,1.0,14.4,134,99,1.0,14.4,134,99,1.0,14.4,134,99,1.0,14.4,134,99,1.0,14.4,134,99,1.0,14.4,134,99,1.0,14.4,134,99,1.0,14.4,134,99,1.0,14.4,134,99,1.0,14.4,134,99,1.0,14.4,134,99,1.0,14.4,134,99,1.0,14.4,134,99,1.0,14.4,134,99,1.0,14.4,134,99,1.0,14.4,134,99,1.0,14.4
133,66.75,0.56,1.41,0,135,105,1.0,14.1,135,105,1.0,14.1,135,105,1.0,14.1,135,105,1.0,14.1,135,105,1.0,14.1,135,105,1.0,14.1,135,105,1.0,14.1,135,105,1.0,14.1,135,105,1.0,14.1,135,105,1.0,14.1,135,105,1.0,14.1,135,105,1.0,14.1,135,105,1.0,14.1,135,105,1.0,14.1,135,105,1.0,14.1,135,105,1.0,14.1,135,105,1.0,14.1,135,105,1.0,14.1,135,105,1.0,14.1,135,105,1.0,14.1,135,105,1.0,14.1,135,105,1.0,14.1,135,105,1.0,14.1,135,105,1.0,14.1,135,105,1.0,14.1,135,105,1.0,14.1,135,105,1.0,14.1,135,105,1.0,14.1,135,105,1.0,14.1,135,105,1.0,14.1,135,105,1.0,14.1,135,105,1.0,14.1
134,67.13,0.57,1.44,0,138,102,1.0,14.4,138,102,1.0,14.4,138,102,1.0,14.4,138,102,1.0,14.4,138,102,1.0,14.4,138,102,1.0,14.4,138,102,1.0,14.4,138,102,1.0,14.4,138,102,1.0,14.4,138,102,1.0,14.4,138,102,1.0,14.4,138,102,1.0,14.4,138,102,1.0,14.4,138,102,1.0,14.4,138,102,1.0,14.4,138,102,1.0,14.4,138,102,1.0,14.4,138,102,1.0,14.4,138,102,1.0,14.4,138,102,1.0,14.4,138,102,1.0,14.4,138,102,1.0,14.4,138,102,1.0,14.4,138,102,1.0,14.4,138,102,1.0,14.4,138,102,1.0,14.4,138,102,1.0,14.4,138,102,1.0,14.4,138,102,1.0,14.4,138,102,1.0,14.4,138,102,1.0,14.4,138,102,1.0,14.4
135,68.12,0.59,1.48,0,142,98,1.0,14.8,142,98,1.0,14.8,142,98,1.0,14.8,142,98,1.0,14.8,142,98,1.0,14.8,142,98,1.0,14.8,142,98,1.0,14.8,142,98,1.0,14.8,142,98,1.0,14.8,142,98,1.0,14.8,142,98,1.0,14.8,142,98,1.0,14.8,142,98,1.0,14.8,142,98,1.0,14.8,142,98,1.0,14.8,142,98,1.0,14.8,142,98,1.0,14.8,142,98,1.0,14.8,142,98,1.0,14.8,142,98,1.0,14.8,142,98,1.0,14.8,142,98,1.0,14.8,142,98,1.0,14.8,142,98,1.0,14.8,142,98,1.0,14.8,142,98,1.0,14.8,142,98,1.0,14.8,142,98,1.0,14.8,142,98,1.0,14.8,142,98,1.0,14.8,142,98,1.0,14.8,142,98,1.0,14.8
136,68.91,0.59,1.48,0,142,101,1.0,14.6,142,101,1.0,14.6,142,101,1.0,14.6,142,101,1.0,14.6,142,101,1.0,14.6,142,101,1.0,14.6,142,101,1.0,14.6,142,101,1.0,14.6,142,101,1.0,14.6,142,101,1.0,14.6,142,101,1.0,14.6,142,101,1.0,14.6,142,101,1.0,14.6,142,101,1.0,14.6,142,101,1.0,14.6,142,101,1.0,14.6,142,101,1.0,14.6,142,101,1.0,14.6,142,101,1.0,14.6,142,101,1.0,14.6,142,101,1.0,14.6,142,101,1.0,14.6,142,101,1.0,14.6,142,101,1.0,14.6,142,101,1.0,14.6,142,101,1.0,14.6,142,101,1.0,14.6,142,101,1.0,14.6,142,101,1.0,14.6,142,101,1.0,14.6,142,101,1.0,14.6,142,101,1.0,14.6
137,69.68,0.61,1.52,0,146,97,1.0,15.0,146,97,1.0,15.0,146,97,1.0,15.0,146,97,1.0,15.0,146,97,1.0,15.0,146,97,1.0,15.0,146,97,1.0,15.0,146,97,1.0,15.0,146,97,1.0,15.0,146,97,1.0,15.0,146,97,1.0,15.0,146,97,1.0,15.0,146,97,1.0,15.0,146,97,1.0,15.0,146,97,1.0,15.0,146,97,1.0,15.0,146,97,1.0,15.0,146,97,1.0,15.0,146,97,1.0,15.0,146,97,1.0,15.0,146,97,1.0,15.0,146,97,1.0,15.0,146,97,1.0,15.0,146,97,1.0,15.0,146,97,1.0,15.0,146,97,1.0,15.0,146,97,1.0,15.0,146,97,1.0,15.0,146,97,1.0,15.0,146,97,1.0,15.0,146,97,1.0,15.0,146,97,1.0,15.0
138,70.25,0.61,1.53,0,147,96,1.0,15.1,147,96,1.0,15.1,147,96,1.0,15.1,147,96,1.0,15.1,147,96,1.0,15.1,147,96,1.0,15.1,147,96,1.0,15.1,147,96,1.0,15.1,147,96,1.0,15.1,147,96,1.0,15.1,147,96,1.0,15.1,147,96,1.0,15.1,147,96,1.0,15.1,147,96,1.0,15.1,147,96,1.0,15.1,147,96,1.0,15.1,147,96,1.0,15.1,147,96,1.0,15.1,147,96,1.0,15.1,147,96,1.0,15.1,147,96,1.0,15.1,147,96,1.0,15.1,147,96,1.0,15.1,147,96,1.0,15.1,147,96,1.0,15.1,147,96,1.0,15.1,147,96,1.0,15.1,147,96,1.0,15.1,147,96,1.0,15.1,147,96,1.0,15.1,147,96,1.0,15.1,147,96,1.0,15.1
139,70.61,0.62,1.56,0,150,94,1.0,15.4,150,94,1.0,15.4,150,94,1.0,15.4,150,94,1.0,15.4,150,94,1.0,15.4,150,94,1.0,15.4,150,94,1.0,15.4,150,94,1.0,15.4,150,94,1.0,15.4,150,94,1.0,15.4,150,94,1.0,15.4,150,94,1.0,15.4,150,94,1.0,15.4,150,94,1.0,15.4,150,94,1.0,15.4,150,94,1.0,15.4,150,94,1.0,15.4,150,94,1.0,15.4,150,94,1.0,15.4,150,94,1.0,15.4,150,94,1.0,15.4,150,94,1.0,15.4,150,94,1.0,15.4,150,94,1.0,15.4,150,94,1.0,15.4,150,94,1.0,15.4,150,94,1.0,15.4,150,94,1.0,15.4,150,94,1.0,15.4,150,94,1.0,15.4,150,94,1.0,15.4,150,94,1.0,15.4
140,71.17,0.63,1.57,0,151,96,1.0,15.3,151,96,1.0,15.3,151,96,1.0,15.3,151,96,1.0,15.3,151,96,1.0,15.3,151,96,1.0,15.3,151,96,1.0,15.3,151,96,1.0,15.3,151,96,1.0,15.3,151,96,1.0,15.3,151,96,1.0,15.3,151,96,1.0,15.3,151,96,1.0,15.3,151,96,1.0,15.3,151,96,1.0,15.3,151,96,1.0,15.3,151,96,1.0,15.3,151,96,1.0,15.3,151,96,1.0,15.3,151,96,1.0,15.3,151,96,1.0,15.3,151,96,1.0,15.3,151,96,1.0,15.3,151,96,1.0,15.3,151,96,1.0,15.3,151,96,1.0,15.3,151,96,1.0,15.3,151,96,1.0,15.3,151,96,1.0,15.3,151,96,1.0,15.3,151,96,1.0,15.3,151,96,1.0,15.3
141,71.95,0.64,1.59,0,153,94,1.0,15.5,153,94,1.0,15.5,153,94,1.0,15.5,153,94,1.0,15.5,153,94,1.0,15.5,153,94,1.0,15.5,153,94,1.0,15.5,153,94,1.0,15.5,153,94,1.0,15.5,153,94,1.0,15.5,153,94,1.0,15.5,153,94,1.0,15.5,153,94,1.0,15.5,153,94,1.0,15.5,153,94,1.0,15.5,153,94,1.0,15.5,153,94,1.0,15.5,153,94,1.0,15.5,153,94,1.0,15.5,153,94,1.0,15.5,153,94,1.0,15.5,153,94,1.0,15.5,153,94,1.0,15.5,153,94,1.0,15.5,153,94,1.0,15.5,153,94,1.0,15.5,153,94,1.0,15.5,153,94,1.0,15.5,153,94,1.0,15.5,153,94,1.0,15.5,153,94,1.0,15.5,153,94,1.0,15.5
142,72.72,0.65,1.61,0,155,93,1.0,15.6,155,93,1.0,15.6,155,93,1.0,15.6,155,93,1.0,15.6,155,93,1.0,15.6,155,93,1.0,15.6,155,93,1.0,15.6,155,93,1.0,15.6,155,93,1.0,15.6,155,93,1.0,15.6,155,93,1.0,15.6,155,93,1.0,15.6,155,93,1.0,15.6,155,93,1.0,15.6,155,93,1.0,15.6,155,93,1.0,15.6,155,93,1.0,15.6,155,93,1.0,15.6,155,93,1.0,15.6,155,93,1.0,15.6,155,93,1.0,15.6,155,93,1.0,15.6,155,93,1.0,15.6,155,93,1.0,15.6,155,93,1.0,15.6,155,93,1.0,15.6,155,93,1.0,15.6,155,93,1.0,15.6,155,93,1.0,15.6,155,93,1.0,15.6,155,93,1.0,15.6,155,93,1.0,15.6
143,73.49,0.65,1.62,0,156,93,1.0,15.7,156,93,1.0,15.7,156,93,1.0,15.7,156,93,1.0,15.7,156,93,1.0,15.7,156,93,1.0,15.7,156,93,1.0,15.7,156,93,1.0,15.7,156,93,1.0,15.7,156,93,1.0,15.7,156,93,1.0,15.7,156,93,1.0,15.7,156,93,1.0,15.7,156,93,1.0,15.7,156,93,1.0,15.7,156,93,1.0,15.7,156,93,1.0,15.7,156,93,1.0,15.7,156,93,1.0,15.7,156,93,1.0,15.7,156,93,1.0,15.7,156,93,1.0,15.7,156,93,1.0,15.7,156,93,1.0,15.7,156,93,1.0,15.7,156,93,1.0,15.7,156,93,1.0,15.7,156,93,1.0,15.7,156,93,1.0,15.7,156,93,1.0,15.7,156,93,1.0,15.7,156,93,1.0,15.7
144,74.26,0.66,1.65,0,158,91,1.0,15.9,158,91,1.0,15.9,158,91,1.0,15.9,158,91,1.0,15.9,158,91,1.0,15.9,158,91,1.0,15.9,158,91,1.0,15.9,158,91,1.0,15.9,158,91,1.0,15.9,158,91,1.0,15.9,158,91,1.0,15.9,158,91,1.0,15.9,158,91,1.0,15.9,158,91,1.0,15.9,158,91,1.0,15.9,158,91,1.0,15.9,158,91,1.0,15.9,158,91,1.0,15.9,158,91,1.0,15.9,158,91,1.0,15.9,158,91,1.0,15.9,158,91,1.0,15.9,158,91,1.0,15.9,158,91,1.0,15.9,158,91,1.0,15.9,158,91,1.0,15.9,158,91,1.0,15.9,158,91,1.0,15.9,158,91,1.0,15.9,158,91,1.0,15.9,158,91,1.0,15.9,158,91,1.0,15.9
145,74.59,0.66,1.65,0,158,93,1.0,15.7,158,93,1.0,15.7,158,93,1.0,15.7,158,93,1.0,15.7,158,93,1.0,15.7,158,93,1.0,15.7,158,93,1.0,15.7,158,93,1.0,15.7,158,93,1.0,15.7,158,93,1.0,15.7,158,93,1.0,15.7,158,93,1.0,15.7,158,93,1.0,15.7,158,93,1.0,15.7,158,93,1.0,15.7,158,93,1.0,15.7,158,93,1.0,15.7,158,93,1.0,15.7,158,93,1.0,15.7,158,93,1.0,15.7,158,93,1.0,15.7,158,93,1.0,15.7,158,93,1.0,15.7,158,93,1.0,15.7,158,93,1.0,15.7,158,93,1.0,15.7,158,93,1.0,15.7,158,93,1.0,15.7,158,93,1.0,15.7,158,93,1.0,15.7,158,93,1.0,15.7,158,93,1.0,15.7
146,74.92,0.66,1.66,0,159,93,1.0,15.8,159,93,1.0,15.8,159,93,1.0,15.8,159,93,1.0,15.8,159,93,1.0,15.8,159,93,1.0,15.8,159,93,1.0,15.8,159,93,1.0,15.8,159,93,1.0,15.8,159,93,1.0,15.8,159,93,1.0,15.8,159,93,1.0,15.8,159,93,1.0,15.8,159,93,1.0,15.8,159,93,1.0,15.8,159,93,1.0,15.8,159,93,1.0,15.8,159,93,1.0,15.8,159,93,1.0,15.8,159,93,1.0,15.8,159,93,1.0,15.8,159,93,1.0,15.8,159,93,1.0,15.8,159,93,1.0,15.8,159,93,1.0,15.8,159,93,1.0,15.8,159,93,1.0,15.8,159,93,1.0,15.8,159,93,1.0,15.8,159,93,1.0,15.8,159,93,1.0,15.8,159,93,1.0,15.8
147,75.26,0.68,1.71,0,164,88,1.0,16.3,164,88,1.0,16.3,164,88,1.0,16.3,164,88,1.0,16.3,164,88,1.0,16.3,164,88,1.0,16.3,164,88,1.0,16.3,164,88,1.0,16.3,164,88,1.0,16.3,164,88,1.0,16.3,164,88,1.0,16.3,164,88,1.0,16.3,164,88,1.0,16.3,164,88,1.0,16.3,164,88,1.0,16.3,164,88,1.0,16.3,164,88,1.0,16.3,164,88,1.0,16.3,164,88,1.0,16.3,164,88,1.0,16.3,164,88,1.0,16.3,164,88,1.0,16.3,164,88,1.0,16.3,164,88,1.0,16.3,164,88,1.0,16.3,164,88,1.0,16.3,164,88,1.0,16.3,164,88,1.0,16.3,164,88,1.0,16.3,164,88,1.0,16.3,164,88,1.0,16.3,164,88,1.0,16.3
148,75.6,0.69,1.72,0,165,90,1.0,16.2,165,90,1.0,16.2,165,90,1.0,16.2,165,90,1.0,16.2,165,90,1.0,16.2,165,90,1.0,16.2,165,90,1.0,16.2,165,90,1.0,16.2,165,90,1.0,16.2,165,90,1.0,16.2,165,90,1.0,16.2,165,90,1.0,16.2,165,90,1.0,16.2,165,90,1.0,16.2,165,90,1.0,16.2,165,90,1.0,16.2,165,90,1.0,16.2,165,90,1.0,16.2,165,90,1.0,16.2,165,90,1.0,16.2,165,90,1.0,16.2,165,90,1.0,16.2,165,90,1.0,16.2,165,90,1.0,16.2,165,90,1.0,16.2,165,90,1.0,16.2,165,90,1.0,16.2,165,90,1.0,16.2,165,90,1.0,16.2,165,90,1.0,16.2,165,90,1.0,16.2,165,90,1.0,16.2
149,76.37,0.7,1.75,0,168,90,1.0,16.3,168,90,1.0,16.3,168,90,1.0,16.3,168,90,1.0,16.3,168,90,1.0,16.3,168,90,1.0,16.3,168,90,1.0,16.3,168,90,1.0,16.3,168,90,1.0,16.3,168,90,1.0,16.3,168,90,1.0,16.3,168,90,1.0,16.3,168,90,1.0,16.3,168,90,1.0,16.3,168,90,1.0,16.3,168,90,1.0,16.3,168,90,1.0,16.3,168,90,1.0,16.3,168,90,1.0,16.3,168,90,1.0,16.3,168,90,1.0,16.3,168,90,1.0,16.3,168,90,1.0,16.3,168,90,1.0,16.3,168,90,1.0,16.3,168,90,1.0,16.3,168,90,1.0,16.3,168,90,1.0,16.3,168,90,1.0,16.3,168,90,1.0,16.3,168,90,1.0,16.3,168,90,1.0,16.3
150,76.49,0.71,1.78,0,171,83,1.0,16.8,171,83,1.0,16.8,171,83,1.0,16.8,171,83,1.0,16.8,171,83,1.0,16.8,171,83,1.0,16.8,171,83,1.0,16.8,171,83,1.0,16.8,171,83,1.0,16.8,171,83,1.0,16.8,171,83,1.0,16.8,171,83,1.0,16.8,171,83,1.0,16.8,171,83,1.0,16.8,171,83,1.0,16.8,171,83,1.0,16.8,171,83,1.0,16.8,171,83,1.0,16.8,171,83,1.0,16.8,171,83,1.0,16.8,171,83,1.0,16.8,171,83,1.0,16.8,171,83,1.0,16.8,171,83,1.0,16.8,171,83,1.0,16.8,171,83,1.0,16.8,171,83,1.0,16.8,171,83,1.0,16.8,171,83,1.0,16.8,171,83,1.0,16.8,171,83,1.0,16.8,171,83,1.0,16.8
151,77.47,0.7,1.76,0,169,83,1.0,16.8,169,83,1.0,16.8,169,83,1.0,16.8,169,83,1.0,16.8,169,83,1.0,16.8,169,83,1.0,16.8,169,83,1.0,16.8,169,83,1.0,16.8,169,83,1.0,16.8,169,83,1.0,16.8,169,83,1.0,16.8,169,83,1.0,16.8,169,83,1.0,16.8,169,83,1.0,16.8,169,83,1.0,16.8,169,83,1.0,16.8,169,83,1.0,16.8,169,83,1.0,16.8,169,83,1.0,16.8,169,83,1.0,16.8,169,83,1.0,16.8,169,83,1.0,16.8,169,83,1.0,16.8,169,83,1.0,16.8,169,83,1.0,16.8,169,83,1.0,16.8,169,83,1.0,16.8,169,83,1.0,16.8,169,83,1.0,16.8,169,83,1.0,16.8,169,83,1.0,16.8,169,83,1.0,16.8
152,78.02,0.7,1.76,0,169,89,1.0,16.4,169,89,1.0,16.4,169,89,1.0,16.4,169,89,1.0,16.4,169,89,1.0,16.4,169,89,1.0,16.4,169,89,1.0,16.4,169,89,1.0,16.4,169,89,1.0,16.4,169,89,1.0,16.4,169,89,1.0,16.4,169,89,1.0,16.4,169,89,1.0,16.4,169,89,1.0,16.4,169,89,1.0,16.4,169,89,1.0,16.4,169,89,1.0,16.4,169,89,1.0,16.4,169,89,1.0,16.4,169,89,1.0,16.4,169,89,1.0,16.4,169,89,1.0,16.4,169,89,1.0,16.4,169,89,1.0,16.4,169,89,1.0,16.4,169,89,1.0,16.4,169,89,1.0,16.4,169,89,1.0,16.4,169,89,1.0,16.4,169,89,1.0,16.4,169,89,1.0,16.4,169,89,1.0,16.4
153,78.35,0.71,1.78,0,171,87,1.0,16.6,171,87,1.0,16.6,171,87,1.0,16.6,171,87,1.0,16.6,171,87,1.0,16.6,171,87,1.0,16.6,171,87,1.0,16.6,171,87,1.0,16.6,171,87,1.0,16.6,171,87,1.0,16.6,171,87,1.0,16.6,171,87,1.0,16.6,171,87,1.0,16.6,171,87,1.0,16.6,171,87,1.0,16.6,171,87,1.0,16.6,171,87,1.0,16.6,171,87,1.0,16.6,171,87,1.0,16.6,171,87,1.0,16.6,171,87,1.0,16.6,171,87,1.0,16.6,171,87,1.0,16.6,171,87,1.0,16.6,171,87,1.0,16.6,171,87,1.0,16.6,171,87,1.0,16.6,171,87,1.0,16.6,171,87,1.0,16.6,171,87,1.0,16.6,171,87,1.0,16.6,171,87,1.0,16.6
154,78.89,0.71,1.78,0,171,87,1.0,16.6,171,87,1.0,16.6,171,87,1.0,16.6,171,87,1.0,16.6,171,87,1.0,16.6,171,87,1.0,16.6,171,87,1.0,16.6,171,87,1.0,16.6,171,87,1.0,16.6,171,87,1.0,16.6,171,87,1.0,16.6,171,87,1.0,16.6,171,87,1.0,16.6,171,87,1.0,16.6,171,87,1.0,16.6,171,87,1.0,16.6,171,87,1.0,16.6,171,87,1.0,16.6,171,87,1.0,16.6,171,87,1.0,16.6,171,87,1.0,16.6,171,87,1.0,16.6,171,87,1.0,16.6,171,87,1.0,16.6,171,87,1.0,16.6,171,87,1.0,16.6,171,87,1.0,16.6,171,87,1.0,16.6,171,87,1.0,16.6,171,87,1.0,16.6,171,87,1.0,16.6,171,87,1.0,16.6
155,78.8,0.72,1.79,0,172,89,1.0,16.5,172,89,1.0,16.5,172,89,1.0,16.5,172,89,1.0,16.5,172,89,1.0,16.5,172,89,1.0,16.5,172,89,1.0,16.5,172,89,1.0,16.5,172,89,1.0,16.5,172,89,1.0,16.5,172,89,1.0,16.5,172,89,1.0,16.5,172,89,1.0,16.5,172,89,1.0,16.5,172,89,1.0,16.5,172,89,1.0,16.5,172,89,1.0,16.5,172,89,1.0,16.5,172,89,1.0,16.5,172,89,1.0,16.5,172,89,1.0,16.5,172,89,1.0,16.5,172,89,1.0,16.5,172,89,1.0,16.5,172,89,1.0,16.5,172,89,1.0,16.5,172,89,1.0,16.5,172,89,1.0,16.5,172,89,1.0,16.5,172,89,1.0,16.5,172,89,1.0,16.5,172,89,1.0,16.5
156,78.93,0.72,1.81,0,174,90,1.0,16.5,174,90,1.0,16.5,174,90,1.0,16.5,174,90,1.0,16.5,174,90,1.0,16.5,174,90,1.0,16.5,174,90,1.0,16.5,174,90,1.0,16.5,174,90,1.0,16.5,174,90,1.0,16.5,174,90,1.0,16.5,174,90,1.0,16.5,174,90,1.0,16.5,174,90,1.0,16.5,174,90,1.0,16.5,174,90,1.0,16.5,174,90,1.0,16.5,174,90,1.0,16.5,174,90,1.0,16.5,174,90,1.0,16.5,174,90,1.0,16.5,174,90,1.0,16.5,174,90,1.0,16.5,174,90,1.0,16.5,174,90,1.0,16.5,174,90,1.0,16.5,174,90,1.0,16.5,174,90,1.0,16.5,174,90,1.0,16.5,174,90,1.0,16.5,174,90,1.0,16.5,174,90,1.0,16.5
157,79.27,0.72,1.81,0,174,94,1.0,16.2,174,94,1.0,16.2,174,94,1.0,16.2,174,94,1.0,16.2,174,94,1.0,16.2,174,94,1.0,16.2,174,94,1.0,16.2,174,94,1.0,16.2,174,94,1.0,16.2,174,94,1.0,16.2,174,94,1.0,16.2,174,94,1.0,16.2,174,94,1.0,16.2,174,94,1.0,16.2,174,94,1.0,16.2,174,94,1.0,16.2,174,94,1.0,16.2,174,94,1.0,16.2,174,94,1.0,16.2,174,94,1.0,16.2,174,94,1.0,16.2,174,94,1.0,16.2,174,94,1.0,16.2,174,94,1.0,16.2,174,94,1.0,16.2,174,94,1.0,16.2,174,94,1.0,16.2,174,94,1.0,16.2,174,94,1.0,16.2,174,94,1.0,16.2,174,94,1.0,16.2,174,94,1.0,16.2
158,79.42,0.73,1.83,0,176,92,1.0,16.4,176,92,1.0,16.4,176,92,1.0,16.4,176,92,1.0,16.4,176,92,1.0,16.4,176,92,1.0,16.4,176,92,1.0,16.4,176,92,1.0,16.4,176,92,1.0,16.4,176,92,1.0,16.4,176,92,1.0,16.4,176,92,1.0,16.4,176,92,1.0,16.4,176,92,1.0,16.4,176,92,1.0,16.4,176,92,1.0,16.4,176,92,1.0,16.4,176,92,1.0,16.4,176,92,1.0,16.4,176,92,1.0,16.4,176,92,1.0,16.4,176,92,1.0,16.4,176,92,1.0,16.4,176,92,1.0,16.4,176,92,1.0,16.4,176,92,1.0,16.4,176,92,1.0,16.4,176,92,1.0,16.4,176,92,1.0,16.4,176,92,1.0,16.4,176,92,1.0,16.4,176,92,1.0,16.4
159,80.39,0.73,1.83,0,176,93,1.0,16.4,176,93,1.0,16.4,176,93,1.0,16.4,176,93,1.0,16.4,176,93,1.0,16.4,176,93,1.0,16.4,176,93,1.0,16.4,176,93,1.0,16.4,176,93,1.0,16.4,176,93,1.0,16.4,176,93,1.0,16.4,176,93,1.0,16.4,176,93,1.0,16.4,176,93,1.0,16.4,176,93,1.0,16.4,176,93,1.0,16.4,176,93,1.0,16.4,176,93,1.0,16.4,176,93,1.0,16.4,176,93,1.0,16.4,176,93,1.0,16.4,176,93,1.0,16.4,176,93,1.0,16.4,176,93,1.0,16.4,176,93,1.0,16.4,176,93,1.0,16.4,176,93,1.0,16.4,176,93,1.0,16.4,176,93,1.0,16.4,176,93,1.0,16.4,176,93,1.0,16.4,176,93,1.0,16.4
160,81.15,0.75,1.86,0,179,91,1.0,16.6,179,91,1.0,16.6,179,91,1.0,16.6,179,91,1.0,16.6,179,91,1.0,16.6,179,91,1.0,16.6,179,91,1.0,16.6,179,91,1.0,16.6,179,91,1.0,16.6,179,91,1.0,16.6,179,91,1.0,16.6,179,91,1.0,16.6,179,91,1.0,16.6,179,91,1.0,16.6,179,91,1.0,16.6,179,91,1.0,16.6,179,91,1.0,16.6,179,91,1.0,16.6,179,91,1.0,16.6,179,91,1.0,16.6,179,91,1.0,16.6,179,91,1.0,16.6,179,91,1.0,16.6,179,91,1.0,16.6,179,91,1.0,16.6,179,91,1.0,16.6,179,91,1.0,16.6,179,91,1.0,16.6,179,91,1.0,16.6,179,91,1.0,16.6,179,91,1.0,16.6,179,91,1.0,16.6
161,82.13,0.75,1.86,0,179,91,1.0,16.6,179,91,1.0,16.6,179,91,1.0,16.6,179,91,1.0,16.6,179,91,1.0,16.6,179,91,1.0,16.6,179,91,1.0,16.6,179,91,1.0,16.6,179,91,1.0,16.6,179,91,1.0,16.6,179,91,1.0,16.6,179,91,1.0,16.6,179,91,1.0,16.6,179,91,1.0,16.6,179,91,1.0,16.6,179,91,1.0,16.6,179,91,1.0,16.6,179,91,1.0,16.6,179,91,1.0,16.6,179,91,1.0,16.6,179,91,1.0,16.6,179,91,1.0,16.6,179,91,1.0,16.6,179,91,1.0,16.6,179,91,1.0,16.6,179,91,1.0,16.6,179,91,1.0,16.6,179,91,1.0,16.6,179,91,1.0,16.6,179,91,1.0,16.6,179,91,1.0,16.6,179,91,1.0,16.6
162,82.46,0.74,1.85,0,178,95,1.0,16.3,178,95,1.0,16.3,178,95,1.0,16.3,178,95,1.0,16.3,178,95,1.0,16.3,178,95,1.0,16.3,178,95,1.0,16.3,178,95,1.0,16.3,178,95,1.0,16.3,178,95,1.0,16.3,178,95,1.0,16.3,178,95,1.0,16.3,178,95,1.0,16.3,178,95,1.0,16.3,178,95,1.0,16.3,178,95,1.0,16.3,178,95,1.0,16.3,178,95,1.0,16.3,178,95,1.0,16.3,178,95,1.0,16.3,178,95,1.0,16.3,178,95,1.0,16.3,178,95,1.0,16.3,178,95,1.0,16.3,178,95,1.0,16.3,178,95,1.0,16.3,178,95,1.0,16.3,178,95,1.0,16.3,178,95,1.0,16.3,178,95,1.0,16.3,178,95,1.0,16.3,178,95,1.0,16.3
163,83.43,0.75,1.88,0,180,93,1.0,16.5,180,93,1.0,16.5,180,93,1.0,16.5,180,93,1.0,16.5,180,93,1.0,16.5,180,93,1.0,16.5,180,93,1.0,16.5,180,93,1.0,16.5,180,93,1.0,16.5,180,93,1.0,16.5,180,93,1.0,16.5,180,93,1.0,16.5,180,93,1.0,16.5,180,93,1.0,16.5,180,93,1.0,16.5,180,93,1.0,16.5,180,93,1.0,16.5,180,93,1.0,16.5,180,93,1.0,16.5,180,93,1.0,16.5,180,93,1.0,16.5,180,93,1.0,16.5,180,93,1.0,16.5,180,93,1.0,16.5,180,93,1.0,16.5,180,93,1.0,16.5,180,93,1.0,16.5,180,93,1.0,16.5,180,93,1.0,16.5,180,93,1.0,16.5,180,93,1.0,16.5,180,93,1.0,16.5
164,83.76,0.75,1.86,0,179,96,1.0,16.3,179,96,1.0,16.3,179,96,1.0,16.3,179,96,1.0,16.3,179,96,1.0,16.3,179,96,1.0,16.3,179,96,1.0,16.3,179,96,1.0,16.3,179,96,1.0,16.3,179,96,1.0,16.3,179,96,1.0,16.3,179,96,1.0,16.3,179,96,1.0,16.3,179,96,1.0,16.3,179,96,1.0,16.3,179,96,1.0,16.3,179,96,1.0,16.3,179,96,1.0,16.3,179,96,1.0,16.3,179,96,1.0,16.3,179,96,1.0,16.3,179,96,1.0,16.3,179,96,1.0,16.3,179,96,1.0,16.3,179,96,1.0,16.3,179,96,1.0,16.3,179,96,1.0,16.3,179,96,1.0,16.3,179,96,1.0,16.3,179,96,1.0,16.3,179,96,1.0,16.3,179,96,1.0,16.3
165,84.3,0.75,1.88,0,180,97,1.0,16.2,180,97,1.0,16.2,180,97,1.0,16.2,180,97,1.0,16.2,180,97,1.0,16.2,180,97,1.0,16.2,180,97,1.0,16.2,180,97,1.0,16.2,180,97,1.0,16.2,180,97,1.0,16.2,180,97,1.0,16.2,180,97,1.0,16.2,180,97,1.0,16.2,180,97,1.0,16.2,180,97,1.0,16.2,180,97,1.0,16.2,180,97,1.0,16.2,180,97,1.0,16.2,180,97,1.0,16.2,180,97,1.0,16.2,180,97,1.0,16.2,180,97,1.0,16.2,180,97,1.0,16.2,180,97,1.0,16.2,180,97,1.0,16.2,180,97,1.0,16.2,180,97,1.0,16.2,180,97,1.0,16.2,180,97,1.0,16.2,180,97,1.0,16.2,180,97,1.0,16.2,180,97,1.0,16.2
166,85.06,0.75,1.89,0,181,97,1.0,16.3,181,97,1.0,16.3,181,97,1.0,16.3,181,97,1.0,16.3,181,97,1.0,16.3,181,97,1.0,16.3,181,97,1.0,16.3,181,97,1.0,16.3,181,97,1.0,16.3,181,97,1.0,16.3,181,97,1.0,16.3,181,97,1.0,16.3,181,97,1.0,16.3,181,97,1.0,16.3,181,97,1.0,16.3,181,97,1.0,16.3,181,97,1.0,16.3,181,97,1.0,16.3,181,97,1.0,16.3,181,97,1.0,16.3,181,97,1.0,16.3,181,97,1.0,16.3,181,97,1.0,16.3,181,97,1.0,16.3,181,97,1.0,16.3,181,97,1.0,16.3,181,97,1.0,16.3,181,97,1.0,16.3,181,97,1.0,16.3,181,97,1.0,16.3,181,97,1.0,16.3,181,97,1.0,16.3
167,85.6,0.75,1.89,0,181,100,1.0,16.1,181,100,1.0,16.1,181,100,1.0,16.1,181,100,1.0,16.1,181,100,1.0,16.1,181,100,1.0,16.1,181,100,1.0,16.1,181,100,1.0,16.1,181,100,1.0,16.1,181,100,1.0,16.1,181,100,1.0,16.1,181,100,1.0,16.1,181,100,1.0,16.1,181,100,1.0,16.1,181,100,1.0,16.1,181,100,1.0,16.1,181,100,1.0,16.1,181,100,1.0,16.1,181,100,1.0,16.1,181,100,1.0,16.1,181,100,1.0,16.1,181,100,1.0,16.1,181,100,1.0,16.1,181,100,1.0,16.1,181,100,1.0,16.1,181,100,1.0,16.1,181,100,1.0,16.1,181,100,1.0,16.1,181,100,1.0,16.1,181,100,1.0,16.1,181,100,1.0,16.1,181,100,1.0,16.1
168,85.71,0.76,1.9,0,182,99,1.0,16.2,182,99,1.0,16.2,182,99,1.0,16.2,182,99,1.0,16.2,182,99,1.0,16.2,182,99,1.0,16.2,182,99,1.0,16.2,182,99,1.0,16.2,182,99,1.0,16.2,182,99,1.0,16.2,182,99,1.0,16.2,182,99,1.0,16.2,182,99,1.0,16.2,182,99,1.0,16.2,182,99,1.0,16.2,182,99,1.0,16.2,182,99,1.0,16.2,182,99,1.0,16.2,182,99,1.0,16.2,182,99,1.0,16.2,182,99,1.0,16.2,182,99,1.0,16.2,182,99,1.0,16.2,182,99,1.0,16.2,182,99,1.0,16.2,182,99,1.0,16.2,182,99,1.0,16.2,182,99,1.0,16.2,182,99,1.0,16.2,182,99,1.0,16.2,182,99,1.0,16.2,182,99,1.0,16.2
169,86.69,0.77,1.92,0,184,99,1.0,16.3,184,99,1.0,16.3,184,99,1.0,16.3,184,99,1.0,16.3,184,99,1.0,16.3,184,99,1.0,16.3,184,99,1.0,16.3,184,99,1.0,16.3,184,99,1.0,16.3,184,99,1.0,16.3,184,99,1.0,16.3,184,99,1.0,16.3,184,99,1.0,16.3,184,99,1.0,16.3,184,99,1.0,16.3,184,99,1.0,16.3,184,99,1.0,16.3,184,99,1.0,16.3,184,99,1.0,16.3,184,99,1.0,16.3,184,99,1.0,16.3,184,99,1.0,16.3,184,99,1.0,16.3,184,99,1.0,16.3,184,99,1.0,16.3,184,99,1.0,16.3,184,99,1.0,16.3,184,99,1.0,16.3,184,99,1.0,16.3,184,99,1.0,16.3,184,99,1.0,16.3,184,99,1.0,16.3
170,87.23,0.78,1.95,0,187,98,1.0,16.4,187,98,1.0,16.4,187,98,1.0,16.4,187,98,1.0,16.4,187,98,1.0,16.4,187,98,1.0,16.4,187,98,1.0,16.4,187,98,1.0,16.4,187,98,1.0,16.4,187,98,1.0,16.4,187,98,1.0,16.4,187,98,1.0,16.4,187,98,1.0,16.4,187,98,1.0,16.4,187,98,1.0,16.4,187,98,1.0,16.4,187,98,1.0,16.4,187,98,1.0,16.4,187,98,1.0,16.4,187,98,1.0,16.4,187,98,1.0,16.4,187,98,1.0,16.4,187,98,1.0,16.4,187,98,1.0,16.4,187,98,1.0,16.4,187,98,1.0,16.4,187,98,1.0,16.4,187,98,1.0,16.4,187,98,1.0,16.4,187,98,1.0,16.4,187,98,1.0,16.4,187,98,1.0,16.4
171,87.55,0.77,1.93,0,185,101,1.0,16.2,185,101,1.0,16.2,185,101,1.0,16.2,185,101,1.0,16.2,185,101,1.0,16.2,185,101,1.0,16.2,185,101,1.0,16.2,185,101,1.0,16.2,185,101,1.0,16.2,185,101,1.0,16.2,185,101,1.0,16.2,185,101,1.0,16.2,185,101,1.0,16.2,185,101,1.0,16.2,185,101,1.0,16.2,185,101,1.0,16.2,185,101,1.0,16.2,185,101,1.0,16.2,185,101,1.0,16.2,185,101,1.0,16.2,185,101,1.0,16.2,185,101,1.0,16.2,185,101,1.0,16.2,185,101,1.0,16.2,185,101,1.0,16.2,185,101,1.0,16.2,185,101,1.0,16.2,185,101,1.0,16.2,185,101,1.0,16.2,185,101,1.0,16.2,185,101,1.0,16.2,185,101,1.0,16.2
172,87.45,0.8,1.99,0,191,97,1.0,16.6,191,97,1.0,16.6,191,97,1.0,16.6,191,97,1.0,16.6,191,97,1.0,16.6,191,97,1.0,16.6,191,97,1.0,16.6,191,97,1.0,16.6,191,97,1.0,16.6,191,97,1.0,16.6,191,97,1.0,16.6,191,97,1.0,16.6,191,97,1.0,16.6,191,97,1.0,16.6,191,97,1.0,16.6,191,97,1.0,16.6,191,97,1.0,16.6,191,97,1.0,16.6,191,97,1.0,16.6,191,97,1.0,16.6,191,97,1.0,16.6,191,97,1.0,16.6,191,97,1.0,16.6,191,97,1.0,16.6,191,97,1.0,16.6,191,97,1.0,16.6,191,97,1.0,16.6,191,97,1.0,16.6,191,97,1.0,16.6,191,97,1.0,16.6,191,97,1.0,16.6,191,97,1.0,16.6
173,88.21,0.8,1.99,0,191,100,1.0,16.4,191,100,1.0,16.4,191,100,1.0,16.4,191,100,1.0,16.4,191,100,1.0,16.4,191,100,1.0,16.4,191,100,1.0,16.4,191,100,1.0,16.4,191,100,1.0,16.4,191,100,1.0,16.4,191,100,1.0,16.4,191,100,1.0,16.4,191,100,1.0,16.4,191,100,1.0,16.4,191,100,1.0,16.4,191,100,1.0,16.4,191,100,1.0,16.4,191,100,1.0,16.4,191,100,1.0,16.4,191,100,1.0,16.4,191,100,1.0,16.4,191,100,1.0,16.4,191,100,1.0,16.4,191,100,1.0,16.4,191,100,1.0,16.4,191,100,1.0,16.4,191,100,1.0,16.4,191,100,1.0,16.4,191,100,1.0,16.4,191,100,1.0,16.4,191,100,1.0,16.4,191,100,1.0,16.4
174,88.96,0.81,2.03,0,195,98,1.0,16.6,195,98,1.0,16.6,195,98,1.0,16.6,195,98,1.0,16.6,195,98,1.0,16.6,195,98,1.0,16.6,195,98,1.0,16.6,195,98,1.0,16.6,195,98,1.0,16.6,195,98,1.0,16.6,195,98,1.0,16.6,195,98,1.0,16.6,195,98,1.0,16.6,195,98,1.0,16.6,195,98,1.0,16.6,195,98,1.0,16.6,195,98,1.0,16.6,195,98,1.0,16.6,195,98,1.0,16.6,195,98,1.0,16.6,195,98,1.0,16.6,195,98,1.0,16.6,195,98,1.0,16.6,195,98,1.0,16.6,195,98,1.0,16.6,195,98,1.0,16.6,195,98,1.0,16.6,195,98,1.0,16.6,195,98,1.0,16.6,195,98,1.0,16.6,195,98,1.0,16.6,195,98,1.0,16.6
175,89.07,0.82,2.06,0,198,95,1.0,16.9,198,95,1.0,16.9,198,95,1.0,16.9,198,95,1.0,16.9,198,95,1.0,16.9,198,95,1.0,16.9,198,95,1.0,16.9,198,95,1.0,16.9,198,95,1.0,16.9,198,95,1.0,16.9,198,95,1.0,16.9,198,95,1.0,16.9,198,95,1.0,16.9,198,95,1.0,16.9,198,95,1.0,16.9,198,95,1.0,16.9,198,95,1.0,16.9,198,95,1.0,16.9,198,95,1.0,16.9,198,95,1.0,16.9,198,95,1.0,16.9,198,95,1.0,16.9,198,95,1.0,16.9,198,95,1.0,16.9,198,95,1.0,16.9,198,95,1.0,16.9,198,95,1.0,16.9,198,95,1.0,16.9,198,95,1.0,16.9,198,95,1.0,16.9,198,95,1.0,16.9,198,95,1.0,16.9
176,89.83,0.84,2.09,0,201,95,1.0,17.0,201,95,1.0,17.0,201,95,1.0,17.0,201,95,1.0,17.0,201,95,1.0,17.0,201,95,1.0,17.0,201,95,1.0,17.0,201,95,1.0,17.0,201,95,1.0,17.0,201,95,1.0,17.0,201,95,1.0,17.0,201,95,1.0,17.0,201,95,1.0,17.0,201,95,1.0,17.0,201,95,1.0,17.0,201,95,1.0,17.0,201,95,1.0,17.0,201,95,1.0,17.0,201,95,1.0,17.0,201,95,1.0,17.0,201,95,1.0,17.0,201,95,1.0,17.0,201,95,1.0,17.0,201,95,1.0,17.0,201,95,1.0,17.0,201,95,1.0,17.0,201,95,1.0,17.0,201,95,1.0,17.0,201,95,1.0,17.0,201,95,1.0,17.0,201,95,1.0,17.0,201,95,1.0,17.0
177,90.58,0.85,2.14,0,205,90,1.0,17.4,205,90,1.0,17.4,205,90,1.0,17.4,205,90,1.0,17.4,205,90,1.0,17.4,205,90,1.0,17.4,205,90,1.0,17.4,205,90,1.0,17.4,205,90,1.0,17.4,205,90,1.0,17.4,205,90,1.0,17.4,205,90,1.0,17.4,205,90,1.0,17.4,205,90,1.0,17.4,205,90,1.0,17.4,205,90,1.0,17.4,205,90,1.0,17.4,205,90,1.0,17.4,205,90,1.0,17.4,205,90,1.0,17.4,205,90,1.0,17.4,205,90,1.0,17.4,205,90,1.0,17.4,205,90,1.0,17.4,205,90,1.0,17.4,205,90,1.0,17.4,205,90,1.0,17.4,205,90,1.0,17.4,205,90,1.0,17.4,205,90,1.0,17.4,205,90,1.0,17.4,205,90,1.0,17.4
178,91.55,0.87,2.18,0,209,87,1.0,17.7,209,87,1.0,17.7,209,87,1.0,17.7,209,87,1.0,17.7,209,87,1.0,17.7,209,87,1.0,17.7,209,87,1.0,17.7,209,87,1.0,17.7,209,87,1.0,17.7,209,87,1.0,17.7,209,87,1.0,17.7,209,87,1.0,17.7,209,87,1.0,17.7,209,87,1.0,17.7,209,87,1.0,17.7,209,87,1.0,17.7,209,87,1.0,17.7,209,87,1.0,17.7,209,87,1.0,17.7,209,87,1.0,17.7,209,87,1.0,17.7,209,87,1.0,17.7,209,87,1.0,17.7,209,87,1.0,17.7,209,87,1.0,17.7,209,87,1.0,17.7,209,87,1.0,17.7,209,87,1.0,17.7,209,87,1.0,17.7,209,87,1.0,17.7,209,87,1.0,17.7,209,87,1.0,17.7
179,91.86,0.89,2.22,0,213,88,1.0,17.7,213,88,1.0,17.7,213,88,1.0,17.7,213,88,1.0,17.7,213,88,1.0,17.7,213,88,1.0,17.7,213,88,1.0,17.7,213,88,1.0,17.7,213,88,1.0,17.7,213,88,1.0,17.7,213,88,1.0,17.7,213,88,1.0,17.7,213,88,1.0,17.7,213,88,1.0,17.7,213,88,1.0,17.7,213,88,1.0,17.7,213,88,1.0,17.7,213,88,1.0,17.7,213,88,1.0,17.7,213,88,1.0,17.7,213,88,1.0,17.7,213,88,1.0,17.7,213,88,1.0,17.7,213,88,1.0,17.7,213,88,1.0,17.7,213,88,1.0,17.7,213,88,1.0,17.7,213,88,1.0,17.7,213,88,1.0,17.7,213,88,1.0,17.7,213,88,1.0,17.7,213,88,1.0,17.7
180,92.38,0.89,2.23,0,214,84,1.0,18.0,214,84,1.0,18.0,214,84,1.0,18.0,214,84,1.0,18.0,214,84,1.0,18.0,214,84,1.0,18.0,214,84,1.0,18.0,214,84,1.0,18.0,214,84,1.0,18.0,214,84,1.0,18.0,214,84,1.0,18.0,214,84,1.0,18.0,214,84,1.0,18.0,214,84,1.0,18.0,214,84,1.0,18.0,214,84,1.0,18.0,214,84,1.0,18.0,214,84,1.0,18.0,214,84,1.0,18.0,214,84,1.0,18.0,214,84,1.0,18.0,214,84,1.0,18.0,214,84,1.0,18.0,214,84,1.0,18.0,214,84,1.0,18.0,214,84,1.0,18.0,214,84,1.0,18.0,214,84,1.0,18.0,214,84,1.0,18.0,214,84,1.0,18.0,214,84,1.0,18.0,214,84,1.0,18.0
181,93.13,0.91,2.27,0,218,78,1.0,18.4,218,78,1.0,18.4,218,78,1.0,18.4,218,78,1.0,18.4,218,78,1.0,18.4,218,78,1.0,18.4,218,78,1.0,18.4,218,78,1.0,18.4,218,78,1.0,18.4,218,78,1.0,18.4,218,78,1.0,18.4,218,78,1.0,18.4,218,78,1.0,18.4,218,78,1.0,18.4,218,78,1.0,18.4,218,78,1.0,18.4,218,78,1.0,18.4,218,78,1.0,18.4,218,78,1.0,18.4,218,78,1.0,18.4,218,78,1.0,18.4,218,78,1.0,18.4,218,78,1.0,18.4,218,78,1.0,18.4,218,78,1.0,18.4,218,78,1.0,18.4,218,78,1.0,18.4,218,78,1.0,18.4,218,78,1.0,18.4,218,78,1.0,18.4,218,78,1.0,18.4,218,78,1.0,18.4
182,94.09,0.9,2.26,0,217,82,1.0,18.1,217,82,1.0,18.1,217,82,1.0,18.1,217,82,1.0,18.1,217,82,1.0,18.1,217,82,1.0,18.1,217,82,1.0,18.1,217,82,1.0,18.1,217,82,1.0,18.1,217,82,1.0,18.1,217,82,1.0,18.1,217,82,1.0,18.1,217,82,1.0,18.1,217,82,1.0,18.1,217,82,1.0,18.1,217,82,1.0,18.1,217,82,1.0,18.1,217,82,1.0,18.1,217,82,1.0,18.1,217,82,1.0,18.1,217,82,1.0,18.1,217,82,1.0,18.1,217,82,1.0,18.1,217,82,1.0,18.1,217,82,1.0,18.1,217,82,1.0,18.1,217,82,1.0,18.1,217,82,1.0,18.1,217,82,1.0,18.1,217,82,1.0,18.1,217,82,1.0,18.1,217,82,1.0,18.1
183,94.83,0.92,2.29,0,220,79,1.0,18.4,220,79,1.0,18.4,220,79,1.0,18.4,220,79,1.0,18.4,220,79,1.0,18.4,220,79,1.0,18.4,220,79,1.0,18.4,220,79,1.0,18.4,220,79,1.0,18.4,220,79,1.0,18.4,220,79,1.0,18.4,220,79,1.0,18.4,220,79,1.0,18.4,220,79,1.0,18.4,220,79,1.0,18.4,220,79,1.0,18.4,220,79,1.0,18.4,220,79,1.0,18.4,220,79,1.0,18.4,220,79,1.0,18.4,220,79,1.0,18.4,220,79,1.0,18.4,220,79,1.0,18.4,220,79,1.0,18.4,220,79,1.0,18.4,220,79,1.0,18.4,220,79,1.0,18.4,220,79,1.0,18.4,220,79,1.0,18.4,220,79,1.0,18.4,220,79,1.0,18.4,220,79,1.0,18.4
184,95.13,0.93,2.31,0,222,79,1.0,18.4,222,79,1.0,18.4,222,79,1.0,18.4,222,79,1.0,18.4,222,79,1.0,18.4,222,79,1.0,18.4,222,79,1.0,18.4,222,79,1.0,18.4,222,79,1.0,18.4,222,79,1.0,18.4,222,79,1.0,18.4,222,79,1.0,18.4,222,79,1.0,18.4,222,79,1.0,18.4,222,79,1.0,18.4,222,79,1.0,18.4,222,79,1.0,18.4,222,79,1.0,18.4,222,79,1.0,18.4,222,79,1.0,18.4,222,79,1.0,18.4,222,79,1.0,18.4,222,79,1.0,18.4,222,79,1.0,18.4,222,79,1.0,18.4,222,79,1.0,18.4,222,79,1.0,18.4,222,79,1.0,18.4,222,79,1.0,18.4,222,79,1.0,18.4,222,79,1.0,18.4,222,79,1.0,18.4
185,95.42,0.93,2.33,0,224,81,1.0,18.4,224,81,1.0,18.4,224,81,1.0,18.4,224,81,1.0,18.4,224,81,1.0,18.4,224,81,1.0,18.4,224,81,1.0,18.4,224,81,1.0,18.4,224,81,1.0,18.4,224,81,1.0,18.4,224,81,1.0,18.4,224,81,1.0,18.4,224,81,1.0,18.4,224,81,1.0,18.4,224,81,1.0,18.4,224,81,1.0,18.4,224,81,1.0,18.4,224,81,1.0,18.4,224,81,1.0,18.4,224,81,1.0,18.4,224,81,1.0,18.4,224,81,1.0,18.4,224,81,1.0,18.4,224,81,1.0,18.4,224,81,1.0,18.4,224,81,1.0,18.4,224,81,1.0,18.4,224,81,1.0,18.4,224,81,1.0,18.4,224,81,1.0,18.4,224,81,1.0,18.4,224,81,1.0,18.4
186,95.94,0.94,2.35,0,226,79,1.0,18.5,226,79,1.0,18.5,226,79,1.0,18.5,226,79,1.0,18.5,226,79,1.0,18.5,226,79,1.0,18.5,226,79,1.0,18.5,226,79,1.0,18.5,226,79,1.0,18.5,226,79,1.0,18.5,226,79,1.0,18.5,226,79,1.0,18.5,226,79,1.0,18.5,226,79,1.0,18.5,226,79,1.0,18.5,226,79,1.0,18.5,226,79,1.0,18.5,226,79,1.0,18.5,226,79,1.0,18.5,226,79,1.0,18.5,226,79,1.0,18.5,226,79,1.0,18.5,226,79,1.0,18.5,226,79,1.0,18.5,226,79,1.0,18.5,226,79,1.0,18.5,226,79,1.0,18.5,226,79,1.0,18.5,226,79,1.0,18.5,226,79,1.0,18.5,226,79,1.0,18.5,226,79,1.0,18.5
187,96.46,0.95,2.36,0,227,79,1.0,18.5,227,79,1.0,18.5,227,79,1.0,18.5,227,79,1.0,18.5,227,79,1.0,18.5,227,79,1.0,18.5,227,79,1.0,18.5,227,79,1.0,18.5,227,79,1.0,18.5,227,79,1.0,18.5,227,79,1.0,18.5,227,79,1.0,18.5,227,79,1.0,18.5,227,79,1.0,18.5,227,79,1.0,18.5,227,79,1.0,18.5,227,79,1.0,18.5,227,79,1.0,18.5,227,79,1.0,18.5,227,79,1.0,18.5,227,79,1.0,18.5,227,79,1.0,18.5,227,79,1.0,18.5,227,79,1.0,18.5,227,79,1.0,18.5,227,79,1.0,18.5,227,79,1.0,18.5,227,79,1.0,18.5,227,79,1.0,18.5,227,79,1.0,18.5,227,79,1.0,18.5,227,79,1.0,18.5
188,96.76,0.96,2.4,0,230,78,1.0,18.7,230,78,1.0,18.7,230,78,1.0,18.7,230,78,1.0,18.7,230,78,1.0,18.7,230,78,1.0,18.7,230,78,1.0,18.7,230,78,1.0,18.7,230,78,1.0,18.7,230,78,1.0,18.7,230,78,1.0,18.7,230,78,1.0,18.7,230,78,1.0,18.7,230,78,1.0,18.7,230,78,1.0,18.7,230,78,1.0,18.7,230,78,1.0,18.7,230,78,1.0,18.7,230,78,1.0,18.7,230,78,1.0,18.7,230,78,1.0,18.7,230,78,1.0,18.7,230,78,1.0,18.7,230,78,1.0,18.7,230,78,1.0,18.7,230,78,1.0,18.7,230,78,1.0,18.7,230,78,1.0,18.7,230,78,1.0,18.7,230,78,1.0,18.7,230,78,1.0,18.7,230,78,1.0,18.7
189,96.84,0.97,2.42,0,232,79,1.0,18.6,232,79,1.0,18.6,232,79,1.0,18.6,232,79,1.0,18.6,232,79,1.0,18.6,232,79,1.0,18.6,232,79,1.0,18.6,232,79,1.0,18.6,232,79,1.0,18.6,232,79,1.0,18.6,232,79,1.0,18.6,232,79,1.0,18.6,232,79,1.0,18.6,232,79,1.0,18.6,232,79,1.0,18.6,232,79,1.0,18.6,232,79,1.0,18.6,232,79,1.0,18.6,232,79,1.0,18.6,232,79,1.0,18.6,232,79,1.0,18.6,232,79,1.0,18.6,232,79,1.0,18.6,232,79,1.0,18.6,232,79,1.0,18.6,232,79,1.0,18.6,232,79,1.0,18.6,232,79,1.0,18.6,232,79,1.0,18.6,232,79,1.0,18.6,232,79,1.0,18.6,232,79,1.0,18.6
190,97.15,0.98,2.46,0,236,76,1.0,18.9,236,76,1.0,18.9,236,76,1.0,18.9,236,76,1.0,18.9,236,76,1.0,18.9,236,76,1.0,18.9,236,76,1.0,18.9,236,76,1.0,18.9,236,76,1.0,18.9,236,76,1.0,18.9,236,76,1.0,18.9,236,76,1.0,18.9,236,76,1.0,18.9,236,76,1.0,18.9,236,76,1.0,18.9,236,76,1.0,18.9,236,76,1.0,18.9,236,76,1.0,18.9,236,76,1.0,18.9,236,76,1.0,18.9,236,76,1.0,18.9,236,76,1.0,18.9,236,76,1.0,18.9,236,76,1.0,18.9,236,76,1.0,18.9,236,76,1.0,18.9,236,76,1.0,18.9,236,76,1.0,18.9,236,76,1.0,18.9,236,76,1.0,18.9,236,76,1.0,18.9,236,76,1.0,18.9
191,98.12,1.0,2.49,0,239,75,1.0,19.0,239,75,1.0,19.0,239,75,1.0,19.0,239,75,1.0,19.0,239,75,1.0,19.0,239,75,1.0,19.0,239,75,1.0,19.0,239,75,1.0,19.0,239,75,1.0,19.0,239,75,1.0,19.0,239,75,1.0,19.0,239,75,1.0,19.0,239,75,1.0,19.0,239,75,1.0,19.0,239,75,1.0,19.0,239,75,1.0,19.0,239,75,1.0,19.0,239,75,1.0,19.0,239,75,1.0,19.0,239,75,1.0,19.0,239,75,1.0,19.0,239,75,1.0,19.0,239,75,1.0,19.0,239,75,1.0,19.0,239,75,1.0,19.0,239,75,1.0,19.0,239,75,1.0,19.0,239,75,1.0,19.0,239,75,1.0,19.0,239,75,1.0,19.0,239,75,1.0,19.0,239,75,1.0,19.0
192,99.08,1.0,2.51,0,241,74,1.0,19.1,241,74,1.0,19.1,241,74,1.0,19.1,241,74,1.0,19.1,241,74,1.0,19.1,241,74,1.0,19.1,241,74,1.0,19.1,241,74,1.0,19.1,241,74,1.0,19.1,241,74,1.0,19.1,241,74,1.0,19.1,241,74,1.0,19.1,241,74,1.0,19.1,241,74,1.0,19.1,241,74,1.0,19.1,241,74,1.0,19.1,241,74,1.0,19.1,241,74,1.0,19.1,241,74,1.0,19.1,241,74,1.0,19.1,241,74,1.0,19.1,241,74,1.0,19.1,241,74,1.0,19.1,241,74,1.0,19.1,241,74,1.0,19.1,241,74,1.0,19.1,241,74,1.0,19.1,241,74,1.0,19.1,241,74,1.0,19.1,241,74,1.0,19.1,241,74,1.0,19.1,241,74,1.0,19.1
193,99.6,1.02,2.56,0,246,70,1.0,19.5,246,70,1.0,19.5,246,70,1.0,19.5,246,70,1.0,19.5,246,70,1.0,19.5,246,70,1.0,19.5,246,70,1.0,19.5,246,70,1.0,19.5,246,70,1.0,19.5,246,70,1.0,19.5,246,70,1.0,19.5,246,70,1.0,19.5,246,70,1.0,19.5,246,70,1.0,19.5,246,70,1.0,19.5,246,70,1.0,19.5,246,70,1.0,19.5,246,70,1.0,19.5,246,70,1.0,19.5,246,70,1.0,19.5,246,70,1.0,19.5,246,70,1.0,19.5,246,70,1.0,19.5,246,70,1.0,19.5,246,70,1.0,19.5,246,70,1.0,19.5,246,70,1.0,19.5,246,70,1.0,19.5,246,70,1.0,19.5,246,70,1.0,19.5,246,70,1.0,19.5,246,70,1.0,19.5
194,99.9,1.03,2.58,0,248,69,1.0,19.6,248,69,1.0,19.6,248,69,1.0,19.6,248,69,1.0,19.6,248,69,1.0,19.6,248,69,1.0,19.6,248,69,1.0,19.6,248,69,1.0,19.6,248,69,1.0,19.6,248,69,1.0,19.6,248,69,1.0,19.6,248,69,1.0,19.6,248,69,1.0,19.6,248,69,1.0,19.6,248,69,1.0,19.6,248,69,1.0,19.6,248,69,1.0,19.6,248,69,1.0,19.6,248,69,1.0,19.6,248,69,1.0,19.6,248,69,1.0,19.6,248,69,1.0,19.6,248,69,1.0,19.6,248,69,1.0,19.6,248,69,1.0,19.6,248,69,1.0,19.6,248,69,1.0,19.6,248,69,1.0,19.6,248,69,1.0,19.6,248,69,1.0,19.6,248,69,1.0,19.6,248,69,1.0,19.6
195,100.87,1.04,2.6,0,250,67,1.0,19.7,250,67,1.0,19.7,250,67,1.0,19.7,250,67,1.0,19.7,250,67,1.0,19.7,250,67,1.0,19.7,250,67,1.0,19.7,250,67,1.0,19.7,250,67,1.0,19.7,250,67,1.0,19.7,250,67,1.0,19.7,250,67,1.0,19.7,250,67,1.0,19.7,250,67,1.0,19.7,250,67,1.0,19.7,250,67,1.0,19.7,250,67,1.0,19.7,250,67,1.0,19.7,250,67,1.0,19.7,250,67,1.0,19.7,250,67,1.0,19.7,250,67,1.0,19.7,250,67,1.0,19.7,250,67,1.0,19.7,250,67,1.0,19.7,250,67,1.0,19.7,250,67,1.0,19.7,250,67,1.0,19.7,250,67,1.0,19.7,250,67,1.0,19.7,250,67,1.0,19.7,250,67,1.0,19.7
196,101.83,1.05,2.61,0,251,68,1.0,19.7,251,68,1.0,19.7,251,68,1.0,19.7,251,68,1.0,19.7,251,68,1.0,19.7,251,68,1.0,19.7,251,68,1.0,19.7,251,68,1.0,19.7,251,68,1.0,19.7,251,68,1.0,19.7,251,68,1.0,19.7,251,68,1.0,19.7,251,68,1.0,19.7,251,68,1.0,19.7,251,68,1.0,19.7,251,68,1.0,19.7,251,68,1.0,19.7,251,68,1.0,19.7,251,68,1.0,19.7,251,68,1.0,19.7,251,68,1.0,19.7,251,68,1.0,19.7,251,68,1.0,19.7,251,68,1.0,19.7,251,68,1.0,19.7,251,68,1.0,19.7,251,68,1.0,19.7,251,68,1.0,19.7,251,68,1.0,19.7,251,68,1.0,19.7,251,68,1.0,19.7,251,68,1.0,19.7
197,102.57,1.06,2.66,0,255,67,1.0,19.8,255,67,1.0,19.8,255,67,1.0,19.8,255,67,1.0,19.8,255,67,1.0,19.8,255,67,1.0,19.8,255,67,1.0,19.8,255,67,1.0,19.8,255,67,1.0,19.8,255,67,1.0,19.8,255,67,1.0,19.8,255,67,1.0,19.8,255,67,1.0,19.8,255,67,1.0,19.8,255,67,1.0,19.8,255,67,1.0,19.8,255,67,1.0,19.8,255,67,1.0,19.8,255,67,1.0,19.8,255,67,1.0,19.8,255,67,1.0,19.8,255,67,1.0,19.8,255,67,1.0,19.8,255,67,1.0,19.8,255,67,1.0,19.8,255,67,1.0,19.8,255,67,1.0,19.8,255,67,1.0,19.8,255,67,1.0,19.8,255,67,1.0,19.8,255,67,1.0,19.8,255,67,1.0,19.8
198,102.85,1.07,2.68,0,257,68,1.0,19.8,257,68,1.0,19.8,257,68,1.0,19.8,257,68,1.0,19.8,257,68,1.0,19.8,257,68,1.0,19.8,257,68,1.0,19.8,257,68,1.0,19.8,257,68,1.0,19.8,257,68,1.0,19.8,257,68,1.0,19.8,257,68,1.0,19.8,257,68,1.0,19.8,257,68,1.0,19.8,257,68,1.0,19.8,257,68,1.0,19.8,257,68,1.0,19.8,257,68,1.0,19.8,257,68,1.0,19.8,257,68,1.0,19.8,257,68,1.0,19.8,257,68,1.0,19.8,257,68,1.0,19.8,257,68,1.0,19.8,257,68,1.0,19.8,257,68,1.0,19.8,257,68,1.0,19.8,257,68,1.0,19.8,257,68,1.0,19.8,257,68,1.0,19.8,257,68,1.0,19.8,257,68,1.0,19.8
199,103.14,1.08,2.71,0,260,67,1.0,19.9,260,67,1.0,19.9,260,67,1.0,19.9,260,67,1.0,19.9,260,67,1.0,19.9,260,67,1.0,19.9,260,67,1.0,19.9,260,67,1.0,19.9,260,67,1.0,19.9,260,67,1.0,19.9,260,67,1.0,19.9,260,67,1.0,19.9,260,67,1.0,19.9,260,67,1.0,19.9,260,67,1.0,19.9,260,67,1.0,19.9,260,67,1.0,19.9,260,67,1.0,19.9,260,67,1.0,19.9,260,67,1.0,19.9,260,67,1.0,19.9,260,67,1.0,19.9,260,67,1.0,19.9,260,67,1.0,19.9,260,67,1.0,19.9,260,67,1.0,19.9,260,67,1.0,19.9,260,67,1.0,19.9,260,67,1.0,19.9,260,67,1.0,19.9,260,67,1.0,19.9,260,67,1.0,19.9
200,103.88,1.1,2.74,0,263,66,1.0,20.0,263,66,1.0,20.0,263,66,1.0,20.0,263,66,1.0,20.0,263,66,1.0,20.0,263,66,1.0,20.0,263,66,1.0,20.0,263,66,1.0,20.0,263,66,1.0,20.0,263,66,1.0,20.0,263,66,1.0,20.0,263,66,1.0,20.0,263,66,1.0,20.0,263,66,1.0,20.0,263,66,1.0,20.0,263,66,1.0,20.0,263,66,1.0,20.0,263,66,1.0,20.0,263,66,1.0,20.0,263,66,1.0,20.0,263,66,1.0,20.0,263,66,1.0,20.0,263,66,1.0,20.0,263,66,1.0,20.0,263,66,1.0,20.0,263,66,1.0,20.0,263,66,1.0,20.0,263,66,1.0,20.0,263,66,1.0,20.0,263,66,1.0,20.0,263,66,1.0,20.0,263,66,1.0,20.0
201,104.62,1.11,2.78,0,267,64,1.0,20.2,267,64,1.0,20.2,267,64,1.0,20.2,267,64,1.0,20.2,267,64,1.0,20.2,267,64,1.0,20.2,267,64,1.0,20.2,267,64,1.0,20.2,267,64,1.0,20.2,267,64,1.0,20.2,267,64,1.0,20.2,267,64,1.0,20.2,267,64,1.0,20.2,267,64,1.0,20.2,267,64,1.0,20.2,267,64,1.0,20.2,267,64,1.0,20.2,267,64,1.0,20.2,267,64,1.0,20.2,267,64,1.0,20.2,267,64,1.0,20.2,267,64,1.0,20.2,267,64,1.0,20.2,267,64,1.0,20.2,267,64,1.0,20.2,267,64,1.0,20.2,267,64,1.0,20.2,267,64,1.0,20.2,267,64,1.0,20.2,267,64,1.0,20.2,267,64,1.0,20.2,267,64,1.0,20.2
202,105.13,1.12,2.79,0,268,62,1.0,20.3,268,62,1.0,20.3,268,62,1.0,20.3,268,62,1.0,20.3,268,62,1.0,20.3,268,62,1.0,20.3,268,62,1.0,20.3,268,62,1.0,20.3,268,62,1.0,20.3,268,62,1.0,20.3,268,62,1.0,20.3,268,62,1.0,20.3,268,62,1.0,20.3,268,62,1.0,20.3,268,62,1.0,20.3,268,62,1.0,20.3,268,62,1.0,20.3,268,62,1.0,20.3,268,62,1.0,20.3,268,62,1.0,20.3,268,62,1.0,20.3,268,62,1.0,20.3,268,62,1.0,20.3,268,62,1.0,20.3,268,62,1.0,20.3,268,62,1.0,20.3,268,62,1.0,20.3,268,62,1.0,20.3,268,62,1.0,20.3,268,62,1.0,20.3,268,62,1.0,20.3,268,62,1.0,20.3
203,105.64,1.12,2.81,0,270,62,1.0,20.3,270,62,1.0,20.3,270,62,1.0,20.3,270,62,1.0,20.3,270,62,1.0,20.3,270,62,1.0,20.3,270,62,1.0,20.3,270,62,1.0,20.3,270,62,1.0,20.3,270,62,1.0,20.3,270,62,1.0,20.3,270,62,1.0,20.3,270,62,1.0,20.3,270,62,1.0,20.3,270,62,1.0,20.3,270,62,1.0,20.3,270,62,1.0,20.3,270,62,1.0,20.3,270,62,1.0,20.3,270,62,1.0,20.3,270,62,1.0,20.3,270,62,1.0,20.3,270,62,1.0,20.3,270,62,1.0,20.3,270,62,1.0,20.3,270,62,1.0,20.3,270,62,1.0,20.3,270,62,1.0,20.3,270,62,1.0,20.3,270,62,1.0,20.3,270,62,1.0,20.3,270,62,1.0,20.3
204,106.37,1.13,2.82,0,271,61,1.0,20.4,271,61,1.0,20.4,271,61,1.0,20.4,271,61,1.0,20.4,271,61,1.0,20.4,271,61,1.0,20.4,271,61,1.0,20.4,271,61,1.0,20.4,271,61,1.0,20.4,271,61,1.0,20.4,271,61,1.0,20.4,271,61,1.0,20.4,271,61,1.0,20.4,271,61,1.0,20.4,271,61,1.0,20.4,271,61,1.0,20.4,271,61,1.0,20.4,271,61,1.0,20.4,271,61,1.0,20.4,271,61,1.0,20.4,271,61,1.0,20.4,271,61,1.0,20.4,271,61,1.0,20.4,271,61,1.0,20.4,271,61,1.0,20.4,271,61,1.0,20.4,271,61,1.0,20.4,271,61,1.0,20.4,271,61,1.0,20.4,271,61,1.0,20.4,271,61,1.0,20.4,271,61,1.0,20.4
205,106.88,1.13,2.83,0,272,63,1.0,20.3,272,63,1.0,20.3,272,63,1.0,20.3,272,63,1.0,20.3,272,63,1.0,20.3,272,63,1.0,20.3,272,63,1.0,20.3,272,63,1.0,20.3,272,63,1.0,20.3,272,63,1.0,20.3,272,63,1.0,20.3,272,63,1.0,20.3,272,63,1.0,20.3,272,63,1.0,20.3,272,63,1.0,20.3,272,63,1.0,20.3,272,63,1.0,20.3,272,63,1.0,20.3,272,63,1.0,20.3,272,63,1.0,20.3,272,63,1.0,20.3,272,63,1.0,20.3,272,63,1.0,20.3,272,63,1.0,20.3,272,63,1.0,20.3,272,63,1.0,20.3,272,63,1.0,20.3,272,63,1.0,20.3,272,63,1.0,20.3,272,63,1.0,20.3,272,63,1.0,20.3,272,63,1.0,20.3
206,107.16,1.14,2.85,0,274,64,1.0,20.3,274,64,1.0,20.3,274,64,1.0,20.3,274,64,1.0,20.3,274,64,1.0,20.3,274,64,1.0,20.3,274,64,1.0,20.3,274,64,1.0,20.3,274,64,1.0,20.3,274,64,1.0,20.3,274,64,1.0,20.3,274,64,1.0,20.3,274,64,1.0,20.3,274,64,1.0,20.3,274,64,1.0,20.3,274,64,1.0,20.3,274,64,1.0,20.3,274,64,1.0,20.3,274,64,1.0,20.3,274,64,1.0,20.3,274,64,1.0,20.3,274,64,1.0,20.3,274,64,1.0,20.3,274,64,1.0,20.3,274,64,1.0,20.3,274,64,1.0,20.3,274,64,1.0,20.3,274,64,1.0,20.3,274,64,1.0,20.3,274,64,1.0,20.3,274,64,1.0,20.3,274,64,1.0,20.3
207,107.67,1.16,2.91,0,279,59,1.0,20.6,279,59,1.0,20.6,279,59,1.0,20.6,279,59,1.0,20.6,279,59,1.0,20.6,279,59,1.0,20.6,279,59,1.0,20.6,279,59,1.0,20.6,279,59,1.0,20.6,279,59,1.0,20.6,279,59,1.0,20.6,279,59,1.0,20.6,279,59,1.0,20.6,279,59,1.0,20.6,279,59,1.0,20.6,279,59,1.0,20.6,279,59,1.0,20.6,279,59,1.0,20.6,279,59,1.0,20.6,279,59,1.0,20.6,279,59,1.0,20.6,279,59,1.0,20.6,279,59,1.0,20.6,279,59,1.0,20.6,279,59,1.0,20.6,279,59,1.0,20.6,279,59,1.0,20.6,279,59,1.0,20.6,279,59,1.0,20.6,279,59,1.0,20.6,279,59,1.0,20.6,279,59,1.0,20.6
208,108.18,1.18,2.94,0,282,57,1.0,20.8,282,57,1.0,20.8,282,57,1.0,20.8,282,57,1.0,20.8,282,57,1.0,20.8,282,57,1.0,20.8,282,57,1.0,20.8,282,57,1.0,20.8,282,57,1.0,20.8,282,57,1.0,20.8,282,57,1.0,20.8,282,57,1.0,20.8,282,57,1.0,20.8,282,57,1.0,20.8,282,57,1.0,20.8,282,57,1.0,20.8,282,57,1.0,20.8,282,57,1.0,20.8,282,57,1.0,20.8,282,57,1.0,20.8,282,57,1.0,20.8,282,57,1.0,20.8,282,57,1.0,20.8,282,57,1.0,20.8,282,57,1.0,20.8,282,57,1.0,20.8,282,57,1.0,20.8,282,57,1.0,20.8,282,57,1.0,20.8,282,57,1.0,20.8,282,57,1.0,20.8,282,57,1.0,20.8
209,108.91,1.19,2.97,0,285,57,1.0,20.8,285,57,1.0,20.8,285,57,1.0,20.8,285,57,1.0,20.8,285,57,1.0,20.8,285,57,1.0,20.8,285,57,1.0,20.8,285,57,1.0,20.8,285,57,1.0,20.8,285,57,1.0,20.8,285,57,1.0,20.8,285,57,1.0,20.8,285,57,1.0,20.8,285,57,1.0,20.8,285,57,1.0,20.8,285,57,1.0,20.8,285,57,1.0,20.8,285,57,1.0,20.8,285,57,1.0,20.8,285,57,1.0,20.8,285,57,1.0,20.8,285,57,1.0,20.8,285,57,1.0,20.8,285,57,1.0,20.8,285,57,1.0,20.8,285,57,1.0,20.8,285,57,1.0,20.8,285,57,1.0,20.8,285,57,1.0,20.8,285,57,1.0,20.8,285,57,1.0,20.8,285,57,1.0,20.8
210,109.19,1.2,3.0,0,288,53,1.0,21.1,288,53,1.0,21.1,288,53,1.0,21.1,288,53,1.0,21.1,288,53,1.0,21.1,288,53,1.0,21.1,288,53,1.0,21.1,288,53,1.0,21.1,288,53,1.0,21.1,288,53,1.0,21.1,288,53,1.0,21.1,288,53,1.0,21.1,288,53,1.0,21.1,288,53,1.0,21.1,288,53,1.0,21.1,288,53,1.0,21.1,288,53,1.0,21.1,288,53,1.0,21.1,288,53,1.0,21.1,288,53,1.0,21.1,288,53,1.0,21.1,288,53,1.0,21.1,288,53,1.0,21.1,288,53,1.0,21.1,288,53,1.0,21.1,288,53,1.0,21.1,288,53,1.0,21.1,288,53,1.0,21.1,288,53,1.0,21.1,288,53,1.0,21.1,288,53,1.0,21.1,288,53,1.0,21.1
211,109.24,1.2,3.01,0,289,52,1.0,21.2,289,52,1.0,21.2,289,52,1.0,21.2,289,52,1.0,21.2,289,52,1.0,21.2,289,52,1.0,21.2,289,52,1.0,21.2,289,52,1.0,21.2,289,52,1.0,21.2,289,52,1.0,21.2,289,52,1.0,21.2,289,52,1.0,21.2,289,52,1.0,21.2,289,52,1.0,21.2,289,52,1.0,21.2,289,52,1.0,21.2,289,52,1.0,21.2,289,52,1.0,21.2,289,52,1.0,21.2,289,52,1.0,21.2,289,52,1.0,21.2,289,52,1.0,21.2,289,52,1.0,21.2,289,52,1.0,21.2,289,52,1.0,21.2,289,52,1.0,21.2,289,52,1.0,21.2,289,52,1.0,21.2,289,52,1.0,21.2,289,52,1.0,21.2,289,52,1.0,21.2,289,52,1.0,21.2
212,110.2,1.21,3.02,0,290,54,1.0,21.1,290,54,1.0,21.1,290,54,1.0,21.1,290,54,1.0,21.1,290,54,1.0,21.1,290,54,1.0,21.1,290,54,1.0,21.1,290,54,1.0,21.1,290,54,1.0,21.1,290,54,1.0,21.1,290,54,1.0,21.1,290,54,1.0,21.1,290,54,1.0,21.1,290,54,1.0,21.1,290,54,1.0,21.1,290,54,1.0,21.1,290,54,1.0,21.1,290,54,1.0,21.1,290,54,1.0,21.1,290,54,1.0,21.1,290,54,1.0,21.1,290,54,1.0,21.1,290,54,1.0,21.1,290,54,1.0,21.1,290,54,1.0,21.1,290,54,1.0,21.1,290,54,1.0,21.1,290,54,1.0,21.1,290,54,1.0,21.1,290,54,1.0,21.1,290,54,1.0,21.1,290,54,1.0,21.1
213,110.94,1.22,3.05,0,293,51,1.0,21.3,293,51,1.0,21.3,293,51,1.0,21.3,293,51,1.0,21.3,293,51,1.0,21.3,293,51,1.0,21.3,293,51,1.0,21.3,293,51,1.0,21.3,293,51,1.0,21.3,293,51,1.0,21.3,293,51,1.0,21.3,293,51,1.0,21.3,293,51,1.0,21.3,293,51,1.0,21.3,293,51,1.0,21.3,293,51,1.0,21.3,293,51,1.0,21.3,293,51,1.0,21.3,293,51,1.0,21.3,293,51,1.0,21.3,293,51,1.0,21.3,293,51,1.0,21.3,293,51,1.0,21.3,293,51,1.0,21.3,293,51,1.0,21.3,293,51,1.0,21.3,293,51,1.0,21.3,293,51,1.0,21.3,293,51,1.0,21.3,293,51,1.0,21.3,293,51,1.0,21.3,293,51,1.0,21.3
214,111.67,1.23,3.07,0,295,49,1.0,21.4,295,49,1.0,21.4,295,49,1.0,21.4,295,49,1.0,21.4,295,49,1.0,21.4,295,49,1.0,21.4,295,49,1.0,21.4,295,49,1.0,21.4,295,49,1.0,21.4,295,49,1.0,21.4,295,49,1.0,21.4,295,49,1.0,21.4,295,49,1.0,21.4,295,49,1.0,21.4,295,49,1.0,21.4,295,49,1.0,21.4,295,49,1.0,21.4,295,49,1.0,21.4,295,49,1.0,21.4,295,49,1.0,21.4,295,49,1.0,21.4,295,49,1.0,21.4,295,49,1.0,21.4,295,49,1.0,21.4,295,49,1.0,21.4,295,49,1.0,21.4,295,49,1.0,21.4,295,49,1.0,21.4,295,49,1.0,21.4,295,49,1.0,21.4,295,49,1.0,21.4,295,49,1.0,21.4
215,112.16,1.24,3.1,0,298,49,1.0,21.5,298,49,1.0,21.5,298,49,1.0,21.5,298,49,1.0,21.5,298,49,1.0,21.5,298,49,1.0,21.5,298,49,1.0,21.5,298,49,1.0,21.5,298,49,1.0,21.5,298,49,1.0,21.5,298,49,1.0,21.5,298,49,1.0,21.5,298,49,1.0,21.5,298,49,1.0,21.5,298,49,1.0,21.5,298,49,1.0,21.5,298,49,1.0,21.5,298,49,1.0,21.5,298,49,1.0,21.5,298,49,1.0,21.5,298,49,1.0,21.5,298,49,1.0,21.5,298,49,1.0,21.5,298,49,1.0,21.5,298,49,1.0,21.5,298,49,1.0,21.5,298,49,1.0,21.5,298,49,1.0,21.5,298,49,1.0,21.5,298,49,1.0,21.5,298,49,1.0,21.5,298,49,1.0,21.5
216,112.43,1.24,3.1,0,298,48,1.0,21.5,298,48,1.0,21.5,298,48,1.0,21.5,298,48,1.0,21.5,298,48,1.0,21.5,298,48,1.0,21.5,298,48,1.0,21.5,298,48,1.0,21.5,298,48,1.0,21.5,298,48,1.0,21.5,298,48,1.0,21.5,298,48,1.0,21.5,298,48,1.0,21.5,298,48,1.0,21.5,298,48,1.0,21.5,298,48,1.0,21.5,298,48,1.0,21.5,298,48,1.0,21.5,298,48,1.0,21.5,298,48,1.0,21.5,298,48,1.0,21.5,298,48,1.0,21.5,298,48,1.0,21.5,298,48,1.0,21.5,298,48,1.0,21.5,298,48,1.0,21.5,298,48,1.0,21.5,298,48,1.0,21.5,298,48,1.0,21.5,298,48,1.0,21.5,298,48,1.0,21.5,298,48,1.0,21.5
217,112.69,1.25,3.14,0,301,45,1.0,21.7,301,45,1.0,21.7,301,45,1.0,21.7,301,45,1.0,21.7,301,45,1.0,21.7,301,45,1.0,21.7,301,45,1.0,21.7,301,45,1.0,21.7,301,45,1.0,21.7,301,45,1.0,21.7,301,45,1.0,21.7,301,45,1.0,21.7,301,45,1.0,21.7,301,45,1.0,21.7,301,45,1.0,21.7,301,45,1.0,21.7,301,45,1.0,21.7,301,45,1.0,21.7,301,45,1.0,21.7,301,45,1.0,21.7,301,45,1.0,21.7,301,45,1.0,21.7,301,45,1.0,21.7,301,45,1.0,21.7,301,45,1.0,21.7,301,45,1.0,21.7,301,45,1.0,21.7,301,45,1.0,21.7,301,45,1.0,21.7,301,45,1.0,21.7,301,45,1.0,21.7,301,45,1.0,21.7
218,112.96,1.26,3.15,0,302,47,1.0,21.6,302,47,1.0,21.6,302,47,1.0,21.6,302,47,1.0,21.6,302,47,1.0,21.6,302,47,1.0,21.6,302,47,1.0,21.6,302,47,1.0,21.6,302,47,1.0,21.6,302,47,1.0,21.6,302,47,1.0,21.6,302,47,1.0,21.6,302,47,1.0,21.6,302,47,1.0,21.6,302,47,1.0,21.6,302,47,1.0,21.6,302,47,1.0,21.6,302,47,1.0,21.6,302,47,1.0,21.6,302,47,1.0,21.6,302,47,1.0,21.6,302,47,1.0,21.6,302,47,1.0,21.6,302,47,1.0,21.6,302,47,1.0,21.6,302,47,1.0,21.6,302,47,1.0,21.6,302,47,1.0,21.6,302,47,1.0,21.6,302,47,1.0,21.6,302,47,1.0,21.6,302,47,1.0,21.6
219,113.69,1.26,3.15,0,302,46,1.0,21.7,302,46,1.0,21.7,302,46,1.0,21.7,302,46,1.0,21.7,302,46,1.0,21.7,302,46,1.0,21.7,302,46,1.0,21.7,302,46,1.0,21.7,302,46,1.0,21.7,302,46,1.0,21.7,302,46,1.0,21.7,302,46,1.0,21.7,302,46,1.0,21.7,302,46,1.0,21.7,302,46,1.0,21.7,302,46,1.0,21.7,302,46,1.0,21.7,302,46,1.0,21.7,302,46,1.0,21.7,302,46,1.0,21.7,302,46,1.0,21.7,302,46,1.0,21.7,302,46,1.0,21.7,302,46,1.0,21.7,302,46,1.0,21.7,302,46,1.0,21.7,302,46,1.0,21.7,302,46,1.0,21.7,302,46,1.0,21.7,302,46,1.0,21.7,302,46,1.0,21.7,302,46,1.0,21.7
220,114.19,1.26,3.16,0,303,46,1.0,21.7,303,46,1.0,21.7,303,46,1.0,21.7,303,46,1.0,21.7,303,46,1.0,21.7,303,46,1.0,21.7,303,46,1.0,21.7,303,46,1.0,21.7,303,46,1.0,21.7,303,46,1.0,21.7,303,46,1.0,21.7,303,46,1.0,21.7,303,46,1.0,21.7,303,46,1.0,21.7,303,46,1.0,21.7,303,46,1.0,21.7,303,46,1.0,21.7,303,46,1.0,21.7,303,46,1.0,21.7,303,46,1.0,21.7,303,46,1.0,21.7,303,46,1.0,21.7,303,46,1.0,21.7,303,46,1.0,21.7,303,46,1.0,21.7,303,46,1.0,21.7,303,46,1.0,21.7,303,46,1.0,21.7,303,46,1.0,21.7,303,46,1.0,21.7,303,46,1.0,21.7,303,46,1.0,21.7
221,114.91,1.27,3.17,0,304,45,1.0,21.8,304,45,1.0,21.8,304,45,1.0,21.8,304,45,1.0,21.8,304,45,1.0,21.8,304,45,1.0,21.8,304,45,1.0,21.8,304,45,1.0,21.8,304,45,1.0,21.8,304,45,1.0,21.8,304,45,1.0,21.8,304,45,1.0,21.8,304,45,1.0,21.8,304,45,1.0,21.8,304,45,1.0,21.8,304,45,1.0,21.8,304,45,1.0,21.8,304,45,1.0,21.8,304,45,1.0,21.8,304,45,1.0,21.8,304,45,1.0,21.8,304,45,1.0,21.8,304,45,1.0,21.8,304,45,1.0,21.8,304,45,1.0,21.8,304,45,1.0,21.8,304,45,1.0,21.8,304,45,1.0,21.8,304,45,1.0,21.8,304,45,1.0,21.8,304,45,1.0,21.8,304,45,1.0,21.8
222,115.4,1.27,3.18,0,305,44,1.0,21.8,305,44,1.0,21.8,305,44,1.0,21.8,305,44,1.0,21.8,305,44,1.0,21.8,305,44,1.0,21.8,305,44,1.0,21.8,305,44,1.0,21.8,305,44,1.0,21.8,305,44,1.0,21.8,305,44,1.0,21.8,305,44,1.0,21.8,305,44,1.0,21.8,305,44,1.0,21.8,305,44,1.0,21.8,305,44,1.0,21.8,305,44,1.0,21.8,305,44,1.0,21.8,305,44,1.0,21.8,305,44,1.0,21.8,305,44,1.0,21.8,305,44,1.0,21.8,305,44,1.0,21.8,305,44,1.0,21.8,305,44,1.0,21.8,305,44,1.0,21.8,305,44,1.0,21.8,305,44,1.0,21.8,305,44,1.0,21.8,305,44,1.0,21.8,305,44,1.0,21.8,305,44,1.0,21.8
223,116.12,1.27,3.19,0,306,45,1.0,21.8,306,45,1.0,21.8,306,45,1.0,21.8,306,45,1.0,21.8,306,45,1.0,21.8,306,45,1.0,21.8,306,45,1.0,21.8,306,45,1.0,21.8,306,45,1.0,21.8,306,45,1.0,21.8,306,45,1.0,21.8,306,45,1.0,21.8,306,45,1.0,21.8,306,45,1.0,21.8,306,45,1.0,21.8,306,45,1.0,21.8,306,45,1.0,21.8,306,45,1.0,21.8,306,45,1.0,21.8,306,45,1.0,21.8,306,45,1.0,21.8,306,45,1.0,21.8,306,45,1.0,21.8,306,45,1.0,21.8,306,45,1.0,21.8,306,45,1.0,21.8,306,45,1.0,21.8,306,45,1.0,21.8,306,45,1.0,21.8,306,45,1.0,21.8,306,45,1.0,21.8,306,45,1.0,21.8
224,116.38,1.28,3.21,0,308,43,1.0,21.9,308,43,1.0,21.9,308,43,1.0,21.9,308,43,1.0,21.9,308,43,1.0,21.9,308,43,1.0,21.9,308,43,1.0,21.9,308,43,1.0,21.9,308,43,1.0,21.9,308,43,1.0,21.9,308,43,1.0,21.9,308,43,1.0,21.9,308,43,1.0,21.9,308,43,1.0,21.9,308,43,1.0,21.9,308,43,1.0,21.9,308,43,1.0,21.9,308,43,1.0,21.9,308,43,1.0,21.9,308,43,1.0,21.9,308,43,1.0,21.9,308,43,1.0,21.9,308,43,1.0,21.9,308,43,1.0,21.9,308,43,1.0,21.9,308,43,1.0,21.9,308,43,1.0,21.9,308,43,1.0,21.9,308,43,1.0,21.9,308,43,1.0,21.9,308,43,1.0,21.9,308,43,1.0,21.9
225,116.64,1.29,3.22,0,309,43,1.0,21.9,309,43,1.0,21.9,309,43,1.0,21.9,309,43,1.0,21.9,309,43,1.0,21.9,309,43,1.0,21.9,309,43,1.0,21.9,309,43,1.0,21.9,309,43,1.0,21.9,309,43,1.0,21.9,309,43,1.0,21.9,309,43,1.0,21.9,309,43,1.0,21.9,309,43,1.0,21.9,309,43,1.0,21.9,309,43,1.0,21.9,309,43,1.0,21.9,309,43,1.0,21.9,309,43,1.0,21.9,309,43,1.0,21.9,309,43,1.0,21.9,309,43,1.0,21.9,309,43,1.0,21.9,309,43,1.0,21.9,309,43,1.0,21.9,309,43,1.0,21.9,309,43,1.0,21.9,309,43,1.0,21.9,309,43,1.0,21.9,309,43,1.0,21.9,309,43,1.0,21.9,309,43,1.0,21.9
226,117.59,1.29,3.22,0,309,45,1.0,21.8,309,45,1.0,21.8,309,45,1.0,21.8,309,45,1.0,21.8,309,45,1.0,21.8,309,45,1.0,21.8,309,45,1.0,21.8,309,45,1.0,21.8,309,45,1.0,21.8,309,45,1.0,21.8,309,45,1.0,21.8,309,45,1.0,21.8,309,45,1.0,21.8,309,45,1.0,21.8,309,45,1.0,21.8,309,45,1.0,21.8,309,45,1.0,21.8,309,45,1.0,21.8,309,45,1.0,21.8,309,45,1.0,21.8,309,45,1.0,21.8,309,45,1.0,21.8,309,45,1.0,21.8,309,45,1.0,21.8,309,45,1.0,21.8,309,45,1.0,21.8,309,45,1.0,21.8,309,45,1.0,21.8,309,45,1.0,21.8,309,45,1.0,21.8,309,45,1.0,21.8,309,45,1.0,21.8
227,118.31,1.3,3.24,0,311,43,1.0,22.0,311,43,1.0,22.0,311,43,1.0,22.0,311,43,1.0,22.0,311,43,1.0,22.0,311,43,1.0,22.0,311,43,1.0,22.0,311,43,1.0,22.0,311,43,1.0,22.0,311,43,1.0,22.0,311,43,1.0,22.0,311,43,1.0,22.0,311,43,1.0,22.0,311,43,1.0,22.0,311,43,1.0,22.0,311,43,1.0,22.0,311,43,1.0,22.0,311,43,1.0,22.0,311,43,1.0,22.0,311,43,1.0,22.0,311,43,1.0,22.0,311,43,1.0,22.0,311,43,1.0,22.0,311,43,1.0,22.0,311,43,1.0,22.0,311,43,1.0,22.0,311,43,1.0,22.0,311,43,1.0,22.0,311,43,1.0,22.0,311,43,1.0,22.0,311,43,1.0,22.0,311,43,1.0,22.0
228,119.26,1.3,3.25,0,312,43,1.0,22.0,312,43,1.0,22.0,312,43,1.0,22.0,312,43,1.0,22.0,312,43,1.0,22.0,312,43,1.0,22.0,312,43,1.0,22.0,312,43,1.0,22.0,312,43,1.0,22.0,312,43,1.0,22.0,312,43,1.0,22.0,312,43,1.0,22.0,312,43,1.0,22.0,312,43,1.0,22.0,312,43,1.0,22.0,312,43,1.0,22.0,312,43,1.0,22.0,312,43,1.0,22.0,312,43,1.0,22.0,312,43,1.0,22.0,312,43,1.0,22.0,312,43,1.0,22.0,312,43,1.0,22.0,312,43,1.0,22.0,312,43,1.0,22.0,312,43,1.0,22.0,312,43,1.0,22.0,312,43,1.0,22.0,312,43,1.0,22.0,312,43,1.0,22.0,312,43,1.0,22.0,312,43,1.0,22.0
229,119.74,1.3,3.26,0,313,43,1.0,22.0,313,43,1.0,22.0,313,43,1.0,22.0,313,43,1.0,22.0,313,43,1.0,22.0,313,43,1.0,22.0,313,43,1.0,22.0,313,43,1.0,22.0,313,43,1.0,22.0,313,43,1.0,22.0,313,43,1.0,22.0,313,43,1.0,22.0,313,43,1.0,22.0,313,43,1.0,22.0,313,43,1.0,22.0,313,43,1.0,22.0,313,43,1.0,22.0,313,43,1.0,22.0,313,43,1.0,22.0,313,43,1.0,22.0,313,43,1.0,22.0,313,43,1.0,22.0,313,43,1.0,22.0,313,43,1.0,22.0,313,43,1.0,22.0,313,43,1.0,22.0,313,43,1.0,22.0,313,43,1.0,22.0,313,43,1.0,22.0,313,43,1.0,22.0,313,43,1.0,22.0,313,43,1.0,22.0
230,120.45,1.31,3.27,0,314,44,1.0,21.9,314,44,1.0,21.9,314,44,1.0,21.9,314,44,1.0,21.9,314,44,1.0,21.9,314,44,1.0,21.9,314,44,1.0,21.9,314,44,1.0,21.9,314,44,1.0,21.9,314,44,1.0,21.9,314,44,1.0,21.9,314,44,1.0,21.9,314,44,1.0,21.9,314,44,1.0,21.9,314,44,1.0,21.9,314,44,1.0,21.9,314,44,1.0,21.9,314,44,1.0,21.9,314,44,1.0,21.9,314,44,1.0,21.9,314,44,1.0,21.9,314,44,1.0,21.9,314,44,1.0,21.9,314,44,1.0,21.9,314,44,1.0,21.9,314,44,1.0,21.9,314,44,1.0,21.9,314,44,1.0,21.9,314,44,1.0,21.9,314,44,1.0,21.9,314,44,1.0,21.9,314,44,1.0,21.9
231,120.93,1.31,3.28,0,315,44,1.0,21.9,315,44,1.0,21.9,315,44,1.0,21.9,315,44,1.0,21.9,315,44,1.0,21.9,315,44,1.0,21.9,315,44,1.0,21.9,315,44,1.0,21.9,315,44,1.0,21.9,315,44,1.0,21.9,315,44,1.0,21.9,315,44,1.0,21.9,315,44,1.0,21.9,315,44,1.0,21.9,315,44,1.0,21.9,315,44,1.0,21.9,315,44,1.0,21.9,315,44,1.0,21.9,315,44,1.0,21.9,315,44,1.0,21.9,315,44,1.0,21.9,315,44,1.0,21.9,315,44,1.0,21.9,315,44,1.0,21.9,315,44,1.0,21.9,315,44,1.0,21.9,315,44,1.0,21.9,315,44,1.0,21.9,315,44,1.0,21.9,315,44,1.0,21.9,315,44,1.0,21.9,315,44,1.0,21.9
232,121.41,1.31,3.28,0,315,46,1.0,21.8,315,46,1.0,21.8,315,46,1.0,21.8,315,46,1.0,21.8,315,46,1.0,21.8,315,46,1.0,21.8,315,46,1.0,21.8,315,46,1.0,21.8,315,46,1.0,21.8,315,46,1.0,21.8,315,46,1.0,21.8,315,46,1.0,21.8,315,46,1.0,21.8,315,46,1.0,21.8,315,46,1.0,21.8,315,46,1.0,21.8,315,46,1.0,21.8,315,46,1.0,21.8,315,46,1.0,21.8,315,46,1.0,21.8,315,46,1.0,21.8,315,46,1.0,21.8,315,46,1.0,21.8,315,46,1.0,21.8,315,46,1.0,21.8,315,46,1.0,21.8,315,46,1.0,21.8,315,46,1.0,21.8,315,46,1.0,21.8,315,46,1.0,21.8,315,46,1.0,21.8,315,46,1.0,21.8
233,121.42,1.32,3.29,0,316,46,1.0,21.8,316,46,1.0,21.8,316,46,1.0,21.8,316,46,1.0,21.8,316,46,1.0,21.8,316,46,1.0,21.8,316,46,1.0,21.8,316,46,1.0,21.8,316,46,1.0,21.8,316,46,1.0,21.8,316,46,1.0,21.8,316,46,1.0,21.8,316,46,1.0,21.8,316,46,1.0,21.8,316,46,1.0,21.8,316,46,1.0,21.8,316,46,1.0,21.8,316,46,1.0,21.8,316,46,1.0,21.8,316,46,1.0,21.8,316,46,1.0,21.8,316,46,1.0,21.8,316,46,1.0,21.8,316,46,1.0,21.8,316,46,1.0,21.8,316,46,1.0,21.8,316,46,1.0,21.8,316,46,1.0,21.8,316,46,1.0,21.8,316,46,1.0,21.8,316,46,1.0,21.8,316,46,1.0,21.8
234,122.13,1.32,3.31,0,318,44,1.0,22.0,318,44,1.0,22.0,318,44,1.0,22.0,318,44,1.0,22.0,318,44,1.0,22.0,318,44,1.0,22.0,318,44,1.0,22.0,318,44,1.0,22.0,318,44,1.0,22.0,318,44,1.0,22.0,318,44,1.0,22.0,318,44,1.0,22.0,318,44,1.0,22.0,318,44,1.0,22.0,318,44,1.0,22.0,318,44,1.0,22.0,318,44,1.0,22.0,318,44,1.0,22.0,318,44,1.0,22.0,318,44,1.0,22.0,318,44,1.0,22.0,318,44,1.0,22.0,318,44,1.0,22.0,318,44,1.0,22.0,318,44,1.0,22.0,318,44,1.0,22.0,318,44,1.0,22.0,318,44,1.0,22.0,318,44,1.0,22.0,318,44,1.0,22.0,318,44,1.0,22.0,318,44,1.0,22.0
235,122.61,1.33,3.32,0,319,45,1.0,21.9,319,45,1.0,21.9,319,45,1.0,21.9,319,45,1.0,21.9,319,45,1.0,21.9,319,45,1.0,21.9,319,45,1.0,21.9,319,45,1.0,21.9,319,45,1.0,21.9,319,45,1.0,21.9,319,45,1.0,21.9,319,45,1.0,21.9,319,45,1.0,21.9,319,45,1.0,21.9,319,45,1.0,21.9,319,45,1.0,21.9,319,45,1.0,21.9,319,45,1.0,21.9,319,45,1.0,21.9,319,45,1.0,21.9,319,45,1.0,21.9,319,45,1.0,21.9,319,45,1.0,21.9,319,45,1.0,21.9,319,45,1.0,21.9,319,45,1.0,21.9,319,45,1.0,21.9,319,45,1.0,21.9,319,45,1.0,21.9,319,45,1.0,21.9,319,45,1.0,21.9,319,45,1.0,21.9
236,123.57,1.34,3.34,0,321,43,1.0,22.0,321,43,1.0,22.0,321,43,1.0,22.0,321,43,1.0,22.0,321,43,1.0,22.0,321,43,1.0,22.0,321,43,1.0,22.0,321,43,1.0,22.0,321,43,1.0,22.0,321,43,1.0,22.0,321,43,1.0,22.0,321,43,1.0,22.0,321,43,1.0,22.0,321,43,1.0,22.0,321,43,1.0,22.0,321,43,1.0,22.0,321,43,1.0,22.0,321,43,1.0,22.0,321,43,1.0,22.0,321,43,1.0,22.0,321,43,1.0,22.0,321,43,1.0,22.0,321,43,1.0,22.0,321,43,1.0,22.0,321,43,1.0,22.0,321,43,1.0,22.0,321,43,1.0,22.0,321,43,1.0,22.0,321,43,1.0,22.0,321,43,1.0,22.0,321,43,1.0,22.0,321,43,1.0,22.0
237,124.52,1.35,3.36,0,323,40,1.0,22.2,323,40,1.0,22.2,323,40,1.0,22.2,323,40,1.0,22.2,323,40,1.0,22.2,323,40,1.0,22.2,323,40,1.0,22.2,323,40,1.0,22.2,323,40,1.0,22.2,323,40,1.0,22.2,323,40,1.0,22.2,323,40,1.0,22.2,323,40,1.0,22.2,323,40,1.0,22.2,323,40,1.0,22.2,323,40,1.0,22.2,323,40,1.0,22.2,323,40,1.0,22.2,323,40,1.0,22.2,323,40,1.0,22.2,323,40,1.0,22.2,323,40,1.0,22.2,323,40,1.0,22.2,323,40,1.0,22.2,323,40,1.0,22.2,323,40,1.0,22.2,323,40,1.0,22.2,323,40,1.0,22.2,323,40,1.0,22.2,323,40,1.0,22.2,323,40,1.0,22.2,323,40,1.0,22.2
238,125.23,1.35,3.36,0,323,42,1.0,22.1,323,42,1.0,22.1,323,42,1.0,22.1,323,42,1.0,22.1,323,42,1.0,22.1,323,42,1.0,22.1,323,42,1.0,22.1,323,42,1.0,22.1,323,42,1.0,22.1,323,42,1.0,22.1,323,42,1.0,22.1,323,42,1.0,22.1,323,42,1.0,22.1,323,42,1.0,22.1,323,42,1.0,22.1,323,42,1.0,22.1,323,42,1.0,22.1,323,42,1.0,22.1,323,42,1.0,22.1,323,42,1.0,22.1,323,42,1.0,22.1,323,42,1.0,22.1,323,42,1.0,22.1,323,42,1.0,22.1,323,42,1.0,22.1,323,42,1.0,22.1,323,42,1.0,22.1,323,42,1.0,22.1,323,42,1.0,22.1,323,42,1.0,22.1,323,42,1.0,22.1,323,42,1.0,22.1
239,126.18,1.36,3.41,0,327,39,1.0,22.3,327,39,1.0,22.3,327,39,1.0,22.3,327,39,1.0,22.3,327,39,1.0,22.3,327,39,1.0,22.3,327,39,1.0,22.3,327,39,1.0,22.3,327,39,1.0,22.3,327,39,1.0,22.3,327,39,1.0,22.3,327,39,1.0,22.3,327,39,1.0,22.3,327,39,1.0,22.3,327,39,1.0,22.3,327,39,1.0,22.3,327,39,1.0,22.3,327,39,1.0,22.3,327,39,1.0,22.3,327,39,1.0,22.3,327,39,1.0,22.3,327,39,1.0,22.3,327,39,1.0,22.3,327,39,1.0,22.3,327,39,1.0,22.3,327,39,1.0,22.3,327,39,1.0,22.3,327,39,1.0,22.3,327,39,1.0,22.3,327,39,1.0,22.3,327,39,1.0,22.3,327,39,1.0,22.3
240,126.65,1.36,3.41,0,327,37,1.0,22.5,327,37,1.0,22.5,327,37,1.0,22.5,327,37,1.0,22.5,327,37,1.0,22.5,327,37,1.0,22.5,327,37,1.0,22.5,327,37,1.0,22.5,327,37,1.0,22.5,327,37,1.0,22.5,327,37,1.0,22.5,327,37,1.0,22.5,327,37,1.0,22.5,327,37,1.0,22.5,327,37,1.0,22.5,327,37,1.0,22.5,327,37,1.0,22.5,327,37,1.0,22.5,327,37,1.0,22.5,327,37,1.0,22.5,327,37,1.0,22.5,327,37,1.0,22.5,327,37,1.0,22.5,327,37,1.0,22.5,327,37,1.0,22.5,327,37,1.0,22.5,327,37,1.0,22.5,327,37,1.0,22.5,327,37,1.0,22.5,327,37,1.0,22.5,327,37,1.0,22.5,327,37,1.0,22.5
241,126.64,1.35,3.39,0,325,38,1.0,22.4,325,38,1.0,22.4,325,38,1.0,22.4,325,38,1.0,22.4,325,38,1.0,22.4,325,38,1.0,22.4,325,38,1.0,22.4,325,38,1.0,22.4,325,38,1.0,22.4,325,38,1.0,22.4,325,38,1.0,22.4,325,38,1.0,22.4,325,38,1.0,22.4,325,38,1.0,22.4,325,38,1.0,22.4,325,38,1.0,22.4,325,38,1.0,22.4,325,38,1.0,22.4,325,38,1.0,22.4,325,38,1.0,22.4,325,38,1.0,22.4,325,38,1.0,22.4,325,38,1.0,22.4,325,38,1.0,22.4,325,38,1.0,22.4,325,38,1.0,22.4,325,38,1.0,22.4,325,38,1.0,22.4,325,38,1.0,22.4,325,38,1.0,22.4,325,38,1.0,22.4,325,38,1.0,22.4
242,127.35,1.35,3.36,0,323,41,1.0,22.2,323,41,1.0,22.2,323,41,1.0,22.2,323,41,1.0,22.2,323,41,1.0,22.2,323,41,1.0,22.2,323,41,1.0,22.2,323,41,1.0,22.2,323,41,1.0,22.2,323,41,1.0,22.2,323,41,1.0,22.2,323,41,1.0,22.2,323,41,1.0,22.2,323,41,1.0,22.2,323,41,1.0,22.2,323,41,1.0,22.2,323,41,1.0,22.2,323,41,1.0,22.2,323,41,1.0,22.2,323,41,1.0,22.2,323,41,1.0,22.2,323,41,1.0,22.2,323,41,1.0,22.2,323,41,1.0,22.2,323,41,1.0,22.2,323,41,1.0,22.2,323,41,1.0,22.2,323,41,1.0,22.2,323,41,1.0,22.2,323,41,1.0,22.2,323,41,1.0,22.2,323,41,1.0,22.2
243,127.82,1.35,3.36,0,323,42,1.0,22.1,323,42,1.0,22.1,323,42,1.0,22.1,323,42,1.0,22.1,323,42,1.0,22.1,323,42,1.0,22.1,323,42,1.0,22.1,323,42,1.0,22.1,323,42,1.0,22.1,323,42,1.0,22.1,323,42,1.0,22.1,323,42,1.0,22.1,323,42,1.0,22.1,323,42,1.0,22.1,323,42,1.0,22.1,323,42,1.0,22.1,323,42,1.0,22.1,323,42,1.0,22.1,323,42,1.0,22.1,323,42,1.0,22.1,323,42,1.0,22.1,323,42,1.0,22.1,323,42,1.0,22.1,323,42,1.0,22.1,323,42,1.0,22.1,323,42,1.0,22.1,323,42,1.0,22.1,323,42,1.0,22.1,323,42,1.0,22.1,323,42,1.0,22.1,323,42,1.0,22.1,323,42,1.0,22.1
244,128.53,1.34,3.35,0,322,44,1.0,22.0,322,44,1.0,22.0,322,44,1.0,22.0,322,44,1.0,22.0,322,44,1.0,22.0,322,44,1.0,22.0,322,44,1.0,22.0,322,44,1.0,22.0,322,44,1.0,22.0,322,44,1.0,22.0,322,44,1.0,22.0,322,44,1.0,22.0,322,44,1.0,22.0,322,44,1.0,22.0,322,44,1.0,22.0,322,44,1.0,22.0,322,44,1.0,22.0,322,44,1.0,22.0,322,44,1.0,22.0,322,44,1.0,22.0,322,44,1.0,22.0,322,44,1.0,22.0,322,44,1.0,22.0,322,44,1.0,22.0,322,44,1.0,22.0,322,44,1.0,22.0,322,44,1.0,22.0,322,44,1.0,22.0,322,44,1.0,22.0,322,44,1.0,22.0,322,44,1.0,22.0,322,44,1.0,22.0
245,129.24,1.34,3.35,0,322,44,1.0,22.0,322,44,1.0,22.0,322,44,1.0,22.0,322,44,1.0,22.0,322,44,1.0,22.0,322,44,1.0,22.0,322,44,1.0,22.0,322,44,1.0,22.0,322,44,1.0,22.0,322,44,1.0,22.0,322,44,1.0,22.0,322,44,1.0,22.0,322,44,1.0,22.0,322,44,1.0,22.0,322,44,1.0,22.0,322,44,1.0,22.0,322,44,1.0,22.0,322,44,1.0,22.0,322,44,1.0,22.0,322,44,1.0,22.0,322,44,1.0,22.0,322,44,1.0,22.0,322,44,1.0,22.0,322,44,1.0,22.0,322,44,1.0,22.0,322,44,1.0,22.0,322,44,1.0,22.0,322,44,1.0,22.0,322,44,1.0,22.0,322,44,1.0,22.0,322,44,1.0,22.0,322,44,1.0,22.0
246,129.95,1.34,3.35,0,322,45,1.0,21.9,322,45,1.0,21.9,322,45,1.0,21.9,322,45,1.0,21.9,322,45,1.0,21.9,322,45,1.0,21.9,322,45,1.0,21.9,322,45,1.0,21.9,322,45,1.0,21.9,322,45,1.0,21.9,322,45,1.0,21.9,322,45,1.0,21.9,322,45,1.0,21.9,322,45,1.0,21.9,322,45,1.0,21.9,322,45,1.0,21.9,322,45,1.0,21.9,322,45,1.0,21.9,322,45,1.0,21.9,322,45,1.0,21.9,322,45,1.0,21.9,322,45,1.0,21.9,322,45,1.0,21.9,322,45,1.0,21.9,322,45,1.0,21.9,322,45,1.0,21.9,322,45,1.0,21.9,322,45,1.0,21.9,322,45,1.0,21.9,322,45,1.0,21.9,322,45,1.0,21.9,322,45,1.0,21.9
247,129.45,1.35,3.38,0,324,41,1.0,22.2,324,41,1.0,22.2,324,41,1.0,22.2,324,41,1.0,22.2,324,41,1.0,22.2,324,41,1.0,22.2,324,41,1.0,22.2,324,41,1.0,22.2,324,41,1.0,22.2,324,41,1.0,22.2,324,41,1.0,22.2,324,41,1.0,22.2,324,41,1.0,22.2,324,41,1.0,22.2,324,41,1.0,22.2,324,41,1.0,22.2,324,41,1.0,22.2,324,41,1.0,22.2,324,41,1.0,22.2,324,41,1.0,22.2,324,41,1.0,22.2,324,41,1.0,22.2,324,41,1.0,22.2,324,41,1.0,22.2,324,41,1.0,22.2,324,41,1.0,22.2,324,41,1.0,22.2,324,41,1.0,22.2,324,41,1.0,22.2,324,41,1.0,22.2,324,41,1.0,22.2,324,41,1.0,22.2
248,129.92,1.35,3.38,0,324,44,1.0,22.0,324,44,1.0,22.0,324,44,1.0,22.0,324,44,1.0,22.0,324,44,1.0,22.0,324,44,1.0,22.0,324,44,1.0,22.0,324,44,1.0,22.0,324,44,1.0,22.0,324,44,1.0,22.0,324,44,1.0,22.0,324,44,1.0,22.0,324,44,1.0,22.0,324,44,1.0,22.0,324,44,1.0,22.0,324,44,1.0,22.0,324,44,1.0,22.0,324,44,1.0,22.0,324,44,1.0,22.0,324,44,1.0,22.0,324,44,1.0,22.0,324,44,1.0,22.0,324,44,1.0,22.0,324,44,1.0,22.0,324,44,1.0,22.0,324,44,1.0,22.0,324,44,1.0,22.0,324,44,1.0,22.0,324,44,1.0,22.0,324,44,1.0,22.0,324,44,1.0,22.0,324,44,1.0,22.0
249,130.88,1.35,3.36,0,323,45,1.0,21.9,323,45,1.0,21.9,323,45,1.0,21.9,323,45,1.0,21.9,323,45,1.0,21.9,323,45,1.0,21.9,323,45,1.0,21.9,323,45,1.0,21.9,323,45,1.0,21.9,323,45,1.0,21.9,323,45,1.0,21.9,323,45,1.0,21.9,323,45,1.0,21.9,323,45,1.0,21.9,323,45,1.0,21.9,323,45,1.0,21.9,323,45,1.0,21.9,323,45,1.0,21.9,323,45,1.0,21.9,323,45,1.0,21.9,323,45,1.0,21.9,323,45,1.0,21.9,323,45,1.0,21.9,323,45,1.0,21.9,323,45,1.0,21.9,323,45,1.0,21.9,323,45,1.0,21.9,323,45,1.0,21.9,323,45,1.0,21.9,323,45,1.0,21.9,323,45,1.0,21.9,323,45,1.0,21.9
250,131.11,1.35,3.36,0,323,46,1.0,21.9,323,46,1.0,21.9,323,46,1.0,21.9,323,46,1.0,21.9,323,46,1.0,21.9,323,46,1.0,21.9,323,46,1.0,21.9,323,46,1.0,21.9,323,46,1.0,21.9,323,46,1.0,21.9,323,46,1.0,21.9,323,46,1.0,21.9,323,46,1.0,21.9,323,46,1.0,21.9,323,46,1.0,21.9,323,46,1.0,21.9,323,46,1.0,21.9,323,46,1.0,21.9,323,46,1.0,21.9,323,46,1.0,21.9,323,46,1.0,21.9,323,46,1.0,21.9,323,46,1.0,21.9,323,46,1.0,21.9,323,46,1.0,21.9,323,46,1.0,21.9,323,46,1.0,21.9,323,46,1.0,21.9,323,46,1.0,21.9,323,46,1.0,21.9,323,46,1.0,21.9,323,46,1.0,21.9
251,131.58,1.35,3.38,0,324,47,1.0,21.8,324,47,1.0,21.8,324,47,1.0,21.8,324,47,1.0,21.8,324,47,1.0,21.8,324,47,1.0,21.8,324,47,1.0,21.8,324,47,1.0,21.8,324,47,1.0,21.8,324,47,1.0,21.8,324,47,1.0,21.8,324,47,1.0,21.8,324,47,1.0,21.8,324,47,1.0,21.8,324,47,1.0,21.8,324,47,1.0,21.8,324,47,1.0,21.8,324,47,1.0,21.8,324,47,1.0,21.8,324,47,1.0,21.8,324,47,1.0,21.8,324,47,1.0,21.8,324,47,1.0,21.8,324,47,1.0,21.8,324,47,1.0,21.8,324,47,1.0,21.8,324,47,1.0,21.8,324,47,1.0,21.8,324,47,1.0,21.8,324,47,1.0,21.8,324,47,1.0,21.8,324,47,1.0,21.8
252,131.81,1.35,3.38,0,324,49,1.0,21.7,324,49,1.0,21.7,324,49,1.0,21.7,324,49,1.0,21.7,324,49,1.0,21.7,324,49,1.0,21.7,324,49,1.0,21.7,324,49,1.0,21.7,324,49,1.0,21.7,324,49,1.0,21.7,324,49,1.0,21.7,324,49,1.0,21.7,324,49,1.0,21.7,324,49,1.0,21.7,324,49,1.0,21.7,324,49,1.0,21.7,324,49,1.0,21.7,324,49,1.0,21.7,324,49,1.0,21.7,324,49,1.0,21.7,324,49,1.0,21.7,324,49,1.0,21.7,324,49,1.0,21.7,324,49,1.0,21.7,324,49,1.0,21.7,324,49,1.0,21.7,324,49,1.0,21.7,324,49,1.0,21.7,324,49,1.0,21.7,324,49,1.0,21.7,324,49,1.0,21.7,324,49,1.0,21.7
253,132.05,1.35,3.36,0,323,51,1.0,21.6,323,51,1.0,21.6,323,51,1.0,21.6,323,51,1.0,21.6,323,51,1.0,21.6,323,51,1.0,21.6,323,51,1.0,21.6,323,51,1.0,21.6,323,51,1.0,21.6,323,51,1.0,21.6,323,51,1.0,21.6,323,51,1.0,21.6,323,51,1.0,21.6,323,51,1.0,21.6,323,51,1.0,21.6,323,51,1.0,21.6,323,51,1.0,21.6,323,51,1.0,21.6,323,51,1.0,21.6,323,51,1.0,21.6,323,51,1.0,21.6,323,51,1.0,21.6,323,51,1.0,21.6,323,51,1.0,21.6,323,51,1.0,21.6,323,51,1.0,21.6,323,51,1.0,21.6,323,51,1.0,21.6,323,51,1.0,21.6,323,51,1.0,21.6,323,51,1.0,21.6,323,51,1.0,21.6
254,132.76,1.34,3.35,0,322,52,1.0,21.5,322,52,1.0,21.5,322,52,1.0,21.5,322,52,1.0,21.5,322,52,1.0,21.5,322,52,1.0,21.5,322,52,1.0,21.5,322,52,1.0,21.5,322,52,1.0,21.5,322,52,1.0,21.5,322,52,1.0,21.5,322,52,1.0,21.5,322,52,1.0,21.5,322,52,1.0,21.5,322,52,1.0,21.5,322,52,1.0,21.5,322,52,1.0,21.5,322,52,1.0,21.5,322,52,1.0,21.5,322,52,1.0,21.5,322,52,1.0,21.5,322,52,1.0,21.5,322,52,1.0,21.5,322,52,1.0,21.5,322,52,1.0,21.5,322,52,1.0,21.5,322,52,1.0,21.5,322,52,1.0,21.5,322,52,1.0,21.5,322,52,1.0,21.5,322,52,1.0,21.5,322,52,1.0,21.5
255,133.0,1.35,3.39,0,325,52,1.0,21.6,325,52,1.0,21.6,325,52,1.0,21.6,325,52,1.0,21.6,325,52,1.0,21.6,325,52,1.0,21.6,325,52,1.0,21.6,325,52,1.0,21.6,325,52,1.0,21.6,325,52,1.0,21.6,325,52,1.0,21.6,325,52,1.0,21.6,325,52,1.0,21.6,325,52,1.0,21.6,325,52,1.0,21.6,325,52,1.0,21.6,325,52,1.0,21.6,325,52,1.0,21.6,325,52,1.0,21.6,325,52,1.0,21.6,325,52,1.0,21.6,325,52,1.0,21.6,325,52,1.0,21.6,325,52,1.0,21.6,325,52,1.0,21.6,325,52,1.0,21.6,325,52,1.0,21.6,325,52,1.0,21.6,325,52,1.0,21.6,325,52,1.0,21.6,325,52,1.0,21.6,325,52,1.0,21.6
256,133.95,1.35,3.39,0,325,52,1.0,21.6,325,52,1.0,21.6,325,52,1.0,21.6,325,52,1.0,21.6,325,52,1.0,21.6,325,52,1.0,21.6,325,52,1.0,21.6,325,52,1.0,21.6,325,52,1.0,21.6,325,52,1.0,21.6,325,52,1.0,21.6,325,52,1.0,21.6,325,52,1.0,21.6,325,52,1.0,21.6,325,52,1.0,21.6,325,52,1.0,21.6,325,52,1.0,21.6,325,52,1.0,21.6,325,52,1.0,21.6,325,52,1.0,21.6,325,52,1.0,21.6,325,52,1.0,21.6,325,52,1.0,21.6,325,52,1.0,21.6,325,52,1.0,21.6,325,52,1.0,21.6,325,52,1.0,21.6,325,52,1.0,21.6,325,52,1.0,21.6,325,52,1.0,21.6,325,52,1.0,21.6,325,52,1.0,21.6
257,134.19,1.36,3.4,0,326,50,1.0,21.7,326,50,1.0,21.7,326,50,1.0,21.7,326,50,1.0,21.7,326,50,1.0,21.7,326,50,1.0,21.7,326,50,1.0,21.7,326,50,1.0,21.7,326,50,1.0,21.7,326,50,1.0,21.7,326,50,1.0,21.7,326,50,1.0,21.7,326,50,1.0,21.7,326,50,1.0,21.7,326,50,1.0,21.7,326,50,1.0,21.7,326,50,1.0,21.7,326,50,1.0,21.7,326,50,1.0,21.7,326,50,1.0,21.7,326,50,1.0,21.7,326,50,1.0,21.7,326,50,1.0,21.7,326,50,1.0,21.7,326,50,1.0,21.7,326,50,1.0,21.7,326,50,1.0,21.7,326,50,1.0,21.7,326,50,1.0,21.7,326,50,1.0,21.7,326,50,1.0,21.7,326,50,1.0,21.7
258,134.66,1.36,3.4,0,326,49,1.0,21.7,326,49,1.0,21.7,326,49,1.0,21.7,326,49,1.0,21.7,326,49,1.0,21.7,326,49,1.0,21.7,326,49,1.0,21.7,326,49,1.0,21.7,326,49,1.0,21.7,326,49,1.0,21.7,326,49,1.0,21.7,326,49,1.0,21.7,326,49,1.0,21.7,326,49,1.0,21.7,326,49,1.0,21.7,326,49,1.0,21.7,326,49,1.0,21.7,326,49,1.0,21.7,326,49,1.0,21.7,326,49,1.0,21.7,326,49,1.0,21.7,326,49,1.0,21.7,326,49,1.0,21.7,326,49,1.0,21.7,326,49,1.0,21.7,326,49,1.0,21.7,326,49,1.0,21.7,326,49,1.0,21.7,326,49,1.0,21.7,326,49,1.0,21.7,326,49,1.0,21.7,326,49,1.0,21.7
259,135.61,1.36,3.4,0,326,49,1.0,21.7,326,49,1.0,21.7,326,49,1.0,21.7,326,49,1.0,21.7,326,49,1.0,21.7,326,49,1.0,21.7,326,49,1.0,21.7,326,49,1.0,21.7,326,49,1.0,21.7,326,49,1.0,21.7,326,49,1.0,21.7,326,49,1.0,21.7,326,49,1.0,21.7,326,49,1.0,21.7,326,49,1.0,21.7,326,49,1.0,21.7,326,49,1.0,21.7,326,49,1.0,21.7,326,49,1.0,21.7,326,49,1.0,21.7,326,49,1.0,21.7,326,49,1.0,21.7,326,49,1.0,21.7,326,49,1.0,21.7,326,49,1.0,21.7,326,49,1.0,21.7,326,49,1.0,21.7,326,49,1.0,21.7,326,49,1.0,21.7,326,49,1.0,21.7,326,49,1.0,21.7,326,49,1.0,21.7
260,136.57,1.35,3.38,0,324,52,1.0,21.5,324,52,1.0,21.5,324,52,1.0,21.5,324,52,1.0,21.5,324,52,1.0,21.5,324,52,1.0,21.5,324,52,1.0,21.5,324,52,1.0,21.5,324,52,1.0,21.5,324,52,1.0,21.5,324,52,1.0,21.5,324,52,1.0,21.5,324,52,1.0,21.5,324,52,1.0,21.5,324,52,1.0,21.5,324,52,1.0,21.5,324,52,1.0,21.5,324,52,1.0,21.5,324,52,1.0,21.5,324,52,1.0,21.5,324,52,1.0,21.5,324,52,1.0,21.5,324,52,1.0,21.5,324,52,1.0,21.5,324,52,1.0,21.5,324,52,1.0,21.5,324,52,1.0,21.5,324,52,1.0,21.5,324,52,1.0,21.5,324,52,1.0,21.5,324,52,1.0,21.5,324,52,1.0,21.5
261,137.28,1.35,3.38,0,324,52,1.0,21.5,324,52,1.0,21.5,324,52,1.0,21.5,324,52,1.0,21.5,324,52,1.0,21.5,324,52,1.0,21.5,324,52,1.0,21.5,324,52,1.0,21.5,324,52,1.0,21.5,324,52,1.0,21.5,324,52,1.0,21.5,324,52,1.0,21.5,324,52,1.0,21.5,324,52,1.0,21.5,324,52,1.0,21.5,324,52,1.0,21.5,324,52,1.0,21.5,324,52,1.0,21.5,324,52,1.0,21.5,324,52,1.0,21.5,324,52,1.0,21.5,324,52,1.0,21.5,324,52,1.0,21.5,324,52,1.0,21.5,324,52,1.0,21.5,324,52,1.0,21.5,324,52,1.0,21.5,324,52,1.0,21.5,324,52,1.0,21.5,324,52,1.0,21.5,324,52,1.0,21.5,324,52,1.0,21.5
262,138.23,1.35,3.38,0,324,52,1.0,21.5,324,52,1.0,21.5,324,52,1.0,21.5,324,52,1.0,21.5,324,52,1.0,21.5,324,52,1.0,21.5,324,52,1.0,21.5,324,52,1.0,21.5,324,52,1.0,21.5,324,52,1.0,21.5,324,52,1.0,21.5,324,52,1.0,21.5,324,52,1.0,21.5,324,52,1.0,21.5,324,52,1.0,21.5,324,52,1.0,21.5,324,52,1.0,21.5,324,52,1.0,21.5,324,52,1.0,21.5,324,52,1.0,21.5,324,52,1.0,21.5,324,52,1.0,21.5,324,52,1.0,21.5,324,52,1.0,21.5,324,52,1.0,21.5,324,52,1.0,21.5,324,52,1.0,21.5,324,52,1.0,21.5,324,52,1.0,21.5,324,52,1.0,21.5,324,52,1.0,21.5,324,52,1.0,21.5
263,138.45,1.35,3.36,0,323,54,1.0,21.4,323,54,1.0,21.4,323,54,1.0,21.4,323,54,1.0,21.4,323,54,1.0,21.4,323,54,1.0,21.4,323,54,1.0,21.4,323,54,1.0,21.4,323,54,1.0,21.4,323,54,1.0,21.4,323,54,1.0,21.4,323,54,1.0,21.4,323,54,1.0,21.4,323,54,1.0,21.4,323,54,1.0,21.4,323,54,1.0,21.4,323,54,1.0,21.4,323,54,1.0,21.4,323,54,1.0,21.4,323,54,1.0,21.4,323,54,1.0,21.4,323,54,1.0,21.4,323,54,1.0,21.4,323,54,1.0,21.4,323,54,1.0,21.4,323,54,1.0,21.4,323,54,1.0,21.4,323,54,1.0,21.4,323,54,1.0,21.4,323,54,1.0,21.4,323,54,1.0,21.4,323,54,1.0,21.4
264,138.43,1.35,3.36,0,323,56,1.0,21.3,323,56,1.0,21.3,323,56,1.0,21.3,323,56,1.0,21.3,323,56,1.0,21.3,323,56,1.0,21.3,323,56,1.0,21.3,323,56,1.0,21.3,323,56,1.0,21.3,323,56,1.0,21.3,323,56,1.0,21.3,323,56,1.0,21.3,323,56,1.0,21.3,323,56,1.0,21.3,323,56,1.0,21.3,323,56,1.0,21.3,323,56,1.0,21.3,323,56,1.0,21.3,323,56,1.0,21.3,323,56,1.0,21.3,323,56,1.0,21.3,323,56,1.0,21.3,323,56,1.0,21.3,323,56,1.0,21.3,323,56,1.0,21.3,323,56,1.0,21.3,323,56,1.0,21.3,323,56,1.0,21.3,323,56,1.0,21.3,323,56,1.0,21.3,323,56,1.0,21.3,323,56,1.0,21.3
265,138.65,1.34,3.35,0,322,58,1.0,21.2,322,58,1.0,21.2,322,58,1.0,21.2,322,58,1.0,21.2,322,58,1.0,21.2,322,58,1.0,21.2,322,58,1.0,21.2,322,58,1.0,21.2,322,58,1.0,21.2,322,58,1.0,21.2,322,58,1.0,21.2,322,58,1.0,21.2,322,58,1.0,21.2,322,58,1.0,21.2,322,58,1.0,21.2,322,58,1.0,21.2,322,58,1.0,21.2,322,58,1.0,21.2,322,58,1.0,21.2,322,58,1.0,21.2,322,58,1.0,21.2,322,58,1.0,21.2,322,58,1.0,21.2,322,58,1.0,21.2,322,58,1.0,21.2,322,58,1.0,21.2,322,58,1.0,21.2,322,58,1.0,21.2,322,58,1.0,21.2,322,58,1.0,21.2,322,58,1.0,21.2,322,58,1.0,21.2
266,138.88,1.35,3.36,0,323,57,1.0,21.2,323,57,1.0,21.2,323,57,1.0,21.2,323,57,1.0,21.2,323,57,1.0,21.2,323,57,1.0,21.2,323,57,1.0,21.2,323,57,1.0,21.2,323,57,1.0,21.2,323,57,1.0,21.2,323,57,1.0,21.2,323,57,1.0,21.2,323,57,1.0,21.2,323,57,1.0,21.2,323,57,1.0,21.2,323,57,1.0,21.2,323,57,1.0,21.2,323,57,1.0,21.2,323,57,1.0,21.2,323,57,1.0,21.2,323,57,1.0,21.2,323,57,1.0,21.2,323,57,1.0,21.2,323,57,1.0,21.2,323,57,1.0,21.2,323,57,1.0,21.2,323,57,1.0,21.2,323,57,1.0,21.2,323,57,1.0,21.2,323,57,1.0,21.2,323,57,1.0,21.2,323,57,1.0,21.2
267,139.35,1.35,3.36,0,323,59,1.0,21.1,323,59,1.0,21.1,323,59,1.0,21.1,323,59,1.0,21.1,323,59,1.0,21.1,323,59,1.0,21.1,323,59,1.0,21.1,323,59,1.0,21.1,323,59,1.0,21.1,323,59,1.0,21.1,323,59,1.0,21.1,323,59,1.0,21.1,323,59,1.0,21.1,323,59,1.0,21.1,323,59,1.0,21.1,323,59,1.0,21.1,323,59,1.0,21.1,323,59,1.0,21.1,323,59,1.0,21.1,323,59,1.0,21.1,323,59,1.0,21.1,323,59,1.0,21.1,323,59,1.0,21.1,323,59,1.0,21.1,323,59,1.0,21.1,323,59,1.0,21.1,323,59,1.0,21.1,323,59,1.0,21.1,323,59,1.0,21.1,323,59,1.0,21.1,323,59,1.0,21.1,323,59,1.0,21.1
268,140.06,1.34,3.35,0,322,58,1.0,21.2,322,58,1.0,21.2,322,58,1.0,21.2,322,58,1.0,21.2,322,58,1.0,21.2,322,58,1.0,21.2,322,58,1.0,21.2,322,58,1.0,21.2,322,58,1.0,21.2,322,58,1.0,21.2,322,58,1.0,21.2,322,58,1.0,21.2,322,58,1.0,21.2,322,58,1.0,21.2,322,58,1.0,21.2,322,58,1.0,21.2,322,58,1.0,21.2,322,58,1.0,21.2,322,58,1.0,21.2,322,58,1.0,21.2,322,58,1.0,21.2,322,58,1.0,21.2,322,58,1.0,21.2,322,58,1.0,21.2,322,58,1.0,21.2,322,58,1.0,21.2,322,58,1.0,21.2,322,58,1.0,21.2,322,58,1.0,21.2,322,58,1.0,21.2,322,58,1.0,21.2,322,58,1.0,21.2
269,140.05,1.34,3.34,0,321,61,1.0,21.0,321,61,1.0,21.0,321,61,1.0,21.0,321,61,1.0,21.0,321,61,1.0,21.0,321,61,1.0,21.0,321,61,1.0,21.0,321,61,1.0,21.0,321,61,1.0,21.0,321,61,1.0,21.0,321,61,1.0,21.0,321,61,1.0,21.0,321,61,1.0,21.0,321,61,1.0,21.0,321,61,1.0,21.0,321,61,1.0,21.0,321,61,1.0,21.0,321,61,1.0,21.0,321,61,1.0,21.0,321,61,1.0,21.0,321,61,1.0,21.0,321,61,1.0,21.0,321,61,1.0,21.0,321,61,1.0,21.0,321,61,1.0,21.0,321,61,1.0,21.0,321,61,1.0,21.0,321,61,1.0,21.0,321,61,1.0,21.0,321,61,1.0,21.0,321,61,1.0,21.0,321,61,1.0,21.0
270,140.76,1.33,3.33,0,320,61,1.0,21.0,320,61,1.0,21.0,320,61,1.0,21.0,320,61,1.0,21.0,320,61,1.0,21.0,320,61,1.0,21.0,320,61,1.0,21.0,320,61,1.0,21.0,320,61,1.0,21.0,320,61,1.0,21.0,320,61,1.0,21.0,320,61,1.0,21.0,320,61,1.0,21.0,320,61,1.0,21.0,320,61,1.0,21.0,320,61,1.0,21.0,320,61,1.0,21.0,320,61,1.0,21.0,320,61,1.0,21.0,320,61,1.0,21.0,320,61,1.0,21.0,320,61,1.0,21.0,320,61,1.0,21.0,320,61,1.0,21.0,320,61,1.0,21.0,320,61,1.0,21.0,320,61,1.0,21.0,320,61,1.0,21.0,320,61,1.0,21.0,320,61,1.0,21.0,320,61,1.0,21.0,320,61,1.0,21.0
271,140.75,1.32,3.3,0,317,60,1.0,21.0,317,60,1.0,21.0,317,60,1.0,21.0,317,60,1.0,21.0,317,60,1.0,21.0,317,60,1.0,21.0,317,60,1.0,21.0,317,60,1.0,21.0,317,60,1.0,21.0,317,60,1.0,21.0,317,60,1.0,21.0,317,60,1.0,21.0,317,60,1.0,21.0,317,60,1.0,21.0,317,60,1.0,21.0,317,60,1.0,21.0,317,60,1.0,21.0,317,60,1.0,21.0,317,60,1.0,21.0,317,60,1.0,21.0,317,60,1.0,21.0,317,60,1.0,21.0,317,60,1.0,21.0,317,60,1.0,21.0,317,60,1.0,21.0,317,60,1.0,21.0,317,60,1.0,21.0,317,60,1.0,21.0,317,60,1.0,21.0,317,60,1.0,21.0,317,60,1.0,21.0,317,60,1.0,21.0
272,141.7,1.3,3.26,0,313,65,1.0,20.7,313,65,1.0,20.7,313,65,1.0,20.7,313,65,1.0,20.7,313,65,1.0,20.7,313,65,1.0,20.7,313,65,1.0,20.7,313,65,1.0,20.7,313,65,1.0,20.7,313,65,1.0,20.7,313,65,1.0,20.7,313,65,1.0,20.7,313,65,1.0,20.7,313,65,1.0,20.7,313,65,1.0,20.7,313,65,1.0,20.7,313,65,1.0,20.7,313,65,1.0,20.7,313,65,1.0,20.7,313,65,1.0,20.7,313,65,1.0,20.7,313,65,1.0,20.7,313,65,1.0,20.7,313,65,1.0,20.7,313,65,1.0,20.7,313,65,1.0,20.7,313,65,1.0,20.7,313,65,1.0,20.7,313,65,1.0,20.7,313,65,1.0,20.7,313,65,1.0,20.7,313,65,1.0,20.7
273,142.17,1.3,3.25,0,312,67,1.0,20.6,312,67,1.0,20.6,312,67,1.0,20.6,312,67,1.0,20.6,312,67,1.0,20.6,312,67,1.0,20.6,312,67,1.0,20.6,312,67,1.0,20.6,312,67,1.0,20.6,312,67,1.0,20.6,312,67,1.0,20.6,312,67,1.0,20.6,312,67,1.0,20.6,312,67,1.0,20.6,312,67,1.0,20.6,312,67,1.0,20.6,312,67,1.0,20.6,312,67,1.0,20.6,312,67,1.0,20.6,312,67,1.0,20.6,312,67,1.0,20.6,312,67,1.0,20.6,312,67,1.0,20.6,312,67,1.0,20.6,312,67,1.0,20.6,312,67,1.0,20.6,312,67,1.0,20.6,312,67,1.0,20.6,312,67,1.0,20.6,312,67,1.0,20.6,312,67,1.0,20.6,312,67,1.0,20.6
274,142.16,1.29,3.22,0,309,70,1.0,20.4,309,70,1.0,20.4,309,70,1.0,20.4,309,70,1.0,20.4,309,70,1.0,20.4,309,70,1.0,20.4,309,70,1.0,20.4,309,70,1.0,20.4,309,70,1.0,20.4,309,70,1.0,20.4,309,70,1.0,20.4,309,70,1.0,20.4,309,70,1.0,20.4,309,70,1.0,20.4,309,70,1.0,20.4,309,70,1.0,20.4,309,70,1.0,20.4,309,70,1.0,20.4,309,70,1.0,20.4,309,70,1.0,20.4,309,70,1.0,20.4,309,70,1.0,20.4,309,70,1.0,20.4,309,70,1.0,20.4,309,70,1.0,20.4,309,70,1.0,20.4,309,70,1.0,20.4,309,70,1.0,20.4,309,70,1.0,20.4,309,70,1.0,20.4,309,70,1.0,20.4,309,70,1.0,20.4
275,143.12,1.28,3.21,0,308,71,1.0,20.3,308,71,1.0,20.3,308,71,1.0,20.3,308,71,1.0,20.3,308,71,1.0,20.3,308,71,1.0,20.3,308,71,1.0,20.3,308,71,1.0,20.3,308,71,1.0,20.3,308,71,1.0,20.3,308,71,1.0,20.3,308,71,1.0,20.3,308,71,1.0,20.3,308,71,1.0,20.3,308,71,1.0,20.3,308,71,1.0,20.3,308,71,1.0,20.3,308,71,1.0,20.3,308,71,1.0,20.3,308,71,1.0,20.3,308,71,1.0,20.3,308,71,1.0,20.3,308,71,1.0,20.3,308,71,1.0,20.3,308,71,1.0,20.3,308,71,1.0,20.3,308,71,1.0,20.3,308,71,1.0,20.3,308,71,1.0,20.3,308,71,1.0,20.3,308,71,1.0,20.3,308,71,1.0,20.3
276,143.59,1.28,3.2,0,307,74,1.0,20.1,307,74,1.0,20.1,307,74,1.0,20.1,307,74,1.0,20.1,307,74,1.0,20.1,307,74,1.0,20.1,307,74,1.0,20.1,307,74,1.0,20.1,307,74,1.0,20.1,307,74,1.0,20.1,307,74,1.0,20.1,307,74,1.0,20.1,307,74,1.0,20.1,307,74,1.0,20.1,307,74,1.0,20.1,307,74,1.0,20.1,307,74,1.0,20.1,307,74,1.0,20.1,307,74,1.0,20.1,307,74,1.0,20.1,307,74,1.0,20.1,307,74,1.0,20.1,307,74,1.0,20.1,307,74,1.0,20.1,307,74,1.0,20.1,307,74,1.0,20.1,307,74,1.0,20.1,307,74,1.0,20.1,307,74,1.0,20.1,307,74,1.0,20.1,307,74,1.0,20.1,307,74,1.0,20.1
277,143.82,1.28,3.2,0,307,74,1.0,20.1,307,74,1.0,20.1,307,74,1.0,20.1,307,74,1.0,20.1,307,74,1.0,20.1,307,74,1.0,20.1,307,74,1.0,20.1,307,74,1.0,20.1,307,74,1.0,20.1,307,74,1.0,20.1,307,74,1.0,20.1,307,74,1.0,20.1,307,74,1.0,20.1,307,74,1.0,20.1,307,74,1.0,20.1,307,74,1.0,20.1,307,74,1.0,20.1,307,74,1.0,20.1,307,74,1.0,20.1,307,74,1.0,20.1,307,74,1.0,20.1,307,74,1.0,20.1,307,74,1.0,20.1,307,74,1.0,20.1,307,74,1.0,20.1,307,74,1.0,20.1,307,74,1.0,20.1,307,74,1.0,20.1,307,74,1.0,20.1,307,74,1.0,20.1,307,74,1.0,20.1,307,74,1.0,20.1
278,143.81,1.27,3.17,0,304,78,1.0,19.9,304,78,1.0,19.9,304,78,1.0,19.9,304,78,1.0,19.9,304,78,1.0,19.9,304,78,1.0,19.9,304,78,1.0,19.9,304,78,1.0,19.9,304,78,1.0,19.9,304,78,1.0,19.9,304,78,1.0,19.9,304,78,1.0,19.9,304,78,1.0,19.9,304,78,1.0,19.9,304,78,1.0,19.9,304,78,1.0,19.9,304,78,1.0,19.9,304,78,1.0,19.9,304,78,1.0,19.9,304,78,1.0,19.9,304,78,1.0,19.9,304,78,1.0,19.9,304,78,1.0,19.9,304,78,1.0,19.9,304,78,1.0,19.9,304,78,1.0,19.9,304,78,1.0,19.9,304,78,1.0,19.9,304,78,1.0,19.9,304,78,1.0,19.9,304,78,1.0,19.9,304,78,1.0,19.9
279,144.29,1.27,3.19,0,306,78,1.0,19.9,306,78,1.0,19.9,306,78,1.0,19.9,306,78,1.0,19.9,306,78,1.0,19.9,306,78,1.0,19.9,306,78,1.0,19.9,306,78,1.0,19.9,306,78,1.0,19.9,306,78,1.0,19.9,306,78,1.0,19.9,306,78,1.0,19.9,306,78,1.0,19.9,306,78,1.0,19.9,306,78,1.0,19.9,306,78,1.0,19.9,306,78,1.0,19.9,306,78,1.0,19.9,306,78,1.0,19.9,306,78,1.0,19.9,306,78,1.0,19.9,306,78,1.0,19.9,306,78,1.0,19.9,306,78,1.0,19.9,306,78,1.0,19.9,306,78,1.0,19.9,306,78,1.0,19.9,306,78,1.0,19.9,306,78,1.0,19.9,306,78,1.0,19.9,306,78,1.0,19.9,306,78,1.0,19.9
280,144.29,1.27,3.18,0,305,79,1.0,19.9,305,79,1.0,19.9,305,79,1.0,19.9,305,79,1.0,19.9,305,79,1.0,19.9,305,79,1.0,19.9,305,79,1.0,19.9,305,79,1.0,19.9,305,79,1.0,19.9,305,79,1.0,19.9,305,79,1.0,19.9,305,79,1.0,19.9,305,79,1.0,19.9,305,79,1.0,19.9,305,79,1.0,19.9,305,79,1.0,19.9,305,79,1.0,19.9,305,79,1.0,19.9,305,79,1.0,19.9,305,79,1.0,19.9,305,79,1.0,19.9,305,79,1.0,19.9,305,79,1.0,19.9,305,79,1.0,19.9,305,79,1.0,19.9,305,79,1.0,19.9,305,79,1.0,19.9,305,79,1.0,19.9,305,79,1.0,19.9,305,79,1.0,19.9,305,79,1.0,19.9,305,79,1.0,19.9
281,144.77,1.27,3.17,0,304,81,1.0,19.7,304,81,1.0,19.7,304,81,1.0,19.7,304,81,1.0,19.7,304,81,1.0,19.7,304,81,1.0,19.7,304,81,1.0,19.7,304,81,1.0,19.7,304,81,1.0,19.7,304,81,1.0,19.7,304,81,1.0,19.7,304,81,1.0,19.7,304,81,1.0,19.7,304,81,1.0,19.7,304,81,1.0,19.7,304,81,1.0,19.7,304,81,1.0,19.7,304,81,1.0,19.7,304,81,1.0,19.7,304,81,1.0,19.7,304,81,1.0,19.7,304,81,1.0,19.7,304,81,1.0,19.7,304,81,1.0,19.7,304,81,1.0,19.7,304,81,1.0,19.7,304,81,1.0,19.7,304,81,1.0,19.7,304,81,1.0,19.7,304,81,1.0,19.7,304,81,1.0,19.7,304,81,1.0,19.7
282,145.72,1.26,3.15,0,302,83,1.0,19.6,302,83,1.0,19.6,302,83,1.0,19.6,302,83,1.0,19.6,302,83,1.0,19.6,302,83,1.0,19.6,302,83,1.0,19.6,302,83,1.0,19.6,302,83,1.0,19.6,302,83,1.0,19.6,302,83,1.0,19.6,302,83,1.0,19.6,302,83,1.0,19.6,302,83,1.0,19.6,302,83,1.0,19.6,302,83,1.0,19.6,302,83,1.0,19.6,302,83,1.0,19.6,302,83,1.0,19.6,302,83,1.0,19.6,302,83,1.0,19.6,302,83,1.0,19.6,302,83,1.0,19.6,302,83,1.0,19.6,302,83,1.0,19.6,302,83,1.0,19.6,302,83,1.0,19.6,302,83,1.0,19.6,302,83,1.0,19.6,302,83,1.0,19.6,302,83,1.0,19.6,302,83,1.0,19.6
283,145.96,1.26,3.15,0,302,86,1.0,19.5,302,86,1.0,19.5,302,86,1.0,19.5,302,86,1.0,19.5,302,86,1.0,19.5,302,86,1.0,19.5,302,86,1.0,19.5,302,86,1.0,19.5,302,86,1.0,19.5,302,86,1.0,19.5,302,86,1.0,19.5,302,86,1.0,19.5,302,86,1.0,19.5,302,86,1.0,19.5,302,86,1.0,19.5,302,86,1.0,19.5,302,86,1.0,19.5,302,86,1.0,19.5,302,86,1.0,19.5,302,86,1.0,19.5,302,86,1.0,19.5,302,86,1.0,19.5,302,86,1.0,19.5,302,86,1.0,19.5,302,86,1.0,19.5,302,86,1.0,19.5,302,86,1.0,19.5,302,86,1.0,19.5,302,86,1.0,19.5,302,86,1.0,19.5,302,86,1.0,19.5,302,86,1.0,19.5
284,146.44,1.25,3.14,0,301,87,1.0,19.4,301,87,1.0,19.4,301,87,1.0,19.4,301,87,1.0,19.4,301,87,1.0,19.4,301,87,1.0,19.4,301,87,1.0,19.4,301,87,1.0,19.4,301,87,1.0,19.4,301,87,1.0,19.4,301,87,1.0,19.4,301,87,1.0,19.4,301,87,1.0,19.4,301,87,1.0,19.4,301,87,1.0,19.4,301,87,1.0,19.4,301,87,1.0,19.4,301,87,1.0,19.4,301,87,1.0,19.4,301,87,1.0,19.4,301,87,1.0,19.4,301,87,1.0,19.4,301,87,1.0,19.4,301,87,1.0,19.4,301,87,1.0,19.4,301,87,1.0,19.4,301,87,1.0,19.4,301,87,1.0,19.4,301,87,1.0,19.4,301,87,1.0,19.4,301,87,1.0,19.4,301,87,1.0,19.4
285,147.15,1.24,3.1,0,298,88,1.0,19.3,298,88,1.0,19.3,298,88,1.0,19.3,298,88,1.0,19.3,298,88,1.0,19.3,298,88,1.0,19.3,298,88,1.0,19.3,298,88,1.0,19.3,298,88,1.0,19.3,298,88,1.0,19.3,298,88,1.0,19.3,298,88,1.0,19.3,298,88,1.0,19.3,298,88,1.0,19.3,298,88,1.0,19.3,298,88,1.0,19.3,298,88,1.0,19.3,298,88,1.0,19.3,298,88,1.0,19.3,298,88,1.0,19.3,298,88,1.0,19.3,298,88,1.0,19.3,298,88,1.0,19.3,298,88,1.0,19.3,298,88,1.0,19.3,298,88,1.0,19.3,298,88,1.0,19.3,298,88,1.0,19.3,298,88,1.0,19.3,298,88,1.0,19.3,298,88,1.0,19.3,298,88,1.0,19.3
286,147.63,1.24,3.1,0,298,90,1.0,19.2,298,90,1.0,19.2,298,90,1.0,19.2,298,90,1.0,19.2,298,90,1.0,19.2,298,90,1.0,19.2,298,90,1.0,19.2,298,90,1.0,19.2,298,90,1.0,19.2,298,90,1.0,19.2,298,90,1.0,19.2,298,90,1.0,19.2,298,90,1.0,19.2,298,90,1.0,19.2,298,90,1.0,19.2,298,90,1.0,19.2,298,90,1.0,19.2,298,90,1.0,19.2,298,90,1.0,19.2,298,90,1.0,19.2,298,90,1.0,19.2,298,90,1.0,19.2,298,90,1.0,19.2,298,90,1.0,19.2,298,90,1.0,19.2,298,90,1.0,19.2,298,90,1.0,19.2,298,90,1.0,19.2,298,90,1.0,19.2,298,90,1.0,19.2,298,90,1.0,19.2,298,90,1.0,19.2
287,147.63,1.24,3.1,0,298,92,1.0,19.1,298,92,1.0,19.1,298,92,1.0,19.1,298,92,1.0,19.1,298,92,1.0,19.1,298,92,1.0,19.1,298,92,1.0,19.1,298,92,1.0,19.1,298,92,1.0,19.1,298,92,1.0,19.1,298,92,1.0,19.1,298,92,1.0,19.1,298,92,1.0,19.1,298,92,1.0,19.1,298,92,1.0,19.1,298,92,1.0,19.1,298,92,1.0,19.1,298,92,1.0,19.1,298,92,1.0,19.1,298,92,1.0,19.1,298,92,1.0,19.1,298,92,1.0,19.1,298,92,1.0,19.1,298,92,1.0,19.1,298,92,1.0,19.1,298,92,1.0,19.1,298,92,1.0,19.1,298,92,1.0,19.1,298,92,1.0,19.1,298,92,1.0,19.1,298,92,1.0,19.1,298,92,1.0,19.1
288,148.59,1.24,3.1,0,298,89,1.0,19.3,298,89,1.0,19.3,298,89,1.0,19.3,298,89,1.0,19.3,298,89,1.0,19.3,298,89,1.0,19.3,298,89,1.0,19.3,298,89,1.0,19.3,298,89,1.0,19.3,298,89,1.0,19.3,298,89,1.0,19.3,298,89,1.0,19.3,298,89,1.0,19.3,298,89,1.0,19.3,298,89,1.0,19.3,298,89,1.0,19.3,298,89,1.0,19.3,298,89,1.0,19.3,298,89,1.0,19.3,298,89,1.0,19.3,298,89,1.0,19.3,298,89,1.0,19.3,298,89,1.0,19.3,298,89,1.0,19.3,298,89,1.0,19.3,298,89,1.0,19.3,298,89,1.0,19.3,298,89,1.0,19.3,298,89,1.0,19.3,298,89,1.0,19.3,298,89,1.0,19.3,298,89,1.0,19.3
289,148.59,1.24,3.09,0,297,93,1.0,19.0,297,93,1.0,19.0,297,93,1.0,19.0,297,93,1.0,19.0,297,93,1.0,19.0,297,93,1.0,19.0,297,93,1.0,19.0,297,93,1.0,19.0,297,93,1.0,19.0,297,93,1.0,19.0,297,93,1.0,19.0,297,93,1.0,19.0,297,93,1.0,19.0,297,93,1.0,19.0,297,93,1.0,19.0,297,93,1.0,19.0,297,93,1.0,19.0,297,93,1.0,19.0,297,93,1.0,19.0,297,93,1.0,19.0,297,93,1.0,19.0,297,93,1.0,19.0,297,93,1.0,19.0,297,93,1.0,19.0,297,93,1.0,19.0,297,93,1.0,19.0,297,93,1.0,19.0,297,93,1.0,19.0,297,93,1.0,19.0,297,93,1.0,19.0,297,93,1.0,19.0,297,93,1.0,19.0
290,148.83,1.24,3.1,0,298,93,1.0,19.1,298,93,1.0,19.1,298,93,1.0,19.1,298,93,1.0,19.1,298,93,1.0,19.1,298,93,1.0,19.1,298,93,1.0,19.1,298,93,1.0,19.1,298,93,1.0,19.1,298,93,1.0,19.1,298,93,1.0,19.1,298,93,1.0,19.1,298,93,1.0,19.1,298,93,1.0,19.1,298,93,1.0,19.1,298,93,1.0,19.1,298,93,1.0,19.1,298,93,1.0,19.1,298,93,1.0,19.1,298,93,1.0,19.1,298,93,1.0,19.1,298,93,1.0,19.1,298,93,1.0,19.1,298,93,1.0,19.1,298,93,1.0,19.1,298,93,1.0,19.1,298,93,1.0,19.1,298,93,1.0,19.1,298,93,1.0,19.1,298,93,1.0,19.1,298,93,1.0,19.1,298,93,1.0,19.1
291,149.31,1.23,3.08,0,296,93,1.0,19.0,296,93,1.0,19.0,296,93,1.0,19.0,296,93,1.0,19.0,296,93,1.0,19.0,296,93,1.0,19.0,296,93,1.0,19.0,296,93,1.0,19.0,296,93,1.0,19.0,296,93,1.0,19.0,296,93,1.0,19.0,296,93,1.0,19.0,296,93,1.0,19.0,296,93,1.0,19.0,296,93,1.0,19.0,296,93,1.0,19.0,296,93,1.0,19.0,296,93,1.0,19.0,296,93,1.0,19.0,296,93,1.0,19.0,296,93,1.0,19.0,296,93,1.0,19.0,296,93,1.0,19.0,296,93,1.0,19.0,296,93,1.0,19.0,296,93,1.0,19.0,296,93,1.0,19.0,296,93,1.0,19.0,296,93,1.0,19.0,296,93,1.0,19.0,296,93,1.0,19.0,296,93,1.0,19.0
292,149.55,1.24,3.1,0,298,95,1.0,19.0,298,95,1.0,19.0,298,95,1.0,19.0,298,95,1.0,19.0,298,95,1.0,19.0,298,95,1.0,19.0,298,95,1.0,19.0,298,95,1.0,19.0,298,95,1.0,19.0,298,95,1.0,19.0,298,95,1.0,19.0,298,95,1.0,19.0,298,95,1.0,19.0,298,95,1.0,19.0,298,95,1.0,19.0,298,95,1.0,19.0,298,95,1.0,19.0,298,95,1.0,19.0,298,95,1.0,19.0,298,95,1.0,19.0,298,95,1.0,19.0,298,95,1.0,19.0,298,95,1.0,19.0,298,95,1.0,19.0,298,95,1.0,19.0,298,95,1.0,19.0,298,95,1.0,19.0,298,95,1.0,19.0,298,95,1.0,19.0,298,95,1.0,19.0,298,95,1.0,19.0,298,95,1.0,19.0
293,150.51,1.25,3.12,0,300,94,1.0,19.0,300,94,1.0,19.0,300,94,1.0,19.0,300,94,1.0,19.0,300,94,1.0,19.0,300,94,1.0,19.0,300,94,1.0,19.0,300,94,1.0,19.0,300,94,1.0,19.0,300,94,1.0,19.0,300,94,1.0,19.0,300,94,1.0,19.0,300,94,1.0,19.0,300,94,1.0,19.0,300,94,1.0,19.0,300,94,1.0,19.0,300,94,1.0,19.0,300,94,1.0,19.0,300,94,1.0,19.0,300,94,1.0,19.0,300,94,1.0,19.0,300,94,1.0,19.0,300,94,1.0,19.0,300,94,1.0,19.0,300,94,1.0,19.0,300,94,1.0,19.0,300,94,1.0,19.0,300,94,1.0,19.0,300,94,1.0,19.0,300,94,1.0,19.0,300,94,1.0,19.0,300,94,1.0,19.0
294,150.28,1.24,3.1,0,298,94,1.0,19.0,298,94,1.0,19.0,298,94,1.0,19.0,298,94,1.0,19.0,298,94,1.0,19.0,298,94,1.0,19.0,298,94,1.0,19.0,298,94,1.0,19.0,298,94,1.0,19.0,298,94,1.0,19.0,298,94,1.0,19.0,298,94,1.0,19.0,298,94,1.0,19.0,298,94,1.0,19.0,298,94,1.0,19.0,298,94,1.0,19.0,298,94,1.0,19.0,298,94,1.0,19.0,298,94,1.0,19.0,298,94,1.0,19.0,298,94,1.0,19.0,298,94,1.0,19.0,298,94,1.0,19.0,298,94,1.0,19.0,298,94,1.0,19.0,298,94,1.0,19.0,298,94,1.0,19.0,298,94,1.0,19.0,298,94,1.0,19.0,298,94,1.0,19.0,298,94,1.0,19.0,298,94,1.0,19.0
295,150.99,1.25,3.11,0,299,96,1.0,18.9,299,96,1.0,18.9,299,96,1.0,18.9,299,96,1.0,18.9,299,96,1.0,18.9,299,96,1.0,18.9,299,96,1.0,18.9,299,96,1.0,18.9,299,96,1.0,18.9,299,96,1.0,18.9,299,96,1.0,18.9,299,96,1.0,18.9,299,96,1.0,18.9,299,96,1.0,18.9,299,96,1.0,18.9,299,96,1.0,18.9,299,96,1.0,18.9,299,96,1.0,18.9,299,96,1.0,18.9,299,96,1.0,18.9,299,96,1.0,18.9,299,96,1.0,18.9,299,96,1.0,18.9,299,96,1.0,18.9,299,96,1.0,18.9,299,96,1.0,18.9,299,96,1.0,18.9,299,96,1.0,18.9,299,96,1.0,18.9,299,96,1.0,18.9,299,96,1.0,18.9,299,96,1.0,18.9
296,151.71,1.24,3.1,0,298,98,1.0,18.8,298,98,1.0,18.8,298,98,1.0,18.8,298,98,1.0,18.8,298,98,1.0,18.8,298,98,1.0,18.8,298,98,1.0,18.8,298,98,1.0,18.8,298,98,1.0,18.8,298,98,1.0,18.8,298,98,1.0,18.8,298,98,1.0,18.8,298,98,1.0,18.8,298,98,1.0,18.8,298,98,1.0,18.8,298,98,1.0,18.8,298,98,1.0,18.8,298,98,1.0,18.8,298,98,1.0,18.8,298,98,1.0,18.8,298,98,1.0,18.8,298,98,1.0,18.8,298,98,1.0,18.8,298,98,1.0,18.8,298,98,1.0,18.8,298,98,1.0,18.8,298,98,1.0,18.8,298,98,1.0,18.8,298,98,1.0,18.8,298,98,1.0,18.8,298,98,1.0,18.8,298,98,1.0,18.8
297,152.42,1.24,3.09,0,297,99,1.0,18.8,297,99,1.0,18.8,297,99,1.0,18.8,297,99,1.0,18.8,297,99,1.0,18.8,297,99,1.0,18.8,297,99,1.0,18.8,297,99,1.0,18.8,297,99,1.0,18.8,297,99,1.0,18.8,297,99,1.0,18.8,297,99,1.0,18.8,297,99,1.0,18.8,297,99,1.0,18.8,297,99,1.0,18.8,297,99,1.0,18.8,297,99,1.0,18.8,297,99,1.0,18.8,297,99,1.0,18.8,297,99,1.0,18.8,297,99,1.0,18.8,297,99,1.0,18.8,297,99,1.0,18.8,297,99,1.0,18.8,297,99,1.0,18.8,297,99,1.0,18.8,297,99,1.0,18.8,297,99,1.0,18.8,297,99,1.0,18.8,297,99,1.0,18.8,297,99,1.0,18.8,297,99,1.0,18.8
298,152.9,1.24,3.1,0,298,97,1.0,18.9,298,97,1.0,18.9,298,97,1.0,18.9,298,97,1.0,18.9,298,97,1.0,18.9,298,97,1.0,18.9,298,97,1.0,18.9,298,97,1.0,18.9,298,97,1.0,18.9,298,97,1.0,18.9,298,97,1.0,18.9,298,97,1.0,18.9,298,97,1.0,18.9,298,97,1.0,18.9,298,97,1.0,18.9,298,97,1.0,18.9,298,97,1.0,18.9,298,97,1.0,18.9,298,97,1.0,18.9,298,97,1.0,18.9,298,97,1.0,18.9,298,97,1.0,18.9,298,97,1.0,18.9,298,97,1.0,18.9,298,97,1.0,18.9,298,97,1.0,18.9,298,97,1.0,18.9,298,97,1.0,18.9,298,97,1.0,18.9,298,97,1.0,18.9,298,97,1.0,18.9,298,97,1.0,18.9
299,153.85,1.25,3.14,0,301,97,1.0,18.9,301,97,1.0,18.9,301,97,1.0,18.9,301,97,1.0,18.9,301,97,1.0,18.9,301,97,1.0,18.9,301,97,1.0,18.9,301,97,1.0,18.9,301,97,1.0,18.9,301,97,1.0,18.9,301,97,1.0,18.9,301,97,1.0,18.9,301,97,1.0,18.9,301,97,1.0,18.9,301,97,1.0,18.9,301,97,1.0,18.9,301,97,1.0,18.9,301,97,1.0,18.9,301,97,1.0,18.9,301,97,1.0,18.9,301,97,1.0,18.9,301,97,1.0,18.9,301,97,1.0,18.9,301,97,1.0,18.9,301,97,1.0,18.9,301,97,1.0,18.9,301,97,1.0,18.9,301,97,1.0,18.9,301,97,1.0,18.9,301,97,1.0,18.9,301,97,1.0,18.9,301,97,1.0,18.9
300,154.56,1.26,3.16,0,303,96,1.0,19.0,303,96,1.0,19.0,303,96,1.0,19.0,303,96,1.0,19.0,303,96,1.0,19.0,303,96,1.0,19.0,303,96,1.0,19.0,303,96,1.0,19.0,303,96,1.0,19.0,303,96,1.0,19.0,303,96,1.0,19.0,303,96,1.0,19.0,303,96,1.0,19.0,303,96,1.0,19.0,303,96,1.0,19.0,303,96,1.0,19.0,303,96,1.0,19.0,303,96,1.0,19.0,303,96,1.0,19.0,303,96,1.0,19.0,303,96,1.0,19.0,303,96,1.0,19.0,303,96,1.0,19.0,303,96,1.0,19.0,303,96,1.0,19.0,303,96,1.0,19.0,303,96,1.0,19.0,303,96,1.0,19.0,303,96,1.0,19.0,303,96,1.0,19.0,303,96,1.0,19.0,303,96,1.0,19.0
301,154.8,1.26,3.16,0,303,96,1.0,19.0,303,96,1.0,19.0,303,96,1.0,19.0,303,96,1.0,19.0,303,96,1.0,19.0,303,96,1.0,19.0,303,96,1.0,19.0,303,96,1.0,19.0,303,96,1.0,19.0,303,96,1.0,19.0,303,96,1.0,19.0,303,96,1.0,19.0,303,96,1.0,19.0,303,96,1.0,19.0,303,96,1.0,19.0,303,96,1.0,19.0,303,96,1.0,19.0,303,96,1.0,19.0,303,96,1.0,19.0,303,96,1.0,19.0,303,96,1.0,19.0,303,96,1.0,19.0,303,96,1.0,19.0,303,96,1.0,19.0,303,96,1.0,19.0,303,96,1.0,19.0,303,96,1.0,19.0,303,96,1.0,19.0,303,96,1.0,19.0,303,96,1.0,19.0,303,96,1.0,19.0,303,96,1.0,19.0
302,155.75,1.27,3.17,0,304,95,1.0,19.0,304,95,1.0,19.0,304,95,1.0,19.0,304,95,1.0,19.0,304,95,1.0,19.0,304,95,1.0,19.0,304,95,1.0,19.0,304,95,1.0,19.0,304,95,1.0,19.0,304,95,1.0,19.0,304,95,1.0,19.0,304,95,1.0,19.0,304,95,1.0,19.0,304,95,1.0,19.0,304,95,1.0,19.0,304,95,1.0,19.0,304,95,1.0,19.0,304,95,1.0,19.0,304,95,1.0,19.0,304,95,1.0,19.0,304,95,1.0,19.0,304,95,1.0,19.0,304,95,1.0,19.0,304,95,1.0,19.0,304,95,1.0,19.0,304,95,1.0,19.0,304,95,1.0,19.0,304,95,1.0,19.0,304,95,1.0,19.0,304,95,1.0,19.0,304,95,1.0,19.0,304,95,1.0,19.0
303,156.22,1.27,3.19,0,306,95,1.0,19.1,306,95,1.0,19.1,306,95,1.0,19.1,306,95,1.0,19.1,306,95,1.0,19.1,306,95,1.0,19.1,306,95,1.0,19.1,306,95,1.0,19.1,306,95,1.0,19.1,306,95,1.0,19.1,306,95,1.0,19.1,306,95,1.0,19.1,306,95,1.0,19.1,306,95,1.0,19.1,306,95,1.0,19.1,306,95,1.0,19.1,306,95,1.0,19.1,306,95,1.0,19.1,306,95,1.0,19.1,306,95,1.0,19.1,306,95,1.0,19.1,306,95,1.0,19.1,306,95,1.0,19.1,306,95,1.0,19.1,306,95,1.0,19.1,306,95,1.0,19.1,306,95,1.0,19.1,306,95,1.0,19.1,306,95,1.0,19.1,306,95,1.0,19.1,306,95,1.0,19.1,306,95,1.0,19.1
304,156.93,1.28,3.2,0,307,94,1.0,19.1,307,94,1.0,19.1,307,94,1.0,19.1,307,94,1.0,19.1,307,94,1.0,19.1,307,94,1.0,19.1,307,94,1.0,19.1,307,94,1.0,19.1,307,94,1.0,19.1,307,94,1.0,19.1,307,94,1.0,19.1,307,94,1.0,19.1,307,94,1.0,19.1,307,94,1.0,19.1,307,94,1.0,19.1,307,94,1.0,19.1,307,94,1.0,19.1,307,94,1.0,19.1,307,94,1.0,19.1,307,94,1.0,19.1,307,94,1.0,19.1,307,94,1.0,19.1,307,94,1.0,19.1,307,94,1.0,19.1,307,94,1.0,19.1,307,94,1.0,19.1,307,94,1.0,19.1,307,94,1.0,19.1,307,94,1.0,19.1,307,94,1.0,19.1,307,94,1.0,19.1,307,94,1.0,19.1
305,157.88,1.28,3.21,0,308,95,1.0,19.1,308,95,1.0,19.1,308,95,1.0,19.1,308,95,1.0,19.1,308,95,1.0,19.1,308,95,1.0,19.1,308,95,1.0,19.1,308,95,1.0,19.1,308,95,1.0,19.1,308,95,1.0,19.1,308,95,1.0,19.1,308,95,1.0,19.1,308,95,1.0,19.1,308,95,1.0,19.1,308,95,1.0,19.1,308,95,1.0,19.1,308,95,1.0,19.1,308,95,1.0,19.1,308,95,1.0,19.1,308,95,1.0,19.1,308,95,1.0,19.1,308,95,1.0,19.1,308,95,1.0,19.1,308,95,1.0,19.1,308,95,1.0,19.1,308,95,1.0,19.1,308,95,1.0,19.1,308,95,1.0,19.1,308,95,1.0,19.1,308,95,1.0,19.1,308,95,1.0,19.1,308,95,1.0,19.1
306,158.59,1.28,3.21,0,308,95,1.0,19.1,308,95,1.0,19.1,308,95,1.0,19.1,308,95,1.0,19.1,308,95,1.0,19.1,308,95,1.0,19.1,308,95,1.0,19.1,308,95,1.0,19.1,308,95,1.0,19.1,308,95,1.0,19.1,308,95,1.0,19.1,308,95,1.0,19.1,308,95,1.0,19.1,308,95,1.0,19.1,308,95,1.0,19.1,308,95,1.0,19.1,308,95,1.0,19.1,308,95,1.0,19.1,308,95,1.0,19.1,308,95,1.0,19.1,308,95,1.0,19.1,308,95,1.0,19.1,308,95,1.0,19.1,308,95,1.0,19.1,308,95,1.0,19.1,308,95,1.0,19.1,308,95,1.0,19.1,308,95,1.0,19.1,308,95,1.0,19.1,308,95,1.0,19.1,308,95,1.0,19.1,308,95,1.0,19.1
307,159.06,1.29,3.22,0,309,93,1.0,19.2,309,93,1.0,19.2,309,93,1.0,19.2,309,93,1.0,19.2,309,93,1.0,19.2,309,93,1.0,19.2,309,93,1.0,19.2,309,93,1.0,19.2,309,93,1.0,19.2,309,93,1.0,19.2,309,93,1.0,19.2,309,93,1.0,19.2,309,93,1.0,19.2,309,93,1.0,19.2,309,93,1.0,19.2,309,93,1.0,19.2,309,93,1.0,19.2,309,93,1.0,19.2,309,93,1.0,19.2,309,93,1.0,19.2,309,93,1.0,19.2,309,93,1.0,19.2,309,93,1.0,19.2,309,93,1.0,19.2,309,93,1.0,19.2,309,93,1.0,19.2,309,93,1.0,19.2,309,93,1.0,19.2,309,93,1.0,19.2,309,93,1.0,19.2,309,93,1.0,19.2,309,93,1.0,19.2
308,160.01,1.29,3.23,0,310,92,1.0,19.3,310,92,1.0,19.3,310,92,1.0,19.3,310,92,1.0,19.3,310,92,1.0,19.3,310,92,1.0,19.3,310,92,1.0,19.3,310,92,1.0,19.3,310,92,1.0,19.3,310,92,1.0,19.3,310,92,1.0,19.3,310,92,1.0,19.3,310,92,1.0,19.3,310,92,1.0,19.3,310,92,1.0,19.3,310,92,1.0,19.3,310,92,1.0,19.3,310,92,1.0,19.3,310,92,1.0,19.3,310,92,1.0,19.3,310,92,1.0,19.3,310,92,1.0,19.3,310,92,1.0,19.3,310,92,1.0,19.3,310,92,1.0,19.3,310,92,1.0,19.3,310,92,1.0,19.3,310,92,1.0,19.3,310,92,1.0,19.3,310,92,1.0,19.3,310,92,1.0,19.3,310,92,1.0,19.3
309,160.48,1.29,3.23,0,310,93,1.0,19.2,310,93,1.0,19.2,310,93,1.0,19.2,310,93,1.0,19.2,310,93,1.0,19.2,310,93,1.0,19.2,310,93,1.0,19.2,310,93,1.0,19.2,310,93,1.0,19.2,310,93,1.0,19.2,310,93,1.0,19.2,310,93,1.0,19.2,310,93,1.0,19.2,310,93,1.0,19.2,310,93,1.0,19.2,310,93,1.0,19.2,310,93,1.0,19.2,310,93,1.0,19.2,310,93,1.0,19.2,310,93,1.0,19.2,310,93,1.0,19.2,310,93,1.0,19.2,310,93,1.0,19.2,310,93,1.0,19.2,310,93,1.0,19.2,310,93,1.0,19.2,310,93,1.0,19.2,310,93,1.0,19.2,310,93,1.0,19.2,310,93,1.0,19.2,310,93,1.0,19.2,310,93,1.0,19.2
310,160.21,1.3,3.25,0,312,94,1.0,19.2,312,94,1.0,19.2,312,94,1.0,19.2,312,94,1.0,19.2,312,94,1.0,19.2,312,94,1.0,19.2,312,94,1.0,19.2,312,94,1.0,19.2,312,94,1.0,19.2,312,94,1.0,19.2,312,94,1.0,19.2,312,94,1.0,19.2,312,94,1.0,19.2,312,94,1.0,19.2,312,94,1.0,19.2,312,94,1.0,19.2,312,94,1.0,19.2,312,94,1.0,19.2,312,94,1.0,19.2,312,94,1.0,19.2,312,94,1.0,19.2,312,94,1.0,19.2,312,94,1.0,19.2,312,94,1.0,19.2,312,94,1.0,19.2,312,94,1.0,19.2,312,94,1.0,19.2,312,94,1.0,19.2,312,94,1.0,19.2,312,94,1.0,19.2,312,94,1.0,19.2,312,94,1.0,19.2
311,160.92,1.3,3.24,0,311,94,1.0,19.2,311,94,1.0,19.2,311,94,1.0,19.2,311,94,1.0,19.2,311,94,1.0,19.2,311,94,1.0,19.2,311,94,1.0,19.2,311,94,1.0,19.2,311,94,1.0,19.2,311,94,1.0,19.2,311,94,1.0,19.2,311,94,1.0,19.2,311,94,1.0,19.2,311,94,1.0,19.2,311,94,1.0,19.2,311,94,1.0,19.2,311,94,1.0,19.2,311,94,1.0,19.2,311,94,1.0,19.2,311,94,1.0,19.2,311,94,1.0,19.2,311,94,1.0,19.2,311,94,1.0,19.2,311,94,1.0,19.2,311,94,1.0,19.2,311,94,1.0,19.2,311,94,1.0,19.2,311,94,1.0,19.2,311,94,1.0,19.2,311,94,1.0,19.2,311,94,1.0,19.2,311,94,1.0,19.2
312,161.87,1.3,3.25,0,312,95,1.0,19.2,312,95,1.0,19.2,312,95,1.0,19.2,312,95,1.0,19.2,312,95,1.0,19.2,312,95,1.0,19.2,312,95,1.0,19.2,312,95,1.0,19.2,312,95,1.0,19.2,312,95,1.0,19.2,312,95,1.0,19.2,312,95,1.0,19.2,312,95,1.0,19.2,312,95,1.0,19.2,312,95,1.0,19.2,312,95,1.0,19.2,312,95,1.0,19.2,312,95,1.0,19.2,312,95,1.0,19.2,312,95,1.0,19.2,312,95,1.0,19.2,312,95,1.0,19.2,312,95,1.0,19.2,312,95,1.0,19.2,312,95,1.0,19.2,312,95,1.0,19.2,312,95,1.0,19.2,312,95,1.0,19.2,312,95,1.0,19.2,312,95,1.0,19.2,312,95,1.0,19.2,312,95,1.0,19.2
313,162.82,1.31,3.27,0,314,92,1.0,19.3,314,92,1.0,19.3,314,92,1.0,19.3,314,92,1.0,19.3,314,92,1.0,19.3,314,92,1.0,19.3,314,92,1.0,19.3,314,92,1.0,19.3,314,92,1.0,19.3,314,92,1.0,19.3,314,92,1.0,19.3,314,92,1.0,19.3,314,92,1.0,19.3,314,92,1.0,19.3,314,92,1.0,19.3,314,92,1.0,19.3,314,92,1.0,19.3,314,92,1.0,19.3,314,92,1.0,19.3,314,92,1.0,19.3,314,92,1.0,19.3,314,92,1.0,19.3,314,92,1.0,19.3,314,92,1.0,19.3,314,92,1.0,19.3,314,92,1.0,19.3,314,92,1.0,19.3,314,92,1.0,19.3,314,92,1.0,19.3,314,92,1.0,19.3,314,92,1.0,19.3,314,92,1.0,19.3
314,163.53,1.31,3.28,0,315,90,1.0,19.4,315,90,1.0,19.4,315,90,1.0,19.4,315,90,1.0,19.4,315,90,1.0,19.4,315,90,1.0,19.4,315,90,1.0,19.4,315,90,1.0,19.4,315,90,1.0,19.4,315,90,1.0,19.4,315,90,1.0,19.4,315,90,1.0,19.4,315,90,1.0,19.4,315,90,1.0,19.4,315,90,1.0,19.4,315,90,1.0,19.4,315,90,1.0,19.4,315,90,1.0,19.4,315,90,1.0,19.4,315,90,1.0,19.4,315,90,1.0,19.4,315,90,1.0,19.4,315,90,1.0,19.4,315,90,1.0,19.4,315,90,1.0,19.4,315,90,1.0,19.4,315,90,1.0,19.4,315,90,1.0,19.4,315,90,1.0,19.4,315,90,1.0,19.4,315,90,1.0,19.4,315,90,1.0,19.4
315,163.98,1.31,3.28,0,315,91,1.0,19.4,315,91,1.0,19.4,315,91,1.0,19.4,315,91,1.0,19.4,315,91,1.0,19.4,315,91,1.0,19.4,315,91,1.0,19.4,315,91,1.0,19.4,315,91,1.0,19.4,315,91,1.0,19.4,315,91,1.0,19.4,315,91,1.0,19.4,315,91,1.0,19.4,315,91,1.0,19.4,315,91,1.0,19.4,315,91,1.0,19.4,315,91,1.0,19.4,315,91,1.0,19.4,315,91,1.0,19.4,315,91,1.0,19.4,315,91,1.0,19.4,315,91,1.0,19.4,315,91,1.0,19.4,315,91,1.0,19.4,315,91,1.0,19.4,315,91,1.0,19.4,315,91,1.0,19.4,315,91,1.0,19.4,315,91,1.0,19.4,315,91,1.0,19.4,315,91,1.0,19.4,315,91,1.0,19.4
316,164.69,1.32,3.3,0,317,89,1.0,19.5,317,89,1.0,19.5,317,89,1.0,19.5,317,89,1.0,19.5,317,89,1.0,19.5,317,89,1.0,19.5,317,89,1.0,19.5,317,89,1.0,19.5,317,89,1.0,19.5,317,89,1.0,19.5,317,89,1.0,19.5,317,89,1.0,19.5,317,89,1.0,19.5,317,89,1.0,19.5,317,89,1.0,19.5,317,89,1.0,19.5,317,89,1.0,19.5,317,89,1.0,19.5,317,89,1.0,19.5,317,89,1.0,19.5,317,89,1.0,19.5,317,89,1.0,19.5,317,89,1.0,19.5,317,89,1.0,19.5,317,89,1.0,19.5,317,89,1.0,19.5,317,89,1.0,19.5,317,89,1.0,19.5,317,89,1.0,19.5,317,89,1.0,19.5,317,89,1.0,19.5,317,89,1.0,19.5
317,165.14,1.33,3.32,0,319,89,1.0,19.5,319,89,1.0,19.5,319,89,1.0,19.5,319,89,1.0,19.5,319,89,1.0,19.5,319,89,1.0,19.5,319,89,1.0,19.5,319,89,1.0,19.5,319,89,1.0,19.5,319,89,1.0,19.5,319,89,1.0,19.5,319,89,1.0,19.5,319,89,1.0,19.5,319,89,1.0,19.5,319,89,1.0,19.5,319,89,1.0,19.5,319,89,1.0,19.5,319,89,1.0,19.5,319,89,1.0,19.5,319,89,1.0,19.5,319,89,1.0,19.5,319,89,1.0,19.5,319,89,1.0,19.5,319,89,1.0,19.5,319,89,1.0,19.5,319,89,1.0,19.5,319,89,1.0,19.5,319,89,1.0,19.5,319,89,1.0,19.5,319,89,1.0,19.5,319,89,1.0,19.5,319,89,1.0,19.5
318,165.85,1.33,3.33,0,320,88,1.0,19.6,320,88,1.0,19.6,320,88,1.0,19.6,320,88,1.0,19.6,320,88,1.0,19.6,320,88,1.0,19.6,320,88,1.0,19.6,320,88,1.0,19.6,320,88,1.0,19.6,320,88,1.0,19.6,320,88,1.0,19.6,320,88,1.0,19.6,320,88,1.0,19.6,320,88,1.0,19.6,320,88,1.0,19.6,320,88,1.0,19.6,320,88,1.0,19.6,320,88,1.0,19.6,320,88,1.0,19.6,320,88,1.0,19.6,320,88,1.0,19.6,320,88,1.0,19.6,320,88,1.0,19.6,320,88,1.0,19.6,320,88,1.0,19.6,320,88,1.0,19.6,320,88,1.0,19.6,320,88,1.0,19.6,320,88,1.0,19.6,320,88,1.0,19.6,320,88,1.0,19.6,320,88,1.0,19.6
319,166.06,1.35,3.38,0,324,84,1.0,19.9,324,84,1.0,19.9,324,84,1.0,19.9,324,84,1.0,19.9,324,84,1.0,19.9,324,84,1.0,19.9,324,84,1.0,19.9,324,84,1.0,19.9,324,84,1.0,19.9,324,84,1.0,19.9,324,84,1.0,19.9,324,84,1.0,19.9,324,84,1.0,19.9,324,84,1.0,19.9,324,84,1.0,19.9,324,84,1.0,19.9,324,84,1.0,19.9,324,84,1.0,19.9,324,84,1.0,19.9,324,84,1.0,19.9,324,84,1.0,19.9,324,84,1.0,19.9,324,84,1.0,19.9,324,84,1.0,19.9,324,84,1.0,19.9,324,84,1.0,19.9,324,84,1.0,19.9,324,84,1.0,19.9,324,84,1.0,19.9,324,84,1.0,19.9,324,84,1.0,19.9,324,84,1.0,19.9
320,166.76,1.35,3.38,0,324,85,1.0,19.8,324,85,1.0,19.8,324,85,1.0,19.8,324,85,1.0,19.8,324,85,1.0,19.8,324,85,1.0,19.8,324,85,1.0,19.8,324,85,1.0,19.8,324,85,1.0,19.8,324,85,1.0,19.8,324,85,1.0,19.8,324,85,1.0,19.8,324,85,1.0,19.8,324,85,1.0,19.8,324,85,1.0,19.8,324,85,1.0,19.8,324,85,1.0,19.8,324,85,1.0,19.8,324,85,1.0,19.8,324,85,1.0,19.8,324,85,1.0,19.8,324,85,1.0,19.8,324,85,1.0,19.8,324,85,1.0,19.8,324,85,1.0,19.8,324,85,1.0,19.8,324,85,1.0,19.8,324,85,1.0,19.8,324,85,1.0,19.8,324,85,1.0,19.8,324,85,1.0,19.8,324,85,1.0,19.8
321,167.46,1.36,3.41,0,327,82,1.0,20.0,327,82,1.0,20.0,327,82,1.0,20.0,327,82,1.0,20.0,327,82,1.0,20.0,327,82,1.0,20.0,327,82,1.0,20.0,327,82,1.0,20.0,327,82,1.0,20.0,327,82,1.0,20.0,327,82,1.0,20.0,327,82,1.0,20.0,327,82,1.0,20.0,327,82,1.0,20.0,327,82,1.0,20.0,327,82,1.0,20.0,327,82,1.0,20.0,327,82,1.0,20.0,327,82,1.0,20.0,327,82,1.0,20.0,327,82,1.0,20.0,327,82,1.0,20.0,327,82,1.0,20.0,327,82,1.0,20.0,327,82,1.0,20.0,327,82,1.0,20.0,327,82,1.0,20.0,327,82,1.0,20.0,327,82,1.0,20.0,327,82,1.0,20.0,327,82,1.0,20.0,327,82,1.0,20.0
322,167.42,1.37,3.42,0,328,83,1.0,20.0,328,83,1.0,20.0,328,83,1.0,20.0,328,83,1.0,20.0,328,83,1.0,20.0,328,83,1.0,20.0,328,83,1.0,20.0,328,83,1.0,20.0,328,83,1.0,20.0,328,83,1.0,20.0,328,83,1.0,20.0,328,83,1.0,20.0,328,83,1.0,20.0,328,83,1.0,20.0,328,83,1.0,20.0,328,83,1.0,20.0,328,83,1.0,20.0,328,83,1.0,20.0,328,83,1.0,20.0,328,83,1.0,20.0,328,83,1.0,20.0,328,83,1.0,20.0,328,83,1.0,20.0,328,83,1.0,20.0,328,83,1.0,20.0,328,83,1.0,20.0,328,83,1.0,20.0,328,83,1.0,20.0,328,83,1.0,20.0,328,83,1.0,20.0,328,83,1.0,20.0,328,83,1.0,20.0
323,167.39,1.37,3.43,0,329,81,1.0,20.1,329,81,1.0,20.1,329,81,1.0,20.1,329,81,1.0,20.1,329,81,1.0,20.1,329,81,1.0,20.1,329,81,1.0,20.1,329,81,1.0,20.1,329,81,1.0,20.1,329,81,1.0,20.1,329,81,1.0,20.1,329,81,1.0,20.1,329,81,1.0,20.1,329,81,1.0,20.1,329,81,1.0,20.1,329,81,1.0,20.1,329,81,1.0,20.1,329,81,1.0,20.1,329,81,1.0,20.1,329,81,1.0,20.1,329,81,1.0,20.1,329,81,1.0,20.1,329,81,1.0,20.1,329,81,1.0,20.1,329,81,1.0,20.1,329,81,1.0,20.1,329,81,1.0,20.1,329,81,1.0,20.1,329,81,1.0,20.1,329,81,1.0,20.1,329,81,1.0,20.1,329,81,1.0,20.1
324,167.85,1.37,3.43,0,329,83,1.0,20.0,329,83,1.0,20.0,329,83,1.0,20.0,329,83,1.0,20.0,329,83,1.0,20.0,329,83,1.0,20.0,329,83,1.0,20.0,329,83,1.0,20.0,329,83,1.0,20.0,329,83,1.0,20.0,329,83,1.0,20.0,329,83,1.0,20.0,329,83,1.0,20.0,329,83,1.0,20.0,329,83,1.0,20.0,329,83,1.0,20.0,329,83,1.0,20.0,329,83,1.0,20.0,329,83,1.0,20.0,329,83,1.0,20.0,329,83,1.0,20.0,329,83,1.0,20.0,329,83,1.0,20.0,329,83,1.0,20.0,329,83,1.0,20.0,329,83,1.0,20.0,329,83,1.0,20.0,329,83,1.0,20.0,329,83,1.0,20.0,329,83,1.0,20.0,329,83,1.0,20.0,329,83,1.0,20.0
325,168.8,1.38,3.46,0,332,83,1.0,20.0,332,83,1.0,20.0,332,83,1.0,20.0,332,83,1.0,20.0,332,83,1.0,20.0,332,83,1.0,20.0,332,83,1.0,20.0,332,83,1.0,20.0,332,83,1.0,20.0,332,83,1.0,20.0,332,83,1.0,20.0,332,83,1.0,20.0,332,83,1.0,20.0,332,83,1.0,20.0,332,83,1.0,20.0,332,83,1.0,20.0,332,83,1.0,20.0,332,83,1.0,20.0,332,83,1.0,20.0,332,83,1.0,20.0,332,83,1.0,20.0,332,83,1.0,20.0,332,83,1.0,20.0,332,83,1.0,20.0,332,83,1.0,20.0,332,83,1.0,20.0,332,83,1.0,20.0,332,83,1.0,20.0,332,83,1.0,20.0,332,83,1.0,20.0,332,83,1.0,20.0,332,83,1.0,20.0
326,168.28,1.4,3.5,0,336,79,1.0,20.2,336,79,1.0,20.2,336,79,1.0,20.2,336,79,1.0,20.2,336,79,1.0,20.2,336,79,1.0,20.2,336,79,1.0,20.2,336,79,1.0,20.2,336,79,1.0,20.2,336,79,1.0,20.2,336,79,1.0,20.2,336,79,1.0,20.2,336,79,1.0,20.2,336,79,1.0,20.2,336,79,1.0,20.2,336,79,1.0,20.2,336,79,1.0,20.2,336,79,1.0,20.2,336,79,1.0,20.2,336,79,1.0,20.2,336,79,1.0,20.2,336,79,1.0,20.2,336,79,1.0,20.2,336,79,1.0,20.2,336,79,1.0,20.2,336,79,1.0,20.2,336,79,1.0,20.2,336,79,1.0,20.2,336,79,1.0,20.2,336,79,1.0,20.2,336,79,1.0,20.2,336,79,1.0,20.2
327,168.98,1.41,3.52,0,338,79,1.0,20.3,338,79,1.0,20.3,338,79,1.0,20.3,338,79,1.0,20.3,338,79,1.0,20.3,338,79,1.0,20.3,338,79,1.0,20.3,338,79,1.0,20.3,338,79,1.0,20.3,338,79,1.0,20.3,338,79,1.0,20.3,338,79,1.0,20.3,338,79,1.0,20.3,338,79,1.0,20.3,338,79,1.0,20.3,338,79,1.0,20.3,338,79,1.0,20.3,338,79,1.0,20.3,338,79,1.0,20.3,338,79,1.0,20.3,338,79,1.0,20.3,338,79,1.0,20.3,338,79,1.0,20.3,338,79,1.0,20.3,338,79,1.0,20.3,338,79,1.0,20.3,338,79,1.0,20.3,338,79,1.0,20.3,338,79,1.0,20.3,338,79,1.0,20.3,338,79,1.0,20.3,338,79,1.0,20.3
328,169.93,1.42,3.55,0,341,77,1.0,20.4,341,77,1.0,20.4,341,77,1.0,20.4,341,77,1.0,20.4,341,77,1.0,20.4,341,77,1.0,20.4,341,77,1.0,20.4,341,77,1.0,20.4,341,77,1.0,20.4,341,77,1.0,20.4,341,77,1.0,20.4,341,77,1.0,20.4,341,77,1.0,20.4,341,77,1.0,20.4,341,77,1.0,20.4,341,77,1.0,20.4,341,77,1.0,20.4,341,77,1.0,20.4,341,77,1.0,20.4,341,77,1.0,20.4,341,77,1.0,20.4,341,77,1.0,20.4,341,77,1.0,20.4,341,77,1.0,20.4,341,77,1.0,20.4,341,77,1.0,20.4,341,77,1.0,20.4,341,77,1.0,20.4,341,77,1.0,20.4,341,77,1.0,20.4,341,77,1.0,20.4,341,77,1.0,20.4
329,170.39,1.43,3.57,0,343,74,1.0,20.6,343,74,1.0,20.6,343,74,1.0,20.6,343,74,1.0,20.6,343,74,1.0,20.6,343,74,1.0,20.6,343,74,1.0,20.6,343,74,1.0,20.6,343,74,1.0,20.6,343,74,1.0,20.6,343,74,1.0,20.6,343,74,1.0,20.6,343,74,1.0,20.6,343,74,1.0,20.6,343,74,1.0,20.6,343,74,1.0,20.6,343,74,1.0,20.6,343,74,1.0,20.6,343,74,1.0,20.6,343,74,1.0,20.6,343,74,1.0,20.6,343,74,1.0,20.6,343,74,1.0,20.6,343,74,1.0,20.6,343,74,1.0,20.6,343,74,1.0,20.6,343,74,1.0,20.6,343,74,1.0,20.6,343,74,1.0,20.6,343,74,1.0,20.6,343,74,1.0,20.6,343,74,1.0,20.6
330,170.85,1.44,3.59,0,345,76,1.0,20.5,345,76,1.0,20.5,345,76,1.0,20.5,345,76,1.0,20.5,345,76,1.0,20.5,345,76,1.0,20.5,345,76,1.0,20.5,345,76,1.0,20.5,345,76,1.0,20.5,345,76,1.0,20.5,345,76,1.0,20.5,345,76,1.0,20.5,345,76,1.0,20.5,345,76,1.0,20.5,345,76,1.0,20.5,345,76,1.0,20.5,345,76,1.0,20.5,345,76,1.0,20.5,345,76,1.0,20.5,345,76,1.0,20.5,345,76,1.0,20.5,345,76,1.0,20.5,345,76,1.0,20.5,345,76,1.0,20.5,345,76,1.0,20.5,345,76,1.0,20.5,345,76,1.0,20.5,345,76,1.0,20.5,345,76,1.0,20.5,345,76,1.0,20.5,345,76,1.0,20.5,345,76,1.0,20.5
331,171.56,1.43,3.57,0,343,75,1.0,20.5,343,75,1.0,20.5,343,75,1.0,20.5,343,75,1.0,20.5,343,75,1.0,20.5,343,75,1.0,20.5,343,75,1.0,20.5,343,75,1.0,20.5,343,75,1.0,20.5,343,75,1.0,20.5,343,75,1.0,20.5,343,75,1.0,20.5,343,75,1.0,20.5,343,75,1.0,20.5,343,75,1.0,20.5,343,75,1.0,20.5,343,75,1.0,20.5,343,75,1.0,20.5,343,75,1.0,20.5,343,75,1.0,20.5,343,75,1.0,20.5,343,75,1.0,20.5,343,75,1.0,20.5,343,75,1.0,20.5,343,75,1.0,20.5,343,75,1.0,20.5,343,75,1.0,20.5,343,75,1.0,20.5,343,75,1.0,20.5,343,75,1.0,20.5,343,75,1.0,20.5,343,75,1.0,20.5
332,172.01,1.43,3.57,0,343,76,1.0,20.5,343,76,1.0,20.5,343,76,1.0,20.5,343,76,1.0,20.5,343,76,1.0,20.5,343,76,1.0,20.5,343,76,1.0,20.5,343,76,1.0,20.5,343,76,1.0,20.5,343,76,1.0,20.5,343,76,1.0,20.5,343,76,1.0,20.5,343,76,1.0,20.5,343,76,1.0,20.5,343,76,1.0,20.5,343,76,1.0,20.5,343,76,1.0,20.5,343,76,1.0,20.5,343,76,1.0,20.5,343,76,1.0,20.5,343,76,1.0,20.5,343,76,1.0,20.5,343,76,1.0,20.5,343,76,1.0,20.5,343,76,1.0,20.5,343,76,1.0,20.5,343,76,1.0,20.5,343,76,1.0,20.5,343,76,1.0,20.5,343,76,1.0,20.5,343,76,1.0,20.5,343,76,1.0,20.5
333,172.47,1.43,3.57,0,343,79,1.0,20.3,343,79,1.0,20.3,343,79,1.0,20.3,343,79,1.0,20.3,343,79,1.0,20.3,343,79,1.0,20.3,343,79,1.0,20.3,343,79,1.0,20.3,343,79,1.0,20.3,343,79,1.0,20.3,343,79,1.0,20.3,343,79,1.0,20.3,343,79,1.0,20.3,343,79,1.0,20.3,343,79,1.0,20.3,343,79,1.0,20.3,343,79,1.0,20.3,343,79,1.0,20.3,343,79,1.0,20.3,343,79,1.0,20.3,343,79,1.0,20.3,343,79,1.0,20.3,343,79,1.0,20.3,343,79,1.0,20.3,343,79,1.0,20.3,343,79,1.0,20.3,343,79,1.0,20.3,343,79,1.0,20.3,343,79,1.0,20.3,343,79,1.0,20.3,343,79,1.0,20.3,343,79,1.0,20.3
334,172.93,1.43,3.56,0,342,77,1.0,20.4,342,77,1.0,20.4,342,77,1.0,20.4,342,77,1.0,20.4,342,77,1.0,20.4,342,77,1.0,20.4,342,77,1.0,20.4,342,77,1.0,20.4,342,77,1.0,20.4,342,77,1.0,20.4,342,77,1.0,20.4,342,77,1.0,20.4,342,77,1.0,20.4,342,77,1.0,20.4,342,77,1.0,20.4,342,77,1.0,20.4,342,77,1.0,20.4,342,77,1.0,20.4,342,77,1.0,20.4,342,77,1.0,20.4,342,77,1.0,20.4,342,77,1.0,20.4,342,77,1.0,20.4,342,77,1.0,20.4,342,77,1.0,20.4,342,77,1.0,20.4,342,77,1.0,20.4,342,77,1.0,20.4,342,77,1.0,20.4,342,77,1.0,20.4,342,77,1.0,20.4,342,77,1.0,20.4
335,173.87,1.43,3.57,0,343,76,1.0,20.5,343,76,1.0,20.5,343,76,1.0,20.5,343,76,1.0,20.5,343,76,1.0,20.5,343,76,1.0,20.5,343,76,1.0,20.5,343,76,1.0,20.5,343,76,1.0,20.5,343,76,1.0,20.5,343,76,1.0,20.5,343,76,1.0,20.5,343,76,1.0,20.5,343,76,1.0,20.5,343,76,1.0,20.5,343,76,1.0,20.5,343,76,1.0,20.5,343,76,1.0,20.5,343,76,1.0,20.5,343,76,1.0,20.5,343,76,1.0,20.5,343,76,1.0,20.5,343,76,1.0,20.5,343,76,1.0,20.5,343,76,1.0,20.5,343,76,1.0,20.5,343,76,1.0,20.5,343,76,1.0,20.5,343,76,1.0,20.5,343,76,1.0,20.5,343,76,1.0,20.5,343,76,1.0,20.5
336,174.57,1.42,3.55,0,341,81,1.0,20.2,341,81,1.0,20.2,341,81,1.0,20.2,341,81,1.0,20.2,341,81,1.0,20.2,341,81,1.0,20.2,341,81,1.0,20.2,341,81,1.0,20.2,341,81,1.0,20.2,341,81,1.0,20.2,341,81,1.0,20.2,341,81,1.0,20.2,341,81,1.0,20.2,341,81,1.0,20.2,341,81,1.0,20.2,341,81,1.0,20.2,341,81,1.0,20.2,341,81,1.0,20.2,341,81,1.0,20.2,341,81,1.0,20.2,341,81,1.0,20.2,341,81,1.0,20.2,341,81,1.0,20.2,341,81,1.0,20.2,341,81,1.0,20.2,341,81,1.0,20.2,341,81,1.0,20.2,341,81,1.0,20.2,341,81,1.0,20.2,341,81,1.0,20.2,341,81,1.0,20.2,341,81,1.0,20.2
337,174.53,1.43,3.57,0,343,78,1.0,20.4,343,78,1.0,20.4,343,78,1.0,20.4,343,78,1.0,20.4,343,78,1.0,20.4,343,78,1.0,20.4,343,78,1.0,20.4,343,78,1.0,20.4,343,78,1.0,20.4,343,78,1.0,20.4,343,78,1.0,20.4,343,78,1.0,20.4,343,78,1.0,20.4,343,78,1.0,20.4,343,78,1.0,20.4,343,78,1.0,20.4,343,78,1.0,20.4,343,78,1.0,20.4,343,78,1.0,20.4,343,78,1.0,20.4,343,78,1.0,20.4,343,78,1.0,20.4,343,78,1.0,20.4,343,78,1.0,20.4,343,78,1.0,20.4,343,78,1.0,20.4,343,78,1.0,20.4,343,78,1.0,20.4,343,78,1.0,20.4,343,78,1.0,20.4,343,78,1.0,20.4,343,78,1.0,20.4
338,175.48,1.44,3.59,0,345,77,1.0,20.4,345,77,1.0,20.4,345,77,1.0,20.4,345,77,1.0,20.4,345,77,1.0,20.4,345,77,1.0,20.4,345,77,1.0,20.4,345,77,1.0,20.4,345,77,1.0,20.4,345,77,1.0,20.4,345,77,1.0,20.4,345,77,1.0,20.4,345,77,1.0,20.4,345,77,1.0,20.4,345,77,1.0,20.4,345,77,1.0,20.4,345,77,1.0,20.4,345,77,1.0,20.4,345,77,1.0,20.4,345,77,1.0,20.4,345,77,1.0,20.4,345,77,1.0,20.4,345,77,1.0,20.4,345,77,1.0,20.4,345,77,1.0,20.4,345,77,1.0,20.4,345,77,1.0,20.4,345,77,1.0,20.4,345,77,1.0,20.4,345,77,1.0,20.4,345,77,1.0,20.4,345,77,1.0,20.4
339,175.43,1.44,3.59,0,345,77,1.0,20.4,345,77,1.0,20.4,345,77,1.0,20.4,345,77,1.0,20.4,345,77,1.0,20.4,345,77,1.0,20.4,345,77,1.0,20.4,345,77,1.0,20.4,345,77,1.0,20.4,345,77,1.0,20.4,345,77,1.0,20.4,345,77,1.0,20.4,345,77,1.0,20.4,345,77,1.0,20.4,345,77,1.0,20.4,345,77,1.0,20.4,345,77,1.0,20.4,345,77,1.0,20.4,345,77,1.0,20.4,345,77,1.0,20.4,345,77,1.0,20.4,345,77,1.0,20.4,345,77,1.0,20.4,345,77,1.0,20.4,345,77,1.0,20.4,345,77,1.0,20.4,345,77,1.0,20.4,345,77,1.0,20.4,345,77,1.0,20.4,345,77,1.0,20.4,345,77,1.0,20.4,345,77,1.0,20.4
340,175.64,1.43,3.58,0,344,82,1.0,20.2,344,82,1.0,20.2,344,82,1.0,20.2,344,82,1.0,20.2,344,82,1.0,20.2,344,82,1.0,20.2,344,82,1.0,20.2,344,82,1.0,20.2,344,82,1.0,20.2,344,82,1.0,20.2,344,82,1.0,20.2,344,82,1.0,20.2,344,82,1.0,20.2,344,82,1.0,20.2,344,82,1.0,20.2,344,82,1.0,20.2,344,82,1.0,20.2,344,82,1.0,20.2,344,82,1.0,20.2,344,82,1.0,20.2,344,82,1.0,20.2,344,82,1.0,20.2,344,82,1.0,20.2,344,82,1.0,20.2,344,82,1.0,20.2,344,82,1.0,20.2,344,82,1.0,20.2,344,82,1.0,20.2,344,82,1.0,20.2,344,82,1.0,20.2,344,82,1.0,20.2,344,82,1.0,20.2
341,175.61,1.43,3.58,0,344,81,1.0,20.2,344,81,1.0,20.2,344,81,1.0,20.2,344,81,1.0,20.2,344,81,1.0,20.2,344,81,1.0,20.2,344,81,1.0,20.2,344,81,1.0,20.2,344,81,1.0,20.2,344,81,1.0,20.2,344,81,1.0,20.2,344,81,1.0,20.2,344,81,1.0,20.2,344,81,1.0,20.2,344,81,1.0,20.2,344,81,1.0,20.2,344,81,1.0,20.2,344,81,1.0,20.2,344,81,1.0,20.2,344,81,1.0,20.2,344,81,1.0,20.2,344,81,1.0,20.2,344,81,1.0,20.2,344,81,1.0,20.2,344,81,1.0,20.2,344,81,1.0,20.2,344,81,1.0,20.2,344,81,1.0,20.2,344,81,1.0,20.2,344,81,1.0,20.2,344,81,1.0,20.2,344,81,1.0,20.2
342,174.85,1.43,3.57,0,343,86,1.0,20.0,343,86,1.0,20.0,343,86,1.0,20.0,343,86,1.0,20.0,343,86,1.0,20.0,343,86,1.0,20.0,343,86,1.0,20.0,343,86,1.0,20.0,343,86,1.0,20.0,343,86,1.0,20.0,343,86,1.0,20.0,343,86,1.0,20.0,343,86,1.0,20.0,343,86,1.0,20.0,343,86,1.0,20.0,343,86,1.0,20.0,343,86,1.0,20.0,343,86,1.0,20.0,343,86,1.0,20.0,343,86,1.0,20.0,343,86,1.0,20.0,343,86,1.0,20.0,343,86,1.0,20.0,343,86,1.0,20.0,343,86,1.0,20.0,343,86,1.0,20.0,343,86,1.0,20.0,343,86,1.0,20.0,343,86,1.0,20.0,343,86,1.0,20.0,343,86,1.0,20.0,343,86,1.0,20.0
343,175.56,1.43,3.56,0,342,88,1.0,19.9,342,88,1.0,19.9,342,88,1.0,19.9,342,88,1.0,19.9,342,88,1.0,19.9,342,88,1.0,19.9,342,88,1.0,19.9,342,88,1.0,19.9,342,88,1.0,19.9,342,88,1.0,19.9,342,88,1.0,19.9,342,88,1.0,19.9,342,88,1.0,19.9,342,88,1.0,19.9,342,88,1.0,19.9,342,88,1.0,19.9,342,88,1.0,19.9,342,88,1.0,19.9,342,88,1.0,19.9,342,88,1.0,19.9,342,88,1.0,19.9,342,88,1.0,19.9,342,88,1.0,19.9,342,88,1.0,19.9,342,88,1.0,19.9,342,88,1.0,19.9,342,88,1.0,19.9,342,88,1.0,19.9,342,88,1.0,19.9,342,88,1.0,19.9,342,88,1.0,19.9,342,88,1.0,19.9
344,176.02,1.43,3.57,0,343,87,1.0,19.9,343,87,1.0,19.9,343,87,1.0,19.9,343,87,1.0,19.9,343,87,1.0,19.9,343,87,1.0,19.9,343,87,1.0,19.9,343,87,1.0,19.9,343,87,1.0,19.9,343,87,1.0,19.9,343,87,1.0,19.9,343,87,1.0,19.9,343,87,1.0,19.9,343,87,1.0,19.9,343,87,1.0,19.9,343,87,1.0,19.9,343,87,1.0,19.9,343,87,1.0,19.9,343,87,1.0,19.9,343,87,1.0,19.9,343,87,1.0,19.9,343,87,1.0,19.9,343,87,1.0,19.9,343,87,1.0,19.9,343,87,1.0,19.9,343,87,1.0,19.9,343,87,1.0,19.9,343,87,1.0,19.9,343,87,1.0,19.9,343,87,1.0,19.9,343,87,1.0,19.9,343,87,1.0,19.9
345,175.77,1.43,3.58,0,344,89,1.0,19.9,344,89,1.0,19.9,344,89,1.0,19.9,344,89,1.0,19.9,344,89,1.0,19.9,344,89,1.0,19.9,344,89,1.0,19.9,344,89,1.0,19.9,344,89,1.0,19.9,344,89,1.0,19.9,344,89,1.0,19.9,344,89,1.0,19.9,344,89,1.0,19.9,344,89,1.0,19.9,344,89,1.0,19.9,344,89,1.0,19.9,344,89,1.0,19.9,344,89,1.0,19.9,344,89,1.0,19.9,344,89,1.0,19.9,344,89,1.0,19.9,344,89,1.0,19.9,344,89,1.0,19.9,344,89,1.0,19.9,344,89,1.0,19.9,344,89,1.0,19.9,344,89,1.0,19.9,344,89,1.0,19.9,344,89,1.0,19.9,344,89,1.0,19.9,344,89,1.0,19.9,344,89,1.0,19.9
346,176.24,1.44,3.59,0,345,91,1.0,19.8,345,91,1.0,19.8,345,91,1.0,19.8,345,91,1.0,19.8,345,91,1.0,19.8,345,91,1.0,19.8,345,91,1.0,19.8,345,91,1.0,19.8,345,91,1.0,19.8,345,91,1.0,19.8,345,91,1.0,19.8,345,91,1.0,19.8,345,91,1.0,19.8,345,91,1.0,19.8,345,91,1.0,19.8,345,91,1.0,19.8,345,91,1.0,19.8,345,91,1.0,19.8,345,91,1.0,19.8,345,91,1.0,19.8,345,91,1.0,19.8,345,91,1.0,19.8,345,91,1.0,19.8,345,91,1.0,19.8,345,91,1.0,19.8,345,91,1.0,19.8,345,91,1.0,19.8,345,91,1.0,19.8,345,91,1.0,19.8,345,91,1.0,19.8,345,91,1.0,19.8,345,91,1.0,19.8
347,176.95,1.44,3.6,0,346,89,1.0,19.9,346,89,1.0,19.9,346,89,1.0,19.9,346,89,1.0,19.9,346,89,1.0,19.9,346,89,1.0,19.9,346,89,1.0,19.9,346,89,1.0,19.9,346,89,1.0,19.9,346,89,1.0,19.9,346,89,1.0,19.9,346,89,1.0,19.9,346,89,1.0,19.9,346,89,1.0,19.9,346,89,1.0,19.9,346,89,1.0,19.9,346,89,1.0,19.9,346,89,1.0,19.9,346,89,1.0,19.9,346,89,1.0,19.9,346,89,1.0,19.9,346,89,1.0,19.9,346,89,1.0,19.9,346,89,1.0,19.9,346,89,1.0,19.9,346,89,1.0,19.9,346,89,1.0,19.9,346,89,1.0,19.9,346,89,1.0,19.9,346,89,1.0,19.9,346,89,1.0,19.9,346,89,1.0,19.9
348,177.89,1.44,3.59,0,345,91,1.0,19.8,345,91,1.0,19.8,345,91,1.0,19.8,345,91,1.0,19.8,345,91,1.0,19.8,345,91,1.0,19.8,345,91,1.0,19.8,345,91,1.0,19.8,345,91,1.0,19.8,345,91,1.0,19.8,345,91,1.0,19.8,345,91,1.0,19.8,345,91,1.0,19.8,345,91,1.0,19.8,345,91,1.0,19.8,345,91,1.0,19.8,345,91,1.0,19.8,345,91,1.0,19.8,345,91,1.0,19.8,345,91,1.0,19.8,345,91,1.0,19.8,345,91,1.0,19.8,345,91,1.0,19.8,345,91,1.0,19.8,345,91,1.0,19.8,345,91,1.0,19.8,345,91,1.0,19.8,345,91,1.0,19.8,345,91,1.0,19.8,345,91,1.0,19.8,345,91,1.0,19.8,345,91,1.0,19.8
349,177.64,1.45,3.62,0,348,89,1.0,19.9,348,89,1.0,19.9,348,89,1.0,19.9,348,89,1.0,19.9,348,89,1.0,19.9,348,89,1.0,19.9,348,89,1.0,19.9,348,89,1.0,19.9,348,89,1.0,19.9,348,89,1.0,19.9,348,89,1.0,19.9,348,89,1.0,19.9,348,89,1.0,19.9,348,89,1.0,19.9,348,89,1.0,19.9,348,89,1.0,19.9,348,89,1.0,19.9,348,89,1.0,19.9,348,89,1.0,19.9,348,89,1.0,19.9,348,89,1.0,19.9,348,89,1.0,19.9,348,89,1.0,19.9,348,89,1.0,19.9,348,89,1.0,19.9,348,89,1.0,19.9,348,89,1.0,19.9,348,89,1.0,19.9,348,89,1.0,19.9,348,89,1.0,19.9,348,89,1.0,19.9,348,89,1.0,19.9
350,177.87,1.45,3.62,0,348,88,1.0,20.0,348,88,1.0,20.0,348,88,1.0,20.0,348,88,1.0,20.0,348,88,1.0,20.0,348,88,1.0,20.0,348,88,1.0,20.0,348,88,1.0,20.0,348,88,1.0,20.0,348,88,1.0,20.0,348,88,1.0,20.0,348,88,1.0,20.0,348,88,1.0,20.0,348,88,1.0,20.0,348,88,1.0,20.0,348,88,1.0,20.0,348,88,1.0,20.0,348,88,1.0,20.0,348,88,1.0,20.0,348,88,1.0,20.0,348,88,1.0,20.0,348,88,1.0,20.0,348,88,1.0,20.0,348,88,1.0,20.0,348,88,1.0,20.0,348,88,1.0,20.0,348,88,1.0,20.0,348,88,1.0,20.0,348,88,1.0,20.0,348,88,1.0,20.0,348,88,1.0,20.0,348,88,1.0,20.0
351,178.33,1.44,3.6,0,346,94,1.0,19.7,346,94,1.0,19.7,346,94,1.0,19.7,346,94,1.0,19.7,346,94,1.0,19.7,346,94,1.0,19.7,346,94,1.0,19.7,346,94,1.0,19.7,346,94,1.0,19.7,346,94,1.0,19.7,346,94,1.0,19.7,346,94,1.0,19.7,346,94,1.0,19.7,346,94,1.0,19.7,346,94,1.0,19.7,346,94,1.0,19.7,346,94,1.0,19.7,346,94,1.0,19.7,346,94,1.0,19.7,346,94,1.0,19.7,346,94,1.0,19.7,346,94,1.0,19.7,346,94,1.0,19.7,346,94,1.0,19.7,346,94,1.0,19.7,346,94,1.0,19.7,346,94,1.0,19.7,346,94,1.0,19.7,346,94,1.0,19.7,346,94,1.0,19.7,346,94,1.0,19.7,346,94,1.0,19.7
352,178.57,1.44,3.6,0,346,95,1.0,19.6,346,95,1.0,19.6,346,95,1.0,19.6,346,95,1.0,19.6,346,95,1.0,19.6,346,95,1.0,19.6,346,95,1.0,19.6,346,95,1.0,19.6,346,95,1.0,19.6,346,95,1.0,19.6,346,95,1.0,19.6,346,95,1.0,19.6,346,95,1.0,19.6,346,95,1.0,19.6,346,95,1.0,19.6,346,95,1.0,19.6,346,95,1.0,19.6,346,95,1.0,19.6,346,95,1.0,19.6,346,95,1.0,19.6,346,95,1.0,19.6,346,95,1.0,19.6,346,95,1.0,19.6,346,95,1.0,19.6,346,95,1.0,19.6,346,95,1.0,19.6,346,95,1.0,19.6,346,95,1.0,19.6,346,95,1.0,19.6,346,95,1.0,19.6,346,95,1.0,19.6,346,95,1.0,19.6
353,179.28,1.45,3.62,0,348,93,1.0,19.7,348,93,1.0,19.7,348,93,1.0,19.7,348,93,1.0,19.7,348,93,1.0,19.7,348,93,1.0,19.7,348,93,1.0,19.7,348,93,1.0,19.7,348,93,1.0,19.7,348,93,1.0,19.7,348,93,1.0,19.7,348,93,1.0,19.7,348,93,1.0,19.7,348,93,1.0,19.7,348,93,1.0,19.7,348,93,1.0,19.7,348,93,1.0,19.7,348,93,1.0,19.7,348,93,1.0,19.7,348,93,1.0,19.7,348,93,1.0,19.7,348,93,1.0,19.7,348,93,1.0,19.7,348,93,1.0,19.7,348,93,1.0,19.7,348,93,1.0,19.7,348,93,1.0,19.7,348,93,1.0,19.7,348,93,1.0,19.7,348,93,1.0,19.7,348,93,1.0,19.7,348,93,1.0,19.7
354,179.98,1.45,3.64,0,349,97,1.0,19.6,349,97,1.0,19.6,349,97,1.0,19.6,349,97,1.0,19.6,349,97,1.0,19.6,349,97,1.0,19.6,349,97,1.0,19.6,349,97,1.0,19.6,349,97,1.0,19.6,349,97,1.0,19.6,349,97,1.0,19.6,349,97,1.0,19.6,349,97,1.0,19.6,349,97,1.0,19.6,349,97,1.0,19.6,349,97,1.0,19.6,349,97,1.0,19.6,349,97,1.0,19.6,349,97,1.0,19.6,349,97,1.0,19.6,349,97,1.0,19.6,349,97,1.0,19.6,349,97,1.0,19.6,349,97,1.0,19.6,349,97,1.0,19.6,349,97,1.0,19.6,349,97,1.0,19.6,349,97,1.0,19.6,349,97,1.0,19.6,349,97,1.0,19.6,349,97,1.0,19.6,349,97,1.0,19.6
355,180.45,1.46,3.66,0,351,94,1.0,19.7,351,94,1.0,19.7,351,94,1.0,19.7,351,94,1.0,19.7,351,94,1.0,19.7,351,94,1.0,19.7,351,94,1.0,19.7,351,94,1.0,19.7,351,94,1.0,19.7,351,94,1.0,19.7,351,94,1.0,19.7,351,94,1.0,19.7,351,94,1.0,19.7,351,94,1.0,19.7,351,94,1.0,19.7,351,94,1.0,19.7,351,94,1.0,19.7,351,94,1.0,19.7,351,94,1.0,19.7,351,94,1.0,19.7,351,94,1.0,19.7,351,94,1.0,19.7,351,94,1.0,19.7,351,94,1.0,19.7,351,94,1.0,19.7,351,94,1.0,19.7,351,94,1.0,19.7,351,94,1.0,19.7,351,94,1.0,19.7,351,94,1.0,19.7,351,94,1.0,19.7,351,94,1.0,19.7
356,181.16,1.47,3.67,0,352,93,1.0,19.8,352,93,1.0,19.8,352,93,1.0,19.8,352,93,1.0,19.8,352,93,1.0,19.8,352,93,1.0,19.8,352,93,1.0,19.8,352,93,1.0,19.8,352,93,1.0,19.8,352,93,1.0,19.8,352,93,1.0,19.8,352,93,1.0,19.8,352,93,1.0,19.8,352,93,1.0,19.8,352,93,1.0,19.8,352,93,1.0,19.8,352,93,1.0,19.8,352,93,1.0,19.8,352,93,1.0,19.8,352,93,1.0,19.8,352,93,1.0,19.8,352,93,1.0,19.8,352,93,1.0,19.8,352,93,1.0,19.8,352,93,1.0,19.8,352,93,1.0,19.8,352,93,1.0,19.8,352,93,1.0,19.8,352,93,1.0,19.8,352,93,1.0,19.8,352,93,1.0,19.8,352,93,1.0,19.8
357,181.63,1.46,3.66,0,351,96,1.0,19.6,351,96,1.0,19.6,351,96,1.0,19.6,351,96,1.0,19.6,351,96,1.0,19.6,351,96,1.0,19.6,351,96,1.0,19.6,351,96,1.0,19.6,351,96,1.0,19.6,351,96,1.0,19.6,351,96,1.0,19.6,351,96,1.0,19.6,351,96,1.0,19.6,351,96,1.0,19.6,351,96,1.0,19.6,351,96,1.0,19.6,351,96,1.0,19.6,351,96,1.0,19.6,351,96,1.0,19.6,351,96,1.0,19.6,351,96,1.0,19.6,351,96,1.0,19.6,351,96,1.0,19.6,351,96,1.0,19.6,351,96,1.0,19.6,351,96,1.0,19.6,351,96,1.0,19.6,351,96,1.0,19.6,351,96,1.0,19.6,351,96,1.0,19.6,351,96,1.0,19.6,351,96,1.0,19.6
358,181.86,1.48,3.69,0,354,94,1.0,19.8,354,94,1.0,19.8,354,94,1.0,19.8,354,94,1.0,19.8,354,94,1.0,19.8,354,94,1.0,19.8,354,94,1.0,19.8,354,94,1.0,19.8,354,94,1.0,19.8,354,94,1.0,19.8,354,94,1.0,19.8,354,94,1.0,19.8,354,94,1.0,19.8,354,94,1.0,19.8,354,94,1.0,19.8,354,94,1.0,19.8,354,94,1.0,19.8,354,94,1.0,19.8,354,94,1.0,19.8,354,94,1.0,19.8,354,94,1.0,19.8,354,94,1.0,19.8,354,94,1.0,19.8,354,94,1.0,19.8,354,94,1.0,19.8,354,94,1.0,19.8,354,94,1.0,19.8,354,94,1.0,19.8,354,94,1.0,19.8,354,94,1.0,19.8,354,94,1.0,19.8,354,94,1.0,19.8
359,181.85,1.47,3.67,0,352,99,1.0,19.5,352,99,1.0,19.5,352,99,1.0,19.5,352,99,1.0,19.5,352,99,1.0,19.5,352,99,1.0,19.5,352,99,1.0,19.5,352,99,1.0,19.5,352,99,1.0,19.5,352,99,1.0,19.5,352,99,1.0,19.5,352,99,1.0,19.5,352,99,1.0,19.5,352,99,1.0,19.5,352,99,1.0,19.5,352,99,1.0,19.5,352,99,1.0,19.5,352,99,1.0,19.5,352,99,1.0,19.5,352,99,1.0,19.5,352,99,1.0,19.5,352,99,1.0,19.5,352,99,1.0,19.5,352,99,1.0,19.5,352,99,1.0,19.5,352,99,1.0,19.5,352,99,1.0,19.5,352,99,1.0,19.5,352,99,1.0,19.5,352,99,1.0,19.5,352,99,1.0,19.5,352,99,1.0,19.5
