step,att,aql,awt,throughput,intersection_0_1_queued,intersection_0_1_moving,intersection_0_1_occupancy,intersection_0_1_tau,intersection_0_2_queued,intersection_0_2_moving,intersection_0_2_occupancy,intersection_0_2_tau,intersection_0_3_queued,intersection_0_3_moving,intersection_0_3_occupancy,intersection_0_3_tau,intersection_0_4_queued,intersection_0_4_moving,intersection_0_4_occupancy,intersection_0_4_tau,intersection_1_0_queued,intersection_1_0_moving,intersection_1_0_occupancy,intersection_1_0_tau,intersection_1_1_queued,intersection_1_1_moving,intersection_1_1_occupancy,intersection_1_1_tau,intersection_1_2_queued,intersection_1_2_moving,intersection_1_2_occupancy,intersection_1_2_tau,intersection_1_3_queued,intersection_1_3_moving,intersection_1_3_occupancy,intersection_1_3_tau,intersection_1_4_queued,intersection_1_4_moving,intersection_1_4_occupancy,intersection_1_4_tau,intersection_1_5_queued,intersection_1_5_moving,intersection_1_5_occupancy,intersection_1_5_tau,intersection_2_0_queued,intersection_2_0_moving,intersection_2_0_occupancy,intersection_2_0_tau,intersection_2_1_queued,intersection_2_1_moving,intersection_2_1_occupancy,intersection_2_1_tau,intersection_2_2_queued,intersection_2_2_moving,intersection_2_2_occupancy,intersection_2_2_tau,intersection_2_3_queued,intersection_2_3_moving,intersection_2_3_occupancy,intersection_2_3_tau,intersection_2_4_queued,intersection_2_4_moving,intersection_2_4_occupancy,intersection_2_4_tau,intersection_2_5_queued,intersection_2_5_moving,intersection_2_5_occupancy,intersection_2_5_tau,intersection_3_0_queued,intersection_3_0_moving,intersection_3_0_occupancy,intersection_3_0_tau,intersection_3_1_queued,intersection_3_1_moving,intersection_3_1_occupancy,intersection_3_1_tau,intersection_3_2_queued,intersection_3_2_moving,intersection_3_2_occupancy,intersection_3_2_tau,intersection_3_3_queued,intersection_3_3_moving,intersection_3_3_occupancy,intersection_3_3_tau,intersection_3_4_queued,intersection_3_4_moving,intersection_3_4_occupancy,intersection_3_4_tau,intersection_3_5_queued,intersection_3_5_moving,intersection_3_5_occupancy,intersection_3_5_tau,intersection_4_0_queued,intersection_4_0_moving,intersection_4_0_occupancy,intersection_4_0_tau,intersection_4_1_queued,intersection_4_1_moving,intersection_4_1_occupancy,intersection_4_1_tau,intersection_4_2_queued,intersection_4_2_moving,intersection_4_2_occupancy,intersection_4_2_tau,intersection_4_3_queued,intersection_4_3_moving,intersection_4_3_occupancy,intersection_4_3_tau,intersection_4_4_queued,intersection_4_4_moving,intersection_4_4_occupancy,intersection_4_4_tau,intersection_4_5_queued,intersection_4_5_moving,intersection_4_5_occupancy,intersection_4_5_tau,intersection_5_1_queued,intersection_5_1_moving,intersection_5_1_occupancy,intersection_5_1_tau,intersection_5_2_queued,intersection_5_2_moving,intersection_5_2_occupancy,intersection_5_2_tau,intersection_5_3_queued,intersection_5_3_moving,intersection_5_3_occupancy,intersection_5_3_tau,intersection_5_4_queued,intersection_5_4_moving,intersection_5_4_occupancy,intersection_5_4_tau
0,0.0,0.0,0.0,0,0,0,0.0,0.0,0,0,0.0,0.0,0,0,0.0,0.0,0,0,0.0,0.0,0,0,0.0,0.0,0,0,0.0,0.0,0,0,0.0,0.0,0,0,0.0,0.0,0,0,0.0,0.0,0,0,0.0,0.0,0,0,0.0,0.0,0,0,0.0,0.0,0,0,0.0,0.0,0,0,0.0,0.0,0,0,0.0,0.0,0,0,0.0,0.0,0,0,0.0,0.0,0,0,0.0,0.0,0,0,0.0,0.0,0,0,0.0,0.0,0,0,0.0,0.0,0,0,0.0,0.0,0,0,0.0,0.0,0,0,0.0,0.0,0,0,0.0,0.0,0,0,0.0,0.0,0,0,0.0,0.0,0,0,0.0,0.0,0,0,0.0,0.0,0,0,0.0,0.0,0,0,0.0,0.0,0,0,0.0,0.0
1,1.0,0.0,0.0,0,0,3,0.037,0.0,0,3,0.037,0.0,0,3,0.037,0.0,0,3,0.037,0.0,0,3,0.037,0.0,0,3,0.037,0.0,0,3,0.037,0.0,0,3,0.037,0.0,0,3,0.037,0.0,0,3,0.037,0.0,0,3,0.037,0.0,0,3,0.037,0.0,0,3,0.037,0.0,0,3,0.037,0.0,0,3,0.037,0.0,0,3,0.037,0.0,0,3,0.037,0.0,0,3,0.037,0.0,0,3,0.037,0.0,0,3,0.037,0.0,0,3,0.037,0.0,0,3,0.037,0.0,0,3,0.037,0.0,0,3,0.037,0.0,0,3,0.037,0.0,0,3,0.037,0.0,0,3,0.037,0.0,0,3,0.037,0.0,0,3,0.037,0.0,0,3,0.037,0.0,0,3,0.037,0.0,0,3,0.037,0.0
2,1.45,0.0,0.0,0,0,6,0.075,0.0,0,6,0.075,0.0,0,6,0.075,0.0,0,6,0.075,0.0,0,6,0.075,0.0,0,6,0.075,0.0,0,6,0.075,0.0,0,6,0.075,0.0,0,6,0.075,0.0,0,6,0.075,0.0,0,6,0.075,0.0,0,6,0.075,0.0,0,6,0.075,0.0,0,6,0.075,0.0,0,6,0.075,0.0,0,6,0.075,0.0,0,6,0.075,0.0,0,6,0.075,0.0,0,6,0.075,0.0,0,6,0.075,0.0,0,6,0.075,0.0,0,6,0.075,0.0,0,6,0.075,0.0,0,6,0.075,0.0,0,6,0.075,0.0,0,6,0.075,0.0,0,6,0.075,0.0,0,6,0.075,0.0,0,6,0.075,0.0,0,6,0.075,0.0,0,6,0.075,0.0,0,6,0.075,0.0
3,2.23,0.0,0.0,0,0,7,0.087,0.0,0,7,0.087,0.0,0,7,0.087,0.0,0,7,0.087,0.0,0,7,0.087,0.0,0,7,0.087,0.0,0,7,0.087,0.0,0,7,0.087,0.0,0,7,0.087,0.0,0,7,0.087,0.0,0,7,0.087,0.0,0,7,0.087,0.0,0,7,0.087,0.0,0,7,0.087,0.0,0,7,0.087,0.0,0,7,0.087,0.0,0,7,0.087,0.0,0,7,0.087,0.0,0,7,0.087,0.0,0,7,0.087,0.0,0,7,0.087,0.0,0,7,0.087,0.0,0,7,0.087,0.0,0,7,0.087,0.0,0,7,0.087,0.0,0,7,0.087,0.0,0,7,0.087,0.0,0,7,0.087,0.0,0,7,0.087,0.0,0,7,0.087,0.0,0,7,0.087,0.0,0,7,0.087,0.0
4,3.07,0.0,0.0,0,0,9,0.113,0.0,0,9,0.113,0.0,0,9,0.113,0.0,0,9,0.113,0.0,0,9,0.113,0.0,0,9,0.113,0.0,0,9,0.113,0.0,0,9,0.113,0.0,0,9,0.113,0.0,0,9,0.113,0.0,0,9,0.113,0.0,0,9,0.113,0.0,0,9,0.113,0.0,0,9,0.113,0.0,0,9,0.113,0.0,0,9,0.113,0.0,0,9,0.113,0.0,0,9,0.113,0.0,0,9,0.113,0.0,0,9,0.113,0.0,0,9,0.113,0.0,0,9,0.113,0.0,0,9,0.113,0.0,0,9,0.113,0.0,0,9,0.113,0.0,0,9,0.113,0.0,0,9,0.113,0.0,0,9,0.113,0.0,0,9,0.113,0.0,0,9,0.113,0.0,0,9,0.113,0.0,0,9,0.113,0.0
5,4.07,0.0,0.0,0,0,10,0.125,0.0,0,10,0.125,0.0,0,10,0.125,0.0,0,10,0.125,0.0,0,10,0.125,0.0,0,10,0.125,0.0,0,10,0.125,0.0,0,10,0.125,0.0,0,10,0.125,0.0,0,10,0.125,0.0,0,10,0.125,0.0,0,10,0.125,0.0,0,10,0.125,0.0,0,10,0.125,0.0,0,10,0.125,0.0,0,10,0.125,0.0,0,10,0.125,0.0,0,10,0.125,0.0,0,10,0.125,0.0,0,10,0.125,0.0,0,10,0.125,0.0,0,10,0.125,0.0,0,10,0.125,0.0,0,10,0.125,0.0,0,10,0.125,0.0,0,10,0.125,0.0,0,10,0.125,0.0,0,10,0.125,0.0,0,10,0.125,0.0,0,10,0.125,0.0,0,10,0.125,0.0,0,10,0.125,0.0
6,4.0,0.0,0.0,0,0,13,0.163,0.0,0,13,0.163,0.0,0,13,0.163,0.0,0,13,0.163,0.0,0,13,0.163,0.0,0,13,0.163,0.0,0,13,0.163,0.0,0,13,0.163,0.0,0,13,0.163,0.0,0,13,0.163,0.0,0,13,0.163,0.0,0,13,0.163,0.0,0,13,0.163,0.0,0,13,0.163,0.0,0,13,0.163,0.0,0,13,0.163,0.0,0,13,0.163,0.0,0,13,0.163,0.0,0,13,0.163,0.0,0,13,0.163,0.0,0,13,0.163,0.0,0,13,0.163,0.0,0,13,0.163,0.0,0,13,0.163,0.0,0,13,0.163,0.0,0,13,0.163,0.0,0,13,0.163,0.0,0,13,0.163,0.0,0,13,0.163,0.0,0,13,0.163,0.0,0,13,0.163,0.0,0,13,0.163,0.0
7,4.04,0.0,0.0,0,0,17,0.212,0.0,0,17,0.212,0.0,0,17,0.212,0.0,0,17,0.212,0.0,0,17,0.212,0.0,0,17,0.212,0.0,0,17,0.212,0.0,0,17,0.212,0.0,0,17,0.212,0.0,0,17,0.212,0.0,0,17,0.212,0.0,0,17,0.212,0.0,0,17,0.212,0.0,0,17,0.212,0.0,0,17,0.212,0.0,0,17,0.212,0.0,0,17,0.212,0.0,0,17,0.212,0.0,0,17,0.212,0.0,0,17,0.212,0.0,0,17,0.212,0.0,0,17,0.212,0.0,0,17,0.212,0.0,0,17,0.212,0.0,0,17,0.212,0.0,0,17,0.212,0.0,0,17,0.212,0.0,0,17,0.212,0.0,0,17,0.212,0.0,0,17,0.212,0.0,0,17,0.212,0.0,0,17,0.212,0.0
8,4.48,0.0,0.0,0,0,17,0.212,0.0,0,17,0.212,0.0,0,17,0.212,0.0,0,17,0.212,0.0,0,17,0.212,0.0,0,17,0.212,0.0,0,17,0.212,0.0,0,17,0.212,0.0,0,17,0.212,0.0,0,17,0.212,0.0,0,17,0.212,0.0,0,17,0.212,0.0,0,17,0.212,0.0,0,17,0.212,0.0,0,17,0.212,0.0,0,17,0.212,0.0,0,17,0.212,0.0,0,17,0.212,0.0,0,17,0.212,0.0,0,17,0.212,0.0,0,17,0.212,0.0,0,17,0.212,0.0,0,17,0.212,0.0,0,17,0.212,0.0,0,17,0.212,0.0,0,17,0.212,0.0,0,17,0.212,0.0,0,17,0.212,0.0,0,17,0.212,0.0,0,17,0.212,0.0,0,17,0.212,0.0,0,17,0.212,0.0
9,4.94,0.0,0.0,0,0,19,0.237,0.0,0,19,0.237,0.0,0,19,0.237,0.0,0,19,0.237,0.0,0,19,0.237,0.0,0,19,0.237,0.0,0,19,0.237,0.0,0,19,0.237,0.0,0,19,0.237,0.0,0,19,0.237,0.0,0,19,0.237,0.0,0,19,0.237,0.0,0,19,0.237,0.0,0,19,0.237,0.0,0,19,0.237,0.0,0,19,0.237,0.0,0,19,0.237,0.0,0,19,0.237,0.0,0,19,0.237,0.0,0,19,0.237,0.0,0,19,0.237,0.0,0,19,0.237,0.0,0,19,0.237,0.0,0,19,0.237,0.0,0,19,0.237,0.0,0,19,0.237,0.0,0,19,0.237,0.0,0,19,0.237,0.0,0,19,0.237,0.0,0,19,0.237,0.0,0,19,0.237,0.0,0,19,0.237,0.0
10,5.53,0.0,0.0,0,0,21,0.263,0.0,0,21,0.263,0.0,0,21,0.263,0.0,0,21,0.263,0.0,0,21,0.263,0.0,0,21,0.263,0.0,0,21,0.263,0.0,0,21,0.263,0.0,0,21,0.263,0.0,0,21,0.263,0.0,0,21,0.263,0.0,0,21,0.263,0.0,0,21,0.263,0.0,0,21,0.263,0.0,0,21,0.263,0.0,0,21,0.263,0.0,0,21,0.263,0.0,0,21,0.263,0.0,0,21,0.263,0.0,0,21,0.263,0.0,0,21,0.263,0.0,0,21,0.263,0.0,0,21,0.263,0.0,0,21,0.263,0.0,0,21,0.263,0.0,0,21,0.263,0.0,0,21,0.263,0.0,0,21,0.263,0.0,0,21,0.263,0.0,0,21,0.263,0.0,0,21,0.263,0.0,0,21,0.263,0.0
11,6.1,0.0,0.0,0,0,21,0.263,0.0,0,21,0.263,0.0,0,21,0.263,0.0,0,21,0.263,0.0,0,21,0.263,0.0,0,21,0.263,0.0,0,21,0.263,0.0,0,21,0.263,0.0,0,21,0.263,0.0,0,21,0.263,0.0,0,21,0.263,0.0,0,21,0.263,0.0,0,21,0.263,0.0,0,21,0.263,0.0,0,21,0.263,0.0,0,21,0.263,0.0,0,21,0.263,0.0,0,21,0.263,0.0,0,21,0.263,0.0,0,21,0.263,0.0,0,21,0.263,0.0,0,21,0.263,0.0,0,21,0.263,0.0,0,21,0.263,0.0,0,21,0.263,0.0,0,21,0.263,0.0,0,21,0.263,0.0,0,21,0.263,0.0,0,21,0.263,0.0,0,21,0.263,0.0,0,21,0.263,0.0,0,21,0.263,0.0
12,6.8,0.0,0.0,0,0,23,0.287,0.0,0,23,0.287,0.0,0,23,0.287,0.0,0,23,0.287,0.0,0,23,0.287,0.0,0,23,0.287,0.0,0,23,0.287,0.0,0,23,0.287,0.0,0,23,0.287,0.0,0,23,0.287,0.0,0,23,0.287,0.0,0,23,0.287,0.0,0,23,0.287,0.0,0,23,0.287,0.0,0,23,0.287,0.0,0,23,0.287,0.0,0,23,0.287,0.0,0,23,0.287,0.0,0,23,0.287,0.0,0,23,0.287,0.0,0,23,0.287,0.0,0,23,0.287,0.0,0,23,0.287,0.0,0,23,0.287,0.0,0,23,0.287,0.0,0,23,0.287,0.0,0,23,0.287,0.0,0,23,0.287,0.0,0,23,0.287,0.0,0,23,0.287,0.0,0,23,0.287,0.0,0,23,0.287,0.0
13,7.49,0.0,0.0,0,0,26,0.325,0.0,0,26,0.325,0.0,0,26,0.325,0.0,0,26,0.325,0.0,0,26,0.325,0.0,0,26,0.325,0.0,0,26,0.325,0.0,0,26,0.325,0.0,0,26,0.325,0.0,0,26,0.325,0.0,0,26,0.325,0.0,0,26,0.325,0.0,0,26,0.325,0.0,0,26,0.325,0.0,0,26,0.325,0.0,0,26,0.325,0.0,0,26,0.325,0.0,0,26,0.325,0.0,0,26,0.325,0.0,0,26,0.325,0.0,0,26,0.325,0.0,0,26,0.325,0.0,0,26,0.325,0.0,0,26,0.325,0.0,0,26,0.325,0.0,0,26,0.325,0.0,0,26,0.325,0.0,0,26,0.325,0.0,0,26,0.325,0.0,0,26,0.325,0.0,0,26,0.325,0.0,0,26,0.325,0.0
14,8.16,0.0,0.0,0,0,27,0.338,0.0,0,27,0.338,0.0,0,27,0.338,0.0,0,27,0.338,0.0,0,27,0.338,0.0,0,27,0.338,0.0,0,27,0.338,0.0,0,27,0.338,0.0,0,27,0.338,0.0,0,27,0.338,0.0,0,27,0.338,0.0,0,27,0.338,0.0,0,27,0.338,0.0,0,27,0.338,0.0,0,27,0.338,0.0,0,27,0.338,0.0,0,27,0.338,0.0,0,27,0.338,0.0,0,27,0.338,0.0,0,27,0.338,0.0,0,27,0.338,0.0,0,27,0.338,0.0,0,27,0.338,0.0,0,27,0.338,0.0,0,27,0.338,0.0,0,27,0.338,0.0,0,27,0.338,0.0,0,27,0.338,0.0,0,27,0.338,0.0,0,27,0.338,0.0,0,27,0.338,0.0,0,27,0.338,0.0
15,8.98,0.0,0.0,0,0,28,0.35,0.0,0,28,0.35,0.0,0,28,0.35,0.0,0,28,0.35,0.0,0,28,0.35,0.0,0,28,0.35,0.0,0,28,0.35,0.0,0,28,0.35,0.0,0,28,0.35,0.0,0,28,0.35,0.0,0,28,0.35,0.0,0,28,0.35,0.0,0,28,0.35,0.0,0,28,0.35,0.0,0,28,0.35,0.0,0,28,0.35,0.0,0,28,0.35,0.0,0,28,0.35,0.0,0,28,0.35,0.0,0,28,0.35,0.0,0,28,0.35,0.0,0,28,0.35,0.0,0,28,0.35,0.0,0,28,0.35,0.0,0,28,0.35,0.0,0,28,0.35,0.0,0,28,0.35,0.0,0,28,0.35,0.0,0,28,0.35,0.0,0,28,0.35,0.0,0,28,0.35,0.0,0,28,0.35,0.0
16,9.26,0.0,0.0,0,0,31,0.388,0.0,0,31,0.388,0.0,0,31,0.388,0.0,0,31,0.388,0.0,0,31,0.388,0.0,0,31,0.388,0.0,0,31,0.388,0.0,0,31,0.388,0.0,0,31,0.388,0.0,0,31,0.388,0.0,0,31,0.388,0.0,0,31,0.388,0.0,0,31,0.388,0.0,0,31,0.388,0.0,0,31,0.388,0.0,0,31,0.388,0.0,0,31,0.388,0.0,0,31,0.388,0.0,0,31,0.388,0.0,0,31,0.388,0.0,0,31,0.388,0.0,0,31,0.388,0.0,0,31,0.388,0.0,0,31,0.388,0.0,0,31,0.388,0.0,0,31,0.388,0.0,0,31,0.388,0.0,0,31,0.388,0.0,0,31,0.388,0.0,0,31,0.388,0.0,0,31,0.388,0.0,0,31,0.388,0.0
17,9.9,0.0,0.0,0,0,31,0.388,0.0,0,31,0.388,0.0,0,31,0.388,0.0,0,31,0.388,0.0,0,31,0.388,0.0,0,31,0.388,0.0,0,31,0.388,0.0,0,31,0.388,0.0,0,31,0.388,0.0,0,31,0.388,0.0,0,31,0.388,0.0,0,31,0.388,0.0,0,31,0.388,0.0,0,31,0.388,0.0,0,31,0.388,0.0,0,31,0.388,0.0,0,31,0.388,0.0,0,31,0.388,0.0,0,31,0.388,0.0,0,31,0.388,0.0,0,31,0.388,0.0,0,31,0.388,0.0,0,31,0.388,0.0,0,31,0.388,0.0,0,31,0.388,0.0,0,31,0.388,0.0,0,31,0.388,0.0,0,31,0.388,0.0,0,31,0.388,0.0,0,31,0.388,0.0,0,31,0.388,0.0,0,31,0.388,0.0
18,10.36,0.0,0.0,0,0,33,0.412,0.0,0,33,0.412,0.0,0,33,0.412,0.0,0,33,0.412,0.0,0,33,0.412,0.0,0,33,0.412,0.0,0,33,0.412,0.0,0,33,0.412,0.0,0,33,0.412,0.0,0,33,0.412,0.0,0,33,0.412,0.0,0,33,0.412,0.0,0,33,0.412,0.0,0,33,0.412,0.0,0,33,0.412,0.0,0,33,0.412,0.0,0,33,0.412,0.0,0,33,0.412,0.0,0,33,0.412,0.0,0,33,0.412,0.0,0,33,0.412,0.0,0,33,0.412,0.0,0,33,0.412,0.0,0,33,0.412,0.0,0,33,0.412,0.0,0,33,0.412,0.0,0,33,0.412,0.0,0,33,0.412,0.0,0,33,0.412,0.0,0,33,0.412,0.0,0,33,0.412,0.0,0,33,0.412,0.0
19,10.83,0.0,0.0,0,0,36,0.45,0.0,0,36,0.45,0.0,0,36,0.45,0.0,0,36,0.45,0.0,0,36,0.45,0.0,0,36,0.45,0.0,0,36,0.45,0.0,0,36,0.45,0.0,0,36,0.45,0.0,0,36,0.45,0.0,0,36,0.45,0.0,0,36,0.45,0.0,0,36,0.45,0.0,0,36,0.45,0.0,0,36,0.45,0.0,0,36,0.45,0.0,0,36,0.45,0.0,0,36,0.45,0.0,0,36,0.45,0.0,0,36,0.45,0.0,0,36,0.45,0.0,0,36,0.45,0.0,0,36,0.45,0.0,0,36,0.45,0.0,0,36,0.45,0.0,0,36,0.45,0.0,0,36,0.45,0.0,0,36,0.45,0.0,0,36,0.45,0.0,0,36,0.45,0.0,0,36,0.45,0.0,0,36,0.45,0.0
20,11.83,0.0,0.0,0,0,36,0.45,0.0,0,36,0.45,0.0,0,36,0.45,0.0,0,36,0.45,0.0,0,36,0.45,0.0,0,36,0.45,0.0,0,36,0.45,0.0,0,36,0.45,0.0,0,36,0.45,0.0,0,36,0.45,0.0,0,36,0.45,0.0,0,36,0.45,0.0,0,36,0.45,0.0,0,36,0.45,0.0,0,36,0.45,0.0,0,36,0.45,0.0,0,36,0.45,0.0,0,36,0.45,0.0,0,36,0.45,0.0,0,36,0.45,0.0,0,36,0.45,0.0,0,36,0.45,0.0,0,36,0.45,0.0,0,36,0.45,0.0,0,36,0.45,0.0,0,36,0.45,0.0,0,36,0.45,0.0,0,36,0.45,0.0,0,36,0.45,0.0,0,36,0.45,0.0,0,36,0.45,0.0,0,36,0.45,0.0
21,12.25,0.0,0.0,0,0,38,0.475,0.0,0,38,0.475,0.0,0,38,0.475,0.0,0,38,0.475,0.0,0,38,0.475,0.0,0,38,0.475,0.0,0,38,0.475,0.0,0,38,0.475,0.0,0,38,0.475,0.0,0,38,0.475,0.0,0,38,0.475,0.0,0,38,0.475,0.0,0,38,0.475,0.0,0,38,0.475,0.0,0,38,0.475,0.0,0,38,0.475,0.0,0,38,0.475,0.0,0,38,0.475,0.0,0,38,0.475,0.0,0,38,0.475,0.0,0,38,0.475,0.0,0,38,0.475,0.0,0,38,0.475,0.0,0,38,0.475,0.0,0,38,0.475,0.0,0,38,0.475,0.0,0,38,0.475,0.0,0,38,0.475,0.0,0,38,0.475,0.0,0,38,0.475,0.0,0,38,0.475,0.0,0,38,0.475,0.0
22,12.86,0.0,0.0,0,0,41,0.512,0.0,0,41,0.512,0.0,0,41,0.512,0.0,0,41,0.512,0.0,0,41,0.512,0.0,0,41,0.512,0.0,0,41,0.512,0.0,0,41,0.512,0.0,0,41,0.512,0.0,0,41,0.512,0.0,0,41,0.512,0.0,0,41,0.512,0.0,0,41,0.512,0.0,0,41,0.512,0.0,0,41,0.512,0.0,0,41,0.512,0.0,0,41,0.512,0.0,0,41,0.512,0.0,0,41,0.512,0.0,0,41,0.512,0.0,0,41,0.512,0.0,0,41,0.512,0.0,0,41,0.512,0.0,0,41,0.512,0.0,0,41,0.512,0.0,0,41,0.512,0.0,0,41,0.512,0.0,0,41,0.512,0.0,0,41,0.512,0.0,0,41,0.512,0.0,0,41,0.512,0.0,0,41,0.512,0.0
23,13.46,0.0,0.0,0,0,41,0.512,0.0,0,41,0.512,0.0,0,41,0.512,0.0,0,41,0.512,0.0,0,41,0.512,0.0,0,41,0.512,0.0,0,41,0.512,0.0,0,41,0.512,0.0,0,41,0.512,0.0,0,41,0.512,0.0,0,41,0.512,0.0,0,41,0.512,0.0,0,41,0.512,0.0,0,41,0.512,0.0,0,41,0.512,0.0,0,41,0.512,0.0,0,41,0.512,0.0,0,41,0.512,0.0,0,41,0.512,0.0,0,41,0.512,0.0,0,41,0.512,0.0,0,41,0.512,0.0,0,41,0.512,0.0,0,41,0.512,0.0,0,41,0.512,0.0,0,41,0.512,0.0,0,41,0.512,0.0,0,41,0.512,0.0,0,41,0.512,0.0,0,41,0.512,0.0,0,41,0.512,0.0,0,41,0.512,0.0
24,14.06,0.0,0.0,0,0,42,0.525,0.0,0,42,0.525,0.0,0,42,0.525,0.0,0,42,0.525,0.0,0,42,0.525,0.0,0,42,0.525,0.0,0,42,0.525,0.0,0,42,0.525,0.0,0,42,0.525,0.0,0,42,0.525,0.0,0,42,0.525,0.0,0,42,0.525,0.0,0,42,0.525,0.0,0,42,0.525,0.0,0,42,0.525,0.0,0,42,0.525,0.0,0,42,0.525,0.0,0,42,0.525,0.0,0,42,0.525,0.0,0,42,0.525,0.0,0,42,0.525,0.0,0,42,0.525,0.0,0,42,0.525,0.0,0,42,0.525,0.0,0,42,0.525,0.0,0,42,0.525,0.0,0,42,0.525,0.0,0,42,0.525,0.0,0,42,0.525,0.0,0,42,0.525,0.0,0,42,0.525,0.0,0,42,0.525,0.0
25,14.85,0.0,0.0,0,0,44,0.55,0.0,0,44,0.55,0.0,0,44,0.55,0.0,0,44,0.55,0.0,0,44,0.55,0.0,0,44,0.55,0.0,0,44,0.55,0.0,0,44,0.55,0.0,0,44,0.55,0.0,0,44,0.55,0.0,0,44,0.55,0.0,0,44,0.55,0.0,0,44,0.55,0.0,0,44,0.55,0.0,0,44,0.55,0.0,0,44,0.55,0.0,0,44,0.55,0.0,0,44,0.55,0.0,0,44,0.55,0.0,0,44,0.55,0.0,0,44,0.55,0.0,0,44,0.55,0.0,0,44,0.55,0.0,0,44,0.55,0.0,0,44,0.55,0.0,0,44,0.55,0.0,0,44,0.55,0.0,0,44,0.55,0.0,0,44,0.55,0.0,0,44,0.55,0.0,0,44,0.55,0.0,0,44,0.55,0.0
26,15.43,0.0,0.0,0,0,46,0.575,0.0,0,46,0.575,0.0,0,46,0.575,0.0,0,46,0.575,0.0,0,46,0.575,0.0,0,46,0.575,0.0,0,46,0.575,0.0,0,46,0.575,0.0,0,46,0.575,0.0,0,46,0.575,0.0,0,46,0.575,0.0,0,46,0.575,0.0,0,46,0.575,0.0,0,46,0.575,0.0,0,46,0.575,0.0,0,46,0.575,0.0,0,46,0.575,0.0,0,46,0.575,0.0,0,46,0.575,0.0,0,46,0.575,0.0,0,46,0.575,0.0,0,46,0.575,0.0,0,46,0.575,0.0,0,46,0.575,0.0,0,46,0.575,0.0,0,46,0.575,0.0,0,46,0.575,0.0,0,46,0.575,0.0,0,46,0.575,0.0,0,46,0.575,0.0,0,46,0.575,0.0,0,46,0.575,0.0
27,16.43,0.0,0.0,0,0,47,0.588,0.0,0,47,0.588,0.0,0,47,0.588,0.0,0,47,0.588,0.0,0,47,0.588,0.0,0,47,0.588,0.0,0,47,0.588,0.0,0,47,0.588,0.0,0,47,0.588,0.0,0,47,0.588,0.0,0,47,0.588,0.0,0,47,0.588,0.0,0,47,0.588,0.0,0,47,0.588,0.0,0,47,0.588,0.0,0,47,0.588,0.0,0,47,0.588,0.0,0,47,0.588,0.0,0,47,0.588,0.0,0,47,0.588,0.0,0,47,0.588,0.0,0,47,0.588,0.0,0,47,0.588,0.0,0,47,0.588,0.0,0,47,0.588,0.0,0,47,0.588,0.0,0,47,0.588,0.0,0,47,0.588,0.0,0,47,0.588,0.0,0,47,0.588,0.0,0,47,0.588,0.0,0,47,0.588,0.0
28,17.2,0.0,0.0,0,0,49,0.613,0.0,0,49,0.613,0.0,0,49,0.613,0.0,0,49,0.613,0.0,0,49,0.613,0.0,0,49,0.613,0.0,0,49,0.613,0.0,0,49,0.613,0.0,0,49,0.613,0.0,0,49,0.613,0.0,0,49,0.613,0.0,0,49,0.613,0.0,0,49,0.613,0.0,0,49,0.613,0.0,0,49,0.613,0.0,0,49,0.613,0.0,0,49,0.613,0.0,0,49,0.613,0.0,0,49,0.613,0.0,0,49,0.613,0.0,0,49,0.613,0.0,0,49,0.613,0.0,0,49,0.613,0.0,0,49,0.613,0.0,0,49,0.613,0.0,0,49,0.613,0.0,0,49,0.613,0.0,0,49,0.613,0.0,0,49,0.613,0.0,0,49,0.613,0.0,0,49,0.613,0.0,0,49,0.613,0.0
29,17.28,0.0,0.0,0,0,51,0.637,0.0,0,51,0.637,0.0,0,51,0.637,0.0,0,51,0.637,0.0,0,51,0.637,0.0,0,51,0.637,0.0,0,51,0.637,0.0,0,51,0.637,0.0,0,51,0.637,0.0,0,51,0.637,0.0,0,51,0.637,0.0,0,51,0.637,0.0,0,51,0.637,0.0,0,51,0.637,0.0,0,51,0.637,0.0,0,51,0.637,0.0,0,51,0.637,0.0,0,51,0.637,0.0,0,51,0.637,0.0,0,51,0.637,0.0,0,51,0.637,0.0,0,51,0.637,0.0,0,51,0.637,0.0,0,51,0.637,0.0,0,51,0.637,0.0,0,51,0.637,0.0,0,51,0.637,0.0,0,51,0.637,0.0,0,51,0.637,0.0,0,51,0.637,0.0,0,51,0.637,0.0,0,51,0.637,0.0
30,17.62,0.0,0.0,0,0,52,0.65,0.0,0,52,0.65,0.0,0,52,0.65,0.0,0,52,0.65,0.0,0,52,0.65,0.0,0,52,0.65,0.0,0,52,0.65,0.0,0,52,0.65,0.0,0,52,0.65,0.0,0,52,0.65,0.0,0,52,0.65,0.0,0,52,0.65,0.0,0,52,0.65,0.0,0,52,0.65,0.0,0,52,0.65,0.0,0,52,0.65,0.0,0,52,0.65,0.0,0,52,0.65,0.0,0,52,0.65,0.0,0,52,0.65,0.0,0,52,0.65,0.0,0,52,0.65,0.0,0,52,0.65,0.0,0,52,0.65,0.0,0,52,0.65,0.0,0,52,0.65,0.0,0,52,0.65,0.0,0,52,0.65,0.0,0,52,0.65,0.0,0,52,0.65,0.0,0,52,0.65,0.0,0,52,0.65,0.0
31,17.96,0.0,0.0,0,0,54,0.675,0.0,0,54,0.675,0.0,0,54,0.675,0.0,0,54,0.675,0.0,0,54,0.675,0.0,0,54,0.675,0.0,0,54,0.675,0.0,0,54,0.675,0.0,0,54,0.675,0.0,0,54,0.675,0.0,0,54,0.675,0.0,0,54,0.675,0.0,0,54,0.675,0.0,0,54,0.675,0.0,0,54,0.675,0.0,0,54,0.675,0.0,0,54,0.675,0.0,0,54,0.675,0.0,0,54,0.675,0.0,0,54,0.675,0.0,0,54,0.675,0.0,0,54,0.675,0.0,0,54,0.675,0.0,0,54,0.675,0.0,0,54,0.675,0.0,0,54,0.675,0.0,0,54,0.675,0.0,0,54,0.675,0.0,0,54,0.675,0.0,0,54,0.675,0.0,0,54,0.675,0.0,0,54,0.675,0.0
32,18.12,0.0,0.0,0,0,56,0.7,0.0,0,56,0.7,0.0,0,56,0.7,0.0,0,56,0.7,0.0,0,56,0.7,0.0,0,56,0.7,0.0,0,56,0.7,0.0,0,56,0.7,0.0,0,56,0.7,0.0,0,56,0.7,0.0,0,56,0.7,0.0,0,56,0.7,0.0,0,56,0.7,0.0,0,56,0.7,0.0,0,56,0.7,0.0,0,56,0.7,0.0,0,56,0.7,0.0,0,56,0.7,0.0,0,56,0.7,0.0,0,56,0.7,0.0,0,56,0.7,0.0,0,56,0.7,0.0,0,56,0.7,0.0,0,56,0.7,0.0,0,56,0.7,0.0,0,56,0.7,0.0,0,56,0.7,0.0,0,56,0.7,0.0,0,56,0.7,0.0,0,56,0.7,0.0,0,56,0.7,0.0,0,56,0.7,0.0
33,18.91,0.01,0.02,0,2,56,0.725,0.9,2,56,0.725,0.9,2,56,0.725,0.9,2,56,0.725,0.9,2,56,0.725,0.9,2,56,0.725,0.9,2,56,0.725,0.9,2,56,0.725,0.9,2,56,0.725,0.9,2,56,0.725,0.9,2,56,0.725,0.9,2,56,0.725,0.9,2,56,0.725,0.9,2,56,0.725,0.9,2,56,0.725,0.9,2,56,0.725,0.9,2,56,0.725,0.9,2,56,0.725,0.9,2,56,0.725,0.9,2,56,0.725,0.9,2,56,0.725,0.9,2,56,0.725,0.9,2,56,0.725,0.9,2,56,0.725,0.9,2,56,0.725,0.9,2,56,0.725,0.9,2,56,0.725,0.9,2,56,0.725,0.9,2,56,0.725,0.9,2,56,0.725,0.9,2,56,0.725,0.9,2,56,0.725,0.9
34,19.48,0.02,0.05,0,5,52,0.713,2.2,5,52,0.713,2.2,5,52,0.713,2.2,5,52,0.713,2.2,5,52,0.713,2.2,5,52,0.713,2.2,5,52,0.713,2.2,5,52,0.713,2.2,5,52,0.713,2.2,5,52,0.713,2.2,5,52,0.713,2.2,5,52,0.713,2.2,5,52,0.713,2.2,5,52,0.713,2.2,5,52,0.713,2.2,5,52,0.713,2.2,5,52,0.713,2.2,5,52,0.713,2.2,5,52,0.713,2.2,5,52,0.713,2.2,5,52,0.713,2.2,5,52,0.713,2.2,5,52,0.713,2.2,5,52,0.713,2.2,5,52,0.713,2.2,5,52,0.713,2.2,5,52,0.713,2.2,5,52,0.713,2.2,5,52,0.713,2.2,5,52,0.713,2.2,5,52,0.713,2.2,5,52,0.713,2.2
35,20.48,0.03,0.06,0,6,52,0.725,2.6,6,52,0.725,2.6,6,52,0.725,2.6,6,52,0.725,2.6,6,52,0.725,2.6,6,52,0.725,2.6,6,52,0.725,2.6,6,52,0.725,2.6,6,52,0.725,2.6,6,52,0.725,2.6,6,52,0.725,2.6,6,52,0.725,2.6,6,52,0.725,2.6,6,52,0.725,2.6,6,52,0.725,2.6,6,52,0.725,2.6,6,52,0.725,2.6,6,52,0.725,2.6,6,52,0.725,2.6,6,52,0.725,2.6,6,52,0.725,2.6,6,52,0.725,2.6,6,52,0.725,2.6,6,52,0.725,2.6,6,52,0.725,2.6,6,52,0.725,2.6,6,52,0.725,2.6,6,52,0.725,2.6,6,52,0.725,2.6,6,52,0.725,2.6,6,52,0.725,2.6,6,52,0.725,2.6
36,21.02,0.03,0.06,0,6,57,0.787,2.4,6,57,0.787,2.4,6,57,0.787,2.4,6,57,0.787,2.4,6,57,0.787,2.4,6,57,0.787,2.4,6,57,0.787,2.4,6,57,0.787,2.4,6,57,0.787,2.4,6,57,0.787,2.4,6,57,0.787,2.4,6,57,0.787,2.4,6,57,0.787,2.4,6,57,0.787,2.4,6,57,0.787,2.4,6,57,0.787,2.4,6,57,0.787,2.4,6,57,0.787,2.4,6,57,0.787,2.4,6,57,0.787,2.4,6,57,0.787,2.4,6,57,0.787,2.4,6,57,0.787,2.4,6,57,0.787,2.4,6,57,0.787,2.4,6,57,0.787,2.4,6,57,0.787,2.4,6,57,0.787,2.4,6,57,0.787,2.4,6,57,0.787,2.4,6,57,0.787,2.4,6,57,0.787,2.4
37,21.79,0.03,0.08,0,8,56,0.8,3.1,8,56,0.8,3.1,8,56,0.8,3.1,8,56,0.8,3.1,8,56,0.8,3.1,8,56,0.8,3.1,8,56,0.8,3.1,8,56,0.8,3.1,8,56,0.8,3.1,8,56,0.8,3.1,8,56,0.8,3.1,8,56,0.8,3.1,8,56,0.8,3.1,8,56,0.8,3.1,8,56,0.8,3.1,8,56,0.8,3.1,8,56,0.8,3.1,8,56,0.8,3.1,8,56,0.8,3.1,8,56,0.8,3.1,8,56,0.8,3.1,8,56,0.8,3.1,8,56,0.8,3.1,8,56,0.8,3.1,8,56,0.8,3.1,8,56,0.8,3.1,8,56,0.8,3.1,8,56,0.8,3.1,8,56,0.8,3.1,8,56,0.8,3.1,8,56,0.8,3.1,8,56,0.8,3.1
38,21.66,0.04,0.09,0,9,56,0.812,3.5,9,56,0.812,3.5,9,56,0.812,3.5,9,56,0.812,3.5,9,56,0.812,3.5,9,56,0.812,3.5,9,56,0.812,3.5,9,56,0.812,3.5,9,56,0.812,3.5,9,56,0.812,3.5,9,56,0.812,3.5,9,56,0.812,3.5,9,56,0.812,3.5,9,56,0.812,3.5,9,56,0.812,3.5,9,56,0.812,3.5,9,56,0.812,3.5,9,56,0.812,3.5,9,56,0.812,3.5,9,56,0.812,3.5,9,56,0.812,3.5,9,56,0.812,3.5,9,56,0.812,3.5,9,56,0.812,3.5,9,56,0.812,3.5,9,56,0.812,3.5,9,56,0.812,3.5,9,56,0.812,3.5,9,56,0.812,3.5,9,56,0.812,3.5,9,56,0.812,3.5,9,56,0.812,3.5
39,22.43,0.05,0.12,0,12,57,0.863,4.3,12,57,0.863,4.3,12,57,0.863,4.3,12,57,0.863,4.3,12,57,0.863,4.3,12,57,0.863,4.3,12,57,0.863,4.3,12,57,0.863,4.3,12,57,0.863,4.3,12,57,0.863,4.3,12,57,0.863,4.3,12,57,0.863,4.3,12,57,0.863,4.3,12,57,0.863,4.3,12,57,0.863,4.3,12,57,0.863,4.3,12,57,0.863,4.3,12,57,0.863,4.3,12,57,0.863,4.3,12,57,0.863,4.3,12,57,0.863,4.3,12,57,0.863,4.3,12,57,0.863,4.3,12,57,0.863,4.3,12,57,0.863,4.3,12,57,0.863,4.3,12,57,0.863,4.3,12,57,0.863,4.3,12,57,0.863,4.3,12,57,0.863,4.3,12,57,0.863,4.3,12,57,0.863,4.3
40,22.98,0.05,0.14,0,13,59,0.9,4.5,13,59,0.9,4.5,13,59,0.9,4.5,13,59,0.9,4.5,13,59,0.9,4.5,13,59,0.9,4.5,13,59,0.9,4.5,13,59,0.9,4.5,13,59,0.9,4.5,13,59,0.9,4.5,13,59,0.9,4.5,13,59,0.9,4.5,13,59,0.9,4.5,13,59,0.9,4.5,13,59,0.9,4.5,13,59,0.9,4.5,13,59,0.9,4.5,13,59,0.9,4.5,13,59,0.9,4.5,13,59,0.9,4.5,13,59,0.9,4.5,13,59,0.9,4.5,13,59,0.9,4.5,13,59,0.9,4.5,13,59,0.9,4.5,13,59,0.9,4.5,13,59,0.9,4.5,13,59,0.9,4.5,13,59,0.9,4.5,13,59,0.9,4.5,13,59,0.9,4.5,13,59,0.9,4.5
41,23.3,0.05,0.14,0,13,59,0.9,4.5,13,59,0.9,4.5,13,59,0.9,4.5,13,59,0.9,4.5,13,59,0.9,4.5,13,59,0.9,4.5,13,59,0.9,4.5,13,59,0.9,4.5,13,59,0.9,4.5,13,59,0.9,4.5,13,59,0.9,4.5,13,59,0.9,4.5,13,59,0.9,4.5,13,59,0.9,4.5,13,59,0.9,4.5,13,59,0.9,4.5,13,59,0.9,4.5,13,59,0.9,4.5,13,59,0.9,4.5,13,59,0.9,4.5,13,59,0.9,4.5,13,59,0.9,4.5,13,59,0.9,4.5,13,59,0.9,4.5,13,59,0.9,4.5,13,59,0.9,4.5,13,59,0.9,4.5,13,59,0.9,4.5,13,59,0.9,4.5,13,59,0.9,4.5,13,59,0.9,4.5,13,59,0.9,4.5
42,23.64,0.06,0.15,0,14,60,0.925,4.7,14,60,0.925,4.7,14,60,0.925,4.7,14,60,0.925,4.7,14,60,0.925,4.7,14,60,0.925,4.7,14,60,0.925,4.7,14,60,0.925,4.7,14,60,0.925,4.7,14,60,0.925,4.7,14,60,0.925,4.7,14,60,0.925,4.7,14,60,0.925,4.7,14,60,0.925,4.7,14,60,0.925,4.7,14,60,0.925,4.7,14,60,0.925,4.7,14,60,0.925,4.7,14,60,0.925,4.7,14,60,0.925,4.7,14,60,0.925,4.7,14,60,0.925,4.7,14,60,0.925,4.7,14,60,0.925,4.7,14,60,0.925,4.7,14,60,0.925,4.7,14,60,0.925,4.7,14,60,0.925,4.7,14,60,0.925,4.7,14,60,0.925,4.7,14,60,0.925,4.7,14,60,0.925,4.7
43,24.64,0.07,0.17,0,16,60,0.95,5.3,16,60,0.95,5.3,16,60,0.95,5.3,16,60,0.95,5.3,16,60,0.95,5.3,16,60,0.95,5.3,16,60,0.95,5.3,16,60,0.95,5.3,16,60,0.95,5.3,16,60,0.95,5.3,16,60,0.95,5.3,16,60,0.95,5.3,16,60,0.95,5.3,16,60,0.95,5.3,16,60,0.95,5.3,16,60,0.95,5.3,16,60,0.95,5.3,16,60,0.95,5.3,16,60,0.95,5.3,16,60,0.95,5.3,16,60,0.95,5.3,16,60,0.95,5.3,16,60,0.95,5.3,16,60,0.95,5.3,16,60,0.95,5.3,16,60,0.95,5.3,16,60,0.95,5.3,16,60,0.95,5.3,16,60,0.95,5.3,16,60,0.95,5.3,16,60,0.95,5.3,16,60,0.95,5.3
44,24.95,0.07,0.18,0,17,59,0.95,5.6,17,59,0.95,5.6,17,59,0.95,5.6,17,59,0.95,5.6,17,59,0.95,5.6,17,59,0.95,5.6,17,59,0.95,5.6,17,59,0.95,5.6,17,59,0.95,5.6,17,59,0.95,5.6,17,59,0.95,5.6,17,59,0.95,5.6,17,59,0.95,5.6,17,59,0.95,5.6,17,59,0.95,5.6,17,59,0.95,5.6,17,59,0.95,5.6,17,59,0.95,5.6,17,59,0.95,5.6,17,59,0.95,5.6,17,59,0.95,5.6,17,59,0.95,5.6,17,59,0.95,5.6,17,59,0.95,5.6,17,59,0.95,5.6,17,59,0.95,5.6,17,59,0.95,5.6,17,59,0.95,5.6,17,59,0.95,5.6,17,59,0.95,5.6,17,59,0.95,5.6,17,59,0.95,5.6
45,25.5,0.07,0.19,0,18,60,0.975,5.8,18,60,0.975,5.8,18,60,0.975,5.8,18,60,0.975,5.8,18,60,0.975,5.8,18,60,0.975,5.8,18,60,0.975,5.8,18,60,0.975,5.8,18,60,0.975,5.8,18,60,0.975,5.8,18,60,0.975,5.8,18,60,0.975,5.8,18,60,0.975,5.8,18,60,0.975,5.8,18,60,0.975,5.8,18,60,0.975,5.8,18,60,0.975,5.8,18,60,0.975,5.8,18,60,0.975,5.8,18,60,0.975,5.8,18,60,0.975,5.8,18,60,0.975,5.8,18,60,0.975,5.8,18,60,0.975,5.8,18,60,0.975,5.8,18,60,0.975,5.8,18,60,0.975,5.8,18,60,0.975,5.8,18,60,0.975,5.8,18,60,0.975,5.8,18,60,0.975,5.8,18,60,0.975,5.8
46,26.04,0.08,0.2,0,19,61,1.0,5.9,19,61,1.0,5.9,19,61,1.0,5.9,19,61,1.0,5.9,19,61,1.0,5.9,19,61,1.0,5.9,19,61,1.0,5.9,19,61,1.0,5.9,19,61,1.0,5.9,19,61,1.0,5.9,19,61,1.0,5.9,19,61,1.0,5.9,19,61,1.0,5.9,19,61,1.0,5.9,19,61,1.0,5.9,19,61,1.0,5.9,19,61,1.0,5.9,19,61,1.0,5.9,19,61,1.0,5.9,19,61,1.0,5.9,19,61,1.0,5.9,19,61,1.0,5.9,19,61,1.0,5.9,19,61,1.0,5.9,19,61,1.0,5.9,19,61,1.0,5.9,19,61,1.0,5.9,19,61,1.0,5.9,19,61,1.0,5.9,19,61,1.0,5.9,19,61,1.0,5.9,19,61,1.0,5.9
47,26.81,0.08,0.21,0,20,60,1.0,6.2,20,60,1.0,6.2,20,60,1.0,6.2,20,60,1.0,6.2,20,60,1.0,6.2,20,60,1.0,6.2,20,60,1.0,6.2,20,60,1.0,6.2,20,60,1.0,6.2,20,60,1.0,6.2,20,60,1.0,6.2,20,60,1.0,6.2,20,60,1.0,6.2,20,60,1.0,6.2,20,60,1.0,6.2,20,60,1.0,6.2,20,60,1.0,6.2,20,60,1.0,6.2,20,60,1.0,6.2,20,60,1.0,6.2,20,60,1.0,6.2,20,60,1.0,6.2,20,60,1.0,6.2,20,60,1.0,6.2,20,60,1.0,6.2,20,60,1.0,6.2,20,60,1.0,6.2,20,60,1.0,6.2,20,60,1.0,6.2,20,60,1.0,6.2,20,60,1.0,6.2,20,60,1.0,6.2
48,27.58,0.09,0.23,0,22,60,1.0,6.7,22,60,1.0,6.7,22,60,1.0,6.7,22,60,1.0,6.7,22,60,1.0,6.7,22,60,1.0,6.7,22,60,1.0,6.7,22,60,1.0,6.7,22,60,1.0,6.7,22,60,1.0,6.7,22,60,1.0,6.7,22,60,1.0,6.7,22,60,1.0,6.7,22,60,1.0,6.7,22,60,1.0,6.7,22,60,1.0,6.7,22,60,1.0,6.7,22,60,1.0,6.7,22,60,1.0,6.7,22,60,1.0,6.7,22,60,1.0,6.7,22,60,1.0,6.7,22,60,1.0,6.7,22,60,1.0,6.7,22,60,1.0,6.7,22,60,1.0,6.7,22,60,1.0,6.7,22,60,1.0,6.7,22,60,1.0,6.7,22,60,1.0,6.7,22,60,1.0,6.7,22,60,1.0,6.7
49,28.34,0.1,0.25,0,24,60,1.0,7.1,24,60,1.0,7.1,24,60,1.0,7.1,24,60,1.0,7.1,24,60,1.0,7.1,24,60,1.0,7.1,24,60,1.0,7.1,24,60,1.0,7.1,24,60,1.0,7.1,24,60,1.0,7.1,24,60,1.0,7.1,24,60,1.0,7.1,24,60,1.0,7.1,24,60,1.0,7.1,24,60,1.0,7.1,24,60,1.0,7.1,24,60,1.0,7.1,24,60,1.0,7.1,24,60,1.0,7.1,24,60,1.0,7.1,24,60,1.0,7.1,24,60,1.0,7.1,24,60,1.0,7.1,24,60,1.0,7.1,24,60,1.0,7.1,24,60,1.0,7.1,24,60,1.0,7.1,24,60,1.0,7.1,24,60,1.0,7.1,24,60,1.0,7.1,24,60,1.0,7.1,24,60,1.0,7.1
50,27.71,0.1,0.25,0,24,61,1.0,7.1,24,61,1.0,7.1,24,61,1.0,7.1,24,61,1.0,7.1,24,61,1.0,7.1,24,61,1.0,7.1,24,61,1.0,7.1,24,61,1.0,7.1,24,61,1.0,7.1,24,61,1.0,7.1,24,61,1.0,7.1,24,61,1.0,7.1,24,61,1.0,7.1,24,61,1.0,7.1,24,61,1.0,7.1,24,61,1.0,7.1,24,61,1.0,7.1,24,61,1.0,7.1,24,61,1.0,7.1,24,61,1.0,7.1,24,61,1.0,7.1,24,61,1.0,7.1,24,61,1.0,7.1,24,61,1.0,7.1,24,61,1.0,7.1,24,61,1.0,7.1,24,61,1.0,7.1,24,61,1.0,7.1,24,61,1.0,7.1,24,61,1.0,7.1,24,61,1.0,7.1,24,61,1.0,7.1
51,28.49,0.1,0.26,0,25,63,1.0,7.1,25,63,1.0,7.1,25,63,1.0,7.1,25,63,1.0,7.1,25,63,1.0,7.1,25,63,1.0,7.1,25,63,1.0,7.1,25,63,1.0,7.1,25,63,1.0,7.1,25,63,1.0,7.1,25,63,1.0,7.1,25,63,1.0,7.1,25,63,1.0,7.1,25,63,1.0,7.1,25,63,1.0,7.1,25,63,1.0,7.1,25,63,1.0,7.1,25,63,1.0,7.1,25,63,1.0,7.1,25,63,1.0,7.1,25,63,1.0,7.1,25,63,1.0,7.1,25,63,1.0,7.1,25,63,1.0,7.1,25,63,1.0,7.1,25,63,1.0,7.1,25,63,1.0,7.1,25,63,1.0,7.1,25,63,1.0,7.1,25,63,1.0,7.1,25,63,1.0,7.1,25,63,1.0,7.1
52,29.26,0.1,0.26,0,25,66,1.0,6.9,25,66,1.0,6.9,25,66,1.0,6.9,25,66,1.0,6.9,25,66,1.0,6.9,25,66,1.0,6.9,25,66,1.0,6.9,25,66,1.0,6.9,25,66,1.0,6.9,25,66,1.0,6.9,25,66,1.0,6.9,25,66,1.0,6.9,25,66,1.0,6.9,25,66,1.0,6.9,25,66,1.0,6.9,25,66,1.0,6.9,25,66,1.0,6.9,25,66,1.0,6.9,25,66,1.0,6.9,25,66,1.0,6.9,25,66,1.0,6.9,25,66,1.0,6.9,25,66,1.0,6.9,25,66,1.0,6.9,25,66,1.0,6.9,25,66,1.0,6.9,25,66,1.0,6.9,25,66,1.0,6.9,25,66,1.0,6.9,25,66,1.0,6.9,25,66,1.0,6.9,25,66,1.0,6.9
53,29.79,0.1,0.26,0,25,66,1.0,6.9,25,66,1.0,6.9,25,66,1.0,6.9,25,66,1.0,6.9,25,66,1.0,6.9,25,66,1.0,6.9,25,66,1.0,6.9,25,66,1.0,6.9,25,66,1.0,6.9,25,66,1.0,6.9,25,66,1.0,6.9,25,66,1.0,6.9,25,66,1.0,6.9,25,66,1.0,6.9,25,66,1.0,6.9,25,66,1.0,6.9,25,66,1.0,6.9,25,66,1.0,6.9,25,66,1.0,6.9,25,66,1.0,6.9,25,66,1.0,6.9,25,66,1.0,6.9,25,66,1.0,6.9,25,66,1.0,6.9,25,66,1.0,6.9,25,66,1.0,6.9,25,66,1.0,6.9,25,66,1.0,6.9,25,66,1.0,6.9,25,66,1.0,6.9,25,66,1.0,6.9,25,66,1.0,6.9
54,30.33,0.11,0.27,0,26,68,1.0,6.9,26,68,1.0,6.9,26,68,1.0,6.9,26,68,1.0,6.9,26,68,1.0,6.9,26,68,1.0,6.9,26,68,1.0,6.9,26,68,1.0,6.9,26,68,1.0,6.9,26,68,1.0,6.9,26,68,1.0,6.9,26,68,1.0,6.9,26,68,1.0,6.9,26,68,1.0,6.9,26,68,1.0,6.9,26,68,1.0,6.9,26,68,1.0,6.9,26,68,1.0,6.9,26,68,1.0,6.9,26,68,1.0,6.9,26,68,1.0,6.9,26,68,1.0,6.9,26,68,1.0,6.9,26,68,1.0,6.9,26,68,1.0,6.9,26,68,1.0,6.9,26,68,1.0,6.9,26,68,1.0,6.9,26,68,1.0,6.9,26,68,1.0,6.9,26,68,1.0,6.9,26,68,1.0,6.9
55,31.09,0.11,0.27,0,26,69,1.0,6.8,26,69,1.0,6.8,26,69,1.0,6.8,26,69,1.0,6.8,26,69,1.0,6.8,26,69,1.0,6.8,26,69,1.0,6.8,26,69,1.0,6.8,26,69,1.0,6.8,26,69,1.0,6.8,26,69,1.0,6.8,26,69,1.0,6.8,26,69,1.0,6.8,26,69,1.0,6.8,26,69,1.0,6.8,26,69,1.0,6.8,26,69,1.0,6.8,26,69,1.0,6.8,26,69,1.0,6.8,26,69,1.0,6.8,26,69,1.0,6.8,26,69,1.0,6.8,26,69,1.0,6.8,26,69,1.0,6.8,26,69,1.0,6.8,26,69,1.0,6.8,26,69,1.0,6.8,26,69,1.0,6.8,26,69,1.0,6.8,26,69,1.0,6.8,26,69,1.0,6.8,26,69,1.0,6.8
56,31.85,0.11,0.28,0,27,68,1.0,7.1,27,68,1.0,7.1,27,68,1.0,7.1,27,68,1.0,7.1,27,68,1.0,7.1,27,68,1.0,7.1,27,68,1.0,7.1,27,68,1.0,7.1,27,68,1.0,7.1,27,68,1.0,7.1,27,68,1.0,7.1,27,68,1.0,7.1,27,68,1.0,7.1,27,68,1.0,7.1,27,68,1.0,7.1,27,68,1.0,7.1,27,68,1.0,7.1,27,68,1.0,7.1,27,68,1.0,7.1,27,68,1.0,7.1,27,68,1.0,7.1,27,68,1.0,7.1,27,68,1.0,7.1,27,68,1.0,7.1,27,68,1.0,7.1,27,68,1.0,7.1,27,68,1.0,7.1,27,68,1.0,7.1,27,68,1.0,7.1,27,68,1.0,7.1,27,68,1.0,7.1,27,68,1.0,7.1
57,32.37,0.12,0.29,0,28,70,1.0,7.1,28,70,1.0,7.1,28,70,1.0,7.1,28,70,1.0,7.1,28,70,1.0,7.1,28,70,1.0,7.1,28,70,1.0,7.1,28,70,1.0,7.1,28,70,1.0,7.1,28,70,1.0,7.1,28,70,1.0,7.1,28,70,1.0,7.1,28,70,1.0,7.1,28,70,1.0,7.1,28,70,1.0,7.1,28,70,1.0,7.1,28,70,1.0,7.1,28,70,1.0,7.1,28,70,1.0,7.1,28,70,1.0,7.1,28,70,1.0,7.1,28,70,1.0,7.1,28,70,1.0,7.1,28,70,1.0,7.1,28,70,1.0,7.1,28,70,1.0,7.1,28,70,1.0,7.1,28,70,1.0,7.1,28,70,1.0,7.1,28,70,1.0,7.1,28,70,1.0,7.1,28,70,1.0,7.1
58,32.89,0.13,0.32,0,31,68,1.0,7.8,31,68,1.0,7.8,31,68,1.0,7.8,31,68,1.0,7.8,31,68,1.0,7.8,31,68,1.0,7.8,31,68,1.0,7.8,31,68,1.0,7.8,31,68,1.0,7.8,31,68,1.0,7.8,31,68,1.0,7.8,31,68,1.0,7.8,31,68,1.0,7.8,31,68,1.0,7.8,31,68,1.0,7.8,31,68,1.0,7.8,31,68,1.0,7.8,31,68,1.0,7.8,31,68,1.0,7.8,31,68,1.0,7.8,31,68,1.0,7.8,31,68,1.0,7.8,31,68,1.0,7.8,31,68,1.0,7.8,31,68,1.0,7.8,31,68,1.0,7.8,31,68,1.0,7.8,31,68,1.0,7.8,31,68,1.0,7.8,31,68,1.0,7.8,31,68,1.0,7.8,31,68,1.0,7.8
59,33.17,0.13,0.33,0,32,65,1.0,8.2,32,65,1.0,8.2,32,65,1.0,8.2,32,65,1.0,8.2,32,65,1.0,8.2,32,65,1.0,8.2,32,65,1.0,8.2,32,65,1.0,8.2,32,65,1.0,8.2,32,65,1.0,8.2,32,65,1.0,8.2,32,65,1.0,8.2,32,65,1.0,8.2,32,65,1.0,8.2,32,65,1.0,8.2,32,65,1.0,8.2,32,65,1.0,8.2,32,65,1.0,8.2,32,65,1.0,8.2,32,65,1.0,8.2,32,65,1.0,8.2,32,65,1.0,8.2,32,65,1.0,8.2,32,65,1.0,8.2,32,65,1.0,8.2,32,65,1.0,8.2,32,65,1.0,8.2,32,65,1.0,8.2,32,65,1.0,8.2,32,65,1.0,8.2,32,65,1.0,8.2,32,65,1.0,8.2
60,33.69,0.14,0.34,0,33,67,1.0,8.2,33,67,1.0,8.2,33,67,1.0,8.2,33,67,1.0,8.2,33,67,1.0,8.2,33,67,1.0,8.2,33,67,1.0,8.2,33,67,1.0,8.2,33,67,1.0,8.2,33,67,1.0,8.2,33,67,1.0,8.2,33,67,1.0,8.2,33,67,1.0,8.2,33,67,1.0,8.2,33,67,1.0,8.2,33,67,1.0,8.2,33,67,1.0,8.2,33,67,1.0,8.2,33,67,1.0,8.2,33,67,1.0,8.2,33,67,1.0,8.2,33,67,1.0,8.2,33,67,1.0,8.2,33,67,1.0,8.2,33,67,1.0,8.2,33,67,1.0,8.2,33,67,1.0,8.2,33,67,1.0,8.2,33,67,1.0,8.2,33,67,1.0,8.2,33,67,1.0,8.2,33,67,1.0,8.2
61,33.52,0.14,0.35,0,34,69,1.0,8.3,34,69,1.0,8.3,34,69,1.0,8.3,34,69,1.0,8.3,34,69,1.0,8.3,34,69,1.0,8.3,34,69,1.0,8.3,34,69,1.0,8.3,34,69,1.0,8.3,34,69,1.0,8.3,34,69,1.0,8.3,34,69,1.0,8.3,34,69,1.0,8.3,34,69,1.0,8.3,34,69,1.0,8.3,34,69,1.0,8.3,34,69,1.0,8.3,34,69,1.0,8.3,34,69,1.0,8.3,34,69,1.0,8.3,34,69,1.0,8.3,34,69,1.0,8.3,34,69,1.0,8.3,34,69,1.0,8.3,34,69,1.0,8.3,34,69,1.0,8.3,34,69,1.0,8.3,34,69,1.0,8.3,34,69,1.0,8.3,34,69,1.0,8.3,34,69,1.0,8.3,34,69,1.0,8.3
62,34.29,0.14,0.34,0,33,67,1.0,8.2,33,67,1.0,8.2,33,67,1.0,8.2,33,67,1.0,8.2,33,67,1.0,8.2,33,67,1.0,8.2,33,67,1.0,8.2,33,67,1.0,8.2,33,67,1.0,8.2,33,67,1.0,8.2,33,67,1.0,8.2,33,67,1.0,8.2,33,67,1.0,8.2,33,67,1.0,8.2,33,67,1.0,8.2,33,67,1.0,8.2,33,67,1.0,8.2,33,67,1.0,8.2,33,67,1.0,8.2,33,67,1.0,8.2,33,67,1.0,8.2,33,67,1.0,8.2,33,67,1.0,8.2,33,67,1.0,8.2,33,67,1.0,8.2,33,67,1.0,8.2,33,67,1.0,8.2,33,67,1.0,8.2,33,67,1.0,8.2,33,67,1.0,8.2,33,67,1.0,8.2,33,67,1.0,8.2
63,34.82,0.14,0.34,0,33,73,1.0,7.8,33,73,1.0,7.8,33,73,1.0,7.8,33,73,1.0,7.8,33,73,1.0,7.8,33,73,1.0,7.8,33,73,1.0,7.8,33,73,1.0,7.8,33,73,1.0,7.8,33,73,1.0,7.8,33,73,1.0,7.8,33,73,1.0,7.8,33,73,1.0,7.8,33,73,1.0,7.8,33,73,1.0,7.8,33,73,1.0,7.8,33,73,1.0,7.8,33,73,1.0,7.8,33,73,1.0,7.8,33,73,1.0,7.8,33,73,1.0,7.8,33,73,1.0,7.8,33,73,1.0,7.8,33,73,1.0,7.8,33,73,1.0,7.8,33,73,1.0,7.8,33,73,1.0,7.8,33,73,1.0,7.8,33,73,1.0,7.8,33,73,1.0,7.8,33,73,1.0,7.8,33,73,1.0,7.8
64,34.24,0.14,0.35,0,34,78,1.0,7.6,34,78,1.0,7.6,34,78,1.0,7.6,34,78,1.0,7.6,34,78,1.0,7.6,34,78,1.0,7.6,34,78,1.0,7.6,34,78,1.0,7.6,34,78,1.0,7.6,34,78,1.0,7.6,34,78,1.0,7.6,34,78,1.0,7.6,34,78,1.0,7.6,34,78,1.0,7.6,34,78,1.0,7.6,34,78,1.0,7.6,34,78,1.0,7.6,34,78,1.0,7.6,34,78,1.0,7.6,34,78,1.0,7.6,34,78,1.0,7.6,34,78,1.0,7.6,34,78,1.0,7.6,34,78,1.0,7.6,34,78,1.0,7.6,34,78,1.0,7.6,34,78,1.0,7.6,34,78,1.0,7.6,34,78,1.0,7.6,34,78,1.0,7.6,34,78,1.0,7.6,34,78,1.0,7.6
65,35.24,0.15,0.38,0,36,75,1.0,8.1,36,75,1.0,8.1,36,75,1.0,8.1,36,75,1.0,8.1,36,75,1.0,8.1,36,75,1.0,8.1,36,75,1.0,8.1,36,75,1.0,8.1,36,75,1.0,8.1,36,75,1.0,8.1,36,75,1.0,8.1,36,75,1.0,8.1,36,75,1.0,8.1,36,75,1.0,8.1,36,75,1.0,8.1,36,75,1.0,8.1,36,75,1.0,8.1,36,75,1.0,8.1,36,75,1.0,8.1,36,75,1.0,8.1,36,75,1.0,8.1,36,75,1.0,8.1,36,75,1.0,8.1,36,75,1.0,8.1,36,75,1.0,8.1,36,75,1.0,8.1,36,75,1.0,8.1,36,75,1.0,8.1,36,75,1.0,8.1,36,75,1.0,8.1,36,75,1.0,8.1,36,75,1.0,8.1
66,36.24,0.15,0.39,0,37,77,1.0,8.1,37,77,1.0,8.1,37,77,1.0,8.1,37,77,1.0,8.1,37,77,1.0,8.1,37,77,1.0,8.1,37,77,1.0,8.1,37,77,1.0,8.1,37,77,1.0,8.1,37,77,1.0,8.1,37,77,1.0,8.1,37,77,1.0,8.1,37,77,1.0,8.1,37,77,1.0,8.1,37,77,1.0,8.1,37,77,1.0,8.1,37,77,1.0,8.1,37,77,1.0,8.1,37,77,1.0,8.1,37,77,1.0,8.1,37,77,1.0,8.1,37,77,1.0,8.1,37,77,1.0,8.1,37,77,1.0,8.1,37,77,1.0,8.1,37,77,1.0,8.1,37,77,1.0,8.1,37,77,1.0,8.1,37,77,1.0,8.1,37,77,1.0,8.1,37,77,1.0,8.1,37,77,1.0,8.1
67,36.78,0.16,0.4,0,38,77,1.0,8.3,38,77,1.0,8.3,38,77,1.0,8.3,38,77,1.0,8.3,38,77,1.0,8.3,38,77,1.0,8.3,38,77,1.0,8.3,38,77,1.0,8.3,38,77,1.0,8.3,38,77,1.0,8.3,38,77,1.0,8.3,38,77,1.0,8.3,38,77,1.0,8.3,38,77,1.0,8.3,38,77,1.0,8.3,38,77,1.0,8.3,38,77,1.0,8.3,38,77,1.0,8.3,38,77,1.0,8.3,38,77,1.0,8.3,38,77,1.0,8.3,38,77,1.0,8.3,38,77,1.0,8.3,38,77,1.0,8.3,38,77,1.0,8.3,38,77,1.0,8.3,38,77,1.0,8.3,38,77,1.0,8.3,38,77,1.0,8.3,38,77,1.0,8.3,38,77,1.0,8.3,38,77,1.0,8.3
68,37.08,0.16,0.41,0,39,75,1.0,8.6,39,75,1.0,8.6,39,75,1.0,8.6,39,75,1.0,8.6,39,75,1.0,8.6,39,75,1.0,8.6,39,75,1.0,8.6,39,75,1.0,8.6,39,75,1.0,8.6,39,75,1.0,8.6,39,75,1.0,8.6,39,75,1.0,8.6,39,75,1.0,8.6,39,75,1.0,8.6,39,75,1.0,8.6,39,75,1.0,8.6,39,75,1.0,8.6,39,75,1.0,8.6,39,75,1.0,8.6,39,75,1.0,8.6,39,75,1.0,8.6,39,75,1.0,8.6,39,75,1.0,8.6,39,75,1.0,8.6,39,75,1.0,8.6,39,75,1.0,8.6,39,75,1.0,8.6,39,75,1.0,8.6,39,75,1.0,8.6,39,75,1.0,8.6,39,75,1.0,8.6,39,75,1.0,8.6
69,36.95,0.16,0.4,0,38,80,1.0,8.1,38,80,1.0,8.1,38,80,1.0,8.1,38,80,1.0,8.1,38,80,1.0,8.1,38,80,1.0,8.1,38,80,1.0,8.1,38,80,1.0,8.1,38,80,1.0,8.1,38,80,1.0,8.1,38,80,1.0,8.1,38,80,1.0,8.1,38,80,1.0,8.1,38,80,1.0,8.1,38,80,1.0,8.1,38,80,1.0,8.1,38,80,1.0,8.1,38,80,1.0,8.1,38,80,1.0,8.1,38,80,1.0,8.1,38,80,1.0,8.1,38,80,1.0,8.1,38,80,1.0,8.1,38,80,1.0,8.1,38,80,1.0,8.1,38,80,1.0,8.1,38,80,1.0,8.1,38,80,1.0,8.1,38,80,1.0,8.1,38,80,1.0,8.1,38,80,1.0,8.1,38,80,1.0,8.1
70,37.95,0.17,0.42,0,40,79,1.0,8.4,40,79,1.0,8.4,40,79,1.0,8.4,40,79,1.0,8.4,40,79,1.0,8.4,40,79,1.0,8.4,40,79,1.0,8.4,40,79,1.0,8.4,40,79,1.0,8.4,40,79,1.0,8.4,40,79,1.0,8.4,40,79,1.0,8.4,40,79,1.0,8.4,40,79,1.0,8.4,40,79,1.0,8.4,40,79,1.0,8.4,40,79,1.0,8.4,40,79,1.0,8.4,40,79,1.0,8.4,40,79,1.0,8.4,40,79,1.0,8.4,40,79,1.0,8.4,40,79,1.0,8.4,40,79,1.0,8.4,40,79,1.0,8.4,40,79,1.0,8.4,40,79,1.0,8.4,40,79,1.0,8.4,40,79,1.0,8.4,40,79,1.0,8.4,40,79,1.0,8.4,40,79,1.0,8.4
71,38.72,0.16,0.41,0,39,81,1.0,8.1,39,81,1.0,8.1,39,81,1.0,8.1,39,81,1.0,8.1,39,81,1.0,8.1,39,81,1.0,8.1,39,81,1.0,8.1,39,81,1.0,8.1,39,81,1.0,8.1,39,81,1.0,8.1,39,81,1.0,8.1,39,81,1.0,8.1,39,81,1.0,8.1,39,81,1.0,8.1,39,81,1.0,8.1,39,81,1.0,8.1,39,81,1.0,8.1,39,81,1.0,8.1,39,81,1.0,8.1,39,81,1.0,8.1,39,81,1.0,8.1,39,81,1.0,8.1,39,81,1.0,8.1,39,81,1.0,8.1,39,81,1.0,8.1,39,81,1.0,8.1,39,81,1.0,8.1,39,81,1.0,8.1,39,81,1.0,8.1,39,81,1.0,8.1,39,81,1.0,8.1,39,81,1.0,8.1
72,39.03,0.16,0.41,0,39,84,1.0,7.9,39,84,1.0,7.9,39,84,1.0,7.9,39,84,1.0,7.9,39,84,1.0,7.9,39,84,1.0,7.9,39,84,1.0,7.9,39,84,1.0,7.9,39,84,1.0,7.9,39,84,1.0,7.9,39,84,1.0,7.9,39,84,1.0,7.9,39,84,1.0,7.9,39,84,1.0,7.9,39,84,1.0,7.9,39,84,1.0,7.9,39,84,1.0,7.9,39,84,1.0,7.9,39,84,1.0,7.9,39,84,1.0,7.9,39,84,1.0,7.9,39,84,1.0,7.9,39,84,1.0,7.9,39,84,1.0,7.9,39,84,1.0,7.9,39,84,1.0,7.9,39,84,1.0,7.9,39,84,1.0,7.9,39,84,1.0,7.9,39,84,1.0,7.9,39,84,1.0,7.9,39,84,1.0,7.9
73,38.68,0.16,0.41,0,39,87,1.0,7.7,39,87,1.0,7.7,39,87,1.0,7.7,39,87,1.0,7.7,39,87,1.0,7.7,39,87,1.0,7.7,39,87,1.0,7.7,39,87,1.0,7.7,39,87,1.0,7.7,39,87,1.0,7.7,39,87,1.0,7.7,39,87,1.0,7.7,39,87,1.0,7.7,39,87,1.0,7.7,39,87,1.0,7.7,39,87,1.0,7.7,39,87,1.0,7.7,39,87,1.0,7.7,39,87,1.0,7.7,39,87,1.0,7.7,39,87,1.0,7.7,39,87,1.0,7.7,39,87,1.0,7.7,39,87,1.0,7.7,39,87,1.0,7.7,39,87,1.0,7.7,39,87,1.0,7.7,39,87,1.0,7.7,39,87,1.0,7.7,39,87,1.0,7.7,39,87,1.0,7.7,39,87,1.0,7.7
74,39.03,0.16,0.4,0,38,88,1.0,7.5,38,88,1.0,7.5,38,88,1.0,7.5,38,88,1.0,7.5,38,88,1.0,7.5,38,88,1.0,7.5,38,88,1.0,7.5,38,88,1.0,7.5,38,88,1.0,7.5,38,88,1.0,7.5,38,88,1.0,7.5,38,88,1.0,7.5,38,88,1.0,7.5,38,88,1.0,7.5,38,88,1.0,7.5,38,88,1.0,7.5,38,88,1.0,7.5,38,88,1.0,7.5,38,88,1.0,7.5,38,88,1.0,7.5,38,88,1.0,7.5,38,88,1.0,7.5,38,88,1.0,7.5,38,88,1.0,7.5,38,88,1.0,7.5,38,88,1.0,7.5,38,88,1.0,7.5,38,88,1.0,7.5,38,88,1.0,7.5,38,88,1.0,7.5,38,88,1.0,7.5,38,88,1.0,7.5
75,39.38,0.16,0.4,0,38,90,1.0,7.4,38,90,1.0,7.4,38,90,1.0,7.4,38,90,1.0,7.4,38,90,1.0,7.4,38,90,1.0,7.4,38,90,1.0,7.4,38,90,1.0,7.4,38,90,1.0,7.4,38,90,1.0,7.4,38,90,1.0,7.4,38,90,1.0,7.4,38,90,1.0,7.4,38,90,1.0,7.4,38,90,1.0,7.4,38,90,1.0,7.4,38,90,1.0,7.4,38,90,1.0,7.4,38,90,1.0,7.4,38,90,1.0,7.4,38,90,1.0,7.4,38,90,1.0,7.4,38,90,1.0,7.4,38,90,1.0,7.4,38,90,1.0,7.4,38,90,1.0,7.4,38,90,1.0,7.4,38,90,1.0,7.4,38,90,1.0,7.4,38,90,1.0,7.4,38,90,1.0,7.4,38,90,1.0,7.4
76,39.73,0.16,0.41,0,39,94,1.0,7.3,39,94,1.0,7.3,39,94,1.0,7.3,39,94,1.0,7.3,39,94,1.0,7.3,39,94,1.0,7.3,39,94,1.0,7.3,39,94,1.0,7.3,39,94,1.0,7.3,39,94,1.0,7.3,39,94,1.0,7.3,39,94,1.0,7.3,39,94,1.0,7.3,39,94,1.0,7.3,39,94,1.0,7.3,39,94,1.0,7.3,39,94,1.0,7.3,39,94,1.0,7.3,39,94,1.0,7.3,39,94,1.0,7.3,39,94,1.0,7.3,39,94,1.0,7.3,39,94,1.0,7.3,39,94,1.0,7.3,39,94,1.0,7.3,39,94,1.0,7.3,39,94,1.0,7.3,39,94,1.0,7.3,39,94,1.0,7.3,39,94,1.0,7.3,39,94,1.0,7.3,39,94,1.0,7.3
77,40.3,0.16,0.41,0,39,91,1.0,7.5,39,91,1.0,7.5,39,91,1.0,7.5,39,91,1.0,7.5,39,91,1.0,7.5,39,91,1.0,7.5,39,91,1.0,7.5,39,91,1.0,7.5,39,91,1.0,7.5,39,91,1.0,7.5,39,91,1.0,7.5,39,91,1.0,7.5,39,91,1.0,7.5,39,91,1.0,7.5,39,91,1.0,7.5,39,91,1.0,7.5,39,91,1.0,7.5,39,91,1.0,7.5,39,91,1.0,7.5,39,91,1.0,7.5,39,91,1.0,7.5,39,91,1.0,7.5,39,91,1.0,7.5,39,91,1.0,7.5,39,91,1.0,7.5,39,91,1.0,7.5,39,91,1.0,7.5,39,91,1.0,7.5,39,91,1.0,7.5,39,91,1.0,7.5,39,91,1.0,7.5,39,91,1.0,7.5
78,40.66,0.16,0.41,0,39,95,1.0,7.3,39,95,1.0,7.3,39,95,1.0,7.3,39,95,1.0,7.3,39,95,1.0,7.3,39,95,1.0,7.3,39,95,1.0,7.3,39,95,1.0,7.3,39,95,1.0,7.3,39,95,1.0,7.3,39,95,1.0,7.3,39,95,1.0,7.3,39,95,1.0,7.3,39,95,1.0,7.3,39,95,1.0,7.3,39,95,1.0,7.3,39,95,1.0,7.3,39,95,1.0,7.3,39,95,1.0,7.3,39,95,1.0,7.3,39,95,1.0,7.3,39,95,1.0,7.3,39,95,1.0,7.3,39,95,1.0,7.3,39,95,1.0,7.3,39,95,1.0,7.3,39,95,1.0,7.3,39,95,1.0,7.3,39,95,1.0,7.3,39,95,1.0,7.3,39,95,1.0,7.3,39,95,1.0,7.3
79,41.02,0.17,0.42,0,40,100,1.0,7.1,40,100,1.0,7.1,40,100,1.0,7.1,40,100,1.0,7.1,40,100,1.0,7.1,40,100,1.0,7.1,40,100,1.0,7.1,40,100,1.0,7.1,40,100,1.0,7.1,40,100,1.0,7.1,40,100,1.0,7.1,40,100,1.0,7.1,40,100,1.0,7.1,40,100,1.0,7.1,40,100,1.0,7.1,40,100,1.0,7.1,40,100,1.0,7.1,40,100,1.0,7.1,40,100,1.0,7.1,40,100,1.0,7.1,40,100,1.0,7.1,40,100,1.0,7.1,40,100,1.0,7.1,40,100,1.0,7.1,40,100,1.0,7.1,40,100,1.0,7.1,40,100,1.0,7.1,40,100,1.0,7.1,40,100,1.0,7.1,40,100,1.0,7.1,40,100,1.0,7.1,40,100,1.0,7.1
80,41.81,0.16,0.41,0,39,98,1.0,7.1,39,98,1.0,7.1,39,98,1.0,7.1,39,98,1.0,7.1,39,98,1.0,7.1,39,98,1.0,7.1,39,98,1.0,7.1,39,98,1.0,7.1,39,98,1.0,7.1,39,98,1.0,7.1,39,98,1.0,7.1,39,98,1.0,7.1,39,98,1.0,7.1,39,98,1.0,7.1,39,98,1.0,7.1,39,98,1.0,7.1,39,98,1.0,7.1,39,98,1.0,7.1,39,98,1.0,7.1,39,98,1.0,7.1,39,98,1.0,7.1,39,98,1.0,7.1,39,98,1.0,7.1,39,98,1.0,7.1,39,98,1.0,7.1,39,98,1.0,7.1,39,98,1.0,7.1,39,98,1.0,7.1,39,98,1.0,7.1,39,98,1.0,7.1,39,98,1.0,7.1,39,98,1.0,7.1
81,42.16,0.16,0.41,0,39,101,1.0,7.0,39,101,1.0,7.0,39,101,1.0,7.0,39,101,1.0,7.0,39,101,1.0,7.0,39,101,1.0,7.0,39,101,1.0,7.0,39,101,1.0,7.0,39,101,1.0,7.0,39,101,1.0,7.0,39,101,1.0,7.0,39,101,1.0,7.0,39,101,1.0,7.0,39,101,1.0,7.0,39,101,1.0,7.0,39,101,1.0,7.0,39,101,1.0,7.0,39,101,1.0,7.0,39,101,1.0,7.0,39,101,1.0,7.0,39,101,1.0,7.0,39,101,1.0,7.0,39,101,1.0,7.0,39,101,1.0,7.0,39,101,1.0,7.0,39,101,1.0,7.0,39,101,1.0,7.0,39,101,1.0,7.0,39,101,1.0,7.0,39,101,1.0,7.0,39,101,1.0,7.0,39,101,1.0,7.0
82,42.74,0.17,0.43,0,41,102,1.0,7.2,41,102,1.0,7.2,41,102,1.0,7.2,41,102,1.0,7.2,41,102,1.0,7.2,41,102,1.0,7.2,41,102,1.0,7.2,41,102,1.0,7.2,41,102,1.0,7.2,41,102,1.0,7.2,41,102,1.0,7.2,41,102,1.0,7.2,41,102,1.0,7.2,41,102,1.0,7.2,41,102,1.0,7.2,41,102,1.0,7.2,41,102,1.0,7.2,41,102,1.0,7.2,41,102,1.0,7.2,41,102,1.0,7.2,41,102,1.0,7.2,41,102,1.0,7.2,41,102,1.0,7.2,41,102,1.0,7.2,41,102,1.0,7.2,41,102,1.0,7.2,41,102,1.0,7.2,41,102,1.0,7.2,41,102,1.0,7.2,41,102,1.0,7.2,41,102,1.0,7.2,41,102,1.0,7.2
83,43.09,0.17,0.42,0,40,102,1.0,7.0,40,102,1.0,7.0,40,102,1.0,7.0,40,102,1.0,7.0,40,102,1.0,7.0,40,102,1.0,7.0,40,102,1.0,7.0,40,102,1.0,7.0,40,102,1.0,7.0,40,102,1.0,7.0,40,102,1.0,7.0,40,102,1.0,7.0,40,102,1.0,7.0,40,102,1.0,7.0,40,102,1.0,7.0,40,102,1.0,7.0,40,102,1.0,7.0,40,102,1.0,7.0,40,102,1.0,7.0,40,102,1.0,7.0,40,102,1.0,7.0,40,102,1.0,7.0,40,102,1.0,7.0,40,102,1.0,7.0,40,102,1.0,7.0,40,102,1.0,7.0,40,102,1.0,7.0,40,102,1.0,7.0,40,102,1.0,7.0,40,102,1.0,7.0,40,102,1.0,7.0,40,102,1.0,7.0
84,43.88,0.17,0.44,0,42,104,1.0,7.2,42,104,1.0,7.2,42,104,1.0,7.2,42,104,1.0,7.2,42,104,1.0,7.2,42,104,1.0,7.2,42,104,1.0,7.2,42,104,1.0,7.2,42,104,1.0,7.2,42,104,1.0,7.2,42,104,1.0,7.2,42,104,1.0,7.2,42,104,1.0,7.2,42,104,1.0,7.2,42,104,1.0,7.2,42,104,1.0,7.2,42,104,1.0,7.2,42,104,1.0,7.2,42,104,1.0,7.2,42,104,1.0,7.2,42,104,1.0,7.2,42,104,1.0,7.2,42,104,1.0,7.2,42,104,1.0,7.2,42,104,1.0,7.2,42,104,1.0,7.2,42,104,1.0,7.2,42,104,1.0,7.2,42,104,1.0,7.2,42,104,1.0,7.2,42,104,1.0,7.2,42,104,1.0,7.2
85,44.24,0.18,0.45,0,43,106,1.0,7.2,43,106,1.0,7.2,43,106,1.0,7.2,43,106,1.0,7.2,43,106,1.0,7.2,43,106,1.0,7.2,43,106,1.0,7.2,43,106,1.0,7.2,43,106,1.0,7.2,43,106,1.0,7.2,43,106,1.0,7.2,43,106,1.0,7.2,43,106,1.0,7.2,43,106,1.0,7.2,43,106,1.0,7.2,43,106,1.0,7.2,43,106,1.0,7.2,43,106,1.0,7.2,43,106,1.0,7.2,43,106,1.0,7.2,43,106,1.0,7.2,43,106,1.0,7.2,43,106,1.0,7.2,43,106,1.0,7.2,43,106,1.0,7.2,43,106,1.0,7.2,43,106,1.0,7.2,43,106,1.0,7.2,43,106,1.0,7.2,43,106,1.0,7.2,43,106,1.0,7.2,43,106,1.0,7.2
86,45.24,0.18,0.46,0,44,103,1.0,7.5,44,103,1.0,7.5,44,103,1.0,7.5,44,103,1.0,7.5,44,103,1.0,7.5,44,103,1.0,7.5,44,103,1.0,7.5,44,103,1.0,7.5,44,103,1.0,7.5,44,103,1.0,7.5,44,103,1.0,7.5,44,103,1.0,7.5,44,103,1.0,7.5,44,103,1.0,7.5,44,103,1.0,7.5,44,103,1.0,7.5,44,103,1.0,7.5,44,103,1.0,7.5,44,103,1.0,7.5,44,103,1.0,7.5,44,103,1.0,7.5,44,103,1.0,7.5,44,103,1.0,7.5,44,103,1.0,7.5,44,103,1.0,7.5,44,103,1.0,7.5,44,103,1.0,7.5,44,103,1.0,7.5,44,103,1.0,7.5,44,103,1.0,7.5,44,103,1.0,7.5,44,103,1.0,7.5
87,45.58,0.18,0.46,0,44,105,1.0,7.4,44,105,1.0,7.4,44,105,1.0,7.4,44,105,1.0,7.4,44,105,1.0,7.4,44,105,1.0,7.4,44,105,1.0,7.4,44,105,1.0,7.4,44,105,1.0,7.4,44,105,1.0,7.4,44,105,1.0,7.4,44,105,1.0,7.4,44,105,1.0,7.4,44,105,1.0,7.4,44,105,1.0,7.4,44,105,1.0,7.4,44,105,1.0,7.4,44,105,1.0,7.4,44,105,1.0,7.4,44,105,1.0,7.4,44,105,1.0,7.4,44,105,1.0,7.4,44,105,1.0,7.4,44,105,1.0,7.4,44,105,1.0,7.4,44,105,1.0,7.4,44,105,1.0,7.4,44,105,1.0,7.4,44,105,1.0,7.4,44,105,1.0,7.4,44,105,1.0,7.4,44,105,1.0,7.4
88,45.93,0.19,0.47,0,45,110,1.0,7.3,45,110,1.0,7.3,45,110,1.0,7.3,45,110,1.0,7.3,45,110,1.0,7.3,45,110,1.0,7.3,45,110,1.0,7.3,45,110,1.0,7.3,45,110,1.0,7.3,45,110,1.0,7.3,45,110,1.0,7.3,45,110,1.0,7.3,45,110,1.0,7.3,45,110,1.0,7.3,45,110,1.0,7.3,45,110,1.0,7.3,45,110,1.0,7.3,45,110,1.0,7.3,45,110,1.0,7.3,45,110,1.0,7.3,45,110,1.0,7.3,45,110,1.0,7.3,45,110,1.0,7.3,45,110,1.0,7.3,45,110,1.0,7.3,45,110,1.0,7.3,45,110,1.0,7.3,45,110,1.0,7.3,45,110,1.0,7.3,45,110,1.0,7.3,45,110,1.0,7.3,45,110,1.0,7.3
89,46.07,0.19,0.47,0,45,106,1.0,7.5,45,106,1.0,7.5,45,106,1.0,7.5,45,106,1.0,7.5,45,106,1.0,7.5,45,106,1.0,7.5,45,106,1.0,7.5,45,106,1.0,7.5,45,106,1.0,7.5,45,106,1.0,7.5,45,106,1.0,7.5,45,106,1.0,7.5,45,106,1.0,7.5,45,106,1.0,7.5,45,106,1.0,7.5,45,106,1.0,7.5,45,106,1.0,7.5,45,106,1.0,7.5,45,106,1.0,7.5,45,106,1.0,7.5,45,106,1.0,7.5,45,106,1.0,7.5,45,106,1.0,7.5,45,106,1.0,7.5,45,106,1.0,7.5,45,106,1.0,7.5,45,106,1.0,7.5,45,106,1.0,7.5,45,106,1.0,7.5,45,106,1.0,7.5,45,106,1.0,7.5,45,106,1.0,7.5
90,46.63,0.18,0.46,0,44,111,1.0,7.1,44,111,1.0,7.1,44,111,1.0,7.1,44,111,1.0,7.1,44,111,1.0,7.1,44,111,1.0,7.1,44,111,1.0,7.1,44,111,1.0,7.1,44,111,1.0,7.1,44,111,1.0,7.1,44,111,1.0,7.1,44,111,1.0,7.1,44,111,1.0,7.1,44,111,1.0,7.1,44,111,1.0,7.1,44,111,1.0,7.1,44,111,1.0,7.1,44,111,1.0,7.1,44,111,1.0,7.1,44,111,1.0,7.1,44,111,1.0,7.1,44,111,1.0,7.1,44,111,1.0,7.1,44,111,1.0,7.1,44,111,1.0,7.1,44,111,1.0,7.1,44,111,1.0,7.1,44,111,1.0,7.1,44,111,1.0,7.1,44,111,1.0,7.1,44,111,1.0,7.1,44,111,1.0,7.1
91,46.78,0.19,0.48,0,46,114,1.0,7.2,46,114,1.0,7.2,46,114,1.0,7.2,46,114,1.0,7.2,46,114,1.0,7.2,46,114,1.0,7.2,46,114,1.0,7.2,46,114,1.0,7.2,46,114,1.0,7.2,46,114,1.0,7.2,46,114,1.0,7.2,46,114,1.0,7.2,46,114,1.0,7.2,46,114,1.0,7.2,46,114,1.0,7.2,46,114,1.0,7.2,46,114,1.0,7.2,46,114,1.0,7.2,46,114,1.0,7.2,46,114,1.0,7.2,46,114,1.0,7.2,46,114,1.0,7.2,46,114,1.0,7.2,46,114,1.0,7.2,46,114,1.0,7.2,46,114,1.0,7.2,46,114,1.0,7.2,46,114,1.0,7.2,46,114,1.0,7.2,46,114,1.0,7.2,46,114,1.0,7.2,46,114,1.0,7.2
92,47.57,0.19,0.48,0,46,113,1.0,7.2,46,113,1.0,7.2,46,113,1.0,7.2,46,113,1.0,7.2,46,113,1.0,7.2,46,113,1.0,7.2,46,113,1.0,7.2,46,113,1.0,7.2,46,113,1.0,7.2,46,113,1.0,7.2,46,113,1.0,7.2,46,113,1.0,7.2,46,113,1.0,7.2,46,113,1.0,7.2,46,113,1.0,7.2,46,113,1.0,7.2,46,113,1.0,7.2,46,113,1.0,7.2,46,113,1.0,7.2,46,113,1.0,7.2,46,113,1.0,7.2,46,113,1.0,7.2,46,113,1.0,7.2,46,113,1.0,7.2,46,113,1.0,7.2,46,113,1.0,7.2,46,113,1.0,7.2,46,113,1.0,7.2,46,113,1.0,7.2,46,113,1.0,7.2,46,113,1.0,7.2,46,113,1.0,7.2
93,47.92,0.19,0.48,0,46,119,1.0,7.0,46,119,1.0,7.0,46,119,1.0,7.0,46,119,1.0,7.0,46,119,1.0,7.0,46,119,1.0,7.0,46,119,1.0,7.0,46,119,1.0,7.0,46,119,1.0,7.0,46,119,1.0,7.0,46,119,1.0,7.0,46,119,1.0,7.0,46,119,1.0,7.0,46,119,1.0,7.0,46,119,1.0,7.0,46,119,1.0,7.0,46,119,1.0,7.0,46,119,1.0,7.0,46,119,1.0,7.0,46,119,1.0,7.0,46,119,1.0,7.0,46,119,1.0,7.0,46,119,1.0,7.0,46,119,1.0,7.0,46,119,1.0,7.0,46,119,1.0,7.0,46,119,1.0,7.0,46,119,1.0,7.0,46,119,1.0,7.0,46,119,1.0,7.0,46,119,1.0,7.0,46,119,1.0,7.0
94,48.29,0.2,0.49,0,47,123,1.0,6.9,47,123,1.0,6.9,47,123,1.0,6.9,47,123,1.0,6.9,47,123,1.0,6.9,47,123,1.0,6.9,47,123,1.0,6.9,47,123,1.0,6.9,47,123,1.0,6.9,47,123,1.0,6.9,47,123,1.0,6.9,47,123,1.0,6.9,47,123,1.0,6.9,47,123,1.0,6.9,47,123,1.0,6.9,47,123,1.0,6.9,47,123,1.0,6.9,47,123,1.0,6.9,47,123,1.0,6.9,47,123,1.0,6.9,47,123,1.0,6.9,47,123,1.0,6.9,47,123,1.0,6.9,47,123,1.0,6.9,47,123,1.0,6.9,47,123,1.0,6.9,47,123,1.0,6.9,47,123,1.0,6.9,47,123,1.0,6.9,47,123,1.0,6.9,47,123,1.0,6.9,47,123,1.0,6.9
95,48.86,0.21,0.52,0,50,120,1.0,7.4,50,120,1.0,7.4,50,120,1.0,7.4,50,120,1.0,7.4,50,120,1.0,7.4,50,120,1.0,7.4,50,120,1.0,7.4,50,120,1.0,7.4,50,120,1.0,7.4,50,120,1.0,7.4,50,120,1.0,7.4,50,120,1.0,7.4,50,120,1.0,7.4,50,120,1.0,7.4,50,120,1.0,7.4,50,120,1.0,7.4,50,120,1.0,7.4,50,120,1.0,7.4,50,120,1.0,7.4,50,120,1.0,7.4,50,120,1.0,7.4,50,120,1.0,7.4,50,120,1.0,7.4,50,120,1.0,7.4,50,120,1.0,7.4,50,120,1.0,7.4,50,120,1.0,7.4,50,120,1.0,7.4,50,120,1.0,7.4,50,120,1.0,7.4,50,120,1.0,7.4,50,120,1.0,7.4
96,49.86,0.23,0.58,0,56,116,1.0,8.1,56,116,1.0,8.1,56,116,1.0,8.1,56,116,1.0,8.1,56,116,1.0,8.1,56,116,1.0,8.1,56,116,1.0,8.1,56,116,1.0,8.1,56,116,1.0,8.1,56,116,1.0,8.1,56,116,1.0,8.1,56,116,1.0,8.1,56,116,1.0,8.1,56,116,1.0,8.1,56,116,1.0,8.1,56,116,1.0,8.1,56,116,1.0,8.1,56,116,1.0,8.1,56,116,1.0,8.1,56,116,1.0,8.1,56,116,1.0,8.1,56,116,1.0,8.1,56,116,1.0,8.1,56,116,1.0,8.1,56,116,1.0,8.1,56,116,1.0,8.1,56,116,1.0,8.1,56,116,1.0,8.1,56,116,1.0,8.1,56,116,1.0,8.1,56,116,1.0,8.1,56,116,1.0,8.1
97,49.79,0.24,0.6,0,58,117,1.0,8.3,58,117,1.0,8.3,58,117,1.0,8.3,58,117,1.0,8.3,58,117,1.0,8.3,58,117,1.0,8.3,58,117,1.0,8.3,58,117,1.0,8.3,58,117,1.0,8.3,58,117,1.0,8.3,58,117,1.0,8.3,58,117,1.0,8.3,58,117,1.0,8.3,58,117,1.0,8.3,58,117,1.0,8.3,58,117,1.0,8.3,58,117,1.0,8.3,58,117,1.0,8.3,58,117,1.0,8.3,58,117,1.0,8.3,58,117,1.0,8.3,58,117,1.0,8.3,58,117,1.0,8.3,58,117,1.0,8.3,58,117,1.0,8.3,58,117,1.0,8.3,58,117,1.0,8.3,58,117,1.0,8.3,58,117,1.0,8.3,58,117,1.0,8.3,58,117,1.0,8.3,58,117,1.0,8.3
98,50.36,0.28,0.7,0,67,107,1.0,9.6,67,107,1.0,9.6,67,107,1.0,9.6,67,107,1.0,9.6,67,107,1.0,9.6,67,107,1.0,9.6,67,107,1.0,9.6,67,107,1.0,9.6,67,107,1.0,9.6,67,107,1.0,9.6,67,107,1.0,9.6,67,107,1.0,9.6,67,107,1.0,9.6,67,107,1.0,9.6,67,107,1.0,9.6,67,107,1.0,9.6,67,107,1.0,9.6,67,107,1.0,9.6,67,107,1.0,9.6,67,107,1.0,9.6,67,107,1.0,9.6,67,107,1.0,9.6,67,107,1.0,9.6,67,107,1.0,9.6,67,107,1.0,9.6,67,107,1.0,9.6,67,107,1.0,9.6,67,107,1.0,9.6,67,107,1.0,9.6,67,107,1.0,9.6,67,107,1.0,9.6,67,107,1.0,9.6
99,50.72,0.28,0.71,0,68,107,1.0,9.7,68,107,1.0,9.7,68,107,1.0,9.7,68,107,1.0,9.7,68,107,1.0,9.7,68,107,1.0,9.7,68,107,1.0,9.7,68,107,1.0,9.7,68,107,1.0,9.7,68,107,1.0,9.7,68,107,1.0,9.7,68,107,1.0,9.7,68,107,1.0,9.7,68,107,1.0,9.7,68,107,1.0,9.7,68,107,1.0,9.7,68,107,1.0,9.7,68,107,1.0,9.7,68,107,1.0,9.7,68,107,1.0,9.7,68,107,1.0,9.7,68,107,1.0,9.7,68,107,1.0,9.7,68,107,1.0,9.7,68,107,1.0,9.7,68,107,1.0,9.7,68,107,1.0,9.7,68,107,1.0,9.7,68,107,1.0,9.7,68,107,1.0,9.7,68,107,1.0,9.7,68,107,1.0,9.7
100,50.88,0.32,0.79,0,76,103,1.0,10.6,76,103,1.0,10.6,76,103,1.0,10.6,76,103,1.0,10.6,76,103,1.0,10.6,76,103,1.0,10.6,76,103,1.0,10.6,76,103,1.0,10.6,76,103,1.0,10.6,76,103,1.0,10.6,76,103,1.0,10.6,76,103,1.0,10.6,76,103,1.0,10.6,76,103,1.0,10.6,76,103,1.0,10.6,76,103,1.0,10.6,76,103,1.0,10.6,76,103,1.0,10.6,76,103,1.0,10.6,76,103,1.0,10.6,76,103,1.0,10.6,76,103,1.0,10.6,76,103,1.0,10.6,76,103,1.0,10.6,76,103,1.0,10.6,76,103,1.0,10.6,76,103,1.0,10.6,76,103,1.0,10.6,76,103,1.0,10.6,76,103,1.0,10.6,76,103,1.0,10.6,76,103,1.0,10.6
101,51.67,0.32,0.79,0,76,102,1.0,10.7,76,102,1.0,10.7,76,102,1.0,10.7,76,102,1.0,10.7,76,102,1.0,10.7,76,102,1.0,10.7,76,102,1.0,10.7,76,102,1.0,10.7,76,102,1.0,10.7,76,102,1.0,10.7,76,102,1.0,10.7,76,102,1.0,10.7,76,102,1.0,10.7,76,102,1.0,10.7,76,102,1.0,10.7,76,102,1.0,10.7,76,102,1.0,10.7,76,102,1.0,10.7,76,102,1.0,10.7,76,102,1.0,10.7,76,102,1.0,10.7,76,102,1.0,10.7,76,102,1.0,10.7,76,102,1.0,10.7,76,102,1.0,10.7,76,102,1.0,10.7,76,102,1.0,10.7,76,102,1.0,10.7,76,102,1.0,10.7,76,102,1.0,10.7,76,102,1.0,10.7,76,102,1.0,10.7
102,52.04,0.33,0.82,0,79,102,1.0,10.9,79,102,1.0,10.9,79,102,1.0,10.9,79,102,1.0,10.9,79,102,1.0,10.9,79,102,1.0,10.9,79,102,1.0,10.9,79,102,1.0,10.9,79,102,1.0,10.9,79,102,1.0,10.9,79,102,1.0,10.9,79,102,1.0,10.9,79,102,1.0,10.9,79,102,1.0,10.9,79,102,1.0,10.9,79,102,1.0,10.9,79,102,1.0,10.9,79,102,1.0,10.9,79,102,1.0,10.9,79,102,1.0,10.9,79,102,1.0,10.9,79,102,1.0,10.9,79,102,1.0,10.9,79,102,1.0,10.9,79,102,1.0,10.9,79,102,1.0,10.9,79,102,1.0,10.9,79,102,1.0,10.9,79,102,1.0,10.9,79,102,1.0,10.9,79,102,1.0,10.9,79,102,1.0,10.9
103,53.04,0.35,0.88,0,84,101,1.0,11.4,84,101,1.0,11.4,84,101,1.0,11.4,84,101,1.0,11.4,84,101,1.0,11.4,84,101,1.0,11.4,84,101,1.0,11.4,84,101,1.0,11.4,84,101,1.0,11.4,84,101,1.0,11.4,84,101,1.0,11.4,84,101,1.0,11.4,84,101,1.0,11.4,84,101,1.0,11.4,84,101,1.0,11.4,84,101,1.0,11.4,84,101,1.0,11.4,84,101,1.0,11.4,84,101,1.0,11.4,84,101,1.0,11.4,84,101,1.0,11.4,84,101,1.0,11.4,84,101,1.0,11.4,84,101,1.0,11.4,84,101,1.0,11.4,84,101,1.0,11.4,84,101,1.0,11.4,84,101,1.0,11.4,84,101,1.0,11.4,84,101,1.0,11.4,84,101,1.0,11.4,84,101,1.0,11.4
104,53.4,0.35,0.89,0,85,99,1.0,11.5,85,99,1.0,11.5,85,99,1.0,11.5,85,99,1.0,11.5,85,99,1.0,11.5,85,99,1.0,11.5,85,99,1.0,11.5,85,99,1.0,11.5,85,99,1.0,11.5,85,99,1.0,11.5,85,99,1.0,11.5,85,99,1.0,11.5,85,99,1.0,11.5,85,99,1.0,11.5,85,99,1.0,11.5,85,99,1.0,11.5,85,99,1.0,11.5,85,99,1.0,11.5,85,99,1.0,11.5,85,99,1.0,11.5,85,99,1.0,11.5,85,99,1.0,11.5,85,99,1.0,11.5,85,99,1.0,11.5,85,99,1.0,11.5,85,99,1.0,11.5,85,99,1.0,11.5,85,99,1.0,11.5,85,99,1.0,11.5,85,99,1.0,11.5,85,99,1.0,11.5,85,99,1.0,11.5
105,54.18,0.38,0.94,0,90,98,1.0,12.0,90,98,1.0,12.0,90,98,1.0,12.0,90,98,1.0,12.0,90,98,1.0,12.0,90,98,1.0,12.0,90,98,1.0,12.0,90,98,1.0,12.0,90,98,1.0,12.0,90,98,1.0,12.0,90,98,1.0,12.0,90,98,1.0,12.0,90,98,1.0,12.0,90,98,1.0,12.0,90,98,1.0,12.0,90,98,1.0,12.0,90,98,1.0,12.0,90,98,1.0,12.0,90,98,1.0,12.0,90,98,1.0,12.0,90,98,1.0,12.0,90,98,1.0,12.0,90,98,1.0,12.0,90,98,1.0,12.0,90,98,1.0,12.0,90,98,1.0,12.0,90,98,1.0,12.0,90,98,1.0,12.0,90,98,1.0,12.0,90,98,1.0,12.0,90,98,1.0,12.0,90,98,1.0,12.0
106,53.71,0.39,0.97,0,93,97,1.0,12.2,93,97,1.0,12.2,93,97,1.0,12.2,93,97,1.0,12.2,93,97,1.0,12.2,93,97,1.0,12.2,93,97,1.0,12.2,93,97,1.0,12.2,93,97,1.0,12.2,93,97,1.0,12.2,93,97,1.0,12.2,93,97,1.0,12.2,93,97,1.0,12.2,93,97,1.0,12.2,93,97,1.0,12.2,93,97,1.0,12.2,93,97,1.0,12.2,93,97,1.0,12.2,93,97,1.0,12.2,93,97,1.0,12.2,93,97,1.0,12.2,93,97,1.0,12.2,93,97,1.0,12.2,93,97,1.0,12.2,93,97,1.0,12.2,93,97,1.0,12.2,93,97,1.0,12.2,93,97,1.0,12.2,93,97,1.0,12.2,93,97,1.0,12.2,93,97,1.0,12.2,93,97,1.0,12.2
107,54.29,0.41,1.02,0,98,91,1.0,13.0,98,91,1.0,13.0,98,91,1.0,13.0,98,91,1.0,13.0,98,91,1.0,13.0,98,91,1.0,13.0,98,91,1.0,13.0,98,91,1.0,13.0,98,91,1.0,13.0,98,91,1.0,13.0,98,91,1.0,13.0,98,91,1.0,13.0,98,91,1.0,13.0,98,91,1.0,13.0,98,91,1.0,13.0,98,91,1.0,13.0,98,91,1.0,13.0,98,91,1.0,13.0,98,91,1.0,13.0,98,91,1.0,13.0,98,91,1.0,13.0,98,91,1.0,13.0,98,91,1.0,13.0,98,91,1.0,13.0,98,91,1.0,13.0,98,91,1.0,13.0,98,91,1.0,13.0,98,91,1.0,13.0,98,91,1.0,13.0,98,91,1.0,13.0,98,91,1.0,13.0,98,91,1.0,13.0
108,55.08,0.42,1.04,0,100,94,1.0,12.9,100,94,1.0,12.9,100,94,1.0,12.9,100,94,1.0,12.9,100,94,1.0,12.9,100,94,1.0,12.9,100,94,1.0,12.9,100,94,1.0,12.9,100,94,1.0,12.9,100,94,1.0,12.9,100,94,1.0,12.9,100,94,1.0,12.9,100,94,1.0,12.9,100,94,1.0,12.9,100,94,1.0,12.9,100,94,1.0,12.9,100,94,1.0,12.9,100,94,1.0,12.9,100,94,1.0,12.9,100,94,1.0,12.9,100,94,1.0,12.9,100,94,1.0,12.9,100,94,1.0,12.9,100,94,1.0,12.9,100,94,1.0,12.9,100,94,1.0,12.9,100,94,1.0,12.9,100,94,1.0,12.9,100,94,1.0,12.9,100,94,1.0,12.9,100,94,1.0,12.9,100,94,1.0,12.9
109,55.45,0.44,1.09,0,105,91,1.0,13.4,105,91,1.0,13.4,105,91,1.0,13.4,105,91,1.0,13.4,105,91,1.0,13.4,105,91,1.0,13.4,105,91,1.0,13.4,105,91,1.0,13.4,105,91,1.0,13.4,105,91,1.0,13.4,105,91,1.0,13.4,105,91,1.0,13.4,105,91,1.0,13.4,105,91,1.0,13.4,105,91,1.0,13.4,105,91,1.0,13.4,105,91,1.0,13.4,105,91,1.0,13.4,105,91,1.0,13.4,105,91,1.0,13.4,105,91,1.0,13.4,105,91,1.0,13.4,105,91,1.0,13.4,105,91,1.0,13.4,105,91,1.0,13.4,105,91,1.0,13.4,105,91,1.0,13.4,105,91,1.0,13.4,105,91,1.0,13.4,105,91,1.0,13.4,105,91,1.0,13.4,105,91,1.0,13.4
110,55.82,0.45,1.14,0,109,86,1.0,14.0,109,86,1.0,14.0,109,86,1.0,14.0,109,86,1.0,14.0,109,86,1.0,14.0,109,86,1.0,14.0,109,86,1.0,14.0,109,86,1.0,14.0,109,86,1.0,14.0,109,86,1.0,14.0,109,86,1.0,14.0,109,86,1.0,14.0,109,86,1.0,14.0,109,86,1.0,14.0,109,86,1.0,14.0,109,86,1.0,14.0,109,86,1.0,14.0,109,86,1.0,14.0,109,86,1.0,14.0,109,86,1.0,14.0,109,86,1.0,14.0,109,86,1.0,14.0,109,86,1.0,14.0,109,86,1.0,14.0,109,86,1.0,14.0,109,86,1.0,14.0,109,86,1.0,14.0,109,86,1.0,14.0,109,86,1.0,14.0,109,86,1.0,14.0,109,86,1.0,14.0,109,86,1.0,14.0
111,56.2,0.46,1.15,0,110,89,1.0,13.8,110,89,1.0,13.8,110,89,1.0,13.8,110,89,1.0,13.8,110,89,1.0,13.8,110,89,1.0,13.8,110,89,1.0,13.8,110,89,1.0,13.8,110,89,1.0,13.8,110,89,1.0,13.8,110,89,1.0,13.8,110,89,1.0,13.8,110,89,1.0,13.8,110,89,1.0,13.8,110,89,1.0,13.8,110,89,1.0,13.8,110,89,1.0,13.8,110,89,1.0,13.8,110,89,1.0,13.8,110,89,1.0,13.8,110,89,1.0,13.8,110,89,1.0,13.8,110,89,1.0,13.8,110,89,1.0,13.8,110,89,1.0,13.8,110,89,1.0,13.8,110,89,1.0,13.8,110,89,1.0,13.8,110,89,1.0,13.8,110,89,1.0,13.8,110,89,1.0,13.8,110,89,1.0,13.8
112,57.19,0.49,1.23,0,118,83,1.0,14.7,118,83,1.0,14.7,118,83,1.0,14.7,118,83,1.0,14.7,118,83,1.0,14.7,118,83,1.0,14.7,118,83,1.0,14.7,118,83,1.0,14.7,118,83,1.0,14.7,118,83,1.0,14.7,118,83,1.0,14.7,118,83,1.0,14.7,118,83,1.0,14.7,118,83,1.0,14.7,118,83,1.0,14.7,118,83,1.0,14.7,118,83,1.0,14.7,118,83,1.0,14.7,118,83,1.0,14.7,118,83,1.0,14.7,118,83,1.0,14.7,118,83,1.0,14.7,118,83,1.0,14.7,118,83,1.0,14.7,118,83,1.0,14.7,118,83,1.0,14.7,118,83,1.0,14.7,118,83,1.0,14.7,118,83,1.0,14.7,118,83,1.0,14.7,118,83,1.0,14.7,118,83,1.0,14.7
113,57.77,0.49,1.23,0,118,82,1.0,14.8,118,82,1.0,14.8,118,82,1.0,14.8,118,82,1.0,14.8,118,82,1.0,14.8,118,82,1.0,14.8,118,82,1.0,14.8,118,82,1.0,14.8,118,82,1.0,14.8,118,82,1.0,14.8,118,82,1.0,14.8,118,82,1.0,14.8,118,82,1.0,14.8,118,82,1.0,14.8,118,82,1.0,14.8,118,82,1.0,14.8,118,82,1.0,14.8,118,82,1.0,14.8,118,82,1.0,14.8,118,82,1.0,14.8,118,82,1.0,14.8,118,82,1.0,14.8,118,82,1.0,14.8,118,82,1.0,14.8,118,82,1.0,14.8,118,82,1.0,14.8,118,82,1.0,14.8,118,82,1.0,14.8,118,82,1.0,14.8,118,82,1.0,14.8,118,82,1.0,14.8,118,82,1.0,14.8
114,57.92,0.51,1.28,0,123,79,1.0,15.2,123,79,1.0,15.2,123,79,1.0,15.2,123,79,1.0,15.2,123,79,1.0,15.2,123,79,1.0,15.2,123,79,1.0,15.2,123,79,1.0,15.2,123,79,1.0,15.2,123,79,1.0,15.2,123,79,1.0,15.2,123,79,1.0,15.2,123,79,1.0,15.2,123,79,1.0,15.2,123,79,1.0,15.2,123,79,1.0,15.2,123,79,1.0,15.2,123,79,1.0,15.2,123,79,1.0,15.2,123,79,1.0,15.2,123,79,1.0,15.2,123,79,1.0,15.2,123,79,1.0,15.2,123,79,1.0,15.2,123,79,1.0,15.2,123,79,1.0,15.2,123,79,1.0,15.2,123,79,1.0,15.2,123,79,1.0,15.2,123,79,1.0,15.2,123,79,1.0,15.2,123,79,1.0,15.2
115,58.29,0.52,1.3,0,125,79,1.0,15.3,125,79,1.0,15.3,125,79,1.0,15.3,125,79,1.0,15.3,125,79,1.0,15.3,125,79,1.0,15.3,125,79,1.0,15.3,125,79,1.0,15.3,125,79,1.0,15.3,125,79,1.0,15.3,125,79,1.0,15.3,125,79,1.0,15.3,125,79,1.0,15.3,125,79,1.0,15.3,125,79,1.0,15.3,125,79,1.0,15.3,125,79,1.0,15.3,125,79,1.0,15.3,125,79,1.0,15.3,125,79,1.0,15.3,125,79,1.0,15.3,125,79,1.0,15.3,125,79,1.0,15.3,125,79,1.0,15.3,125,79,1.0,15.3,125,79,1.0,15.3,125,79,1.0,15.3,125,79,1.0,15.3,125,79,1.0,15.3,125,79,1.0,15.3,125,79,1.0,15.3,125,79,1.0,15.3
116,58.67,0.53,1.31,0,126,77,1.0,15.5,126,77,1.0,15.5,126,77,1.0,15.5,126,77,1.0,15.5,126,77,1.0,15.5,126,77,1.0,15.5,126,77,1.0,15.5,126,77,1.0,15.5,126,77,1.0,15.5,126,77,1.0,15.5,126,77,1.0,15.5,126,77,1.0,15.5,126,77,1.0,15.5,126,77,1.0,15.5,126,77,1.0,15.5,126,77,1.0,15.5,126,77,1.0,15.5,126,77,1.0,15.5,126,77,1.0,15.5,126,77,1.0,15.5,126,77,1.0,15.5,126,77,1.0,15.5,126,77,1.0,15.5,126,77,1.0,15.5,126,77,1.0,15.5,126,77,1.0,15.5,126,77,1.0,15.5,126,77,1.0,15.5,126,77,1.0,15.5,126,77,1.0,15.5,126,77,1.0,15.5,126,77,1.0,15.5
117,59.45,0.53,1.33,0,128,76,1.0,15.7,128,76,1.0,15.7,128,76,1.0,15.7,128,76,1.0,15.7,128,76,1.0,15.7,128,76,1.0,15.7,128,76,1.0,15.7,128,76,1.0,15.7,128,76,1.0,15.7,128,76,1.0,15.7,128,76,1.0,15.7,128,76,1.0,15.7,128,76,1.0,15.7,128,76,1.0,15.7,128,76,1.0,15.7,128,76,1.0,15.7,128,76,1.0,15.7,128,76,1.0,15.7,128,76,1.0,15.7,128,76,1.0,15.7,128,76,1.0,15.7,128,76,1.0,15.7,128,76,1.0,15.7,128,76,1.0,15.7,128,76,1.0,15.7,128,76,1.0,15.7,128,76,1.0,15.7,128,76,1.0,15.7,128,76,1.0,15.7,128,76,1.0,15.7,128,76,1.0,15.7,128,76,1.0,15.7
118,60.24,0.54,1.35,0,130,78,1.0,15.6,130,78,1.0,15.6,130,78,1.0,15.6,130,78,1.0,15.6,130,78,1.0,15.6,130,78,1.0,15.6,130,78,1.0,15.6,130,78,1.0,15.6,130,78,1.0,15.6,130,78,1.0,15.6,130,78,1.0,15.6,130,78,1.0,15.6,130,78,1.0,15.6,130,78,1.0,15.6,130,78,1.0,15.6,130,78,1.0,15.6,130,78,1.0,15.6,130,78,1.0,15.6,130,78,1.0,15.6,130,78,1.0,15.6,130,78,1.0,15.6,130,78,1.0,15.6,130,78,1.0,15.6,130,78,1.0,15.6,130,78,1.0,15.6,130,78,1.0,15.6,130,78,1.0,15.6,130,78,1.0,15.6,130,78,1.0,15.6,130,78,1.0,15.6,130,78,1.0,15.6,130,78,1.0,15.6
119,60.81,0.55,1.39,0,133,78,1.0,15.8,133,78,1.0,15.8,133,78,1.0,15.8,133,78,1.0,15.8,133,78,1.0,15.8,133,78,1.0,15.8,133,78,1.0,15.8,133,78,1.0,15.8,133,78,1.0,15.8,133,78,1.0,15.8,133,78,1.0,15.8,133,78,1.0,15.8,133,78,1.0,15.8,133,78,1.0,15.8,133,78,1.0,15.8,133,78,1.0,15.8,133,78,1.0,15.8,133,78,1.0,15.8,133,78,1.0,15.8,133,78,1.0,15.8,133,78,1.0,15.8,133,78,1.0,15.8,133,78,1.0,15.8,133,78,1.0,15.8,133,78,1.0,15.8,133,78,1.0,15.8,133,78,1.0,15.8,133,78,1.0,15.8,133,78,1.0,15.8,133,78,1.0,15.8,133,78,1.0,15.8,133,78,1.0,15.8
120,61.59,0.56,1.4,0,134,77,1.0,15.9,134,77,1.0,15.9,134,77,1.0,15.9,134,77,1.0,15.9,134,77,1.0,15.9,134,77,1.0,15.9,134,77,1.0,15.9,134,77,1.0,15.9,134,77,1.0,15.9,134,77,1.0,15.9,134,77,1.0,15.9,134,77,1.0,15.9,134,77,1.0,15.9,134,77,1.0,15.9,134,77,1.0,15.9,134,77,1.0,15.9,134,77,1.0,15.9,134,77,1.0,15.9,134,77,1.0,15.9,134,77,1.0,15.9,134,77,1.0,15.9,134,77,1.0,15.9,134,77,1.0,15.9,134,77,1.0,15.9,134,77,1.0,15.9,134,77,1.0,15.9,134,77,1.0,15.9,134,77,1.0,15.9,134,77,1.0,15.9,134,77,1.0,15.9,134,77,1.0,15.9,134,77,1.0,15.9
121,62.58,0.56,1.41,0,135,75,1.0,16.1,135,75,1.0,16.1,135,75,1.0,16.1,135,75,1.0,16.1,135,75,1.0,16.1,135,75,1.0,16.1,135,75,1.0,16.1,135,75,1.0,16.1,135,75,1.0,16.1,135,75,1.0,16.1,135,75,1.0,16.1,135,75,1.0,16.1,135,75,1.0,16.1,135,75,1.0,16.1,135,75,1.0,16.1,135,75,1.0,16.1,135,75,1.0,16.1,135,75,1.0,16.1,135,75,1.0,16.1,135,75,1.0,16.1,135,75,1.0,16.1,135,75,1.0,16.1,135,75,1.0,16.1,135,75,1.0,16.1,135,75,1.0,16.1,135,75,1.0,16.1,135,75,1.0,16.1,135,75,1.0,16.1,135,75,1.0,16.1,135,75,1.0,16.1,135,75,1.0,16.1,135,75,1.0,16.1
122,62.29,0.55,1.38,0,132,79,1.0,15.6,132,79,1.0,15.6,132,79,1.0,15.6,132,79,1.0,15.6,132,79,1.0,15.6,132,79,1.0,15.6,132,79,1.0,15.6,132,79,1.0,15.6,132,79,1.0,15.6,132,79,1.0,15.6,132,79,1.0,15.6,132,79,1.0,15.6,132,79,1.0,15.6,132,79,1.0,15.6,132,79,1.0,15.6,132,79,1.0,15.6,132,79,1.0,15.6,132,79,1.0,15.6,132,79,1.0,15.6,132,79,1.0,15.6,132,79,1.0,15.6,132,79,1.0,15.6,132,79,1.0,15.6,132,79,1.0,15.6,132,79,1.0,15.6,132,79,1.0,15.6,132,79,1.0,15.6,132,79,1.0,15.6,132,79,1.0,15.6,132,79,1.0,15.6,132,79,1.0,15.6,132,79,1.0,15.6
123,62.86,0.55,1.36,0,131,83,1.0,15.3,131,83,1.0,15.3,131,83,1.0,15.3,131,83,1.0,15.3,131,83,1.0,15.3,131,83,1.0,15.3,131,83,1.0,15.3,131,83,1.0,15.3,131,83,1.0,15.3,131,83,1.0,15.3,131,83,1.0,15.3,131,83,1.0,15.3,131,83,1.0,15.3,131,83,1.0,15.3,131,83,1.0,15.3,131,83,1.0,15.3,131,83,1.0,15.3,131,83,1.0,15.3,131,83,1.0,15.3,131,83,1.0,15.3,131,83,1.0,15.3,131,83,1.0,15.3,131,83,1.0,15.3,131,83,1.0,15.3,131,83,1.0,15.3,131,83,1.0,15.3,131,83,1.0,15.3,131,83,1.0,15.3,131,83,1.0,15.3,131,83,1.0,15.3,131,83,1.0,15.3,131,83,1.0,15.3
124,63.43,0.56,1.4,0,134,84,1.0,15.4,134,84,1.0,15.4,134,84,1.0,15.4,134,84,1.0,15.4,134,84,1.0,15.4,134,84,1.0,15.4,134,84,1.0,15.4,134,84,1.0,15.4,134,84,1.0,15.4,134,84,1.0,15.4,134,84,1.0,15.4,134,84,1.0,15.4,134,84,1.0,15.4,134,84,1.0,15.4,134,84,1.0,15.4,134,84,1.0,15.4,134,84,1.0,15.4,134,84,1.0,15.4,134,84,1.0,15.4,134,84,1.0,15.4,134,84,1.0,15.4,134,84,1.0,15.4,134,84,1.0,15.4,134,84,1.0,15.4,134,84,1.0,15.4,134,84,1.0,15.4,134,84,1.0,15.4,134,84,1.0,15.4,134,84,1.0,15.4,134,84,1.0,15.4,134,84,1.0,15.4,134,84,1.0,15.4
125,64.0,0.56,1.4,0,134,84,1.0,15.4,134,84,1.0,15.4,134,84,1.0,15.4,134,84,1.0,15.4,134,84,1.0,15.4,134,84,1.0,15.4,134,84,1.0,15.4,134,84,1.0,15.4,134,84,1.0,15.4,134,84,1.0,15.4,134,84,1.0,15.4,134,84,1.0,15.4,134,84,1.0,15.4,134,84,1.0,15.4,134,84,1.0,15.4,134,84,1.0,15.4,134,84,1.0,15.4,134,84,1.0,15.4,134,84,1.0,15.4,134,84,1.0,15.4,134,84,1.0,15.4,134,84,1.0,15.4,134,84,1.0,15.4,134,84,1.0,15.4,134,84,1.0,15.4,134,84,1.0,15.4,134,84,1.0,15.4,134,84,1.0,15.4,134,84,1.0,15.4,134,84,1.0,15.4,134,84,1.0,15.4,134,84,1.0,15.4
126,64.57,0.56,1.41,0,135,85,1.0,15.3,135,85,1.0,15.3,135,85,1.0,15.3,135,85,1.0,15.3,135,85,1.0,15.3,135,85,1.0,15.3,135,85,1.0,15.3,135,85,1.0,15.3,135,85,1.0,15.3,135,85,1.0,15.3,135,85,1.0,15.3,135,85,1.0,15.3,135,85,1.0,15.3,135,85,1.0,15.3,135,85,1.0,15.3,135,85,1.0,15.3,135,85,1.0,15.3,135,85,1.0,15.3,135,85,1.0,15.3,135,85,1.0,15.3,135,85,1.0,15.3,135,85,1.0,15.3,135,85,1.0,15.3,135,85,1.0,15.3,135,85,1.0,15.3,135,85,1.0,15.3,135,85,1.0,15.3,135,85,1.0,15.3,135,85,1.0,15.3,135,85,1.0,15.3,135,85,1.0,15.3,135,85,1.0,15.3
127,64.93,0.58,1.45,0,139,84,1.0,15.6,139,84,1.0,15.6,139,84,1.0,15.6,139,84,1.0,15.6,139,84,1.0,15.6,139,84,1.0,15.6,139,84,1.0,15.6,139,84,1.0,15.6,139,84,1.0,15.6,139,84,1.0,15.6,139,84,1.0,15.6,139,84,1.0,15.6,139,84,1.0,15.6,139,84,1.0,15.6,139,84,1.0,15.6,139,84,1.0,15.6,139,84,1.0,15.6,139,84,1.0,15.6,139,84,1.0,15.6,139,84,1.0,15.6,139,84,1.0,15.6,139,84,1.0,15.6,139,84,1.0,15.6,139,84,1.0,15.6,139,84,1.0,15.6,139,84,1.0,15.6,139,84,1.0,15.6,139,84,1.0,15.6,139,84,1.0,15.6,139,84,1.0,15.6,139,84,1.0,15.6,139,84,1.0,15.6
128,65.5,0.59,1.47,0,141,84,1.0,15.7,141,84,1.0,15.7,141,84,1.0,15.7,141,84,1.0,15.7,141,84,1.0,15.7,141,84,1.0,15.7,141,84,1.0,15.7,141,84,1.0,15.7,141,84,1.0,15.7,141,84,1.0,15.7,141,84,1.0,15.7,141,84,1.0,15.7,141,84,1.0,15.7,141,84,1.0,15.7,141,84,1.0,15.7,141,84,1.0,15.7,141,84,1.0,15.7,141,84,1.0,15.7,141,84,1.0,15.7,141,84,1.0,15.7,141,84,1.0,15.7,141,84,1.0,15.7,141,84,1.0,15.7,141,84,1.0,15.7,141,84,1.0,15.7,141,84,1.0,15.7,141,84,1.0,15.7,141,84,1.0,15.7,141,84,1.0,15.7,141,84,1.0,15.7,141,84,1.0,15.7,141,84,1.0,15.7
129,65.44,0.6,1.5,0,144,84,1.0,15.8,144,84,1.0,15.8,144,84,1.0,15.8,144,84,1.0,15.8,144,84,1.0,15.8,144,84,1.0,15.8,144,84,1.0,15.8,144,84,1.0,15.8,144,84,1.0,15.8,144,84,1.0,15.8,144,84,1.0,15.8,144,84,1.0,15.8,144,84,1.0,15.8,144,84,1.0,15.8,144,84,1.0,15.8,144,84,1.0,15.8,144,84,1.0,15.8,144,84,1.0,15.8,144,84,1.0,15.8,144,84,1.0,15.8,144,84,1.0,15.8,144,84,1.0,15.8,144,84,1.0,15.8,144,84,1.0,15.8,144,84,1.0,15.8,144,84,1.0,15.8,144,84,1.0,15.8,144,84,1.0,15.8,144,84,1.0,15.8,144,84,1.0,15.8,144,84,1.0,15.8,144,84,1.0,15.8
130,65.19,0.61,1.53,0,147,85,1.0,15.8,147,85,1.0,15.8,147,85,1.0,15.8,147,85,1.0,15.8,147,85,1.0,15.8,147,85,1.0,15.8,147,85,1.0,15.8,147,85,1.0,15.8,147,85,1.0,15.8,147,85,1.0,15.8,147,85,1.0,15.8,147,85,1.0,15.8,147,85,1.0,15.8,147,85,1.0,15.8,147,85,1.0,15.8,147,85,1.0,15.8,147,85,1.0,15.8,147,85,1.0,15.8,147,85,1.0,15.8,147,85,1.0,15.8,147,85,1.0,15.8,147,85,1.0,15.8,147,85,1.0,15.8,147,85,1.0,15.8,147,85,1.0,15.8,147,85,1.0,15.8,147,85,1.0,15.8,147,85,1.0,15.8,147,85,1.0,15.8,147,85,1.0,15.8,147,85,1.0,15.8,147,85,1.0,15.8
131,65.37,0.61,1.52,0,146,87,1.0,15.7,146,87,1.0,15.7,146,87,1.0,15.7,146,87,1.0,15.7,146,87,1.0,15.7,146,87,1.0,15.7,146,87,1.0,15.7,146,87,1.0,15.7,146,87,1.0,15.7,146,87,1.0,15.7,146,87,1.0,15.7,146,87,1.0,15.7,146,87,1.0,15.7,146,87,1.0,15.7,146,87,1.0,15.7,146,87,1.0,15.7,146,87,1.0,15.7,146,87,1.0,15.7,146,87,1.0,15.7,146,87,1.0,15.7,146,87,1.0,15.7,146,87,1.0,15.7,146,87,1.0,15.7,146,87,1.0,15.7,146,87,1.0,15.7,146,87,1.0,15.7,146,87,1.0,15.7,146,87,1.0,15.7,146,87,1.0,15.7,146,87,1.0,15.7,146,87,1.0,15.7,146,87,1.0,15.7
132,65.96,0.61,1.52,0,146,89,1.0,15.5,146,89,1.0,15.5,146,89,1.0,15.5,146,89,1.0,15.5,146,89,1.0,15.5,146,89,1.0,15.5,146,89,1.0,15.5,146,89,1.0,15.5,146,89,1.0,15.5,146,89,1.0,15.5,146,89,1.0,15.5,146,89,1.0,15.5,146,89,1.0,15.5,146,89,1.0,15.5,146,89,1.0,15.5,146,89,1.0,15.5,146,89,1.0,15.5,146,89,1.0,15.5,146,89,1.0,15.5,146,89,1.0,15.5,146,89,1.0,15.5,146,89,1.0,15.5,146,89,1.0,15.5,146,89,1.0,15.5,146,89,1.0,15.5,146,89,1.0,15.5,146,89,1.0,15.5,146,89,1.0,15.5,146,89,1.0,15.5,146,89,1.0,15.5,146,89,1.0,15.5,146,89,1.0,15.5
133,66.75,0.62,1.54,0,148,91,1.0,15.5,148,91,1.0,15.5,148,91,1.0,15.5,148,91,1.0,15.5,148,91,1.0,15.5,148,91,1.0,15.5,148,91,1.0,15.5,148,91,1.0,15.5,148,91,1.0,15.5,148,91,1.0,15.5,148,91,1.0,15.5,148,91,1.0,15.5,148,91,1.0,15.5,148,91,1.0,15.5,148,91,1.0,15.5,148,91,1.0,15.5,148,91,1.0,15.5,148,91,1.0,15.5,148,91,1.0,15.5,148,91,1.0,15.5,148,91,1.0,15.5,148,91,1.0,15.5,148,91,1.0,15.5,148,91,1.0,15.5,148,91,1.0,15.5,148,91,1.0,15.5,148,91,1.0,15.5,148,91,1.0,15.5,148,91,1.0,15.5,148,91,1.0,15.5,148,91,1.0,15.5,148,91,1.0,15.5
134,67.13,0.62,1.56,0,150,88,1.0,15.8,150,88,1.0,15.8,150,88,1.0,15.8,150,88,1.0,15.8,150,88,1.0,15.8,150,88,1.0,15.8,150,88,1.0,15.8,150,88,1.0,15.8,150,88,1.0,15.8,150,88,1.0,15.8,150,88,1.0,15.8,150,88,1.0,15.8,150,88,1.0,15.8,150,88,1.0,15.8,150,88,1.0,15.8,150,88,1.0,15.8,150,88,1.0,15.8,150,88,1.0,15.8,150,88,1.0,15.8,150,88,1.0,15.8,150,88,1.0,15.8,150,88,1.0,15.8,150,88,1.0,15.8,150,88,1.0,15.8,150,88,1.0,15.8,150,88,1.0,15.8,150,88,1.0,15.8,150,88,1.0,15.8,150,88,1.0,15.8,150,88,1.0,15.8,150,88,1.0,15.8,150,88,1.0,15.8
135,68.12,0.63,1.58,0,152,88,1.0,15.8,152,88,1.0,15.8,152,88,1.0,15.8,152,88,1.0,15.8,152,88,1.0,15.8,152,88,1.0,15.8,152,88,1.0,15.8,152,88,1.0,15.8,152,88,1.0,15.8,152,88,1.0,15.8,152,88,1.0,15.8,152,88,1.0,15.8,152,88,1.0,15.8,152,88,1.0,15.8,152,88,1.0,15.8,152,88,1.0,15.8,152,88,1.0,15.8,152,88,1.0,15.8,152,88,1.0,15.8,152,88,1.0,15.8,152,88,1.0,15.8,152,88,1.0,15.8,152,88,1.0,15.8,152,88,1.0,15.8,152,88,1.0,15.8,152,88,1.0,15.8,152,88,1.0,15.8,152,88,1.0,15.8,152,88,1.0,15.8,152,88,1.0,15.8,152,88,1.0,15.8,152,88,1.0,15.8
136,68.91,0.64,1.6,0,154,88,1.0,15.9,154,88,1.0,15.9,154,88,1.0,15.9,154,88,1.0,15.9,154,88,1.0,15.9,154,88,1.0,15.9,154,88,1.0,15.9,154,88,1.0,15.9,154,88,1.0,15.9,154,88,1.0,15.9,154,88,1.0,15.9,154,88,1.0,15.9,154,88,1.0,15.9,154,88,1.0,15.9,154,88,1.0,15.9,154,88,1.0,15.9,154,88,1.0,15.9,154,88,1.0,15.9,154,88,1.0,15.9,154,88,1.0,15.9,154,88,1.0,15.9,154,88,1.0,15.9,154,88,1.0,15.9,154,88,1.0,15.9,154,88,1.0,15.9,154,88,1.0,15.9,154,88,1.0,15.9,154,88,1.0,15.9,154,88,1.0,15.9,154,88,1.0,15.9,154,88,1.0,15.9,154,88,1.0,15.9
137,69.68,0.65,1.61,0,155,86,1.0,16.1,155,86,1.0,16.1,155,86,1.0,16.1,155,86,1.0,16.1,155,86,1.0,16.1,155,86,1.0,16.1,155,86,1.0,16.1,155,86,1.0,16.1,155,86,1.0,16.1,155,86,1.0,16.1,155,86,1.0,16.1,155,86,1.0,16.1,155,86,1.0,16.1,155,86,1.0,16.1,155,86,1.0,16.1,155,86,1.0,16.1,155,86,1.0,16.1,155,86,1.0,16.1,155,86,1.0,16.1,155,86,1.0,16.1,155,86,1.0,16.1,155,86,1.0,16.1,155,86,1.0,16.1,155,86,1.0,16.1,155,86,1.0,16.1,155,86,1.0,16.1,155,86,1.0,16.1,155,86,1.0,16.1,155,86,1.0,16.1,155,86,1.0,16.1,155,86,1.0,16.1,155,86,1.0,16.1
138,70.25,0.65,1.61,0,155,88,1.0,15.9,155,88,1.0,15.9,155,88,1.0,15.9,155,88,1.0,15.9,155,88,1.0,15.9,155,88,1.0,15.9,155,88,1.0,15.9,155,88,1.0,15.9,155,88,1.0,15.9,155,88,1.0,15.9,155,88,1.0,15.9,155,88,1.0,15.9,155,88,1.0,15.9,155,88,1.0,15.9,155,88,1.0,15.9,155,88,1.0,15.9,155,88,1.0,15.9,155,88,1.0,15.9,155,88,1.0,15.9,155,88,1.0,15.9,155,88,1.0,15.9,155,88,1.0,15.9,155,88,1.0,15.9,155,88,1.0,15.9,155,88,1.0,15.9,155,88,1.0,15.9,155,88,1.0,15.9,155,88,1.0,15.9,155,88,1.0,15.9,155,88,1.0,15.9,155,88,1.0,15.9,155,88,1.0,15.9
139,70.61,0.66,1.65,0,158,88,1.0,16.1,158,88,1.0,16.1,158,88,1.0,16.1,158,88,1.0,16.1,158,88,1.0,16.1,158,88,1.0,16.1,158,88,1.0,16.1,158,88,1.0,16.1,158,88,1.0,16.1,158,88,1.0,16.1,158,88,1.0,16.1,158,88,1.0,16.1,158,88,1.0,16.1,158,88,1.0,16.1,158,88,1.0,16.1,158,88,1.0,16.1,158,88,1.0,16.1,158,88,1.0,16.1,158,88,1.0,16.1,158,88,1.0,16.1,158,88,1.0,16.1,158,88,1.0,16.1,158,88,1.0,16.1,158,88,1.0,16.1,158,88,1.0,16.1,158,88,1.0,16.1,158,88,1.0,16.1,158,88,1.0,16.1,158,88,1.0,16.1,158,88,1.0,16.1,158,88,1.0,16.1,158,88,1.0,16.1
140,71.17,0.67,1.67,0,160,86,1.0,16.3,160,86,1.0,16.3,160,86,1.0,16.3,160,86,1.0,16.3,160,86,1.0,16.3,160,86,1.0,16.3,160,86,1.0,16.3,160,86,1.0,16.3,160,86,1.0,16.3,160,86,1.0,16.3,160,86,1.0,16.3,160,86,1.0,16.3,160,86,1.0,16.3,160,86,1.0,16.3,160,86,1.0,16.3,160,86,1.0,16.3,160,86,1.0,16.3,160,86,1.0,16.3,160,86,1.0,16.3,160,86,1.0,16.3,160,86,1.0,16.3,160,86,1.0,16.3,160,86,1.0,16.3,160,86,1.0,16.3,160,86,1.0,16.3,160,86,1.0,16.3,160,86,1.0,16.3,160,86,1.0,16.3,160,86,1.0,16.3,160,86,1.0,16.3,160,86,1.0,16.3,160,86,1.0,16.3
141,71.95,0.67,1.68,0,161,87,1.0,16.2,161,87,1.0,16.2,161,87,1.0,16.2,161,87,1.0,16.2,161,87,1.0,16.2,161,87,1.0,16.2,161,87,1.0,16.2,161,87,1.0,16.2,161,87,1.0,16.2,161,87,1.0,16.2,161,87,1.0,16.2,161,87,1.0,16.2,161,87,1.0,16.2,161,87,1.0,16.2,161,87,1.0,16.2,161,87,1.0,16.2,161,87,1.0,16.2,161,87,1.0,16.2,161,87,1.0,16.2,161,87,1.0,16.2,161,87,1.0,16.2,161,87,1.0,16.2,161,87,1.0,16.2,161,87,1.0,16.2,161,87,1.0,16.2,161,87,1.0,16.2,161,87,1.0,16.2,161,87,1.0,16.2,161,87,1.0,16.2,161,87,1.0,16.2,161,87,1.0,16.2,161,87,1.0,16.2
142,72.72,0.68,1.71,0,164,85,1.0,16.5,164,85,1.0,16.5,164,85,1.0,16.5,164,85,1.0,16.5,164,85,1.0,16.5,164,85,1.0,16.5,164,85,1.0,16.5,164,85,1.0,16.5,164,85,1.0,16.5,164,85,1.0,16.5,164,85,1.0,16.5,164,85,1.0,16.5,164,85,1.0,16.5,164,85,1.0,16.5,164,85,1.0,16.5,164,85,1.0,16.5,164,85,1.0,16.5,164,85,1.0,16.5,164,85,1.0,16.5,164,85,1.0,16.5,164,85,1.0,16.5,164,85,1.0,16.5,164,85,1.0,16.5,164,85,1.0,16.5,164,85,1.0,16.5,164,85,1.0,16.5,164,85,1.0,16.5,164,85,1.0,16.5,164,85,1.0,16.5,164,85,1.0,16.5,164,85,1.0,16.5,164,85,1.0,16.5
143,73.49,0.69,1.72,0,165,84,1.0,16.6,165,84,1.0,16.6,165,84,1.0,16.6,165,84,1.0,16.6,165,84,1.0,16.6,165,84,1.0,16.6,165,84,1.0,16.6,165,84,1.0,16.6,165,84,1.0,16.6,165,84,1.0,16.6,165,84,1.0,16.6,165,84,1.0,16.6,165,84,1.0,16.6,165,84,1.0,16.6,165,84,1.0,16.6,165,84,1.0,16.6,165,84,1.0,16.6,165,84,1.0,16.6,165,84,1.0,16.6,165,84,1.0,16.6,165,84,1.0,16.6,165,84,1.0,16.6,165,84,1.0,16.6,165,84,1.0,16.6,165,84,1.0,16.6,165,84,1.0,16.6,165,84,1.0,16.6,165,84,1.0,16.6,165,84,1.0,16.6,165,84,1.0,16.6,165,84,1.0,16.6,165,84,1.0,16.6
144,74.25,0.7,1.74,0,167,82,1.0,16.8,167,82,1.0,16.8,167,82,1.0,16.8,167,82,1.0,16.8,167,82,1.0,16.8,167,82,1.0,16.8,167,82,1.0,16.8,167,82,1.0,16.8,167,82,1.0,16.8,167,82,1.0,16.8,167,82,1.0,16.8,167,82,1.0,16.8,167,82,1.0,16.8,167,82,1.0,16.8,167,82,1.0,16.8,167,82,1.0,16.8,167,82,1.0,16.8,167,82,1.0,16.8,167,82,1.0,16.8,167,82,1.0,16.8,167,82,1.0,16.8,167,82,1.0,16.8,167,82,1.0,16.8,167,82,1.0,16.8,167,82,1.0,16.8,167,82,1.0,16.8,167,82,1.0,16.8,167,82,1.0,16.8,167,82,1.0,16.8,167,82,1.0,16.8,167,82,1.0,16.8,167,82,1.0,16.8
145,74.58,0.72,1.79,0,172,77,1.0,17.3,172,77,1.0,17.3,172,77,1.0,17.3,172,77,1.0,17.3,172,77,1.0,17.3,172,77,1.0,17.3,172,77,1.0,17.3,172,77,1.0,17.3,172,77,1.0,17.3,172,77,1.0,17.3,172,77,1.0,17.3,172,77,1.0,17.3,172,77,1.0,17.3,172,77,1.0,17.3,172,77,1.0,17.3,172,77,1.0,17.3,172,77,1.0,17.3,172,77,1.0,17.3,172,77,1.0,17.3,172,77,1.0,17.3,172,77,1.0,17.3,172,77,1.0,17.3,172,77,1.0,17.3,172,77,1.0,17.3,172,77,1.0,17.3,172,77,1.0,17.3,172,77,1.0,17.3,172,77,1.0,17.3,172,77,1.0,17.3,172,77,1.0,17.3,172,77,1.0,17.3,172,77,1.0,17.3
146,74.91,0.72,1.8,0,173,78,1.0,17.2,173,78,1.0,17.2,173,78,1.0,17.2,173,78,1.0,17.2,173,78,1.0,17.2,173,78,1.0,17.2,173,78,1.0,17.2,173,78,1.0,17.2,173,78,1.0,17.2,173,78,1.0,17.2,173,78,1.0,17.2,173,78,1.0,17.2,173,78,1.0,17.2,173,78,1.0,17.2,173,78,1.0,17.2,173,78,1.0,17.2,173,78,1.0,17.2,173,78,1.0,17.2,173,78,1.0,17.2,173,78,1.0,17.2,173,78,1.0,17.2,173,78,1.0,17.2,173,78,1.0,17.2,173,78,1.0,17.2,173,78,1.0,17.2,173,78,1.0,17.2,173,78,1.0,17.2,173,78,1.0,17.2,173,78,1.0,17.2,173,78,1.0,17.2,173,78,1.0,17.2,173,78,1.0,17.2
147,75.25,0.74,1.85,0,178,74,1.0,17.7,178,74,1.0,17.7,178,74,1.0,17.7,178,74,1.0,17.7,178,74,1.0,17.7,178,74,1.0,17.7,178,74,1.0,17.7,178,74,1.0,17.7,178,74,1.0,17.7,178,74,1.0,17.7,178,74,1.0,17.7,178,74,1.0,17.7,178,74,1.0,17.7,178,74,1.0,17.7,178,74,1.0,17.7,178,74,1.0,17.7,178,74,1.0,17.7,178,74,1.0,17.7,178,74,1.0,17.7,178,74,1.0,17.7,178,74,1.0,17.7,178,74,1.0,17.7,178,74,1.0,17.7,178,74,1.0,17.7,178,74,1.0,17.7,178,74,1.0,17.7,178,74,1.0,17.7,178,74,1.0,17.7,178,74,1.0,17.7,178,74,1.0,17.7,178,74,1.0,17.7,178,74,1.0,17.7
148,75.58,0.75,1.86,0,179,73,1.0,17.8,179,73,1.0,17.8,179,73,1.0,17.8,179,73,1.0,17.8,179,73,1.0,17.8,179,73,1.0,17.8,179,73,1.0,17.8,179,73,1.0,17.8,179,73,1.0,17.8,179,73,1.0,17.8,179,73,1.0,17.8,179,73,1.0,17.8,179,73,1.0,17.8,179,73,1.0,17.8,179,73,1.0,17.8,179,73,1.0,17.8,179,73,1.0,17.8,179,73,1.0,17.8,179,73,1.0,17.8,179,73,1.0,17.8,179,73,1.0,17.8,179,73,1.0,17.8,179,73,1.0,17.8,179,73,1.0,17.8,179,73,1.0,17.8,179,73,1.0,17.8,179,73,1.0,17.8,179,73,1.0,17.8,179,73,1.0,17.8,179,73,1.0,17.8,179,73,1.0,17.8,179,73,1.0,17.8
149,76.35,0.76,1.9,0,182,74,1.0,17.8,182,74,1.0,17.8,182,74,1.0,17.8,182,74,1.0,17.8,182,74,1.0,17.8,182,74,1.0,17.8,182,74,1.0,17.8,182,74,1.0,17.8,182,74,1.0,17.8,182,74,1.0,17.8,182,74,1.0,17.8,182,74,1.0,17.8,182,74,1.0,17.8,182,74,1.0,17.8,182,74,1.0,17.8,182,74,1.0,17.8,182,74,1.0,17.8,182,74,1.0,17.8,182,74,1.0,17.8,182,74,1.0,17.8,182,74,1.0,17.8,182,74,1.0,17.8,182,74,1.0,17.8,182,74,1.0,17.8,182,74,1.0,17.8,182,74,1.0,17.8,182,74,1.0,17.8,182,74,1.0,17.8,182,74,1.0,17.8,182,74,1.0,17.8,182,74,1.0,17.8,182,74,1.0,17.8
150,76.47,0.78,1.95,0,187,71,1.0,18.1,187,71,1.0,18.1,187,71,1.0,18.1,187,71,1.0,18.1,187,71,1.0,18.1,187,71,1.0,18.1,187,71,1.0,18.1,187,71,1.0,18.1,187,71,1.0,18.1,187,71,1.0,18.1,187,71,1.0,18.1,187,71,1.0,18.1,187,71,1.0,18.1,187,71,1.0,18.1,187,71,1.0,18.1,187,71,1.0,18.1,187,71,1.0,18.1,187,71,1.0,18.1,187,71,1.0,18.1,187,71,1.0,18.1,187,71,1.0,18.1,187,71,1.0,18.1,187,71,1.0,18.1,187,71,1.0,18.1,187,71,1.0,18.1,187,71,1.0,18.1,187,71,1.0,18.1,187,71,1.0,18.1,187,71,1.0,18.1,187,71,1.0,18.1,187,71,1.0,18.1,187,71,1.0,18.1
151,77.45,0.77,1.92,0,184,69,1.0,18.2,184,69,1.0,18.2,184,69,1.0,18.2,184,69,1.0,18.2,184,69,1.0,18.2,184,69,1.0,18.2,184,69,1.0,18.2,184,69,1.0,18.2,184,69,1.0,18.2,184,69,1.0,18.2,184,69,1.0,18.2,184,69,1.0,18.2,184,69,1.0,18.2,184,69,1.0,18.2,184,69,1.0,18.2,184,69,1.0,18.2,184,69,1.0,18.2,184,69,1.0,18.2,184,69,1.0,18.2,184,69,1.0,18.2,184,69,1.0,18.2,184,69,1.0,18.2,184,69,1.0,18.2,184,69,1.0,18.2,184,69,1.0,18.2,184,69,1.0,18.2,184,69,1.0,18.2,184,69,1.0,18.2,184,69,1.0,18.2,184,69,1.0,18.2,184,69,1.0,18.2,184,69,1.0,18.2
152,77.99,0.76,1.9,0,182,76,1.0,17.6,182,76,1.0,17.6,182,76,1.0,17.6,182,76,1.0,17.6,182,76,1.0,17.6,182,76,1.0,17.6,182,76,1.0,17.6,182,76,1.0,17.6,182,76,1.0,17.6,182,76,1.0,17.6,182,76,1.0,17.6,182,76,1.0,17.6,182,76,1.0,17.6,182,76,1.0,17.6,182,76,1.0,17.6,182,76,1.0,17.6,182,76,1.0,17.6,182,76,1.0,17.6,182,76,1.0,17.6,182,76,1.0,17.6,182,76,1.0,17.6,182,76,1.0,17.6,182,76,1.0,17.6,182,76,1.0,17.6,182,76,1.0,17.6,182,76,1.0,17.6,182,76,1.0,17.6,182,76,1.0,17.6,182,76,1.0,17.6,182,76,1.0,17.6,182,76,1.0,17.6,182,76,1.0,17.6
153,78.32,0.75,1.89,0,181,78,1.0,17.5,181,78,1.0,17.5,181,78,1.0,17.5,181,78,1.0,17.5,181,78,1.0,17.5,181,78,1.0,17.5,181,78,1.0,17.5,181,78,1.0,17.5,181,78,1.0,17.5,181,78,1.0,17.5,181,78,1.0,17.5,181,78,1.0,17.5,181,78,1.0,17.5,181,78,1.0,17.5,181,78,1.0,17.5,181,78,1.0,17.5,181,78,1.0,17.5,181,78,1.0,17.5,181,78,1.0,17.5,181,78,1.0,17.5,181,78,1.0,17.5,181,78,1.0,17.5,181,78,1.0,17.5,181,78,1.0,17.5,181,78,1.0,17.5,181,78,1.0,17.5,181,78,1.0,17.5,181,78,1.0,17.5,181,78,1.0,17.5,181,78,1.0,17.5,181,78,1.0,17.5,181,78,1.0,17.5
154,78.87,0.76,1.9,0,182,75,1.0,17.7,182,75,1.0,17.7,182,75,1.0,17.7,182,75,1.0,17.7,182,75,1.0,17.7,182,75,1.0,17.7,182,75,1.0,17.7,182,75,1.0,17.7,182,75,1.0,17.7,182,75,1.0,17.7,182,75,1.0,17.7,182,75,1.0,17.7,182,75,1.0,17.7,182,75,1.0,17.7,182,75,1.0,17.7,182,75,1.0,17.7,182,75,1.0,17.7,182,75,1.0,17.7,182,75,1.0,17.7,182,75,1.0,17.7,182,75,1.0,17.7,182,75,1.0,17.7,182,75,1.0,17.7,182,75,1.0,17.7,182,75,1.0,17.7,182,75,1.0,17.7,182,75,1.0,17.7,182,75,1.0,17.7,182,75,1.0,17.7,182,75,1.0,17.7,182,75,1.0,17.7,182,75,1.0,17.7
155,78.78,0.76,1.9,0,182,80,1.0,17.4,182,80,1.0,17.4,182,80,1.0,17.4,182,80,1.0,17.4,182,80,1.0,17.4,182,80,1.0,17.4,182,80,1.0,17.4,182,80,1.0,17.4,182,80,1.0,17.4,182,80,1.0,17.4,182,80,1.0,17.4,182,80,1.0,17.4,182,80,1.0,17.4,182,80,1.0,17.4,182,80,1.0,17.4,182,80,1.0,17.4,182,80,1.0,17.4,182,80,1.0,17.4,182,80,1.0,17.4,182,80,1.0,17.4,182,80,1.0,17.4,182,80,1.0,17.4,182,80,1.0,17.4,182,80,1.0,17.4,182,80,1.0,17.4,182,80,1.0,17.4,182,80,1.0,17.4,182,80,1.0,17.4,182,80,1.0,17.4,182,80,1.0,17.4,182,80,1.0,17.4,182,80,1.0,17.4
156,78.91,0.75,1.89,0,181,82,1.0,17.2,181,82,1.0,17.2,181,82,1.0,17.2,181,82,1.0,17.2,181,82,1.0,17.2,181,82,1.0,17.2,181,82,1.0,17.2,181,82,1.0,17.2,181,82,1.0,17.2,181,82,1.0,17.2,181,82,1.0,17.2,181,82,1.0,17.2,181,82,1.0,17.2,181,82,1.0,17.2,181,82,1.0,17.2,181,82,1.0,17.2,181,82,1.0,17.2,181,82,1.0,17.2,181,82,1.0,17.2,181,82,1.0,17.2,181,82,1.0,17.2,181,82,1.0,17.2,181,82,1.0,17.2,181,82,1.0,17.2,181,82,1.0,17.2,181,82,1.0,17.2,181,82,1.0,17.2,181,82,1.0,17.2,181,82,1.0,17.2,181,82,1.0,17.2,181,82,1.0,17.2,181,82,1.0,17.2
157,79.26,0.76,1.9,0,182,84,1.0,17.1,182,84,1.0,17.1,182,84,1.0,17.1,182,84,1.0,17.1,182,84,1.0,17.1,182,84,1.0,17.1,182,84,1.0,17.1,182,84,1.0,17.1,182,84,1.0,17.1,182,84,1.0,17.1,182,84,1.0,17.1,182,84,1.0,17.1,182,84,1.0,17.1,182,84,1.0,17.1,182,84,1.0,17.1,182,84,1.0,17.1,182,84,1.0,17.1,182,84,1.0,17.1,182,84,1.0,17.1,182,84,1.0,17.1,182,84,1.0,17.1,182,84,1.0,17.1,182,84,1.0,17.1,182,84,1.0,17.1,182,84,1.0,17.1,182,84,1.0,17.1,182,84,1.0,17.1,182,84,1.0,17.1,182,84,1.0,17.1,182,84,1.0,17.1,182,84,1.0,17.1,182,84,1.0,17.1
158,79.41,0.75,1.89,0,181,87,1.0,16.9,181,87,1.0,16.9,181,87,1.0,16.9,181,87,1.0,16.9,181,87,1.0,16.9,181,87,1.0,16.9,181,87,1.0,16.9,181,87,1.0,16.9,181,87,1.0,16.9,181,87,1.0,16.9,181,87,1.0,16.9,181,87,1.0,16.9,181,87,1.0,16.9,181,87,1.0,16.9,181,87,1.0,16.9,181,87,1.0,16.9,181,87,1.0,16.9,181,87,1.0,16.9,181,87,1.0,16.9,181,87,1.0,16.9,181,87,1.0,16.9,181,87,1.0,16.9,181,87,1.0,16.9,181,87,1.0,16.9,181,87,1.0,16.9,181,87,1.0,16.9,181,87,1.0,16.9,181,87,1.0,16.9,181,87,1.0,16.9,181,87,1.0,16.9,181,87,1.0,16.9,181,87,1.0,16.9
159,80.39,0.75,1.89,0,181,89,1.0,16.8,181,89,1.0,16.8,181,89,1.0,16.8,181,89,1.0,16.8,181,89,1.0,16.8,181,89,1.0,16.8,181,89,1.0,16.8,181,89,1.0,16.8,181,89,1.0,16.8,181,89,1.0,16.8,181,89,1.0,16.8,181,89,1.0,16.8,181,89,1.0,16.8,181,89,1.0,16.8,181,89,1.0,16.8,181,89,1.0,16.8,181,89,1.0,16.8,181,89,1.0,16.8,181,89,1.0,16.8,181,89,1.0,16.8,181,89,1.0,16.8,181,89,1.0,16.8,181,89,1.0,16.8,181,89,1.0,16.8,181,89,1.0,16.8,181,89,1.0,16.8,181,89,1.0,16.8,181,89,1.0,16.8,181,89,1.0,16.8,181,89,1.0,16.8,181,89,1.0,16.8,181,89,1.0,16.8
160,81.15,0.76,1.91,0,183,88,1.0,16.9,183,88,1.0,16.9,183,88,1.0,16.9,183,88,1.0,16.9,183,88,1.0,16.9,183,88,1.0,16.9,183,88,1.0,16.9,183,88,1.0,16.9,183,88,1.0,16.9,183,88,1.0,16.9,183,88,1.0,16.9,183,88,1.0,16.9,183,88,1.0,16.9,183,88,1.0,16.9,183,88,1.0,16.9,183,88,1.0,16.9,183,88,1.0,16.9,183,88,1.0,16.9,183,88,1.0,16.9,183,88,1.0,16.9,183,88,1.0,16.9,183,88,1.0,16.9,183,88,1.0,16.9,183,88,1.0,16.9,183,88,1.0,16.9,183,88,1.0,16.9,183,88,1.0,16.9,183,88,1.0,16.9,183,88,1.0,16.9,183,88,1.0,16.9,183,88,1.0,16.9,183,88,1.0,16.9
161,82.13,0.75,1.88,0,180,91,1.0,16.6,180,91,1.0,16.6,180,91,1.0,16.6,180,91,1.0,16.6,180,91,1.0,16.6,180,91,1.0,16.6,180,91,1.0,16.6,180,91,1.0,16.6,180,91,1.0,16.6,180,91,1.0,16.6,180,91,1.0,16.6,180,91,1.0,16.6,180,91,1.0,16.6,180,91,1.0,16.6,180,91,1.0,16.6,180,91,1.0,16.6,180,91,1.0,16.6,180,91,1.0,16.6,180,91,1.0,16.6,180,91,1.0,16.6,180,91,1.0,16.6,180,91,1.0,16.6,180,91,1.0,16.6,180,91,1.0,16.6,180,91,1.0,16.6,180,91,1.0,16.6,180,91,1.0,16.6,180,91,1.0,16.6,180,91,1.0,16.6,180,91,1.0,16.6,180,91,1.0,16.6,180,91,1.0,16.6
162,82.47,0.75,1.88,0,180,95,1.0,16.4,180,95,1.0,16.4,180,95,1.0,16.4,180,95,1.0,16.4,180,95,1.0,16.4,180,95,1.0,16.4,180,95,1.0,16.4,180,95,1.0,16.4,180,95,1.0,16.4,180,95,1.0,16.4,180,95,1.0,16.4,180,95,1.0,16.4,180,95,1.0,16.4,180,95,1.0,16.4,180,95,1.0,16.4,180,95,1.0,16.4,180,95,1.0,16.4,180,95,1.0,16.4,180,95,1.0,16.4,180,95,1.0,16.4,180,95,1.0,16.4,180,95,1.0,16.4,180,95,1.0,16.4,180,95,1.0,16.4,180,95,1.0,16.4,180,95,1.0,16.4,180,95,1.0,16.4,180,95,1.0,16.4,180,95,1.0,16.4,180,95,1.0,16.4,180,95,1.0,16.4,180,95,1.0,16.4
163,83.45,0.75,1.89,0,181,96,1.0,16.3,181,96,1.0,16.3,181,96,1.0,16.3,181,96,1.0,16.3,181,96,1.0,16.3,181,96,1.0,16.3,181,96,1.0,16.3,181,96,1.0,16.3,181,96,1.0,16.3,181,96,1.0,16.3,181,96,1.0,16.3,181,96,1.0,16.3,181,96,1.0,16.3,181,96,1.0,16.3,181,96,1.0,16.3,181,96,1.0,16.3,181,96,1.0,16.3,181,96,1.0,16.3,181,96,1.0,16.3,181,96,1.0,16.3,181,96,1.0,16.3,181,96,1.0,16.3,181,96,1.0,16.3,181,96,1.0,16.3,181,96,1.0,16.3,181,96,1.0,16.3,181,96,1.0,16.3,181,96,1.0,16.3,181,96,1.0,16.3,181,96,1.0,16.3,181,96,1.0,16.3,181,96,1.0,16.3
164,83.78,0.75,1.88,0,180,99,1.0,16.1,180,99,1.0,16.1,180,99,1.0,16.1,180,99,1.0,16.1,180,99,1.0,16.1,180,99,1.0,16.1,180,99,1.0,16.1,180,99,1.0,16.1,180,99,1.0,16.1,180,99,1.0,16.1,180,99,1.0,16.1,180,99,1.0,16.1,180,99,1.0,16.1,180,99,1.0,16.1,180,99,1.0,16.1,180,99,1.0,16.1,180,99,1.0,16.1,180,99,1.0,16.1,180,99,1.0,16.1,180,99,1.0,16.1,180,99,1.0,16.1,180,99,1.0,16.1,180,99,1.0,16.1,180,99,1.0,16.1,180,99,1.0,16.1,180,99,1.0,16.1,180,99,1.0,16.1,180,99,1.0,16.1,180,99,1.0,16.1,180,99,1.0,16.1,180,99,1.0,16.1,180,99,1.0,16.1
165,84.33,0.74,1.85,0,178,102,1.0,15.9,178,102,1.0,15.9,178,102,1.0,15.9,178,102,1.0,15.9,178,102,1.0,15.9,178,102,1.0,15.9,178,102,1.0,15.9,178,102,1.0,15.9,178,102,1.0,15.9,178,102,1.0,15.9,178,102,1.0,15.9,178,102,1.0,15.9,178,102,1.0,15.9,178,102,1.0,15.9,178,102,1.0,15.9,178,102,1.0,15.9,178,102,1.0,15.9,178,102,1.0,15.9,178,102,1.0,15.9,178,102,1.0,15.9,178,102,1.0,15.9,178,102,1.0,15.9,178,102,1.0,15.9,178,102,1.0,15.9,178,102,1.0,15.9,178,102,1.0,15.9,178,102,1.0,15.9,178,102,1.0,15.9,178,102,1.0,15.9,178,102,1.0,15.9,178,102,1.0,15.9,178,102,1.0,15.9
166,85.09,0.75,1.88,0,180,102,1.0,16.0,180,102,1.0,16.0,180,102,1.0,16.0,180,102,1.0,16.0,180,102,1.0,16.0,180,102,1.0,16.0,180,102,1.0,16.0,180,102,1.0,16.0,180,102,1.0,16.0,180,102,1.0,16.0,180,102,1.0,16.0,180,102,1.0,16.0,180,102,1.0,16.0,180,102,1.0,16.0,180,102,1.0,16.0,180,102,1.0,16.0,180,102,1.0,16.0,180,102,1.0,16.0,180,102,1.0,16.0,180,102,1.0,16.0,180,102,1.0,16.0,180,102,1.0,16.0,180,102,1.0,16.0,180,102,1.0,16.0,180,102,1.0,16.0,180,102,1.0,16.0,180,102,1.0,16.0,180,102,1.0,16.0,180,102,1.0,16.0,180,102,1.0,16.0,180,102,1.0,16.0,180,102,1.0,16.0
167,85.64,0.75,1.86,0,179,106,1.0,15.7,179,106,1.0,15.7,179,106,1.0,15.7,179,106,1.0,15.7,179,106,1.0,15.7,179,106,1.0,15.7,179,106,1.0,15.7,179,106,1.0,15.7,179,106,1.0,15.7,179,106,1.0,15.7,179,106,1.0,15.7,179,106,1.0,15.7,179,106,1.0,15.7,179,106,1.0,15.7,179,106,1.0,15.7,179,106,1.0,15.7,179,106,1.0,15.7,179,106,1.0,15.7,179,106,1.0,15.7,179,106,1.0,15.7,179,106,1.0,15.7,179,106,1.0,15.7,179,106,1.0,15.7,179,106,1.0,15.7,179,106,1.0,15.7,179,106,1.0,15.7,179,106,1.0,15.7,179,106,1.0,15.7,179,106,1.0,15.7,179,106,1.0,15.7,179,106,1.0,15.7,179,106,1.0,15.7
168,85.76,0.75,1.86,0,179,108,1.0,15.6,179,108,1.0,15.6,179,108,1.0,15.6,179,108,1.0,15.6,179,108,1.0,15.6,179,108,1.0,15.6,179,108,1.0,15.6,179,108,1.0,15.6,179,108,1.0,15.6,179,108,1.0,15.6,179,108,1.0,15.6,179,108,1.0,15.6,179,108,1.0,15.6,179,108,1.0,15.6,179,108,1.0,15.6,179,108,1.0,15.6,179,108,1.0,15.6,179,108,1.0,15.6,179,108,1.0,15.6,179,108,1.0,15.6,179,108,1.0,15.6,179,108,1.0,15.6,179,108,1.0,15.6,179,108,1.0,15.6,179,108,1.0,15.6,179,108,1.0,15.6,179,108,1.0,15.6,179,108,1.0,15.6,179,108,1.0,15.6,179,108,1.0,15.6,179,108,1.0,15.6,179,108,1.0,15.6
169,86.73,0.75,1.86,0,179,109,1.0,15.5,179,109,1.0,15.5,179,109,1.0,15.5,179,109,1.0,15.5,179,109,1.0,15.5,179,109,1.0,15.5,179,109,1.0,15.5,179,109,1.0,15.5,179,109,1.0,15.5,179,109,1.0,15.5,179,109,1.0,15.5,179,109,1.0,15.5,179,109,1.0,15.5,179,109,1.0,15.5,179,109,1.0,15.5,179,109,1.0,15.5,179,109,1.0,15.5,179,109,1.0,15.5,179,109,1.0,15.5,179,109,1.0,15.5,179,109,1.0,15.5,179,109,1.0,15.5,179,109,1.0,15.5,179,109,1.0,15.5,179,109,1.0,15.5,179,109,1.0,15.5,179,109,1.0,15.5,179,109,1.0,15.5,179,109,1.0,15.5,179,109,1.0,15.5,179,109,1.0,15.5,179,109,1.0,15.5
170,87.28,0.75,1.89,0,181,109,1.0,15.6,181,109,1.0,15.6,181,109,1.0,15.6,181,109,1.0,15.6,181,109,1.0,15.6,181,109,1.0,15.6,181,109,1.0,15.6,181,109,1.0,15.6,181,109,1.0,15.6,181,109,1.0,15.6,181,109,1.0,15.6,181,109,1.0,15.6,181,109,1.0,15.6,181,109,1.0,15.6,181,109,1.0,15.6,181,109,1.0,15.6,181,109,1.0,15.6,181,109,1.0,15.6,181,109,1.0,15.6,181,109,1.0,15.6,181,109,1.0,15.6,181,109,1.0,15.6,181,109,1.0,15.6,181,109,1.0,15.6,181,109,1.0,15.6,181,109,1.0,15.6,181,109,1.0,15.6,181,109,1.0,15.6,181,109,1.0,15.6,181,109,1.0,15.6,181,109,1.0,15.6,181,109,1.0,15.6
171,87.61,0.75,1.89,0,181,110,1.0,15.5,181,110,1.0,15.5,181,110,1.0,15.5,181,110,1.0,15.5,181,110,1.0,15.5,181,110,1.0,15.5,181,110,1.0,15.5,181,110,1.0,15.5,181,110,1.0,15.5,181,110,1.0,15.5,181,110,1.0,15.5,181,110,1.0,15.5,181,110,1.0,15.5,181,110,1.0,15.5,181,110,1.0,15.5,181,110,1.0,15.5,181,110,1.0,15.5,181,110,1.0,15.5,181,110,1.0,15.5,181,110,1.0,15.5,181,110,1.0,15.5,181,110,1.0,15.5,181,110,1.0,15.5,181,110,1.0,15.5,181,110,1.0,15.5,181,110,1.0,15.5,181,110,1.0,15.5,181,110,1.0,15.5,181,110,1.0,15.5,181,110,1.0,15.5,181,110,1.0,15.5,181,110,1.0,15.5
172,87.51,0.75,1.89,0,181,113,1.0,15.4,181,113,1.0,15.4,181,113,1.0,15.4,181,113,1.0,15.4,181,113,1.0,15.4,181,113,1.0,15.4,181,113,1.0,15.4,181,113,1.0,15.4,181,113,1.0,15.4,181,113,1.0,15.4,181,113,1.0,15.4,181,113,1.0,15.4,181,113,1.0,15.4,181,113,1.0,15.4,181,113,1.0,15.4,181,113,1.0,15.4,181,113,1.0,15.4,181,113,1.0,15.4,181,113,1.0,15.4,181,113,1.0,15.4,181,113,1.0,15.4,181,113,1.0,15.4,181,113,1.0,15.4,181,113,1.0,15.4,181,113,1.0,15.4,181,113,1.0,15.4,181,113,1.0,15.4,181,113,1.0,15.4,181,113,1.0,15.4,181,113,1.0,15.4,181,113,1.0,15.4,181,113,1.0,15.4
173,88.27,0.77,1.92,0,184,114,1.0,15.4,184,114,1.0,15.4,184,114,1.0,15.4,184,114,1.0,15.4,184,114,1.0,15.4,184,114,1.0,15.4,184,114,1.0,15.4,184,114,1.0,15.4,184,114,1.0,15.4,184,114,1.0,15.4,184,114,1.0,15.4,184,114,1.0,15.4,184,114,1.0,15.4,184,114,1.0,15.4,184,114,1.0,15.4,184,114,1.0,15.4,184,114,1.0,15.4,184,114,1.0,15.4,184,114,1.0,15.4,184,114,1.0,15.4,184,114,1.0,15.4,184,114,1.0,15.4,184,114,1.0,15.4,184,114,1.0,15.4,184,114,1.0,15.4,184,114,1.0,15.4,184,114,1.0,15.4,184,114,1.0,15.4,184,114,1.0,15.4,184,114,1.0,15.4,184,114,1.0,15.4,184,114,1.0,15.4
174,89.04,0.77,1.93,0,185,116,1.0,15.4,185,116,1.0,15.4,185,116,1.0,15.4,185,116,1.0,15.4,185,116,1.0,15.4,185,116,1.0,15.4,185,116,1.0,15.4,185,116,1.0,15.4,185,116,1.0,15.4,185,116,1.0,15.4,185,116,1.0,15.4,185,116,1.0,15.4,185,116,1.0,15.4,185,116,1.0,15.4,185,116,1.0,15.4,185,116,1.0,15.4,185,116,1.0,15.4,185,116,1.0,15.4,185,116,1.0,15.4,185,116,1.0,15.4,185,116,1.0,15.4,185,116,1.0,15.4,185,116,1.0,15.4,185,116,1.0,15.4,185,116,1.0,15.4,185,116,1.0,15.4,185,116,1.0,15.4,185,116,1.0,15.4,185,116,1.0,15.4,185,116,1.0,15.4,185,116,1.0,15.4,185,116,1.0,15.4
175,89.15,0.77,1.93,0,185,115,1.0,15.4,185,115,1.0,15.4,185,115,1.0,15.4,185,115,1.0,15.4,185,115,1.0,15.4,185,115,1.0,15.4,185,115,1.0,15.4,185,115,1.0,15.4,185,115,1.0,15.4,185,115,1.0,15.4,185,115,1.0,15.4,185,115,1.0,15.4,185,115,1.0,15.4,185,115,1.0,15.4,185,115,1.0,15.4,185,115,1.0,15.4,185,115,1.0,15.4,185,115,1.0,15.4,185,115,1.0,15.4,185,115,1.0,15.4,185,115,1.0,15.4,185,115,1.0,15.4,185,115,1.0,15.4,185,115,1.0,15.4,185,115,1.0,15.4,185,115,1.0,15.4,185,115,1.0,15.4,185,115,1.0,15.4,185,115,1.0,15.4,185,115,1.0,15.4,185,115,1.0,15.4,185,115,1.0,15.4
176,89.92,0.78,1.94,0,186,117,1.0,15.3,186,117,1.0,15.3,186,117,1.0,15.3,186,117,1.0,15.3,186,117,1.0,15.3,186,117,1.0,15.3,186,117,1.0,15.3,186,117,1.0,15.3,186,117,1.0,15.3,186,117,1.0,15.3,186,117,1.0,15.3,186,117,1.0,15.3,186,117,1.0,15.3,186,117,1.0,15.3,186,117,1.0,15.3,186,117,1.0,15.3,186,117,1.0,15.3,186,117,1.0,15.3,186,117,1.0,15.3,186,117,1.0,15.3,186,117,1.0,15.3,186,117,1.0,15.3,186,117,1.0,15.3,186,117,1.0,15.3,186,117,1.0,15.3,186,117,1.0,15.3,186,117,1.0,15.3,186,117,1.0,15.3,186,117,1.0,15.3,186,117,1.0,15.3,186,117,1.0,15.3,186,117,1.0,15.3
177,90.67,0.8,1.99,0,191,109,1.0,15.9,191,109,1.0,15.9,191,109,1.0,15.9,191,109,1.0,15.9,191,109,1.0,15.9,191,109,1.0,15.9,191,109,1.0,15.9,191,109,1.0,15.9,191,109,1.0,15.9,191,109,1.0,15.9,191,109,1.0,15.9,191,109,1.0,15.9,191,109,1.0,15.9,191,109,1.0,15.9,191,109,1.0,15.9,191,109,1.0,15.9,191,109,1.0,15.9,191,109,1.0,15.9,191,109,1.0,15.9,191,109,1.0,15.9,191,109,1.0,15.9,191,109,1.0,15.9,191,109,1.0,15.9,191,109,1.0,15.9,191,109,1.0,15.9,191,109,1.0,15.9,191,109,1.0,15.9,191,109,1.0,15.9,191,109,1.0,15.9,191,109,1.0,15.9,191,109,1.0,15.9,191,109,1.0,15.9
178,91.65,0.8,2.0,0,192,111,1.0,15.8,192,111,1.0,15.8,192,111,1.0,15.8,192,111,1.0,15.8,192,111,1.0,15.8,192,111,1.0,15.8,192,111,1.0,15.8,192,111,1.0,15.8,192,111,1.0,15.8,192,111,1.0,15.8,192,111,1.0,15.8,192,111,1.0,15.8,192,111,1.0,15.8,192,111,1.0,15.8,192,111,1.0,15.8,192,111,1.0,15.8,192,111,1.0,15.8,192,111,1.0,15.8,192,111,1.0,15.8,192,111,1.0,15.8,192,111,1.0,15.8,192,111,1.0,15.8,192,111,1.0,15.8,192,111,1.0,15.8,192,111,1.0,15.8,192,111,1.0,15.8,192,111,1.0,15.8,192,111,1.0,15.8,192,111,1.0,15.8,192,111,1.0,15.8,192,111,1.0,15.8,192,111,1.0,15.8
179,91.97,0.82,2.05,0,197,114,1.0,15.8,197,114,1.0,15.8,197,114,1.0,15.8,197,114,1.0,15.8,197,114,1.0,15.8,197,114,1.0,15.8,197,114,1.0,15.8,197,114,1.0,15.8,197,114,1.0,15.8,197,114,1.0,15.8,197,114,1.0,15.8,197,114,1.0,15.8,197,114,1.0,15.8,197,114,1.0,15.8,197,114,1.0,15.8,197,114,1.0,15.8,197,114,1.0,15.8,197,114,1.0,15.8,197,114,1.0,15.8,197,114,1.0,15.8,197,114,1.0,15.8,197,114,1.0,15.8,197,114,1.0,15.8,197,114,1.0,15.8,197,114,1.0,15.8,197,114,1.0,15.8,197,114,1.0,15.8,197,114,1.0,15.8,197,114,1.0,15.8,197,114,1.0,15.8,197,114,1.0,15.8,197,114,1.0,15.8
180,92.5,0.82,2.04,0,196,111,1.0,16.0,196,111,1.0,16.0,196,111,1.0,16.0,196,111,1.0,16.0,196,111,1.0,16.0,196,111,1.0,16.0,196,111,1.0,16.0,196,111,1.0,16.0,196,111,1.0,16.0,196,111,1.0,16.0,196,111,1.0,16.0,196,111,1.0,16.0,196,111,1.0,16.0,196,111,1.0,16.0,196,111,1.0,16.0,196,111,1.0,16.0,196,111,1.0,16.0,196,111,1.0,16.0,196,111,1.0,16.0,196,111,1.0,16.0,196,111,1.0,16.0,196,111,1.0,16.0,196,111,1.0,16.0,196,111,1.0,16.0,196,111,1.0,16.0,196,111,1.0,16.0,196,111,1.0,16.0,196,111,1.0,16.0,196,111,1.0,16.0,196,111,1.0,16.0,196,111,1.0,16.0,196,111,1.0,16.0
181,93.26,0.83,2.08,0,200,103,1.0,16.5,200,103,1.0,16.5,200,103,1.0,16.5,200,103,1.0,16.5,200,103,1.0,16.5,200,103,1.0,16.5,200,103,1.0,16.5,200,103,1.0,16.5,200,103,1.0,16.5,200,103,1.0,16.5,200,103,1.0,16.5,200,103,1.0,16.5,200,103,1.0,16.5,200,103,1.0,16.5,200,103,1.0,16.5,200,103,1.0,16.5,200,103,1.0,16.5,200,103,1.0,16.5,200,103,1.0,16.5,200,103,1.0,16.5,200,103,1.0,16.5,200,103,1.0,16.5,200,103,1.0,16.5,200,103,1.0,16.5,200,103,1.0,16.5,200,103,1.0,16.5,200,103,1.0,16.5,200,103,1.0,16.5,200,103,1.0,16.5,200,103,1.0,16.5,200,103,1.0,16.5,200,103,1.0,16.5
182,94.24,0.82,2.06,0,198,113,1.0,15.9,198,113,1.0,15.9,198,113,1.0,15.9,198,113,1.0,15.9,198,113,1.0,15.9,198,113,1.0,15.9,198,113,1.0,15.9,198,113,1.0,15.9,198,113,1.0,15.9,198,113,1.0,15.9,198,113,1.0,15.9,198,113,1.0,15.9,198,113,1.0,15.9,198,113,1.0,15.9,198,113,1.0,15.9,198,113,1.0,15.9,198,113,1.0,15.9,198,113,1.0,15.9,198,113,1.0,15.9,198,113,1.0,15.9,198,113,1.0,15.9,198,113,1.0,15.9,198,113,1.0,15.9,198,113,1.0,15.9,198,113,1.0,15.9,198,113,1.0,15.9,198,113,1.0,15.9,198,113,1.0,15.9,198,113,1.0,15.9,198,113,1.0,15.9,198,113,1.0,15.9,198,113,1.0,15.9
183,94.99,0.82,2.06,0,198,113,1.0,15.9,198,113,1.0,15.9,198,113,1.0,15.9,198,113,1.0,15.9,198,113,1.0,15.9,198,113,1.0,15.9,198,113,1.0,15.9,198,113,1.0,15.9,198,113,1.0,15.9,198,113,1.0,15.9,198,113,1.0,15.9,198,113,1.0,15.9,198,113,1.0,15.9,198,113,1.0,15.9,198,113,1.0,15.9,198,113,1.0,15.9,198,113,1.0,15.9,198,113,1.0,15.9,198,113,1.0,15.9,198,113,1.0,15.9,198,113,1.0,15.9,198,113,1.0,15.9,198,113,1.0,15.9,198,113,1.0,15.9,198,113,1.0,15.9,198,113,1.0,15.9,198,113,1.0,15.9,198,113,1.0,15.9,198,113,1.0,15.9,198,113,1.0,15.9,198,113,1.0,15.9,198,113,1.0,15.9
184,95.29,0.83,2.07,0,199,110,1.0,16.1,199,110,1.0,16.1,199,110,1.0,16.1,199,110,1.0,16.1,199,110,1.0,16.1,199,110,1.0,16.1,199,110,1.0,16.1,199,110,1.0,16.1,199,110,1.0,16.1,199,110,1.0,16.1,199,110,1.0,16.1,199,110,1.0,16.1,199,110,1.0,16.1,199,110,1.0,16.1,199,110,1.0,16.1,199,110,1.0,16.1,199,110,1.0,16.1,199,110,1.0,16.1,199,110,1.0,16.1,199,110,1.0,16.1,199,110,1.0,16.1,199,110,1.0,16.1,199,110,1.0,16.1,199,110,1.0,16.1,199,110,1.0,16.1,199,110,1.0,16.1,199,110,1.0,16.1,199,110,1.0,16.1,199,110,1.0,16.1,199,110,1.0,16.1,199,110,1.0,16.1,199,110,1.0,16.1
185,95.6,0.84,2.09,0,201,113,1.0,16.0,201,113,1.0,16.0,201,113,1.0,16.0,201,113,1.0,16.0,201,113,1.0,16.0,201,113,1.0,16.0,201,113,1.0,16.0,201,113,1.0,16.0,201,113,1.0,16.0,201,113,1.0,16.0,201,113,1.0,16.0,201,113,1.0,16.0,201,113,1.0,16.0,201,113,1.0,16.0,201,113,1.0,16.0,201,113,1.0,16.0,201,113,1.0,16.0,201,113,1.0,16.0,201,113,1.0,16.0,201,113,1.0,16.0,201,113,1.0,16.0,201,113,1.0,16.0,201,113,1.0,16.0,201,113,1.0,16.0,201,113,1.0,16.0,201,113,1.0,16.0,201,113,1.0,16.0,201,113,1.0,16.0,201,113,1.0,16.0,201,113,1.0,16.0,201,113,1.0,16.0,201,113,1.0,16.0
186,96.13,0.83,2.07,0,199,112,1.0,16.0,199,112,1.0,16.0,199,112,1.0,16.0,199,112,1.0,16.0,199,112,1.0,16.0,199,112,1.0,16.0,199,112,1.0,16.0,199,112,1.0,16.0,199,112,1.0,16.0,199,112,1.0,16.0,199,112,1.0,16.0,199,112,1.0,16.0,199,112,1.0,16.0,199,112,1.0,16.0,199,112,1.0,16.0,199,112,1.0,16.0,199,112,1.0,16.0,199,112,1.0,16.0,199,112,1.0,16.0,199,112,1.0,16.0,199,112,1.0,16.0,199,112,1.0,16.0,199,112,1.0,16.0,199,112,1.0,16.0,199,112,1.0,16.0,199,112,1.0,16.0,199,112,1.0,16.0,199,112,1.0,16.0,199,112,1.0,16.0,199,112,1.0,16.0,199,112,1.0,16.0,199,112,1.0,16.0
187,96.66,0.84,2.1,0,202,111,1.0,16.1,202,111,1.0,16.1,202,111,1.0,16.1,202,111,1.0,16.1,202,111,1.0,16.1,202,111,1.0,16.1,202,111,1.0,16.1,202,111,1.0,16.1,202,111,1.0,16.1,202,111,1.0,16.1,202,111,1.0,16.1,202,111,1.0,16.1,202,111,1.0,16.1,202,111,1.0,16.1,202,111,1.0,16.1,202,111,1.0,16.1,202,111,1.0,16.1,202,111,1.0,16.1,202,111,1.0,16.1,202,111,1.0,16.1,202,111,1.0,16.1,202,111,1.0,16.1,202,111,1.0,16.1,202,111,1.0,16.1,202,111,1.0,16.1,202,111,1.0,16.1,202,111,1.0,16.1,202,111,1.0,16.1,202,111,1.0,16.1,202,111,1.0,16.1,202,111,1.0,16.1,202,111,1.0,16.1
188,96.96,0.85,2.12,0,204,110,1.0,16.2,204,110,1.0,16.2,204,110,1.0,16.2,204,110,1.0,16.2,204,110,1.0,16.2,204,110,1.0,16.2,204,110,1.0,16.2,204,110,1.0,16.2,204,110,1.0,16.2,204,110,1.0,16.2,204,110,1.0,16.2,204,110,1.0,16.2,204,110,1.0,16.2,204,110,1.0,16.2,204,110,1.0,16.2,204,110,1.0,16.2,204,110,1.0,16.2,204,110,1.0,16.2,204,110,1.0,16.2,204,110,1.0,16.2,204,110,1.0,16.2,204,110,1.0,16.2,204,110,1.0,16.2,204,110,1.0,16.2,204,110,1.0,16.2,204,110,1.0,16.2,204,110,1.0,16.2,204,110,1.0,16.2,204,110,1.0,16.2,204,110,1.0,16.2,204,110,1.0,16.2,204,110,1.0,16.2
189,97.05,0.84,2.09,0,201,114,1.0,16.0,201,114,1.0,16.0,201,114,1.0,16.0,201,114,1.0,16.0,201,114,1.0,16.0,201,114,1.0,16.0,201,114,1.0,16.0,201,114,1.0,16.0,201,114,1.0,16.0,201,114,1.0,16.0,201,114,1.0,16.0,201,114,1.0,16.0,201,114,1.0,16.0,201,114,1.0,16.0,201,114,1.0,16.0,201,114,1.0,16.0,201,114,1.0,16.0,201,114,1.0,16.0,201,114,1.0,16.0,201,114,1.0,16.0,201,114,1.0,16.0,201,114,1.0,16.0,201,114,1.0,16.0,201,114,1.0,16.0,201,114,1.0,16.0,201,114,1.0,16.0,201,114,1.0,16.0,201,114,1.0,16.0,201,114,1.0,16.0,201,114,1.0,16.0,201,114,1.0,16.0,201,114,1.0,16.0
190,97.36,0.84,2.1,0,202,113,1.0,16.0,202,113,1.0,16.0,202,113,1.0,16.0,202,113,1.0,16.0,202,113,1.0,16.0,202,113,1.0,16.0,202,113,1.0,16.0,202,113,1.0,16.0,202,113,1.0,16.0,202,113,1.0,16.0,202,113,1.0,16.0,202,113,1.0,16.0,202,113,1.0,16.0,202,113,1.0,16.0,202,113,1.0,16.0,202,113,1.0,16.0,202,113,1.0,16.0,202,113,1.0,16.0,202,113,1.0,16.0,202,113,1.0,16.0,202,113,1.0,16.0,202,113,1.0,16.0,202,113,1.0,16.0,202,113,1.0,16.0,202,113,1.0,16.0,202,113,1.0,16.0,202,113,1.0,16.0,202,113,1.0,16.0,202,113,1.0,16.0,202,113,1.0,16.0,202,113,1.0,16.0,202,113,1.0,16.0
191,98.34,0.84,2.09,0,201,115,1.0,15.9,201,115,1.0,15.9,201,115,1.0,15.9,201,115,1.0,15.9,201,115,1.0,15.9,201,115,1.0,15.9,201,115,1.0,15.9,201,115,1.0,15.9,201,115,1.0,15.9,201,115,1.0,15.9,201,115,1.0,15.9,201,115,1.0,15.9,201,115,1.0,15.9,201,115,1.0,15.9,201,115,1.0,15.9,201,115,1.0,15.9,201,115,1.0,15.9,201,115,1.0,15.9,201,115,1.0,15.9,201,115,1.0,15.9,201,115,1.0,15.9,201,115,1.0,15.9,201,115,1.0,15.9,201,115,1.0,15.9,201,115,1.0,15.9,201,115,1.0,15.9,201,115,1.0,15.9,201,115,1.0,15.9,201,115,1.0,15.9,201,115,1.0,15.9,201,115,1.0,15.9,201,115,1.0,15.9
192,99.31,0.83,2.08,0,200,117,1.0,15.8,200,117,1.0,15.8,200,117,1.0,15.8,200,117,1.0,15.8,200,117,1.0,15.8,200,117,1.0,15.8,200,117,1.0,15.8,200,117,1.0,15.8,200,117,1.0,15.8,200,117,1.0,15.8,200,117,1.0,15.8,200,117,1.0,15.8,200,117,1.0,15.8,200,117,1.0,15.8,200,117,1.0,15.8,200,117,1.0,15.8,200,117,1.0,15.8,200,117,1.0,15.8,200,117,1.0,15.8,200,117,1.0,15.8,200,117,1.0,15.8,200,117,1.0,15.8,200,117,1.0,15.8,200,117,1.0,15.8,200,117,1.0,15.8,200,117,1.0,15.8,200,117,1.0,15.8,200,117,1.0,15.8,200,117,1.0,15.8,200,117,1.0,15.8,200,117,1.0,15.8,200,117,1.0,15.8
193,99.83,0.84,2.09,0,201,117,1.0,15.8,201,117,1.0,15.8,201,117,1.0,15.8,201,117,1.0,15.8,201,117,1.0,15.8,201,117,1.0,15.8,201,117,1.0,15.8,201,117,1.0,15.8,201,117,1.0,15.8,201,117,1.0,15.8,201,117,1.0,15.8,201,117,1.0,15.8,201,117,1.0,15.8,201,117,1.0,15.8,201,117,1.0,15.8,201,117,1.0,15.8,201,117,1.0,15.8,201,117,1.0,15.8,201,117,1.0,15.8,201,117,1.0,15.8,201,117,1.0,15.8,201,117,1.0,15.8,201,117,1.0,15.8,201,117,1.0,15.8,201,117,1.0,15.8,201,117,1.0,15.8,201,117,1.0,15.8,201,117,1.0,15.8,201,117,1.0,15.8,201,117,1.0,15.8,201,117,1.0,15.8,201,117,1.0,15.8
194,100.13,0.84,2.1,0,202,115,1.0,15.9,202,115,1.0,15.9,202,115,1.0,15.9,202,115,1.0,15.9,202,115,1.0,15.9,202,115,1.0,15.9,202,115,1.0,15.9,202,115,1.0,15.9,202,115,1.0,15.9,202,115,1.0,15.9,202,115,1.0,15.9,202,115,1.0,15.9,202,115,1.0,15.9,202,115,1.0,15.9,202,115,1.0,15.9,202,115,1.0,15.9,202,115,1.0,15.9,202,115,1.0,15.9,202,115,1.0,15.9,202,115,1.0,15.9,202,115,1.0,15.9,202,115,1.0,15.9,202,115,1.0,15.9,202,115,1.0,15.9,202,115,1.0,15.9,202,115,1.0,15.9,202,115,1.0,15.9,202,115,1.0,15.9,202,115,1.0,15.9,202,115,1.0,15.9,202,115,1.0,15.9,202,115,1.0,15.9
195,101.11,0.83,2.08,0,200,118,1.0,15.7,200,118,1.0,15.7,200,118,1.0,15.7,200,118,1.0,15.7,200,118,1.0,15.7,200,118,1.0,15.7,200,118,1.0,15.7,200,118,1.0,15.7,200,118,1.0,15.7,200,118,1.0,15.7,200,118,1.0,15.7,200,118,1.0,15.7,200,118,1.0,15.7,200,118,1.0,15.7,200,118,1.0,15.7,200,118,1.0,15.7,200,118,1.0,15.7,200,118,1.0,15.7,200,118,1.0,15.7,200,118,1.0,15.7,200,118,1.0,15.7,200,118,1.0,15.7,200,118,1.0,15.7,200,118,1.0,15.7,200,118,1.0,15.7,200,118,1.0,15.7,200,118,1.0,15.7,200,118,1.0,15.7,200,118,1.0,15.7,200,118,1.0,15.7,200,118,1.0,15.7,200,118,1.0,15.7
196,102.08,0.82,2.06,0,198,122,1.0,15.5,198,122,1.0,15.5,198,122,1.0,15.5,198,122,1.0,15.5,198,122,1.0,15.5,198,122,1.0,15.5,198,122,1.0,15.5,198,122,1.0,15.5,198,122,1.0,15.5,198,122,1.0,15.5,198,122,1.0,15.5,198,122,1.0,15.5,198,122,1.0,15.5,198,122,1.0,15.5,198,122,1.0,15.5,198,122,1.0,15.5,198,122,1.0,15.5,198,122,1.0,15.5,198,122,1.0,15.5,198,122,1.0,15.5,198,122,1.0,15.5,198,122,1.0,15.5,198,122,1.0,15.5,198,122,1.0,15.5,198,122,1.0,15.5,198,122,1.0,15.5,198,122,1.0,15.5,198,122,1.0,15.5,198,122,1.0,15.5,198,122,1.0,15.5,198,122,1.0,15.5,198,122,1.0,15.5
197,102.83,0.84,2.1,0,202,118,1.0,15.8,202,118,1.0,15.8,202,118,1.0,15.8,202,118,1.0,15.8,202,118,1.0,15.8,202,118,1.0,15.8,202,118,1.0,15.8,202,118,1.0,15.8,202,118,1.0,15.8,202,118,1.0,15.8,202,118,1.0,15.8,202,118,1.0,15.8,202,118,1.0,15.8,202,118,1.0,15.8,202,118,1.0,15.8,202,118,1.0,15.8,202,118,1.0,15.8,202,118,1.0,15.8,202,118,1.0,15.8,202,118,1.0,15.8,202,118,1.0,15.8,202,118,1.0,15.8,202,118,1.0,15.8,202,118,1.0,15.8,202,118,1.0,15.8,202,118,1.0,15.8,202,118,1.0,15.8,202,118,1.0,15.8,202,118,1.0,15.8,202,118,1.0,15.8,202,118,1.0,15.8,202,118,1.0,15.8
198,103.11,0.84,2.09,0,201,120,1.0,15.7,201,120,1.0,15.7,201,120,1.0,15.7,201,120,1.0,15.7,201,120,1.0,15.7,201,120,1.0,15.7,201,120,1.0,15.7,201,120,1.0,15.7,201,120,1.0,15.7,201,120,1.0,15.7,201,120,1.0,15.7,201,120,1.0,15.7,201,120,1.0,15.7,201,120,1.0,15.7,201,120,1.0,15.7,201,120,1.0,15.7,201,120,1.0,15.7,201,120,1.0,15.7,201,120,1.0,15.7,201,120,1.0,15.7,201,120,1.0,15.7,201,120,1.0,15.7,201,120,1.0,15.7,201,120,1.0,15.7,201,120,1.0,15.7,201,120,1.0,15.7,201,120,1.0,15.7,201,120,1.0,15.7,201,120,1.0,15.7,201,120,1.0,15.7,201,120,1.0,15.7,201,120,1.0,15.7
199,103.4,0.85,2.12,0,204,118,1.0,15.8,204,118,1.0,15.8,204,118,1.0,15.8,204,118,1.0,15.8,204,118,1.0,15.8,204,118,1.0,15.8,204,118,1.0,15.8,204,118,1.0,15.8,204,118,1.0,15.8,204,118,1.0,15.8,204,118,1.0,15.8,204,118,1.0,15.8,204,118,1.0,15.8,204,118,1.0,15.8,204,118,1.0,15.8,204,118,1.0,15.8,204,118,1.0,15.8,204,118,1.0,15.8,204,118,1.0,15.8,204,118,1.0,15.8,204,118,1.0,15.8,204,118,1.0,15.8,204,118,1.0,15.8,204,118,1.0,15.8,204,118,1.0,15.8,204,118,1.0,15.8,204,118,1.0,15.8,204,118,1.0,15.8,204,118,1.0,15.8,204,118,1.0,15.8,204,118,1.0,15.8,204,118,1.0,15.8
200,104.15,0.84,2.1,0,202,122,1.0,15.6,202,122,1.0,15.6,202,122,1.0,15.6,202,122,1.0,15.6,202,122,1.0,15.6,202,122,1.0,15.6,202,122,1.0,15.6,202,122,1.0,15.6,202,122,1.0,15.6,202,122,1.0,15.6,202,122,1.0,15.6,202,122,1.0,15.6,202,122,1.0,15.6,202,122,1.0,15.6,202,122,1.0,15.6,202,122,1.0,15.6,202,122,1.0,15.6,202,122,1.0,15.6,202,122,1.0,15.6,202,122,1.0,15.6,202,122,1.0,15.6,202,122,1.0,15.6,202,122,1.0,15.6,202,122,1.0,15.6,202,122,1.0,15.6,202,122,1.0,15.6,202,122,1.0,15.6,202,122,1.0,15.6,202,122,1.0,15.6,202,122,1.0,15.6,202,122,1.0,15.6,202,122,1.0,15.6
201,104.89,0.85,2.11,0,203,123,1.0,15.6,203,123,1.0,15.6,203,123,1.0,15.6,203,123,1.0,15.6,203,123,1.0,15.6,203,123,1.0,15.6,203,123,1.0,15.6,203,123,1.0,15.6,203,123,1.0,15.6,203,123,1.0,15.6,203,123,1.0,15.6,203,123,1.0,15.6,203,123,1.0,15.6,203,123,1.0,15.6,203,123,1.0,15.6,203,123,1.0,15.6,203,123,1.0,15.6,203,123,1.0,15.6,203,123,1.0,15.6,203,123,1.0,15.6,203,123,1.0,15.6,203,123,1.0,15.6,203,123,1.0,15.6,203,123,1.0,15.6,203,123,1.0,15.6,203,123,1.0,15.6,203,123,1.0,15.6,203,123,1.0,15.6,203,123,1.0,15.6,203,123,1.0,15.6,203,123,1.0,15.6,203,123,1.0,15.6
202,105.41,0.85,2.11,0,203,118,1.0,15.8,203,118,1.0,15.8,203,118,1.0,15.8,203,118,1.0,15.8,203,118,1.0,15.8,203,118,1.0,15.8,203,118,1.0,15.8,203,118,1.0,15.8,203,118,1.0,15.8,203,118,1.0,15.8,203,118,1.0,15.8,203,118,1.0,15.8,203,118,1.0,15.8,203,118,1.0,15.8,203,118,1.0,15.8,203,118,1.0,15.8,203,118,1.0,15.8,203,118,1.0,15.8,203,118,1.0,15.8,203,118,1.0,15.8,203,118,1.0,15.8,203,118,1.0,15.8,203,118,1.0,15.8,203,118,1.0,15.8,203,118,1.0,15.8,203,118,1.0,15.8,203,118,1.0,15.8,203,118,1.0,15.8,203,118,1.0,15.8,203,118,1.0,15.8,203,118,1.0,15.8,203,118,1.0,15.8
203,105.92,0.84,2.1,0,202,123,1.0,15.5,202,123,1.0,15.5,202,123,1.0,15.5,202,123,1.0,15.5,202,123,1.0,15.5,202,123,1.0,15.5,202,123,1.0,15.5,202,123,1.0,15.5,202,123,1.0,15.5,202,123,1.0,15.5,202,123,1.0,15.5,202,123,1.0,15.5,202,123,1.0,15.5,202,123,1.0,15.5,202,123,1.0,15.5,202,123,1.0,15.5,202,123,1.0,15.5,202,123,1.0,15.5,202,123,1.0,15.5,202,123,1.0,15.5,202,123,1.0,15.5,202,123,1.0,15.5,202,123,1.0,15.5,202,123,1.0,15.5,202,123,1.0,15.5,202,123,1.0,15.5,202,123,1.0,15.5,202,123,1.0,15.5,202,123,1.0,15.5,202,123,1.0,15.5,202,123,1.0,15.5,202,123,1.0,15.5
204,106.66,0.85,2.12,0,204,120,1.0,15.7,204,120,1.0,15.7,204,120,1.0,15.7,204,120,1.0,15.7,204,120,1.0,15.7,204,120,1.0,15.7,204,120,1.0,15.7,204,120,1.0,15.7,204,120,1.0,15.7,204,120,1.0,15.7,204,120,1.0,15.7,204,120,1.0,15.7,204,120,1.0,15.7,204,120,1.0,15.7,204,120,1.0,15.7,204,120,1.0,15.7,204,120,1.0,15.7,204,120,1.0,15.7,204,120,1.0,15.7,204,120,1.0,15.7,204,120,1.0,15.7,204,120,1.0,15.7,204,120,1.0,15.7,204,120,1.0,15.7,204,120,1.0,15.7,204,120,1.0,15.7,204,120,1.0,15.7,204,120,1.0,15.7,204,120,1.0,15.7,204,120,1.0,15.7,204,120,1.0,15.7,204,120,1.0,15.7
205,107.17,0.84,2.1,0,202,122,1.0,15.6,202,122,1.0,15.6,202,122,1.0,15.6,202,122,1.0,15.6,202,122,1.0,15.6,202,122,1.0,15.6,202,122,1.0,15.6,202,122,1.0,15.6,202,122,1.0,15.6,202,122,1.0,15.6,202,122,1.0,15.6,202,122,1.0,15.6,202,122,1.0,15.6,202,122,1.0,15.6,202,122,1.0,15.6,202,122,1.0,15.6,202,122,1.0,15.6,202,122,1.0,15.6,202,122,1.0,15.6,202,122,1.0,15.6,202,122,1.0,15.6,202,122,1.0,15.6,202,122,1.0,15.6,202,122,1.0,15.6,202,122,1.0,15.6,202,122,1.0,15.6,202,122,1.0,15.6,202,122,1.0,15.6,202,122,1.0,15.6,202,122,1.0,15.6,202,122,1.0,15.6,202,122,1.0,15.6
206,107.45,0.86,2.16,0,207,124,1.0,15.6,207,124,1.0,15.6,207,124,1.0,15.6,207,124,1.0,15.6,207,124,1.0,15.6,207,124,1.0,15.6,207,124,1.0,15.6,207,124,1.0,15.6,207,124,1.0,15.6,207,124,1.0,15.6,207,124,1.0,15.6,207,124,1.0,15.6,207,124,1.0,15.6,207,124,1.0,15.6,207,124,1.0,15.6,207,124,1.0,15.6,207,124,1.0,15.6,207,124,1.0,15.6,207,124,1.0,15.6,207,124,1.0,15.6,207,124,1.0,15.6,207,124,1.0,15.6,207,124,1.0,15.6,207,124,1.0,15.6,207,124,1.0,15.6,207,124,1.0,15.6,207,124,1.0,15.6,207,124,1.0,15.6,207,124,1.0,15.6,207,124,1.0,15.6,207,124,1.0,15.6,207,124,1.0,15.6
207,107.96,0.86,2.15,0,206,121,1.0,15.7,206,121,1.0,15.7,206,121,1.0,15.7,206,121,1.0,15.7,206,121,1.0,15.7,206,121,1.0,15.7,206,121,1.0,15.7,206,121,1.0,15.7,206,121,1.0,15.7,206,121,1.0,15.7,206,121,1.0,15.7,206,121,1.0,15.7,206,121,1.0,15.7,206,121,1.0,15.7,206,121,1.0,15.7,206,121,1.0,15.7,206,121,1.0,15.7,206,121,1.0,15.7,206,121,1.0,15.7,206,121,1.0,15.7,206,121,1.0,15.7,206,121,1.0,15.7,206,121,1.0,15.7,206,121,1.0,15.7,206,121,1.0,15.7,206,121,1.0,15.7,206,121,1.0,15.7,206,121,1.0,15.7,206,121,1.0,15.7,206,121,1.0,15.7,206,121,1.0,15.7,206,121,1.0,15.7
208,108.46,0.88,2.19,0,210,117,1.0,16.1,210,117,1.0,16.1,210,117,1.0,16.1,210,117,1.0,16.1,210,117,1.0,16.1,210,117,1.0,16.1,210,117,1.0,16.1,210,117,1.0,16.1,210,117,1.0,16.1,210,117,1.0,16.1,210,117,1.0,16.1,210,117,1.0,16.1,210,117,1.0,16.1,210,117,1.0,16.1,210,117,1.0,16.1,210,117,1.0,16.1,210,117,1.0,16.1,210,117,1.0,16.1,210,117,1.0,16.1,210,117,1.0,16.1,210,117,1.0,16.1,210,117,1.0,16.1,210,117,1.0,16.1,210,117,1.0,16.1,210,117,1.0,16.1,210,117,1.0,16.1,210,117,1.0,16.1,210,117,1.0,16.1,210,117,1.0,16.1,210,117,1.0,16.1,210,117,1.0,16.1,210,117,1.0,16.1
209,109.2,0.88,2.2,0,211,121,1.0,15.9,211,121,1.0,15.9,211,121,1.0,15.9,211,121,1.0,15.9,211,121,1.0,15.9,211,121,1.0,15.9,211,121,1.0,15.9,211,121,1.0,15.9,211,121,1.0,15.9,211,121,1.0,15.9,211,121,1.0,15.9,211,121,1.0,15.9,211,121,1.0,15.9,211,121,1.0,15.9,211,121,1.0,15.9,211,121,1.0,15.9,211,121,1.0,15.9,211,121,1.0,15.9,211,121,1.0,15.9,211,121,1.0,15.9,211,121,1.0,15.9,211,121,1.0,15.9,211,121,1.0,15.9,211,121,1.0,15.9,211,121,1.0,15.9,211,121,1.0,15.9,211,121,1.0,15.9,211,121,1.0,15.9,211,121,1.0,15.9,211,121,1.0,15.9,211,121,1.0,15.9,211,121,1.0,15.9
210,109.48,0.89,2.23,0,214,117,1.0,16.2,214,117,1.0,16.2,214,117,1.0,16.2,214,117,1.0,16.2,214,117,1.0,16.2,214,117,1.0,16.2,214,117,1.0,16.2,214,117,1.0,16.2,214,117,1.0,16.2,214,117,1.0,16.2,214,117,1.0,16.2,214,117,1.0,16.2,214,117,1.0,16.2,214,117,1.0,16.2,214,117,1.0,16.2,214,117,1.0,16.2,214,117,1.0,16.2,214,117,1.0,16.2,214,117,1.0,16.2,214,117,1.0,16.2,214,117,1.0,16.2,214,117,1.0,16.2,214,117,1.0,16.2,214,117,1.0,16.2,214,117,1.0,16.2,214,117,1.0,16.2,214,117,1.0,16.2,214,117,1.0,16.2,214,117,1.0,16.2,214,117,1.0,16.2,214,117,1.0,16.2,214,117,1.0,16.2
211,109.53,0.89,2.22,0,213,118,1.0,16.1,213,118,1.0,16.1,213,118,1.0,16.1,213,118,1.0,16.1,213,118,1.0,16.1,213,118,1.0,16.1,213,118,1.0,16.1,213,118,1.0,16.1,213,118,1.0,16.1,213,118,1.0,16.1,213,118,1.0,16.1,213,118,1.0,16.1,213,118,1.0,16.1,213,118,1.0,16.1,213,118,1.0,16.1,213,118,1.0,16.1,213,118,1.0,16.1,213,118,1.0,16.1,213,118,1.0,16.1,213,118,1.0,16.1,213,118,1.0,16.1,213,118,1.0,16.1,213,118,1.0,16.1,213,118,1.0,16.1,213,118,1.0,16.1,213,118,1.0,16.1,213,118,1.0,16.1,213,118,1.0,16.1,213,118,1.0,16.1,213,118,1.0,16.1,213,118,1.0,16.1,213,118,1.0,16.1
212,110.49,0.88,2.2,0,211,123,1.0,15.8,211,123,1.0,15.8,211,123,1.0,15.8,211,123,1.0,15.8,211,123,1.0,15.8,211,123,1.0,15.8,211,123,1.0,15.8,211,123,1.0,15.8,211,123,1.0,15.8,211,123,1.0,15.8,211,123,1.0,15.8,211,123,1.0,15.8,211,123,1.0,15.8,211,123,1.0,15.8,211,123,1.0,15.8,211,123,1.0,15.8,211,123,1.0,15.8,211,123,1.0,15.8,211,123,1.0,15.8,211,123,1.0,15.8,211,123,1.0,15.8,211,123,1.0,15.8,211,123,1.0,15.8,211,123,1.0,15.8,211,123,1.0,15.8,211,123,1.0,15.8,211,123,1.0,15.8,211,123,1.0,15.8,211,123,1.0,15.8,211,123,1.0,15.8,211,123,1.0,15.8,211,123,1.0,15.8
213,111.23,0.9,2.24,0,215,122,1.0,15.9,215,122,1.0,15.9,215,122,1.0,15.9,215,122,1.0,15.9,215,122,1.0,15.9,215,122,1.0,15.9,215,122,1.0,15.9,215,122,1.0,15.9,215,122,1.0,15.9,215,122,1.0,15.9,215,122,1.0,15.9,215,122,1.0,15.9,215,122,1.0,15.9,215,122,1.0,15.9,215,122,1.0,15.9,215,122,1.0,15.9,215,122,1.0,15.9,215,122,1.0,15.9,215,122,1.0,15.9,215,122,1.0,15.9,215,122,1.0,15.9,215,122,1.0,15.9,215,122,1.0,15.9,215,122,1.0,15.9,215,122,1.0,15.9,215,122,1.0,15.9,215,122,1.0,15.9,215,122,1.0,15.9,215,122,1.0,15.9,215,122,1.0,15.9,215,122,1.0,15.9,215,122,1.0,15.9
214,111.96,0.9,2.26,0,217,123,1.0,16.0,217,123,1.0,16.0,217,123,1.0,16.0,217,123,1.0,16.0,217,123,1.0,16.0,217,123,1.0,16.0,217,123,1.0,16.0,217,123,1.0,16.0,217,123,1.0,16.0,217,123,1.0,16.0,217,123,1.0,16.0,217,123,1.0,16.0,217,123,1.0,16.0,217,123,1.0,16.0,217,123,1.0,16.0,217,123,1.0,16.0,217,123,1.0,16.0,217,123,1.0,16.0,217,123,1.0,16.0,217,123,1.0,16.0,217,123,1.0,16.0,217,123,1.0,16.0,217,123,1.0,16.0,217,123,1.0,16.0,217,123,1.0,16.0,217,123,1.0,16.0,217,123,1.0,16.0,217,123,1.0,16.0,217,123,1.0,16.0,217,123,1.0,16.0,217,123,1.0,16.0,217,123,1.0,16.0
215,112.46,0.93,2.31,0,222,120,1.0,16.2,222,120,1.0,16.2,222,120,1.0,16.2,222,120,1.0,16.2,222,120,1.0,16.2,222,120,1.0,16.2,222,120,1.0,16.2,222,120,1.0,16.2,222,120,1.0,16.2,222,120,1.0,16.2,222,120,1.0,16.2,222,120,1.0,16.2,222,120,1.0,16.2,222,120,1.0,16.2,222,120,1.0,16.2,222,120,1.0,16.2,222,120,1.0,16.2,222,120,1.0,16.2,222,120,1.0,16.2,222,120,1.0,16.2,222,120,1.0,16.2,222,120,1.0,16.2,222,120,1.0,16.2,222,120,1.0,16.2,222,120,1.0,16.2,222,120,1.0,16.2,222,120,1.0,16.2,222,120,1.0,16.2,222,120,1.0,16.2,222,120,1.0,16.2,222,120,1.0,16.2,222,120,1.0,16.2
216,112.73,0.93,2.32,0,223,120,1.0,16.3,223,120,1.0,16.3,223,120,1.0,16.3,223,120,1.0,16.3,223,120,1.0,16.3,223,120,1.0,16.3,223,120,1.0,16.3,223,120,1.0,16.3,223,120,1.0,16.3,223,120,1.0,16.3,223,120,1.0,16.3,223,120,1.0,16.3,223,120,1.0,16.3,223,120,1.0,16.3,223,120,1.0,16.3,223,120,1.0,16.3,223,120,1.0,16.3,223,120,1.0,16.3,223,120,1.0,16.3,223,120,1.0,16.3,223,120,1.0,16.3,223,120,1.0,16.3,223,120,1.0,16.3,223,120,1.0,16.3,223,120,1.0,16.3,223,120,1.0,16.3,223,120,1.0,16.3,223,120,1.0,16.3,223,120,1.0,16.3,223,120,1.0,16.3,223,120,1.0,16.3,223,120,1.0,16.3
217,113.0,0.96,2.4,0,230,110,1.0,16.9,230,110,1.0,16.9,230,110,1.0,16.9,230,110,1.0,16.9,230,110,1.0,16.9,230,110,1.0,16.9,230,110,1.0,16.9,230,110,1.0,16.9,230,110,1.0,16.9,230,110,1.0,16.9,230,110,1.0,16.9,230,110,1.0,16.9,230,110,1.0,16.9,230,110,1.0,16.9,230,110,1.0,16.9,230,110,1.0,16.9,230,110,1.0,16.9,230,110,1.0,16.9,230,110,1.0,16.9,230,110,1.0,16.9,230,110,1.0,16.9,230,110,1.0,16.9,230,110,1.0,16.9,230,110,1.0,16.9,230,110,1.0,16.9,230,110,1.0,16.9,230,110,1.0,16.9,230,110,1.0,16.9,230,110,1.0,16.9,230,110,1.0,16.9,230,110,1.0,16.9,230,110,1.0,16.9
218,113.27,0.97,2.43,0,233,112,1.0,16.9,233,112,1.0,16.9,233,112,1.0,16.9,233,112,1.0,16.9,233,112,1.0,16.9,233,112,1.0,16.9,233,112,1.0,16.9,233,112,1.0,16.9,233,112,1.0,16.9,233,112,1.0,16.9,233,112,1.0,16.9,233,112,1.0,16.9,233,112,1.0,16.9,233,112,1.0,16.9,233,112,1.0,16.9,233,112,1.0,16.9,233,112,1.0,16.9,233,112,1.0,16.9,233,112,1.0,16.9,233,112,1.0,16.9,233,112,1.0,16.9,233,112,1.0,16.9,233,112,1.0,16.9,233,112,1.0,16.9,233,112,1.0,16.9,233,112,1.0,16.9,233,112,1.0,16.9,233,112,1.0,16.9,233,112,1.0,16.9,233,112,1.0,16.9,233,112,1.0,16.9,233,112,1.0,16.9
219,114.0,0.97,2.43,0,233,113,1.0,16.8,233,113,1.0,16.8,233,113,1.0,16.8,233,113,1.0,16.8,233,113,1.0,16.8,233,113,1.0,16.8,233,113,1.0,16.8,233,113,1.0,16.8,233,113,1.0,16.8,233,113,1.0,16.8,233,113,1.0,16.8,233,113,1.0,16.8,233,113,1.0,16.8,233,113,1.0,16.8,233,113,1.0,16.8,233,113,1.0,16.8,233,113,1.0,16.8,233,113,1.0,16.8,233,113,1.0,16.8,233,113,1.0,16.8,233,113,1.0,16.8,233,113,1.0,16.8,233,113,1.0,16.8,233,113,1.0,16.8,233,113,1.0,16.8,233,113,1.0,16.8,233,113,1.0,16.8,233,113,1.0,16.8,233,113,1.0,16.8,233,113,1.0,16.8,233,113,1.0,16.8,233,113,1.0,16.8
220,114.5,0.99,2.48,0,238,107,1.0,17.2,238,107,1.0,17.2,238,107,1.0,17.2,238,107,1.0,17.2,238,107,1.0,17.2,238,107,1.0,17.2,238,107,1.0,17.2,238,107,1.0,17.2,238,107,1.0,17.2,238,107,1.0,17.2,238,107,1.0,17.2,238,107,1.0,17.2,238,107,1.0,17.2,238,107,1.0,17.2,238,107,1.0,17.2,238,107,1.0,17.2,238,107,1.0,17.2,238,107,1.0,17.2,238,107,1.0,17.2,238,107,1.0,17.2,238,107,1.0,17.2,238,107,1.0,17.2,238,107,1.0,17.2,238,107,1.0,17.2,238,107,1.0,17.2,238,107,1.0,17.2,238,107,1.0,17.2,238,107,1.0,17.2,238,107,1.0,17.2,238,107,1.0,17.2,238,107,1.0,17.2,238,107,1.0,17.2
221,115.23,0.99,2.48,0,238,107,1.0,17.2,238,107,1.0,17.2,238,107,1.0,17.2,238,107,1.0,17.2,238,107,1.0,17.2,238,107,1.0,17.2,238,107,1.0,17.2,238,107,1.0,17.2,238,107,1.0,17.2,238,107,1.0,17.2,238,107,1.0,17.2,238,107,1.0,17.2,238,107,1.0,17.2,238,107,1.0,17.2,238,107,1.0,17.2,238,107,1.0,17.2,238,107,1.0,17.2,238,107,1.0,17.2,238,107,1.0,17.2,238,107,1.0,17.2,238,107,1.0,17.2,238,107,1.0,17.2,238,107,1.0,17.2,238,107,1.0,17.2,238,107,1.0,17.2,238,107,1.0,17.2,238,107,1.0,17.2,238,107,1.0,17.2,238,107,1.0,17.2,238,107,1.0,17.2,238,107,1.0,17.2,238,107,1.0,17.2
222,115.72,1.0,2.5,0,240,108,1.0,17.2,240,108,1.0,17.2,240,108,1.0,17.2,240,108,1.0,17.2,240,108,1.0,17.2,240,108,1.0,17.2,240,108,1.0,17.2,240,108,1.0,17.2,240,108,1.0,17.2,240,108,1.0,17.2,240,108,1.0,17.2,240,108,1.0,17.2,240,108,1.0,17.2,240,108,1.0,17.2,240,108,1.0,17.2,240,108,1.0,17.2,240,108,1.0,17.2,240,108,1.0,17.2,240,108,1.0,17.2,240,108,1.0,17.2,240,108,1.0,17.2,240,108,1.0,17.2,240,108,1.0,17.2,240,108,1.0,17.2,240,108,1.0,17.2,240,108,1.0,17.2,240,108,1.0,17.2,240,108,1.0,17.2,240,108,1.0,17.2,240,108,1.0,17.2,240,108,1.0,17.2,240,108,1.0,17.2
223,116.45,1.0,2.51,0,241,108,1.0,17.3,241,108,1.0,17.3,241,108,1.0,17.3,241,108,1.0,17.3,241,108,1.0,17.3,241,108,1.0,17.3,241,108,1.0,17.3,241,108,1.0,17.3,241,108,1.0,17.3,241,108,1.0,17.3,241,108,1.0,17.3,241,108,1.0,17.3,241,108,1.0,17.3,241,108,1.0,17.3,241,108,1.0,17.3,241,108,1.0,17.3,241,108,1.0,17.3,241,108,1.0,17.3,241,108,1.0,17.3,241,108,1.0,17.3,241,108,1.0,17.3,241,108,1.0,17.3,241,108,1.0,17.3,241,108,1.0,17.3,241,108,1.0,17.3,241,108,1.0,17.3,241,108,1.0,17.3,241,108,1.0,17.3,241,108,1.0,17.3,241,108,1.0,17.3,241,108,1.0,17.3,241,108,1.0,17.3
224,116.71,1.02,2.55,0,245,105,1.0,17.5,245,105,1.0,17.5,245,105,1.0,17.5,245,105,1.0,17.5,245,105,1.0,17.5,245,105,1.0,17.5,245,105,1.0,17.5,245,105,1.0,17.5,245,105,1.0,17.5,245,105,1.0,17.5,245,105,1.0,17.5,245,105,1.0,17.5,245,105,1.0,17.5,245,105,1.0,17.5,245,105,1.0,17.5,245,105,1.0,17.5,245,105,1.0,17.5,245,105,1.0,17.5,245,105,1.0,17.5,245,105,1.0,17.5,245,105,1.0,17.5,245,105,1.0,17.5,245,105,1.0,17.5,245,105,1.0,17.5,245,105,1.0,17.5,245,105,1.0,17.5,245,105,1.0,17.5,245,105,1.0,17.5,245,105,1.0,17.5,245,105,1.0,17.5,245,105,1.0,17.5,245,105,1.0,17.5
225,116.98,1.03,2.57,0,247,106,1.0,17.5,247,106,1.0,17.5,247,106,1.0,17.5,247,106,1.0,17.5,247,106,1.0,17.5,247,106,1.0,17.5,247,106,1.0,17.5,247,106,1.0,17.5,247,106,1.0,17.5,247,106,1.0,17.5,247,106,1.0,17.5,247,106,1.0,17.5,247,106,1.0,17.5,247,106,1.0,17.5,247,106,1.0,17.5,247,106,1.0,17.5,247,106,1.0,17.5,247,106,1.0,17.5,247,106,1.0,17.5,247,106,1.0,17.5,247,106,1.0,17.5,247,106,1.0,17.5,247,106,1.0,17.5,247,106,1.0,17.5,247,106,1.0,17.5,247,106,1.0,17.5,247,106,1.0,17.5,247,106,1.0,17.5,247,106,1.0,17.5,247,106,1.0,17.5,247,106,1.0,17.5,247,106,1.0,17.5
226,117.94,1.03,2.58,0,248,108,1.0,17.4,248,108,1.0,17.4,248,108,1.0,17.4,248,108,1.0,17.4,248,108,1.0,17.4,248,108,1.0,17.4,248,108,1.0,17.4,248,108,1.0,17.4,248,108,1.0,17.4,248,108,1.0,17.4,248,108,1.0,17.4,248,108,1.0,17.4,248,108,1.0,17.4,248,108,1.0,17.4,248,108,1.0,17.4,248,108,1.0,17.4,248,108,1.0,17.4,248,108,1.0,17.4,248,108,1.0,17.4,248,108,1.0,17.4,248,108,1.0,17.4,248,108,1.0,17.4,248,108,1.0,17.4,248,108,1.0,17.4,248,108,1.0,17.4,248,108,1.0,17.4,248,108,1.0,17.4,248,108,1.0,17.4,248,108,1.0,17.4,248,108,1.0,17.4,248,108,1.0,17.4,248,108,1.0,17.4
227,118.66,1.05,2.61,0,251,103,1.0,17.7,251,103,1.0,17.7,251,103,1.0,17.7,251,103,1.0,17.7,251,103,1.0,17.7,251,103,1.0,17.7,251,103,1.0,17.7,251,103,1.0,17.7,251,103,1.0,17.7,251,103,1.0,17.7,251,103,1.0,17.7,251,103,1.0,17.7,251,103,1.0,17.7,251,103,1.0,17.7,251,103,1.0,17.7,251,103,1.0,17.7,251,103,1.0,17.7,251,103,1.0,17.7,251,103,1.0,17.7,251,103,1.0,17.7,251,103,1.0,17.7,251,103,1.0,17.7,251,103,1.0,17.7,251,103,1.0,17.7,251,103,1.0,17.7,251,103,1.0,17.7,251,103,1.0,17.7,251,103,1.0,17.7,251,103,1.0,17.7,251,103,1.0,17.7,251,103,1.0,17.7,251,103,1.0,17.7
228,119.62,1.05,2.64,0,253,104,1.0,17.7,253,104,1.0,17.7,253,104,1.0,17.7,253,104,1.0,17.7,253,104,1.0,17.7,253,104,1.0,17.7,253,104,1.0,17.7,253,104,1.0,17.7,253,104,1.0,17.7,253,104,1.0,17.7,253,104,1.0,17.7,253,104,1.0,17.7,253,104,1.0,17.7,253,104,1.0,17.7,253,104,1.0,17.7,253,104,1.0,17.7,253,104,1.0,17.7,253,104,1.0,17.7,253,104,1.0,17.7,253,104,1.0,17.7,253,104,1.0,17.7,253,104,1.0,17.7,253,104,1.0,17.7,253,104,1.0,17.7,253,104,1.0,17.7,253,104,1.0,17.7,253,104,1.0,17.7,253,104,1.0,17.7,253,104,1.0,17.7,253,104,1.0,17.7,253,104,1.0,17.7,253,104,1.0,17.7
229,120.11,1.07,2.69,0,258,99,1.0,18.1,258,99,1.0,18.1,258,99,1.0,18.1,258,99,1.0,18.1,258,99,1.0,18.1,258,99,1.0,18.1,258,99,1.0,18.1,258,99,1.0,18.1,258,99,1.0,18.1,258,99,1.0,18.1,258,99,1.0,18.1,258,99,1.0,18.1,258,99,1.0,18.1,258,99,1.0,18.1,258,99,1.0,18.1,258,99,1.0,18.1,258,99,1.0,18.1,258,99,1.0,18.1,258,99,1.0,18.1,258,99,1.0,18.1,258,99,1.0,18.1,258,99,1.0,18.1,258,99,1.0,18.1,258,99,1.0,18.1,258,99,1.0,18.1,258,99,1.0,18.1,258,99,1.0,18.1,258,99,1.0,18.1,258,99,1.0,18.1,258,99,1.0,18.1,258,99,1.0,18.1,258,99,1.0,18.1
230,120.83,1.09,2.73,0,262,97,1.0,18.2,262,97,1.0,18.2,262,97,1.0,18.2,262,97,1.0,18.2,262,97,1.0,18.2,262,97,1.0,18.2,262,97,1.0,18.2,262,97,1.0,18.2,262,97,1.0,18.2,262,97,1.0,18.2,262,97,1.0,18.2,262,97,1.0,18.2,262,97,1.0,18.2,262,97,1.0,18.2,262,97,1.0,18.2,262,97,1.0,18.2,262,97,1.0,18.2,262,97,1.0,18.2,262,97,1.0,18.2,262,97,1.0,18.2,262,97,1.0,18.2,262,97,1.0,18.2,262,97,1.0,18.2,262,97,1.0,18.2,262,97,1.0,18.2,262,97,1.0,18.2,262,97,1.0,18.2,262,97,1.0,18.2,262,97,1.0,18.2,262,97,1.0,18.2,262,97,1.0,18.2,262,97,1.0,18.2
231,121.31,1.09,2.73,0,262,100,1.0,18.1,262,100,1.0,18.1,262,100,1.0,18.1,262,100,1.0,18.1,262,100,1.0,18.1,262,100,1.0,18.1,262,100,1.0,18.1,262,100,1.0,18.1,262,100,1.0,18.1,262,100,1.0,18.1,262,100,1.0,18.1,262,100,1.0,18.1,262,100,1.0,18.1,262,100,1.0,18.1,262,100,1.0,18.1,262,100,1.0,18.1,262,100,1.0,18.1,262,100,1.0,18.1,262,100,1.0,18.1,262,100,1.0,18.1,262,100,1.0,18.1,262,100,1.0,18.1,262,100,1.0,18.1,262,100,1.0,18.1,262,100,1.0,18.1,262,100,1.0,18.1,262,100,1.0,18.1,262,100,1.0,18.1,262,100,1.0,18.1,262,100,1.0,18.1,262,100,1.0,18.1,262,100,1.0,18.1
232,121.8,1.1,2.76,0,265,97,1.0,18.3,265,97,1.0,18.3,265,97,1.0,18.3,265,97,1.0,18.3,265,97,1.0,18.3,265,97,1.0,18.3,265,97,1.0,18.3,265,97,1.0,18.3,265,97,1.0,18.3,265,97,1.0,18.3,265,97,1.0,18.3,265,97,1.0,18.3,265,97,1.0,18.3,265,97,1.0,18.3,265,97,1.0,18.3,265,97,1.0,18.3,265,97,1.0,18.3,265,97,1.0,18.3,265,97,1.0,18.3,265,97,1.0,18.3,265,97,1.0,18.3,265,97,1.0,18.3,265,97,1.0,18.3,265,97,1.0,18.3,265,97,1.0,18.3,265,97,1.0,18.3,265,97,1.0,18.3,265,97,1.0,18.3,265,97,1.0,18.3,265,97,1.0,18.3,265,97,1.0,18.3,265,97,1.0,18.3
233,121.81,1.1,2.76,0,265,98,1.0,18.3,265,98,1.0,18.3,265,98,1.0,18.3,265,98,1.0,18.3,265,98,1.0,18.3,265,98,1.0,18.3,265,98,1.0,18.3,265,98,1.0,18.3,265,98,1.0,18.3,265,98,1.0,18.3,265,98,1.0,18.3,265,98,1.0,18.3,265,98,1.0,18.3,265,98,1.0,18.3,265,98,1.0,18.3,265,98,1.0,18.3,265,98,1.0,18.3,265,98,1.0,18.3,265,98,1.0,18.3,265,98,1.0,18.3,265,98,1.0,18.3,265,98,1.0,18.3,265,98,1.0,18.3,265,98,1.0,18.3,265,98,1.0,18.3,265,98,1.0,18.3,265,98,1.0,18.3,265,98,1.0,18.3,265,98,1.0,18.3,265,98,1.0,18.3,265,98,1.0,18.3,265,98,1.0,18.3
234,122.53,1.11,2.77,0,266,99,1.0,18.2,266,99,1.0,18.2,266,99,1.0,18.2,266,99,1.0,18.2,266,99,1.0,18.2,266,99,1.0,18.2,266,99,1.0,18.2,266,99,1.0,18.2,266,99,1.0,18.2,266,99,1.0,18.2,266,99,1.0,18.2,266,99,1.0,18.2,266,99,1.0,18.2,266,99,1.0,18.2,266,99,1.0,18.2,266,99,1.0,18.2,266,99,1.0,18.2,266,99,1.0,18.2,266,99,1.0,18.2,266,99,1.0,18.2,266,99,1.0,18.2,266,99,1.0,18.2,266,99,1.0,18.2,266,99,1.0,18.2,266,99,1.0,18.2,266,99,1.0,18.2,266,99,1.0,18.2,266,99,1.0,18.2,266,99,1.0,18.2,266,99,1.0,18.2,266,99,1.0,18.2,266,99,1.0,18.2
235,123.02,1.12,2.8,0,269,96,1.0,18.4,269,96,1.0,18.4,269,96,1.0,18.4,269,96,1.0,18.4,269,96,1.0,18.4,269,96,1.0,18.4,269,96,1.0,18.4,269,96,1.0,18.4,269,96,1.0,18.4,269,96,1.0,18.4,269,96,1.0,18.4,269,96,1.0,18.4,269,96,1.0,18.4,269,96,1.0,18.4,269,96,1.0,18.4,269,96,1.0,18.4,269,96,1.0,18.4,269,96,1.0,18.4,269,96,1.0,18.4,269,96,1.0,18.4,269,96,1.0,18.4,269,96,1.0,18.4,269,96,1.0,18.4,269,96,1.0,18.4,269,96,1.0,18.4,269,96,1.0,18.4,269,96,1.0,18.4,269,96,1.0,18.4,269,96,1.0,18.4,269,96,1.0,18.4,269,96,1.0,18.4,269,96,1.0,18.4
236,123.98,1.12,2.8,0,269,97,1.0,18.4,269,97,1.0,18.4,269,97,1.0,18.4,269,97,1.0,18.4,269,97,1.0,18.4,269,97,1.0,18.4,269,97,1.0,18.4,269,97,1.0,18.4,269,97,1.0,18.4,269,97,1.0,18.4,269,97,1.0,18.4,269,97,1.0,18.4,269,97,1.0,18.4,269,97,1.0,18.4,269,97,1.0,18.4,269,97,1.0,18.4,269,97,1.0,18.4,269,97,1.0,18.4,269,97,1.0,18.4,269,97,1.0,18.4,269,97,1.0,18.4,269,97,1.0,18.4,269,97,1.0,18.4,269,97,1.0,18.4,269,97,1.0,18.4,269,97,1.0,18.4,269,97,1.0,18.4,269,97,1.0,18.4,269,97,1.0,18.4,269,97,1.0,18.4,269,97,1.0,18.4,269,97,1.0,18.4
237,124.93,1.14,2.84,0,273,94,1.0,18.6,273,94,1.0,18.6,273,94,1.0,18.6,273,94,1.0,18.6,273,94,1.0,18.6,273,94,1.0,18.6,273,94,1.0,18.6,273,94,1.0,18.6,273,94,1.0,18.6,273,94,1.0,18.6,273,94,1.0,18.6,273,94,1.0,18.6,273,94,1.0,18.6,273,94,1.0,18.6,273,94,1.0,18.6,273,94,1.0,18.6,273,94,1.0,18.6,273,94,1.0,18.6,273,94,1.0,18.6,273,94,1.0,18.6,273,94,1.0,18.6,273,94,1.0,18.6,273,94,1.0,18.6,273,94,1.0,18.6,273,94,1.0,18.6,273,94,1.0,18.6,273,94,1.0,18.6,273,94,1.0,18.6,273,94,1.0,18.6,273,94,1.0,18.6,273,94,1.0,18.6,273,94,1.0,18.6
238,125.65,1.15,2.88,0,276,92,1.0,18.8,276,92,1.0,18.8,276,92,1.0,18.8,276,92,1.0,18.8,276,92,1.0,18.8,276,92,1.0,18.8,276,92,1.0,18.8,276,92,1.0,18.8,276,92,1.0,18.8,276,92,1.0,18.8,276,92,1.0,18.8,276,92,1.0,18.8,276,92,1.0,18.8,276,92,1.0,18.8,276,92,1.0,18.8,276,92,1.0,18.8,276,92,1.0,18.8,276,92,1.0,18.8,276,92,1.0,18.8,276,92,1.0,18.8,276,92,1.0,18.8,276,92,1.0,18.8,276,92,1.0,18.8,276,92,1.0,18.8,276,92,1.0,18.8,276,92,1.0,18.8,276,92,1.0,18.8,276,92,1.0,18.8,276,92,1.0,18.8,276,92,1.0,18.8,276,92,1.0,18.8,276,92,1.0,18.8
239,126.61,1.17,2.92,0,280,88,1.0,19.0,280,88,1.0,19.0,280,88,1.0,19.0,280,88,1.0,19.0,280,88,1.0,19.0,280,88,1.0,19.0,280,88,1.0,19.0,280,88,1.0,19.0,280,88,1.0,19.0,280,88,1.0,19.0,280,88,1.0,19.0,280,88,1.0,19.0,280,88,1.0,19.0,280,88,1.0,19.0,280,88,1.0,19.0,280,88,1.0,19.0,280,88,1.0,19.0,280,88,1.0,19.0,280,88,1.0,19.0,280,88,1.0,19.0,280,88,1.0,19.0,280,88,1.0,19.0,280,88,1.0,19.0,280,88,1.0,19.0,280,88,1.0,19.0,280,88,1.0,19.0,280,88,1.0,19.0,280,88,1.0,19.0,280,88,1.0,19.0,280,88,1.0,19.0,280,88,1.0,19.0,280,88,1.0,19.0
240,127.08,1.17,2.93,0,281,88,1.0,19.0,281,88,1.0,19.0,281,88,1.0,19.0,281,88,1.0,19.0,281,88,1.0,19.0,281,88,1.0,19.0,281,88,1.0,19.0,281,88,1.0,19.0,281,88,1.0,19.0,281,88,1.0,19.0,281,88,1.0,19.0,281,88,1.0,19.0,281,88,1.0,19.0,281,88,1.0,19.0,281,88,1.0,19.0,281,88,1.0,19.0,281,88,1.0,19.0,281,88,1.0,19.0,281,88,1.0,19.0,281,88,1.0,19.0,281,88,1.0,19.0,281,88,1.0,19.0,281,88,1.0,19.0,281,88,1.0,19.0,281,88,1.0,19.0,281,88,1.0,19.0,281,88,1.0,19.0,281,88,1.0,19.0,281,88,1.0,19.0,281,88,1.0,19.0,281,88,1.0,19.0,281,88,1.0,19.0
241,127.07,1.17,2.93,0,281,87,1.0,19.1,281,87,1.0,19.1,281,87,1.0,19.1,281,87,1.0,19.1,281,87,1.0,19.1,281,87,1.0,19.1,281,87,1.0,19.1,281,87,1.0,19.1,281,87,1.0,19.1,281,87,1.0,19.1,281,87,1.0,19.1,281,87,1.0,19.1,281,87,1.0,19.1,281,87,1.0,19.1,281,87,1.0,19.1,281,87,1.0,19.1,281,87,1.0,19.1,281,87,1.0,19.1,281,87,1.0,19.1,281,87,1.0,19.1,281,87,1.0,19.1,281,87,1.0,19.1,281,87,1.0,19.1,281,87,1.0,19.1,281,87,1.0,19.1,281,87,1.0,19.1,281,87,1.0,19.1,281,87,1.0,19.1,281,87,1.0,19.1,281,87,1.0,19.1,281,87,1.0,19.1,281,87,1.0,19.1
242,127.79,1.17,2.93,0,281,88,1.0,19.0,281,88,1.0,19.0,281,88,1.0,19.0,281,88,1.0,19.0,281,88,1.0,19.0,281,88,1.0,19.0,281,88,1.0,19.0,281,88,1.0,19.0,281,88,1.0,19.0,281,88,1.0,19.0,281,88,1.0,19.0,281,88,1.0,19.0,281,88,1.0,19.0,281,88,1.0,19.0,281,88,1.0,19.0,281,88,1.0,19.0,281,88,1.0,19.0,281,88,1.0,19.0,281,88,1.0,19.0,281,88,1.0,19.0,281,88,1.0,19.0,281,88,1.0,19.0,281,88,1.0,19.0,281,88,1.0,19.0,281,88,1.0,19.0,281,88,1.0,19.0,281,88,1.0,19.0,281,88,1.0,19.0,281,88,1.0,19.0,281,88,1.0,19.0,281,88,1.0,19.0,281,88,1.0,19.0
243,128.26,1.17,2.93,0,281,89,1.0,19.0,281,89,1.0,19.0,281,89,1.0,19.0,281,89,1.0,19.0,281,89,1.0,19.0,281,89,1.0,19.0,281,89,1.0,19.0,281,89,1.0,19.0,281,89,1.0,19.0,281,89,1.0,19.0,281,89,1.0,19.0,281,89,1.0,19.0,281,89,1.0,19.0,281,89,1.0,19.0,281,89,1.0,19.0,281,89,1.0,19.0,281,89,1.0,19.0,281,89,1.0,19.0,281,89,1.0,19.0,281,89,1.0,19.0,281,89,1.0,19.0,281,89,1.0,19.0,281,89,1.0,19.0,281,89,1.0,19.0,281,89,1.0,19.0,281,89,1.0,19.0,281,89,1.0,19.0,281,89,1.0,19.0,281,89,1.0,19.0,281,89,1.0,19.0,281,89,1.0,19.0,281,89,1.0,19.0
244,128.98,1.18,2.94,0,282,89,1.0,19.0,282,89,1.0,19.0,282,89,1.0,19.0,282,89,1.0,19.0,282,89,1.0,19.0,282,89,1.0,19.0,282,89,1.0,19.0,282,89,1.0,19.0,282,89,1.0,19.0,282,89,1.0,19.0,282,89,1.0,19.0,282,89,1.0,19.0,282,89,1.0,19.0,282,89,1.0,19.0,282,89,1.0,19.0,282,89,1.0,19.0,282,89,1.0,19.0,282,89,1.0,19.0,282,89,1.0,19.0,282,89,1.0,19.0,282,89,1.0,19.0,282,89,1.0,19.0,282,89,1.0,19.0,282,89,1.0,19.0,282,89,1.0,19.0,282,89,1.0,19.0,282,89,1.0,19.0,282,89,1.0,19.0,282,89,1.0,19.0,282,89,1.0,19.0,282,89,1.0,19.0,282,89,1.0,19.0
245,129.69,1.18,2.94,0,282,92,1.0,18.9,282,92,1.0,18.9,282,92,1.0,18.9,282,92,1.0,18.9,282,92,1.0,18.9,282,92,1.0,18.9,282,92,1.0,18.9,282,92,1.0,18.9,282,92,1.0,18.9,282,92,1.0,18.9,282,92,1.0,18.9,282,92,1.0,18.9,282,92,1.0,18.9,282,92,1.0,18.9,282,92,1.0,18.9,282,92,1.0,18.9,282,92,1.0,18.9,282,92,1.0,18.9,282,92,1.0,18.9,282,92,1.0,18.9,282,92,1.0,18.9,282,92,1.0,18.9,282,92,1.0,18.9,282,92,1.0,18.9,282,92,1.0,18.9,282,92,1.0,18.9,282,92,1.0,18.9,282,92,1.0,18.9,282,92,1.0,18.9,282,92,1.0,18.9,282,92,1.0,18.9,282,92,1.0,18.9
246,130.41,1.18,2.95,0,283,94,1.0,18.8,283,94,1.0,18.8,283,94,1.0,18.8,283,94,1.0,18.8,283,94,1.0,18.8,283,94,1.0,18.8,283,94,1.0,18.8,283,94,1.0,18.8,283,94,1.0,18.8,283,94,1.0,18.8,283,94,1.0,18.8,283,94,1.0,18.8,283,94,1.0,18.8,283,94,1.0,18.8,283,94,1.0,18.8,283,94,1.0,18.8,283,94,1.0,18.8,283,94,1.0,18.8,283,94,1.0,18.8,283,94,1.0,18.8,283,94,1.0,18.8,283,94,1.0,18.8,283,94,1.0,18.8,283,94,1.0,18.8,283,94,1.0,18.8,283,94,1.0,18.8,283,94,1.0,18.8,283,94,1.0,18.8,283,94,1.0,18.8,283,94,1.0,18.8,283,94,1.0,18.8,283,94,1.0,18.8
247,129.91,1.18,2.96,0,284,91,1.0,18.9,284,91,1.0,18.9,284,91,1.0,18.9,284,91,1.0,18.9,284,91,1.0,18.9,284,91,1.0,18.9,284,91,1.0,18.9,284,91,1.0,18.9,284,91,1.0,18.9,284,91,1.0,18.9,284,91,1.0,18.9,284,91,1.0,18.9,284,91,1.0,18.9,284,91,1.0,18.9,284,91,1.0,18.9,284,91,1.0,18.9,284,91,1.0,18.9,284,91,1.0,18.9,284,91,1.0,18.9,284,91,1.0,18.9,284,91,1.0,18.9,284,91,1.0,18.9,284,91,1.0,18.9,284,91,1.0,18.9,284,91,1.0,18.9,284,91,1.0,18.9,284,91,1.0,18.9,284,91,1.0,18.9,284,91,1.0,18.9,284,91,1.0,18.9,284,91,1.0,18.9,284,91,1.0,18.9
248,130.39,1.18,2.96,0,284,92,1.0,18.9,284,92,1.0,18.9,284,92,1.0,18.9,284,92,1.0,18.9,284,92,1.0,18.9,284,92,1.0,18.9,284,92,1.0,18.9,284,92,1.0,18.9,284,92,1.0,18.9,284,92,1.0,18.9,284,92,1.0,18.9,284,92,1.0,18.9,284,92,1.0,18.9,284,92,1.0,18.9,284,92,1.0,18.9,284,92,1.0,18.9,284,92,1.0,18.9,284,92,1.0,18.9,284,92,1.0,18.9,284,92,1.0,18.9,284,92,1.0,18.9,284,92,1.0,18.9,284,92,1.0,18.9,284,92,1.0,18.9,284,92,1.0,18.9,284,92,1.0,18.9,284,92,1.0,18.9,284,92,1.0,18.9,284,92,1.0,18.9,284,92,1.0,18.9,284,92,1.0,18.9,284,92,1.0,18.9
249,131.35,1.18,2.96,0,284,95,1.0,18.7,284,95,1.0,18.7,284,95,1.0,18.7,284,95,1.0,18.7,284,95,1.0,18.7,284,95,1.0,18.7,284,95,1.0,18.7,284,95,1.0,18.7,284,95,1.0,18.7,284,95,1.0,18.7,284,95,1.0,18.7,284,95,1.0,18.7,284,95,1.0,18.7,284,95,1.0,18.7,284,95,1.0,18.7,284,95,1.0,18.7,284,95,1.0,18.7,284,95,1.0,18.7,284,95,1.0,18.7,284,95,1.0,18.7,284,95,1.0,18.7,284,95,1.0,18.7,284,95,1.0,18.7,284,95,1.0,18.7,284,95,1.0,18.7,284,95,1.0,18.7,284,95,1.0,18.7,284,95,1.0,18.7,284,95,1.0,18.7,284,95,1.0,18.7,284,95,1.0,18.7,284,95,1.0,18.7
250,131.58,1.19,2.98,0,286,94,1.0,18.8,286,94,1.0,18.8,286,94,1.0,18.8,286,94,1.0,18.8,286,94,1.0,18.8,286,94,1.0,18.8,286,94,1.0,18.8,286,94,1.0,18.8,286,94,1.0,18.8,286,94,1.0,18.8,286,94,1.0,18.8,286,94,1.0,18.8,286,94,1.0,18.8,286,94,1.0,18.8,286,94,1.0,18.8,286,94,1.0,18.8,286,94,1.0,18.8,286,94,1.0,18.8,286,94,1.0,18.8,286,94,1.0,18.8,286,94,1.0,18.8,286,94,1.0,18.8,286,94,1.0,18.8,286,94,1.0,18.8,286,94,1.0,18.8,286,94,1.0,18.8,286,94,1.0,18.8,286,94,1.0,18.8,286,94,1.0,18.8,286,94,1.0,18.8,286,94,1.0,18.8,286,94,1.0,18.8
251,132.05,1.2,3.0,0,288,93,1.0,18.9,288,93,1.0,18.9,288,93,1.0,18.9,288,93,1.0,18.9,288,93,1.0,18.9,288,93,1.0,18.9,288,93,1.0,18.9,288,93,1.0,18.9,288,93,1.0,18.9,288,93,1.0,18.9,288,93,1.0,18.9,288,93,1.0,18.9,288,93,1.0,18.9,288,93,1.0,18.9,288,93,1.0,18.9,288,93,1.0,18.9,288,93,1.0,18.9,288,93,1.0,18.9,288,93,1.0,18.9,288,93,1.0,18.9,288,93,1.0,18.9,288,93,1.0,18.9,288,93,1.0,18.9,288,93,1.0,18.9,288,93,1.0,18.9,288,93,1.0,18.9,288,93,1.0,18.9,288,93,1.0,18.9,288,93,1.0,18.9,288,93,1.0,18.9,288,93,1.0,18.9,288,93,1.0,18.9
252,132.29,1.2,3.0,0,288,98,1.0,18.7,288,98,1.0,18.7,288,98,1.0,18.7,288,98,1.0,18.7,288,98,1.0,18.7,288,98,1.0,18.7,288,98,1.0,18.7,288,98,1.0,18.7,288,98,1.0,18.7,288,98,1.0,18.7,288,98,1.0,18.7,288,98,1.0,18.7,288,98,1.0,18.7,288,98,1.0,18.7,288,98,1.0,18.7,288,98,1.0,18.7,288,98,1.0,18.7,288,98,1.0,18.7,288,98,1.0,18.7,288,98,1.0,18.7,288,98,1.0,18.7,288,98,1.0,18.7,288,98,1.0,18.7,288,98,1.0,18.7,288,98,1.0,18.7,288,98,1.0,18.7,288,98,1.0,18.7,288,98,1.0,18.7,288,98,1.0,18.7,288,98,1.0,18.7,288,98,1.0,18.7,288,98,1.0,18.7
253,132.53,1.2,3.0,0,288,99,1.0,18.6,288,99,1.0,18.6,288,99,1.0,18.6,288,99,1.0,18.6,288,99,1.0,18.6,288,99,1.0,18.6,288,99,1.0,18.6,288,99,1.0,18.6,288,99,1.0,18.6,288,99,1.0,18.6,288,99,1.0,18.6,288,99,1.0,18.6,288,99,1.0,18.6,288,99,1.0,18.6,288,99,1.0,18.6,288,99,1.0,18.6,288,99,1.0,18.6,288,99,1.0,18.6,288,99,1.0,18.6,288,99,1.0,18.6,288,99,1.0,18.6,288,99,1.0,18.6,288,99,1.0,18.6,288,99,1.0,18.6,288,99,1.0,18.6,288,99,1.0,18.6,288,99,1.0,18.6,288,99,1.0,18.6,288,99,1.0,18.6,288,99,1.0,18.6,288,99,1.0,18.6,288,99,1.0,18.6
254,133.25,1.2,3.01,0,289,98,1.0,18.7,289,98,1.0,18.7,289,98,1.0,18.7,289,98,1.0,18.7,289,98,1.0,18.7,289,98,1.0,18.7,289,98,1.0,18.7,289,98,1.0,18.7,289,98,1.0,18.7,289,98,1.0,18.7,289,98,1.0,18.7,289,98,1.0,18.7,289,98,1.0,18.7,289,98,1.0,18.7,289,98,1.0,18.7,289,98,1.0,18.7,289,98,1.0,18.7,289,98,1.0,18.7,289,98,1.0,18.7,289,98,1.0,18.7,289,98,1.0,18.7,289,98,1.0,18.7,289,98,1.0,18.7,289,98,1.0,18.7,289,98,1.0,18.7,289,98,1.0,18.7,289,98,1.0,18.7,289,98,1.0,18.7,289,98,1.0,18.7,289,98,1.0,18.7,289,98,1.0,18.7,289,98,1.0,18.7
255,133.49,1.21,3.02,0,290,100,1.0,18.6,290,100,1.0,18.6,290,100,1.0,18.6,290,100,1.0,18.6,290,100,1.0,18.6,290,100,1.0,18.6,290,100,1.0,18.6,290,100,1.0,18.6,290,100,1.0,18.6,290,100,1.0,18.6,290,100,1.0,18.6,290,100,1.0,18.6,290,100,1.0,18.6,290,100,1.0,18.6,290,100,1.0,18.6,290,100,1.0,18.6,290,100,1.0,18.6,290,100,1.0,18.6,290,100,1.0,18.6,290,100,1.0,18.6,290,100,1.0,18.6,290,100,1.0,18.6,290,100,1.0,18.6,290,100,1.0,18.6,290,100,1.0,18.6,290,100,1.0,18.6,290,100,1.0,18.6,290,100,1.0,18.6,290,100,1.0,18.6,290,100,1.0,18.6,290,100,1.0,18.6,290,100,1.0,18.6
256,134.45,1.22,3.05,0,293,98,1.0,18.7,293,98,1.0,18.7,293,98,1.0,18.7,293,98,1.0,18.7,293,98,1.0,18.7,293,98,1.0,18.7,293,98,1.0,18.7,293,98,1.0,18.7,293,98,1.0,18.7,293,98,1.0,18.7,293,98,1.0,18.7,293,98,1.0,18.7,293,98,1.0,18.7,293,98,1.0,18.7,293,98,1.0,18.7,293,98,1.0,18.7,293,98,1.0,18.7,293,98,1.0,18.7,293,98,1.0,18.7,293,98,1.0,18.7,293,98,1.0,18.7,293,98,1.0,18.7,293,98,1.0,18.7,293,98,1.0,18.7,293,98,1.0,18.7,293,98,1.0,18.7,293,98,1.0,18.7,293,98,1.0,18.7,293,98,1.0,18.7,293,98,1.0,18.7,293,98,1.0,18.7,293,98,1.0,18.7
257,134.68,1.24,3.1,0,298,92,1.0,19.1,298,92,1.0,19.1,298,92,1.0,19.1,298,92,1.0,19.1,298,92,1.0,19.1,298,92,1.0,19.1,298,92,1.0,19.1,298,92,1.0,19.1,298,92,1.0,19.1,298,92,1.0,19.1,298,92,1.0,19.1,298,92,1.0,19.1,298,92,1.0,19.1,298,92,1.0,19.1,298,92,1.0,19.1,298,92,1.0,19.1,298,92,1.0,19.1,298,92,1.0,19.1,298,92,1.0,19.1,298,92,1.0,19.1,298,92,1.0,19.1,298,92,1.0,19.1,298,92,1.0,19.1,298,92,1.0,19.1,298,92,1.0,19.1,298,92,1.0,19.1,298,92,1.0,19.1,298,92,1.0,19.1,298,92,1.0,19.1,298,92,1.0,19.1,298,92,1.0,19.1,298,92,1.0,19.1
258,135.16,1.24,3.09,0,297,94,1.0,19.0,297,94,1.0,19.0,297,94,1.0,19.0,297,94,1.0,19.0,297,94,1.0,19.0,297,94,1.0,19.0,297,94,1.0,19.0,297,94,1.0,19.0,297,94,1.0,19.0,297,94,1.0,19.0,297,94,1.0,19.0,297,94,1.0,19.0,297,94,1.0,19.0,297,94,1.0,19.0,297,94,1.0,19.0,297,94,1.0,19.0,297,94,1.0,19.0,297,94,1.0,19.0,297,94,1.0,19.0,297,94,1.0,19.0,297,94,1.0,19.0,297,94,1.0,19.0,297,94,1.0,19.0,297,94,1.0,19.0,297,94,1.0,19.0,297,94,1.0,19.0,297,94,1.0,19.0,297,94,1.0,19.0,297,94,1.0,19.0,297,94,1.0,19.0,297,94,1.0,19.0,297,94,1.0,19.0
259,136.12,1.25,3.14,0,301,90,1.0,19.2,301,90,1.0,19.2,301,90,1.0,19.2,301,90,1.0,19.2,301,90,1.0,19.2,301,90,1.0,19.2,301,90,1.0,19.2,301,90,1.0,19.2,301,90,1.0,19.2,301,90,1.0,19.2,301,90,1.0,19.2,301,90,1.0,19.2,301,90,1.0,19.2,301,90,1.0,19.2,301,90,1.0,19.2,301,90,1.0,19.2,301,90,1.0,19.2,301,90,1.0,19.2,301,90,1.0,19.2,301,90,1.0,19.2,301,90,1.0,19.2,301,90,1.0,19.2,301,90,1.0,19.2,301,90,1.0,19.2,301,90,1.0,19.2,301,90,1.0,19.2,301,90,1.0,19.2,301,90,1.0,19.2,301,90,1.0,19.2,301,90,1.0,19.2,301,90,1.0,19.2,301,90,1.0,19.2
260,137.08,1.25,3.12,0,300,91,1.0,19.2,300,91,1.0,19.2,300,91,1.0,19.2,300,91,1.0,19.2,300,91,1.0,19.2,300,91,1.0,19.2,300,91,1.0,19.2,300,91,1.0,19.2,300,91,1.0,19.2,300,91,1.0,19.2,300,91,1.0,19.2,300,91,1.0,19.2,300,91,1.0,19.2,300,91,1.0,19.2,300,91,1.0,19.2,300,91,1.0,19.2,300,91,1.0,19.2,300,91,1.0,19.2,300,91,1.0,19.2,300,91,1.0,19.2,300,91,1.0,19.2,300,91,1.0,19.2,300,91,1.0,19.2,300,91,1.0,19.2,300,91,1.0,19.2,300,91,1.0,19.2,300,91,1.0,19.2,300,91,1.0,19.2,300,91,1.0,19.2,300,91,1.0,19.2,300,91,1.0,19.2,300,91,1.0,19.2
261,137.79,1.26,3.16,0,303,92,1.0,19.2,303,92,1.0,19.2,303,92,1.0,19.2,303,92,1.0,19.2,303,92,1.0,19.2,303,92,1.0,19.2,303,92,1.0,19.2,303,92,1.0,19.2,303,92,1.0,19.2,303,92,1.0,19.2,303,92,1.0,19.2,303,92,1.0,19.2,303,92,1.0,19.2,303,92,1.0,19.2,303,92,1.0,19.2,303,92,1.0,19.2,303,92,1.0,19.2,303,92,1.0,19.2,303,92,1.0,19.2,303,92,1.0,19.2,303,92,1.0,19.2,303,92,1.0,19.2,303,92,1.0,19.2,303,92,1.0,19.2,303,92,1.0,19.2,303,92,1.0,19.2,303,92,1.0,19.2,303,92,1.0,19.2,303,92,1.0,19.2,303,92,1.0,19.2,303,92,1.0,19.2,303,92,1.0,19.2
262,138.75,1.26,3.16,0,303,91,1.0,19.2,303,91,1.0,19.2,303,91,1.0,19.2,303,91,1.0,19.2,303,91,1.0,19.2,303,91,1.0,19.2,303,91,1.0,19.2,303,91,1.0,19.2,303,91,1.0,19.2,303,91,1.0,19.2,303,91,1.0,19.2,303,91,1.0,19.2,303,91,1.0,19.2,303,91,1.0,19.2,303,91,1.0,19.2,303,91,1.0,19.2,303,91,1.0,19.2,303,91,1.0,19.2,303,91,1.0,19.2,303,91,1.0,19.2,303,91,1.0,19.2,303,91,1.0,19.2,303,91,1.0,19.2,303,91,1.0,19.2,303,91,1.0,19.2,303,91,1.0,19.2,303,91,1.0,19.2,303,91,1.0,19.2,303,91,1.0,19.2,303,91,1.0,19.2,303,91,1.0,19.2,303,91,1.0,19.2
263,138.97,1.27,3.19,0,306,88,1.0,19.4,306,88,1.0,19.4,306,88,1.0,19.4,306,88,1.0,19.4,306,88,1.0,19.4,306,88,1.0,19.4,306,88,1.0,19.4,306,88,1.0,19.4,306,88,1.0,19.4,306,88,1.0,19.4,306,88,1.0,19.4,306,88,1.0,19.4,306,88,1.0,19.4,306,88,1.0,19.4,306,88,1.0,19.4,306,88,1.0,19.4,306,88,1.0,19.4,306,88,1.0,19.4,306,88,1.0,19.4,306,88,1.0,19.4,306,88,1.0,19.4,306,88,1.0,19.4,306,88,1.0,19.4,306,88,1.0,19.4,306,88,1.0,19.4,306,88,1.0,19.4,306,88,1.0,19.4,306,88,1.0,19.4,306,88,1.0,19.4,306,88,1.0,19.4,306,88,1.0,19.4,306,88,1.0,19.4
264,138.95,1.29,3.22,0,309,91,1.0,19.3,309,91,1.0,19.3,309,91,1.0,19.3,309,91,1.0,19.3,309,91,1.0,19.3,309,91,1.0,19.3,309,91,1.0,19.3,309,91,1.0,19.3,309,91,1.0,19.3,309,91,1.0,19.3,309,91,1.0,19.3,309,91,1.0,19.3,309,91,1.0,19.3,309,91,1.0,19.3,309,91,1.0,19.3,309,91,1.0,19.3,309,91,1.0,19.3,309,91,1.0,19.3,309,91,1.0,19.3,309,91,1.0,19.3,309,91,1.0,19.3,309,91,1.0,19.3,309,91,1.0,19.3,309,91,1.0,19.3,309,91,1.0,19.3,309,91,1.0,19.3,309,91,1.0,19.3,309,91,1.0,19.3,309,91,1.0,19.3,309,91,1.0,19.3,309,91,1.0,19.3,309,91,1.0,19.3
265,139.18,1.29,3.22,0,309,90,1.0,19.4,309,90,1.0,19.4,309,90,1.0,19.4,309,90,1.0,19.4,309,90,1.0,19.4,309,90,1.0,19.4,309,90,1.0,19.4,309,90,1.0,19.4,309,90,1.0,19.4,309,90,1.0,19.4,309,90,1.0,19.4,309,90,1.0,19.4,309,90,1.0,19.4,309,90,1.0,19.4,309,90,1.0,19.4,309,90,1.0,19.4,309,90,1.0,19.4,309,90,1.0,19.4,309,90,1.0,19.4,309,90,1.0,19.4,309,90,1.0,19.4,309,90,1.0,19.4,309,90,1.0,19.4,309,90,1.0,19.4,309,90,1.0,19.4,309,90,1.0,19.4,309,90,1.0,19.4,309,90,1.0,19.4,309,90,1.0,19.4,309,90,1.0,19.4,309,90,1.0,19.4,309,90,1.0,19.4
266,139.41,1.31,3.28,0,315,85,1.0,19.7,315,85,1.0,19.7,315,85,1.0,19.7,315,85,1.0,19.7,315,85,1.0,19.7,315,85,1.0,19.7,315,85,1.0,19.7,315,85,1.0,19.7,315,85,1.0,19.7,315,85,1.0,19.7,315,85,1.0,19.7,315,85,1.0,19.7,315,85,1.0,19.7,315,85,1.0,19.7,315,85,1.0,19.7,315,85,1.0,19.7,315,85,1.0,19.7,315,85,1.0,19.7,315,85,1.0,19.7,315,85,1.0,19.7,315,85,1.0,19.7,315,85,1.0,19.7,315,85,1.0,19.7,315,85,1.0,19.7,315,85,1.0,19.7,315,85,1.0,19.7,315,85,1.0,19.7,315,85,1.0,19.7,315,85,1.0,19.7,315,85,1.0,19.7,315,85,1.0,19.7,315,85,1.0,19.7
267,139.88,1.32,3.3,0,317,87,1.0,19.6,317,87,1.0,19.6,317,87,1.0,19.6,317,87,1.0,19.6,317,87,1.0,19.6,317,87,1.0,19.6,317,87,1.0,19.6,317,87,1.0,19.6,317,87,1.0,19.6,317,87,1.0,19.6,317,87,1.0,19.6,317,87,1.0,19.6,317,87,1.0,19.6,317,87,1.0,19.6,317,87,1.0,19.6,317,87,1.0,19.6,317,87,1.0,19.6,317,87,1.0,19.6,317,87,1.0,19.6,317,87,1.0,19.6,317,87,1.0,19.6,317,87,1.0,19.6,317,87,1.0,19.6,317,87,1.0,19.6,317,87,1.0,19.6,317,87,1.0,19.6,317,87,1.0,19.6,317,87,1.0,19.6,317,87,1.0,19.6,317,87,1.0,19.6,317,87,1.0,19.6,317,87,1.0,19.6
268,140.6,1.32,3.31,0,318,85,1.0,19.7,318,85,1.0,19.7,318,85,1.0,19.7,318,85,1.0,19.7,318,85,1.0,19.7,318,85,1.0,19.7,318,85,1.0,19.7,318,85,1.0,19.7,318,85,1.0,19.7,318,85,1.0,19.7,318,85,1.0,19.7,318,85,1.0,19.7,318,85,1.0,19.7,318,85,1.0,19.7,318,85,1.0,19.7,318,85,1.0,19.7,318,85,1.0,19.7,318,85,1.0,19.7,318,85,1.0,19.7,318,85,1.0,19.7,318,85,1.0,19.7,318,85,1.0,19.7,318,85,1.0,19.7,318,85,1.0,19.7,318,85,1.0,19.7,318,85,1.0,19.7,318,85,1.0,19.7,318,85,1.0,19.7,318,85,1.0,19.7,318,85,1.0,19.7,318,85,1.0,19.7,318,85,1.0,19.7
269,140.59,1.32,3.3,0,317,87,1.0,19.6,317,87,1.0,19.6,317,87,1.0,19.6,317,87,1.0,19.6,317,87,1.0,19.6,317,87,1.0,19.6,317,87,1.0,19.6,317,87,1.0,19.6,317,87,1.0,19.6,317,87,1.0,19.6,317,87,1.0,19.6,317,87,1.0,19.6,317,87,1.0,19.6,317,87,1.0,19.6,317,87,1.0,19.6,317,87,1.0,19.6,317,87,1.0,19.6,317,87,1.0,19.6,317,87,1.0,19.6,317,87,1.0,19.6,317,87,1.0,19.6,317,87,1.0,19.6,317,87,1.0,19.6,317,87,1.0,19.6,317,87,1.0,19.6,317,87,1.0,19.6,317,87,1.0,19.6,317,87,1.0,19.6,317,87,1.0,19.6,317,87,1.0,19.6,317,87,1.0,19.6,317,87,1.0,19.6
270,141.31,1.33,3.33,0,320,87,1.0,19.7,320,87,1.0,19.7,320,87,1.0,19.7,320,87,1.0,19.7,320,87,1.0,19.7,320,87,1.0,19.7,320,87,1.0,19.7,320,87,1.0,19.7,320,87,1.0,19.7,320,87,1.0,19.7,320,87,1.0,19.7,320,87,1.0,19.7,320,87,1.0,19.7,320,87,1.0,19.7,320,87,1.0,19.7,320,87,1.0,19.7,320,87,1.0,19.7,320,87,1.0,19.7,320,87,1.0,19.7,320,87,1.0,19.7,320,87,1.0,19.7,320,87,1.0,19.7,320,87,1.0,19.7,320,87,1.0,19.7,320,87,1.0,19.7,320,87,1.0,19.7,320,87,1.0,19.7,320,87,1.0,19.7,320,87,1.0,19.7,320,87,1.0,19.7,320,87,1.0,19.7,320,87,1.0,19.7
271,141.3,1.32,3.31,0,318,84,1.0,19.8,318,84,1.0,19.8,318,84,1.0,19.8,318,84,1.0,19.8,318,84,1.0,19.8,318,84,1.0,19.8,318,84,1.0,19.8,318,84,1.0,19.8,318,84,1.0,19.8,318,84,1.0,19.8,318,84,1.0,19.8,318,84,1.0,19.8,318,84,1.0,19.8,318,84,1.0,19.8,318,84,1.0,19.8,318,84,1.0,19.8,318,84,1.0,19.8,318,84,1.0,19.8,318,84,1.0,19.8,318,84,1.0,19.8,318,84,1.0,19.8,318,84,1.0,19.8,318,84,1.0,19.8,318,84,1.0,19.8,318,84,1.0,19.8,318,84,1.0,19.8,318,84,1.0,19.8,318,84,1.0,19.8,318,84,1.0,19.8,318,84,1.0,19.8,318,84,1.0,19.8,318,84,1.0,19.8
272,142.26,1.32,3.29,0,316,85,1.0,19.7,316,85,1.0,19.7,316,85,1.0,19.7,316,85,1.0,19.7,316,85,1.0,19.7,316,85,1.0,19.7,316,85,1.0,19.7,316,85,1.0,19.7,316,85,1.0,19.7,316,85,1.0,19.7,316,85,1.0,19.7,316,85,1.0,19.7,316,85,1.0,19.7,316,85,1.0,19.7,316,85,1.0,19.7,316,85,1.0,19.7,316,85,1.0,19.7,316,85,1.0,19.7,316,85,1.0,19.7,316,85,1.0,19.7,316,85,1.0,19.7,316,85,1.0,19.7,316,85,1.0,19.7,316,85,1.0,19.7,316,85,1.0,19.7,316,85,1.0,19.7,316,85,1.0,19.7,316,85,1.0,19.7,316,85,1.0,19.7,316,85,1.0,19.7,316,85,1.0,19.7,316,85,1.0,19.7
273,142.73,1.31,3.28,0,315,90,1.0,19.4,315,90,1.0,19.4,315,90,1.0,19.4,315,90,1.0,19.4,315,90,1.0,19.4,315,90,1.0,19.4,315,90,1.0,19.4,315,90,1.0,19.4,315,90,1.0,19.4,315,90,1.0,19.4,315,90,1.0,19.4,315,90,1.0,19.4,315,90,1.0,19.4,315,90,1.0,19.4,315,90,1.0,19.4,315,90,1.0,19.4,315,90,1.0,19.4,315,90,1.0,19.4,315,90,1.0,19.4,315,90,1.0,19.4,315,90,1.0,19.4,315,90,1.0,19.4,315,90,1.0,19.4,315,90,1.0,19.4,315,90,1.0,19.4,315,90,1.0,19.4,315,90,1.0,19.4,315,90,1.0,19.4,315,90,1.0,19.4,315,90,1.0,19.4,315,90,1.0,19.4,315,90,1.0,19.4
274,142.72,1.33,3.32,0,319,87,1.0,19.6,319,87,1.0,19.6,319,87,1.0,19.6,319,87,1.0,19.6,319,87,1.0,19.6,319,87,1.0,19.6,319,87,1.0,19.6,319,87,1.0,19.6,319,87,1.0,19.6,319,87,1.0,19.6,319,87,1.0,19.6,319,87,1.0,19.6,319,87,1.0,19.6,319,87,1.0,19.6,319,87,1.0,19.6,319,87,1.0,19.6,319,87,1.0,19.6,319,87,1.0,19.6,319,87,1.0,19.6,319,87,1.0,19.6,319,87,1.0,19.6,319,87,1.0,19.6,319,87,1.0,19.6,319,87,1.0,19.6,319,87,1.0,19.6,319,87,1.0,19.6,319,87,1.0,19.6,319,87,1.0,19.6,319,87,1.0,19.6,319,87,1.0,19.6,319,87,1.0,19.6,319,87,1.0,19.6
275,143.68,1.32,3.31,0,318,88,1.0,19.6,318,88,1.0,19.6,318,88,1.0,19.6,318,88,1.0,19.6,318,88,1.0,19.6,318,88,1.0,19.6,318,88,1.0,19.6,318,88,1.0,19.6,318,88,1.0,19.6,318,88,1.0,19.6,318,88,1.0,19.6,318,88,1.0,19.6,318,88,1.0,19.6,318,88,1.0,19.6,318,88,1.0,19.6,318,88,1.0,19.6,318,88,1.0,19.6,318,88,1.0,19.6,318,88,1.0,19.6,318,88,1.0,19.6,318,88,1.0,19.6,318,88,1.0,19.6,318,88,1.0,19.6,318,88,1.0,19.6,318,88,1.0,19.6,318,88,1.0,19.6,318,88,1.0,19.6,318,88,1.0,19.6,318,88,1.0,19.6,318,88,1.0,19.6,318,88,1.0,19.6,318,88,1.0,19.6
276,144.15,1.32,3.3,0,317,92,1.0,19.4,317,92,1.0,19.4,317,92,1.0,19.4,317,92,1.0,19.4,317,92,1.0,19.4,317,92,1.0,19.4,317,92,1.0,19.4,317,92,1.0,19.4,317,92,1.0,19.4,317,92,1.0,19.4,317,92,1.0,19.4,317,92,1.0,19.4,317,92,1.0,19.4,317,92,1.0,19.4,317,92,1.0,19.4,317,92,1.0,19.4,317,92,1.0,19.4,317,92,1.0,19.4,317,92,1.0,19.4,317,92,1.0,19.4,317,92,1.0,19.4,317,92,1.0,19.4,317,92,1.0,19.4,317,92,1.0,19.4,317,92,1.0,19.4,317,92,1.0,19.4,317,92,1.0,19.4,317,92,1.0,19.4,317,92,1.0,19.4,317,92,1.0,19.4,317,92,1.0,19.4,317,92,1.0,19.4
277,144.38,1.32,3.3,0,317,92,1.0,19.4,317,92,1.0,19.4,317,92,1.0,19.4,317,92,1.0,19.4,317,92,1.0,19.4,317,92,1.0,19.4,317,92,1.0,19.4,317,92,1.0,19.4,317,92,1.0,19.4,317,92,1.0,19.4,317,92,1.0,19.4,317,92,1.0,19.4,317,92,1.0,19.4,317,92,1.0,19.4,317,92,1.0,19.4,317,92,1.0,19.4,317,92,1.0,19.4,317,92,1.0,19.4,317,92,1.0,19.4,317,92,1.0,19.4,317,92,1.0,19.4,317,92,1.0,19.4,317,92,1.0,19.4,317,92,1.0,19.4,317,92,1.0,19.4,317,92,1.0,19.4,317,92,1.0,19.4,317,92,1.0,19.4,317,92,1.0,19.4,317,92,1.0,19.4,317,92,1.0,19.4,317,92,1.0,19.4
278,144.38,1.32,3.31,0,318,90,1.0,19.5,318,90,1.0,19.5,318,90,1.0,19.5,318,90,1.0,19.5,318,90,1.0,19.5,318,90,1.0,19.5,318,90,1.0,19.5,318,90,1.0,19.5,318,90,1.0,19.5,318,90,1.0,19.5,318,90,1.0,19.5,318,90,1.0,19.5,318,90,1.0,19.5,318,90,1.0,19.5,318,90,1.0,19.5,318,90,1.0,19.5,318,90,1.0,19.5,318,90,1.0,19.5,318,90,1.0,19.5,318,90,1.0,19.5,318,90,1.0,19.5,318,90,1.0,19.5,318,90,1.0,19.5,318,90,1.0,19.5,318,90,1.0,19.5,318,90,1.0,19.5,318,90,1.0,19.5,318,90,1.0,19.5,318,90,1.0,19.5,318,90,1.0,19.5,318,90,1.0,19.5,318,90,1.0,19.5
279,144.85,1.33,3.32,0,319,94,1.0,19.3,319,94,1.0,19.3,319,94,1.0,19.3,319,94,1.0,19.3,319,94,1.0,19.3,319,94,1.0,19.3,319,94,1.0,19.3,319,94,1.0,19.3,319,94,1.0,19.3,319,94,1.0,19.3,319,94,1.0,19.3,319,94,1.0,19.3,319,94,1.0,19.3,319,94,1.0,19.3,319,94,1.0,19.3,319,94,1.0,19.3,319,94,1.0,19.3,319,94,1.0,19.3,319,94,1.0,19.3,319,94,1.0,19.3,319,94,1.0,19.3,319,94,1.0,19.3,319,94,1.0,19.3,319,94,1.0,19.3,319,94,1.0,19.3,319,94,1.0,19.3,319,94,1.0,19.3,319,94,1.0,19.3,319,94,1.0,19.3,319,94,1.0,19.3,319,94,1.0,19.3,319,94,1.0,19.3
280,144.85,1.32,3.31,0,318,95,1.0,19.2,318,95,1.0,19.2,318,95,1.0,19.2,318,95,1.0,19.2,318,95,1.0,19.2,318,95,1.0,19.2,318,95,1.0,19.2,318,95,1.0,19.2,318,95,1.0,19.2,318,95,1.0,19.2,318,95,1.0,19.2,318,95,1.0,19.2,318,95,1.0,19.2,318,95,1.0,19.2,318,95,1.0,19.2,318,95,1.0,19.2,318,95,1.0,19.2,318,95,1.0,19.2,318,95,1.0,19.2,318,95,1.0,19.2,318,95,1.0,19.2,318,95,1.0,19.2,318,95,1.0,19.2,318,95,1.0,19.2,318,95,1.0,19.2,318,95,1.0,19.2,318,95,1.0,19.2,318,95,1.0,19.2,318,95,1.0,19.2,318,95,1.0,19.2,318,95,1.0,19.2,318,95,1.0,19.2
281,145.33,1.33,3.32,0,319,95,1.0,19.3,319,95,1.0,19.3,319,95,1.0,19.3,319,95,1.0,19.3,319,95,1.0,19.3,319,95,1.0,19.3,319,95,1.0,19.3,319,95,1.0,19.3,319,95,1.0,19.3,319,95,1.0,19.3,319,95,1.0,19.3,319,95,1.0,19.3,319,95,1.0,19.3,319,95,1.0,19.3,319,95,1.0,19.3,319,95,1.0,19.3,319,95,1.0,19.3,319,95,1.0,19.3,319,95,1.0,19.3,319,95,1.0,19.3,319,95,1.0,19.3,319,95,1.0,19.3,319,95,1.0,19.3,319,95,1.0,19.3,319,95,1.0,19.3,319,95,1.0,19.3,319,95,1.0,19.3,319,95,1.0,19.3,319,95,1.0,19.3,319,95,1.0,19.3,319,95,1.0,19.3,319,95,1.0,19.3
282,146.29,1.33,3.32,0,319,95,1.0,19.3,319,95,1.0,19.3,319,95,1.0,19.3,319,95,1.0,19.3,319,95,1.0,19.3,319,95,1.0,19.3,319,95,1.0,19.3,319,95,1.0,19.3,319,95,1.0,19.3,319,95,1.0,19.3,319,95,1.0,19.3,319,95,1.0,19.3,319,95,1.0,19.3,319,95,1.0,19.3,319,95,1.0,19.3,319,95,1.0,19.3,319,95,1.0,19.3,319,95,1.0,19.3,319,95,1.0,19.3,319,95,1.0,19.3,319,95,1.0,19.3,319,95,1.0,19.3,319,95,1.0,19.3,319,95,1.0,19.3,319,95,1.0,19.3,319,95,1.0,19.3,319,95,1.0,19.3,319,95,1.0,19.3,319,95,1.0,19.3,319,95,1.0,19.3,319,95,1.0,19.3,319,95,1.0,19.3
283,146.53,1.33,3.32,0,319,96,1.0,19.2,319,96,1.0,19.2,319,96,1.0,19.2,319,96,1.0,19.2,319,96,1.0,19.2,319,96,1.0,19.2,319,96,1.0,19.2,319,96,1.0,19.2,319,96,1.0,19.2,319,96,1.0,19.2,319,96,1.0,19.2,319,96,1.0,19.2,319,96,1.0,19.2,319,96,1.0,19.2,319,96,1.0,19.2,319,96,1.0,19.2,319,96,1.0,19.2,319,96,1.0,19.2,319,96,1.0,19.2,319,96,1.0,19.2,319,96,1.0,19.2,319,96,1.0,19.2,319,96,1.0,19.2,319,96,1.0,19.2,319,96,1.0,19.2,319,96,1.0,19.2,319,96,1.0,19.2,319,96,1.0,19.2,319,96,1.0,19.2,319,96,1.0,19.2,319,96,1.0,19.2,319,96,1.0,19.2
284,147.01,1.32,3.31,0,318,97,1.0,19.2,318,97,1.0,19.2,318,97,1.0,19.2,318,97,1.0,19.2,318,97,1.0,19.2,318,97,1.0,19.2,318,97,1.0,19.2,318,97,1.0,19.2,318,97,1.0,19.2,318,97,1.0,19.2,318,97,1.0,19.2,318,97,1.0,19.2,318,97,1.0,19.2,318,97,1.0,19.2,318,97,1.0,19.2,318,97,1.0,19.2,318,97,1.0,19.2,318,97,1.0,19.2,318,97,1.0,19.2,318,97,1.0,19.2,318,97,1.0,19.2,318,97,1.0,19.2,318,97,1.0,19.2,318,97,1.0,19.2,318,97,1.0,19.2,318,97,1.0,19.2,318,97,1.0,19.2,318,97,1.0,19.2,318,97,1.0,19.2,318,97,1.0,19.2,318,97,1.0,19.2,318,97,1.0,19.2
285,147.73,1.32,3.31,0,318,97,1.0,19.2,318,97,1.0,19.2,318,97,1.0,19.2,318,97,1.0,19.2,318,97,1.0,19.2,318,97,1.0,19.2,318,97,1.0,19.2,318,97,1.0,19.2,318,97,1.0,19.2,318,97,1.0,19.2,318,97,1.0,19.2,318,97,1.0,19.2,318,97,1.0,19.2,318,97,1.0,19.2,318,97,1.0,19.2,318,97,1.0,19.2,318,97,1.0,19.2,318,97,1.0,19.2,318,97,1.0,19.2,318,97,1.0,19.2,318,97,1.0,19.2,318,97,1.0,19.2,318,97,1.0,19.2,318,97,1.0,19.2,318,97,1.0,19.2,318,97,1.0,19.2,318,97,1.0,19.2,318,97,1.0,19.2,318,97,1.0,19.2,318,97,1.0,19.2,318,97,1.0,19.2,318,97,1.0,19.2
286,148.21,1.32,3.31,0,318,98,1.0,19.1,318,98,1.0,19.1,318,98,1.0,19.1,318,98,1.0,19.1,318,98,1.0,19.1,318,98,1.0,19.1,318,98,1.0,19.1,318,98,1.0,19.1,318,98,1.0,19.1,318,98,1.0,19.1,318,98,1.0,19.1,318,98,1.0,19.1,318,98,1.0,19.1,318,98,1.0,19.1,318,98,1.0,19.1,318,98,1.0,19.1,318,98,1.0,19.1,318,98,1.0,19.1,318,98,1.0,19.1,318,98,1.0,19.1,318,98,1.0,19.1,318,98,1.0,19.1,318,98,1.0,19.1,318,98,1.0,19.1,318,98,1.0,19.1,318,98,1.0,19.1,318,98,1.0,19.1,318,98,1.0,19.1,318,98,1.0,19.1,318,98,1.0,19.1,318,98,1.0,19.1,318,98,1.0,19.1
287,148.21,1.32,3.29,0,316,100,1.0,19.0,316,100,1.0,19.0,316,100,1.0,19.0,316,100,1.0,19.0,316,100,1.0,19.0,316,100,1.0,19.0,316,100,1.0,19.0,316,100,1.0,19.0,316,100,1.0,19.0,316,100,1.0,19.0,316,100,1.0,19.0,316,100,1.0,19.0,316,100,1.0,19.0,316,100,1.0,19.0,316,100,1.0,19.0,316,100,1.0,19.0,316,100,1.0,19.0,316,100,1.0,19.0,316,100,1.0,19.0,316,100,1.0,19.0,316,100,1.0,19.0,316,100,1.0,19.0,316,100,1.0,19.0,316,100,1.0,19.0,316,100,1.0,19.0,316,100,1.0,19.0,316,100,1.0,19.0,316,100,1.0,19.0,316,100,1.0,19.0,316,100,1.0,19.0,316,100,1.0,19.0,316,100,1.0,19.0
288,149.16,1.31,3.27,0,314,101,1.0,18.9,314,101,1.0,18.9,314,101,1.0,18.9,314,101,1.0,18.9,314,101,1.0,18.9,314,101,1.0,18.9,314,101,1.0,18.9,314,101,1.0,18.9,314,101,1.0,18.9,314,101,1.0,18.9,314,101,1.0,18.9,314,101,1.0,18.9,314,101,1.0,18.9,314,101,1.0,18.9,314,101,1.0,18.9,314,101,1.0,18.9,314,101,1.0,18.9,314,101,1.0,18.9,314,101,1.0,18.9,314,101,1.0,18.9,314,101,1.0,18.9,314,101,1.0,18.9,314,101,1.0,18.9,314,101,1.0,18.9,314,101,1.0,18.9,314,101,1.0,18.9,314,101,1.0,18.9,314,101,1.0,18.9,314,101,1.0,18.9,314,101,1.0,18.9,314,101,1.0,18.9,314,101,1.0,18.9
289,149.17,1.32,3.29,0,316,101,1.0,18.9,316,101,1.0,18.9,316,101,1.0,18.9,316,101,1.0,18.9,316,101,1.0,18.9,316,101,1.0,18.9,316,101,1.0,18.9,316,101,1.0,18.9,316,101,1.0,18.9,316,101,1.0,18.9,316,101,1.0,18.9,316,101,1.0,18.9,316,101,1.0,18.9,316,101,1.0,18.9,316,101,1.0,18.9,316,101,1.0,18.9,316,101,1.0,18.9,316,101,1.0,18.9,316,101,1.0,18.9,316,101,1.0,18.9,316,101,1.0,18.9,316,101,1.0,18.9,316,101,1.0,18.9,316,101,1.0,18.9,316,101,1.0,18.9,316,101,1.0,18.9,316,101,1.0,18.9,316,101,1.0,18.9,316,101,1.0,18.9,316,101,1.0,18.9,316,101,1.0,18.9,316,101,1.0,18.9
290,149.41,1.31,3.28,0,315,103,1.0,18.8,315,103,1.0,18.8,315,103,1.0,18.8,315,103,1.0,18.8,315,103,1.0,18.8,315,103,1.0,18.8,315,103,1.0,18.8,315,103,1.0,18.8,315,103,1.0,18.8,315,103,1.0,18.8,315,103,1.0,18.8,315,103,1.0,18.8,315,103,1.0,18.8,315,103,1.0,18.8,315,103,1.0,18.8,315,103,1.0,18.8,315,103,1.0,18.8,315,103,1.0,18.8,315,103,1.0,18.8,315,103,1.0,18.8,315,103,1.0,18.8,315,103,1.0,18.8,315,103,1.0,18.8,315,103,1.0,18.8,315,103,1.0,18.8,315,103,1.0,18.8,315,103,1.0,18.8,315,103,1.0,18.8,315,103,1.0,18.8,315,103,1.0,18.8,315,103,1.0,18.8,315,103,1.0,18.8
291,149.89,1.31,3.28,0,315,100,1.0,19.0,315,100,1.0,19.0,315,100,1.0,19.0,315,100,1.0,19.0,315,100,1.0,19.0,315,100,1.0,19.0,315,100,1.0,19.0,315,100,1.0,19.0,315,100,1.0,19.0,315,100,1.0,19.0,315,100,1.0,19.0,315,100,1.0,19.0,315,100,1.0,19.0,315,100,1.0,19.0,315,100,1.0,19.0,315,100,1.0,19.0,315,100,1.0,19.0,315,100,1.0,19.0,315,100,1.0,19.0,315,100,1.0,19.0,315,100,1.0,19.0,315,100,1.0,19.0,315,100,1.0,19.0,315,100,1.0,19.0,315,100,1.0,19.0,315,100,1.0,19.0,315,100,1.0,19.0,315,100,1.0,19.0,315,100,1.0,19.0,315,100,1.0,19.0,315,100,1.0,19.0,315,100,1.0,19.0
292,150.13,1.32,3.29,0,316,103,1.0,18.9,316,103,1.0,18.9,316,103,1.0,18.9,316,103,1.0,18.9,316,103,1.0,18.9,316,103,1.0,18.9,316,103,1.0,18.9,316,103,1.0,18.9,316,103,1.0,18.9,316,103,1.0,18.9,316,103,1.0,18.9,316,103,1.0,18.9,316,103,1.0,18.9,316,103,1.0,18.9,316,103,1.0,18.9,316,103,1.0,18.9,316,103,1.0,18.9,316,103,1.0,18.9,316,103,1.0,18.9,316,103,1.0,18.9,316,103,1.0,18.9,316,103,1.0,18.9,316,103,1.0,18.9,316,103,1.0,18.9,316,103,1.0,18.9,316,103,1.0,18.9,316,103,1.0,18.9,316,103,1.0,18.9,316,103,1.0,18.9,316,103,1.0,18.9,316,103,1.0,18.9,316,103,1.0,18.9
293,151.09,1.32,3.3,0,317,102,1.0,18.9,317,102,1.0,18.9,317,102,1.0,18.9,317,102,1.0,18.9,317,102,1.0,18.9,317,102,1.0,18.9,317,102,1.0,18.9,317,102,1.0,18.9,317,102,1.0,18.9,317,102,1.0,18.9,317,102,1.0,18.9,317,102,1.0,18.9,317,102,1.0,18.9,317,102,1.0,18.9,317,102,1.0,18.9,317,102,1.0,18.9,317,102,1.0,18.9,317,102,1.0,18.9,317,102,1.0,18.9,317,102,1.0,18.9,317,102,1.0,18.9,317,102,1.0,18.9,317,102,1.0,18.9,317,102,1.0,18.9,317,102,1.0,18.9,317,102,1.0,18.9,317,102,1.0,18.9,317,102,1.0,18.9,317,102,1.0,18.9,317,102,1.0,18.9,317,102,1.0,18.9,317,102,1.0,18.9
294,150.86,1.32,3.31,0,318,101,1.0,19.0,318,101,1.0,19.0,318,101,1.0,19.0,318,101,1.0,19.0,318,101,1.0,19.0,318,101,1.0,19.0,318,101,1.0,19.0,318,101,1.0,19.0,318,101,1.0,19.0,318,101,1.0,19.0,318,101,1.0,19.0,318,101,1.0,19.0,318,101,1.0,19.0,318,101,1.0,19.0,318,101,1.0,19.0,318,101,1.0,19.0,318,101,1.0,19.0,318,101,1.0,19.0,318,101,1.0,19.0,318,101,1.0,19.0,318,101,1.0,19.0,318,101,1.0,19.0,318,101,1.0,19.0,318,101,1.0,19.0,318,101,1.0,19.0,318,101,1.0,19.0,318,101,1.0,19.0,318,101,1.0,19.0,318,101,1.0,19.0,318,101,1.0,19.0,318,101,1.0,19.0,318,101,1.0,19.0
295,151.58,1.33,3.33,0,320,101,1.0,19.0,320,101,1.0,19.0,320,101,1.0,19.0,320,101,1.0,19.0,320,101,1.0,19.0,320,101,1.0,19.0,320,101,1.0,19.0,320,101,1.0,19.0,320,101,1.0,19.0,320,101,1.0,19.0,320,101,1.0,19.0,320,101,1.0,19.0,320,101,1.0,19.0,320,101,1.0,19.0,320,101,1.0,19.0,320,101,1.0,19.0,320,101,1.0,19.0,320,101,1.0,19.0,320,101,1.0,19.0,320,101,1.0,19.0,320,101,1.0,19.0,320,101,1.0,19.0,320,101,1.0,19.0,320,101,1.0,19.0,320,101,1.0,19.0,320,101,1.0,19.0,320,101,1.0,19.0,320,101,1.0,19.0,320,101,1.0,19.0,320,101,1.0,19.0,320,101,1.0,19.0,320,101,1.0,19.0
296,152.29,1.34,3.34,0,321,99,1.0,19.1,321,99,1.0,19.1,321,99,1.0,19.1,321,99,1.0,19.1,321,99,1.0,19.1,321,99,1.0,19.1,321,99,1.0,19.1,321,99,1.0,19.1,321,99,1.0,19.1,321,99,1.0,19.1,321,99,1.0,19.1,321,99,1.0,19.1,321,99,1.0,19.1,321,99,1.0,19.1,321,99,1.0,19.1,321,99,1.0,19.1,321,99,1.0,19.1,321,99,1.0,19.1,321,99,1.0,19.1,321,99,1.0,19.1,321,99,1.0,19.1,321,99,1.0,19.1,321,99,1.0,19.1,321,99,1.0,19.1,321,99,1.0,19.1,321,99,1.0,19.1,321,99,1.0,19.1,321,99,1.0,19.1,321,99,1.0,19.1,321,99,1.0,19.1,321,99,1.0,19.1,321,99,1.0,19.1
297,153.01,1.34,3.34,0,321,102,1.0,19.0,321,102,1.0,19.0,321,102,1.0,19.0,321,102,1.0,19.0,321,102,1.0,19.0,321,102,1.0,19.0,321,102,1.0,19.0,321,102,1.0,19.0,321,102,1.0,19.0,321,102,1.0,19.0,321,102,1.0,19.0,321,102,1.0,19.0,321,102,1.0,19.0,321,102,1.0,19.0,321,102,1.0,19.0,321,102,1.0,19.0,321,102,1.0,19.0,321,102,1.0,19.0,321,102,1.0,19.0,321,102,1.0,19.0,321,102,1.0,19.0,321,102,1.0,19.0,321,102,1.0,19.0,321,102,1.0,19.0,321,102,1.0,19.0,321,102,1.0,19.0,321,102,1.0,19.0,321,102,1.0,19.0,321,102,1.0,19.0,321,102,1.0,19.0,321,102,1.0,19.0,321,102,1.0,19.0
298,153.49,1.34,3.35,0,322,102,1.0,19.0,322,102,1.0,19.0,322,102,1.0,19.0,322,102,1.0,19.0,322,102,1.0,19.0,322,102,1.0,19.0,322,102,1.0,19.0,322,102,1.0,19.0,322,102,1.0,19.0,322,102,1.0,19.0,322,102,1.0,19.0,322,102,1.0,19.0,322,102,1.0,19.0,322,102,1.0,19.0,322,102,1.0,19.0,322,102,1.0,19.0,322,102,1.0,19.0,322,102,1.0,19.0,322,102,1.0,19.0,322,102,1.0,19.0,322,102,1.0,19.0,322,102,1.0,19.0,322,102,1.0,19.0,322,102,1.0,19.0,322,102,1.0,19.0,322,102,1.0,19.0,322,102,1.0,19.0,322,102,1.0,19.0,322,102,1.0,19.0,322,102,1.0,19.0,322,102,1.0,19.0,322,102,1.0,19.0
299,154.44,1.35,3.39,0,325,101,1.0,19.1,325,101,1.0,19.1,325,101,1.0,19.1,325,101,1.0,19.1,325,101,1.0,19.1,325,101,1.0,19.1,325,101,1.0,19.1,325,101,1.0,19.1,325,101,1.0,19.1,325,101,1.0,19.1,325,101,1.0,19.1,325,101,1.0,19.1,325,101,1.0,19.1,325,101,1.0,19.1,325,101,1.0,19.1,325,101,1.0,19.1,325,101,1.0,19.1,325,101,1.0,19.1,325,101,1.0,19.1,325,101,1.0,19.1,325,101,1.0,19.1,325,101,1.0,19.1,325,101,1.0,19.1,325,101,1.0,19.1,325,101,1.0,19.1,325,101,1.0,19.1,325,101,1.0,19.1,325,101,1.0,19.1,325,101,1.0,19.1,325,101,1.0,19.1,325,101,1.0,19.1,325,101,1.0,19.1
300,155.16,1.36,3.4,0,326,99,1.0,19.2,326,99,1.0,19.2,326,99,1.0,19.2,326,99,1.0,19.2,326,99,1.0,19.2,326,99,1.0,19.2,326,99,1.0,19.2,326,99,1.0,19.2,326,99,1.0,19.2,326,99,1.0,19.2,326,99,1.0,19.2,326,99,1.0,19.2,326,99,1.0,19.2,326,99,1.0,19.2,326,99,1.0,19.2,326,99,1.0,19.2,326,99,1.0,19.2,326,99,1.0,19.2,326,99,1.0,19.2,326,99,1.0,19.2,326,99,1.0,19.2,326,99,1.0,19.2,326,99,1.0,19.2,326,99,1.0,19.2,326,99,1.0,19.2,326,99,1.0,19.2,326,99,1.0,19.2,326,99,1.0,19.2,326,99,1.0,19.2,326,99,1.0,19.2,326,99,1.0,19.2,326,99,1.0,19.2
301,155.39,1.36,3.4,0,326,97,1.0,19.3,326,97,1.0,19.3,326,97,1.0,19.3,326,97,1.0,19.3,326,97,1.0,19.3,326,97,1.0,19.3,326,97,1.0,19.3,326,97,1.0,19.3,326,97,1.0,19.3,326,97,1.0,19.3,326,97,1.0,19.3,326,97,1.0,19.3,326,97,1.0,19.3,326,97,1.0,19.3,326,97,1.0,19.3,326,97,1.0,19.3,326,97,1.0,19.3,326,97,1.0,19.3,326,97,1.0,19.3,326,97,1.0,19.3,326,97,1.0,19.3,326,97,1.0,19.3,326,97,1.0,19.3,326,97,1.0,19.3,326,97,1.0,19.3,326,97,1.0,19.3,326,97,1.0,19.3,326,97,1.0,19.3,326,97,1.0,19.3,326,97,1.0,19.3,326,97,1.0,19.3,326,97,1.0,19.3
302,156.34,1.37,3.42,0,328,99,1.0,19.2,328,99,1.0,19.2,328,99,1.0,19.2,328,99,1.0,19.2,328,99,1.0,19.2,328,99,1.0,19.2,328,99,1.0,19.2,328,99,1.0,19.2,328,99,1.0,19.2,328,99,1.0,19.2,328,99,1.0,19.2,328,99,1.0,19.2,328,99,1.0,19.2,328,99,1.0,19.2,328,99,1.0,19.2,328,99,1.0,19.2,328,99,1.0,19.2,328,99,1.0,19.2,328,99,1.0,19.2,328,99,1.0,19.2,328,99,1.0,19.2,328,99,1.0,19.2,328,99,1.0,19.2,328,99,1.0,19.2,328,99,1.0,19.2,328,99,1.0,19.2,328,99,1.0,19.2,328,99,1.0,19.2,328,99,1.0,19.2,328,99,1.0,19.2,328,99,1.0,19.2,328,99,1.0,19.2
303,156.81,1.36,3.41,0,327,100,1.0,19.1,327,100,1.0,19.1,327,100,1.0,19.1,327,100,1.0,19.1,327,100,1.0,19.1,327,100,1.0,19.1,327,100,1.0,19.1,327,100,1.0,19.1,327,100,1.0,19.1,327,100,1.0,19.1,327,100,1.0,19.1,327,100,1.0,19.1,327,100,1.0,19.1,327,100,1.0,19.1,327,100,1.0,19.1,327,100,1.0,19.1,327,100,1.0,19.1,327,100,1.0,19.1,327,100,1.0,19.1,327,100,1.0,19.1,327,100,1.0,19.1,327,100,1.0,19.1,327,100,1.0,19.1,327,100,1.0,19.1,327,100,1.0,19.1,327,100,1.0,19.1,327,100,1.0,19.1,327,100,1.0,19.1,327,100,1.0,19.1,327,100,1.0,19.1,327,100,1.0,19.1,327,100,1.0,19.1
304,157.53,1.39,3.47,0,333,92,1.0,19.6,333,92,1.0,19.6,333,92,1.0,19.6,333,92,1.0,19.6,333,92,1.0,19.6,333,92,1.0,19.6,333,92,1.0,19.6,333,92,1.0,19.6,333,92,1.0,19.6,333,92,1.0,19.6,333,92,1.0,19.6,333,92,1.0,19.6,333,92,1.0,19.6,333,92,1.0,19.6,333,92,1.0,19.6,333,92,1.0,19.6,333,92,1.0,19.6,333,92,1.0,19.6,333,92,1.0,19.6,333,92,1.0,19.6,333,92,1.0,19.6,333,92,1.0,19.6,333,92,1.0,19.6,333,92,1.0,19.6,333,92,1.0,19.6,333,92,1.0,19.6,333,92,1.0,19.6,333,92,1.0,19.6,333,92,1.0,19.6,333,92,1.0,19.6,333,92,1.0,19.6,333,92,1.0,19.6
305,158.48,1.39,3.47,0,333,94,1.0,19.5,333,94,1.0,19.5,333,94,1.0,19.5,333,94,1.0,19.5,333,94,1.0,19.5,333,94,1.0,19.5,333,94,1.0,19.5,333,94,1.0,19.5,333,94,1.0,19.5,333,94,1.0,19.5,333,94,1.0,19.5,333,94,1.0,19.5,333,94,1.0,19.5,333,94,1.0,19.5,333,94,1.0,19.5,333,94,1.0,19.5,333,94,1.0,19.5,333,94,1.0,19.5,333,94,1.0,19.5,333,94,1.0,19.5,333,94,1.0,19.5,333,94,1.0,19.5,333,94,1.0,19.5,333,94,1.0,19.5,333,94,1.0,19.5,333,94,1.0,19.5,333,94,1.0,19.5,333,94,1.0,19.5,333,94,1.0,19.5,333,94,1.0,19.5,333,94,1.0,19.5,333,94,1.0,19.5
306,159.19,1.39,3.47,0,333,94,1.0,19.5,333,94,1.0,19.5,333,94,1.0,19.5,333,94,1.0,19.5,333,94,1.0,19.5,333,94,1.0,19.5,333,94,1.0,19.5,333,94,1.0,19.5,333,94,1.0,19.5,333,94,1.0,19.5,333,94,1.0,19.5,333,94,1.0,19.5,333,94,1.0,19.5,333,94,1.0,19.5,333,94,1.0,19.5,333,94,1.0,19.5,333,94,1.0,19.5,333,94,1.0,19.5,333,94,1.0,19.5,333,94,1.0,19.5,333,94,1.0,19.5,333,94,1.0,19.5,333,94,1.0,19.5,333,94,1.0,19.5,333,94,1.0,19.5,333,94,1.0,19.5,333,94,1.0,19.5,333,94,1.0,19.5,333,94,1.0,19.5,333,94,1.0,19.5,333,94,1.0,19.5,333,94,1.0,19.5
307,159.65,1.39,3.48,0,334,95,1.0,19.5,334,95,1.0,19.5,334,95,1.0,19.5,334,95,1.0,19.5,334,95,1.0,19.5,334,95,1.0,19.5,334,95,1.0,19.5,334,95,1.0,19.5,334,95,1.0,19.5,334,95,1.0,19.5,334,95,1.0,19.5,334,95,1.0,19.5,334,95,1.0,19.5,334,95,1.0,19.5,334,95,1.0,19.5,334,95,1.0,19.5,334,95,1.0,19.5,334,95,1.0,19.5,334,95,1.0,19.5,334,95,1.0,19.5,334,95,1.0,19.5,334,95,1.0,19.5,334,95,1.0,19.5,334,95,1.0,19.5,334,95,1.0,19.5,334,95,1.0,19.5,334,95,1.0,19.5,334,95,1.0,19.5,334,95,1.0,19.5,334,95,1.0,19.5,334,95,1.0,19.5,334,95,1.0,19.5
308,160.6,1.4,3.49,0,335,94,1.0,19.5,335,94,1.0,19.5,335,94,1.0,19.5,335,94,1.0,19.5,335,94,1.0,19.5,335,94,1.0,19.5,335,94,1.0,19.5,335,94,1.0,19.5,335,94,1.0,19.5,335,94,1.0,19.5,335,94,1.0,19.5,335,94,1.0,19.5,335,94,1.0,19.5,335,94,1.0,19.5,335,94,1.0,19.5,335,94,1.0,19.5,335,94,1.0,19.5,335,94,1.0,19.5,335,94,1.0,19.5,335,94,1.0,19.5,335,94,1.0,19.5,335,94,1.0,19.5,335,94,1.0,19.5,335,94,1.0,19.5,335,94,1.0,19.5,335,94,1.0,19.5,335,94,1.0,19.5,335,94,1.0,19.5,335,94,1.0,19.5,335,94,1.0,19.5,335,94,1.0,19.5,335,94,1.0,19.5
309,161.06,1.4,3.51,0,337,94,1.0,19.5,337,94,1.0,19.5,337,94,1.0,19.5,337,94,1.0,19.5,337,94,1.0,19.5,337,94,1.0,19.5,337,94,1.0,19.5,337,94,1.0,19.5,337,94,1.0,19.5,337,94,1.0,19.5,337,94,1.0,19.5,337,94,1.0,19.5,337,94,1.0,19.5,337,94,1.0,19.5,337,94,1.0,19.5,337,94,1.0,19.5,337,94,1.0,19.5,337,94,1.0,19.5,337,94,1.0,19.5,337,94,1.0,19.5,337,94,1.0,19.5,337,94,1.0,19.5,337,94,1.0,19.5,337,94,1.0,19.5,337,94,1.0,19.5,337,94,1.0,19.5,337,94,1.0,19.5,337,94,1.0,19.5,337,94,1.0,19.5,337,94,1.0,19.5,337,94,1.0,19.5,337,94,1.0,19.5
310,160.8,1.41,3.52,0,338,94,1.0,19.6,338,94,1.0,19.6,338,94,1.0,19.6,338,94,1.0,19.6,338,94,1.0,19.6,338,94,1.0,19.6,338,94,1.0,19.6,338,94,1.0,19.6,338,94,1.0,19.6,338,94,1.0,19.6,338,94,1.0,19.6,338,94,1.0,19.6,338,94,1.0,19.6,338,94,1.0,19.6,338,94,1.0,19.6,338,94,1.0,19.6,338,94,1.0,19.6,338,94,1.0,19.6,338,94,1.0,19.6,338,94,1.0,19.6,338,94,1.0,19.6,338,94,1.0,19.6,338,94,1.0,19.6,338,94,1.0,19.6,338,94,1.0,19.6,338,94,1.0,19.6,338,94,1.0,19.6,338,94,1.0,19.6,338,94,1.0,19.6,338,94,1.0,19.6,338,94,1.0,19.6,338,94,1.0,19.6
311,161.5,1.4,3.51,0,337,96,1.0,19.5,337,96,1.0,19.5,337,96,1.0,19.5,337,96,1.0,19.5,337,96,1.0,19.5,337,96,1.0,19.5,337,96,1.0,19.5,337,96,1.0,19.5,337,96,1.0,19.5,337,96,1.0,19.5,337,96,1.0,19.5,337,96,1.0,19.5,337,96,1.0,19.5,337,96,1.0,19.5,337,96,1.0,19.5,337,96,1.0,19.5,337,96,1.0,19.5,337,96,1.0,19.5,337,96,1.0,19.5,337,96,1.0,19.5,337,96,1.0,19.5,337,96,1.0,19.5,337,96,1.0,19.5,337,96,1.0,19.5,337,96,1.0,19.5,337,96,1.0,19.5,337,96,1.0,19.5,337,96,1.0,19.5,337,96,1.0,19.5,337,96,1.0,19.5,337,96,1.0,19.5,337,96,1.0,19.5
312,162.46,1.43,3.56,0,342,94,1.0,19.6,342,94,1.0,19.6,342,94,1.0,19.6,342,94,1.0,19.6,342,94,1.0,19.6,342,94,1.0,19.6,342,94,1.0,19.6,342,94,1.0,19.6,342,94,1.0,19.6,342,94,1.0,19.6,342,94,1.0,19.6,342,94,1.0,19.6,342,94,1.0,19.6,342,94,1.0,19.6,342,94,1.0,19.6,342,94,1.0,19.6,342,94,1.0,19.6,342,94,1.0,19.6,342,94,1.0,19.6,342,94,1.0,19.6,342,94,1.0,19.6,342,94,1.0,19.6,342,94,1.0,19.6,342,94,1.0,19.6,342,94,1.0,19.6,342,94,1.0,19.6,342,94,1.0,19.6,342,94,1.0,19.6,342,94,1.0,19.6,342,94,1.0,19.6,342,94,1.0,19.6,342,94,1.0,19.6
313,163.41,1.43,3.57,0,343,91,1.0,19.8,343,91,1.0,19.8,343,91,1.0,19.8,343,91,1.0,19.8,343,91,1.0,19.8,343,91,1.0,19.8,343,91,1.0,19.8,343,91,1.0,19.8,343,91,1.0,19.8,343,91,1.0,19.8,343,91,1.0,19.8,343,91,1.0,19.8,343,91,1.0,19.8,343,91,1.0,19.8,343,91,1.0,19.8,343,91,1.0,19.8,343,91,1.0,19.8,343,91,1.0,19.8,343,91,1.0,19.8,343,91,1.0,19.8,343,91,1.0,19.8,343,91,1.0,19.8,343,91,1.0,19.8,343,91,1.0,19.8,343,91,1.0,19.8,343,91,1.0,19.8,343,91,1.0,19.8,343,91,1.0,19.8,343,91,1.0,19.8,343,91,1.0,19.8,343,91,1.0,19.8,343,91,1.0,19.8
314,164.11,1.43,3.56,0,342,92,1.0,19.7,342,92,1.0,19.7,342,92,1.0,19.7,342,92,1.0,19.7,342,92,1.0,19.7,342,92,1.0,19.7,342,92,1.0,19.7,342,92,1.0,19.7,342,92,1.0,19.7,342,92,1.0,19.7,342,92,1.0,19.7,342,92,1.0,19.7,342,92,1.0,19.7,342,92,1.0,19.7,342,92,1.0,19.7,342,92,1.0,19.7,342,92,1.0,19.7,342,92,1.0,19.7,342,92,1.0,19.7,342,92,1.0,19.7,342,92,1.0,19.7,342,92,1.0,19.7,342,92,1.0,19.7,342,92,1.0,19.7,342,92,1.0,19.7,342,92,1.0,19.7,342,92,1.0,19.7,342,92,1.0,19.7,342,92,1.0,19.7,342,92,1.0,19.7,342,92,1.0,19.7,342,92,1.0,19.7
315,164.57,1.45,3.61,0,347,89,1.0,19.9,347,89,1.0,19.9,347,89,1.0,19.9,347,89,1.0,19.9,347,89,1.0,19.9,347,89,1.0,19.9,347,89,1.0,19.9,347,89,1.0,19.9,347,89,1.0,19.9,347,89,1.0,19.9,347,89,1.0,19.9,347,89,1.0,19.9,347,89,1.0,19.9,347,89,1.0,19.9,347,89,1.0,19.9,347,89,1.0,19.9,347,89,1.0,19.9,347,89,1.0,19.9,347,89,1.0,19.9,347,89,1.0,19.9,347,89,1.0,19.9,347,89,1.0,19.9,347,89,1.0,19.9,347,89,1.0,19.9,347,89,1.0,19.9,347,89,1.0,19.9,347,89,1.0,19.9,347,89,1.0,19.9,347,89,1.0,19.9,347,89,1.0,19.9,347,89,1.0,19.9,347,89,1.0,19.9
316,165.27,1.44,3.6,0,346,90,1.0,19.8,346,90,1.0,19.8,346,90,1.0,19.8,346,90,1.0,19.8,346,90,1.0,19.8,346,90,1.0,19.8,346,90,1.0,19.8,346,90,1.0,19.8,346,90,1.0,19.8,346,90,1.0,19.8,346,90,1.0,19.8,346,90,1.0,19.8,346,90,1.0,19.8,346,90,1.0,19.8,346,90,1.0,19.8,346,90,1.0,19.8,346,90,1.0,19.8,346,90,1.0,19.8,346,90,1.0,19.8,346,90,1.0,19.8,346,90,1.0,19.8,346,90,1.0,19.8,346,90,1.0,19.8,346,90,1.0,19.8,346,90,1.0,19.8,346,90,1.0,19.8,346,90,1.0,19.8,346,90,1.0,19.8,346,90,1.0,19.8,346,90,1.0,19.8,346,90,1.0,19.8,346,90,1.0,19.8
317,165.73,1.45,3.61,0,347,90,1.0,19.9,347,90,1.0,19.9,347,90,1.0,19.9,347,90,1.0,19.9,347,90,1.0,19.9,347,90,1.0,19.9,347,90,1.0,19.9,347,90,1.0,19.9,347,90,1.0,19.9,347,90,1.0,19.9,347,90,1.0,19.9,347,90,1.0,19.9,347,90,1.0,19.9,347,90,1.0,19.9,347,90,1.0,19.9,347,90,1.0,19.9,347,90,1.0,19.9,347,90,1.0,19.9,347,90,1.0,19.9,347,90,1.0,19.9,347,90,1.0,19.9,347,90,1.0,19.9,347,90,1.0,19.9,347,90,1.0,19.9,347,90,1.0,19.9,347,90,1.0,19.9,347,90,1.0,19.9,347,90,1.0,19.9,347,90,1.0,19.9,347,90,1.0,19.9,347,90,1.0,19.9,347,90,1.0,19.9
318,166.43,1.45,3.61,0,347,91,1.0,19.8,347,91,1.0,19.8,347,91,1.0,19.8,347,91,1.0,19.8,347,91,1.0,19.8,347,91,1.0,19.8,347,91,1.0,19.8,347,91,1.0,19.8,347,91,1.0,19.8,347,91,1.0,19.8,347,91,1.0,19.8,347,91,1.0,19.8,347,91,1.0,19.8,347,91,1.0,19.8,347,91,1.0,19.8,347,91,1.0,19.8,347,91,1.0,19.8,347,91,1.0,19.8,347,91,1.0,19.8,347,91,1.0,19.8,347,91,1.0,19.8,347,91,1.0,19.8,347,91,1.0,19.8,347,91,1.0,19.8,347,91,1.0,19.8,347,91,1.0,19.8,347,91,1.0,19.8,347,91,1.0,19.8,347,91,1.0,19.8,347,91,1.0,19.8,347,91,1.0,19.8,347,91,1.0,19.8
319,166.64,1.45,3.64,0,349,90,1.0,19.9,349,90,1.0,19.9,349,90,1.0,19.9,349,90,1.0,19.9,349,90,1.0,19.9,349,90,1.0,19.9,349,90,1.0,19.9,349,90,1.0,19.9,349,90,1.0,19.9,349,90,1.0,19.9,349,90,1.0,19.9,349,90,1.0,19.9,349,90,1.0,19.9,349,90,1.0,19.9,349,90,1.0,19.9,349,90,1.0,19.9,349,90,1.0,19.9,349,90,1.0,19.9,349,90,1.0,19.9,349,90,1.0,19.9,349,90,1.0,19.9,349,90,1.0,19.9,349,90,1.0,19.9,349,90,1.0,19.9,349,90,1.0,19.9,349,90,1.0,19.9,349,90,1.0,19.9,349,90,1.0,19.9,349,90,1.0,19.9,349,90,1.0,19.9,349,90,1.0,19.9,349,90,1.0,19.9
320,167.34,1.47,3.67,0,352,85,1.0,20.1,352,85,1.0,20.1,352,85,1.0,20.1,352,85,1.0,20.1,352,85,1.0,20.1,352,85,1.0,20.1,352,85,1.0,20.1,352,85,1.0,20.1,352,85,1.0,20.1,352,85,1.0,20.1,352,85,1.0,20.1,352,85,1.0,20.1,352,85,1.0,20.1,352,85,1.0,20.1,352,85,1.0,20.1,352,85,1.0,20.1,352,85,1.0,20.1,352,85,1.0,20.1,352,85,1.0,20.1,352,85,1.0,20.1,352,85,1.0,20.1,352,85,1.0,20.1,352,85,1.0,20.1,352,85,1.0,20.1,352,85,1.0,20.1,352,85,1.0,20.1,352,85,1.0,20.1,352,85,1.0,20.1,352,85,1.0,20.1,352,85,1.0,20.1,352,85,1.0,20.1,352,85,1.0,20.1
321,168.05,1.45,3.64,0,349,91,1.0,19.8,349,91,1.0,19.8,349,91,1.0,19.8,349,91,1.0,19.8,349,91,1.0,19.8,349,91,1.0,19.8,349,91,1.0,19.8,349,91,1.0,19.8,349,91,1.0,19.8,349,91,1.0,19.8,349,91,1.0,19.8,349,91,1.0,19.8,349,91,1.0,19.8,349,91,1.0,19.8,349,91,1.0,19.8,349,91,1.0,19.8,349,91,1.0,19.8,349,91,1.0,19.8,349,91,1.0,19.8,349,91,1.0,19.8,349,91,1.0,19.8,349,91,1.0,19.8,349,91,1.0,19.8,349,91,1.0,19.8,349,91,1.0,19.8,349,91,1.0,19.8,349,91,1.0,19.8,349,91,1.0,19.8,349,91,1.0,19.8,349,91,1.0,19.8,349,91,1.0,19.8,349,91,1.0,19.8
322,168.01,1.47,3.67,0,352,90,1.0,19.9,352,90,1.0,19.9,352,90,1.0,19.9,352,90,1.0,19.9,352,90,1.0,19.9,352,90,1.0,19.9,352,90,1.0,19.9,352,90,1.0,19.9,352,90,1.0,19.9,352,90,1.0,19.9,352,90,1.0,19.9,352,90,1.0,19.9,352,90,1.0,19.9,352,90,1.0,19.9,352,90,1.0,19.9,352,90,1.0,19.9,352,90,1.0,19.9,352,90,1.0,19.9,352,90,1.0,19.9,352,90,1.0,19.9,352,90,1.0,19.9,352,90,1.0,19.9,352,90,1.0,19.9,352,90,1.0,19.9,352,90,1.0,19.9,352,90,1.0,19.9,352,90,1.0,19.9,352,90,1.0,19.9,352,90,1.0,19.9,352,90,1.0,19.9,352,90,1.0,19.9,352,90,1.0,19.9
323,167.97,1.48,3.69,0,354,90,1.0,19.9,354,90,1.0,19.9,354,90,1.0,19.9,354,90,1.0,19.9,354,90,1.0,19.9,354,90,1.0,19.9,354,90,1.0,19.9,354,90,1.0,19.9,354,90,1.0,19.9,354,90,1.0,19.9,354,90,1.0,19.9,354,90,1.0,19.9,354,90,1.0,19.9,354,90,1.0,19.9,354,90,1.0,19.9,354,90,1.0,19.9,354,90,1.0,19.9,354,90,1.0,19.9,354,90,1.0,19.9,354,90,1.0,19.9,354,90,1.0,19.9,354,90,1.0,19.9,354,90,1.0,19.9,354,90,1.0,19.9,354,90,1.0,19.9,354,90,1.0,19.9,354,90,1.0,19.9,354,90,1.0,19.9,354,90,1.0,19.9,354,90,1.0,19.9,354,90,1.0,19.9,354,90,1.0,19.9
324,168.43,1.47,3.67,0,352,96,1.0,19.6,352,96,1.0,19.6,352,96,1.0,19.6,352,96,1.0,19.6,352,96,1.0,19.6,352,96,1.0,19.6,352,96,1.0,19.6,352,96,1.0,19.6,352,96,1.0,19.6,352,96,1.0,19.6,352,96,1.0,19.6,352,96,1.0,19.6,352,96,1.0,19.6,352,96,1.0,19.6,352,96,1.0,19.6,352,96,1.0,19.6,352,96,1.0,19.6,352,96,1.0,19.6,352,96,1.0,19.6,352,96,1.0,19.6,352,96,1.0,19.6,352,96,1.0,19.6,352,96,1.0,19.6,352,96,1.0,19.6,352,96,1.0,19.6,352,96,1.0,19.6,352,96,1.0,19.6,352,96,1.0,19.6,352,96,1.0,19.6,352,96,1.0,19.6,352,96,1.0,19.6,352,96,1.0,19.6
325,169.38,1.49,3.72,0,357,91,1.0,19.9,357,91,1.0,19.9,357,91,1.0,19.9,357,91,1.0,19.9,357,91,1.0,19.9,357,91,1.0,19.9,357,91,1.0,19.9,357,91,1.0,19.9,357,91,1.0,19.9,357,91,1.0,19.9,357,91,1.0,19.9,357,91,1.0,19.9,357,91,1.0,19.9,357,91,1.0,19.9,357,91,1.0,19.9,357,91,1.0,19.9,357,91,1.0,19.9,357,91,1.0,19.9,357,91,1.0,19.9,357,91,1.0,19.9,357,91,1.0,19.9,357,91,1.0,19.9,357,91,1.0,19.9,357,91,1.0,19.9,357,91,1.0,19.9,357,91,1.0,19.9,357,91,1.0,19.9,357,91,1.0,19.9,357,91,1.0,19.9,357,91,1.0,19.9,357,91,1.0,19.9,357,91,1.0,19.9
326,168.86,1.5,3.74,0,359,91,1.0,19.9,359,91,1.0,19.9,359,91,1.0,19.9,359,91,1.0,19.9,359,91,1.0,19.9,359,91,1.0,19.9,359,91,1.0,19.9,359,91,1.0,19.9,359,91,1.0,19.9,359,91,1.0,19.9,359,91,1.0,19.9,359,91,1.0,19.9,359,91,1.0,19.9,359,91,1.0,19.9,359,91,1.0,19.9,359,91,1.0,19.9,359,91,1.0,19.9,359,91,1.0,19.9,359,91,1.0,19.9,359,91,1.0,19.9,359,91,1.0,19.9,359,91,1.0,19.9,359,91,1.0,19.9,359,91,1.0,19.9,359,91,1.0,19.9,359,91,1.0,19.9,359,91,1.0,19.9,359,91,1.0,19.9,359,91,1.0,19.9,359,91,1.0,19.9,359,91,1.0,19.9,359,91,1.0,19.9
327,169.57,1.5,3.76,0,361,92,1.0,19.9,361,92,1.0,19.9,361,92,1.0,19.9,361,92,1.0,19.9,361,92,1.0,19.9,361,92,1.0,19.9,361,92,1.0,19.9,361,92,1.0,19.9,361,92,1.0,19.9,361,92,1.0,19.9,361,92,1.0,19.9,361,92,1.0,19.9,361,92,1.0,19.9,361,92,1.0,19.9,361,92,1.0,19.9,361,92,1.0,19.9,361,92,1.0,19.9,361,92,1.0,19.9,361,92,1.0,19.9,361,92,1.0,19.9,361,92,1.0,19.9,361,92,1.0,19.9,361,92,1.0,19.9,361,92,1.0,19.9,361,92,1.0,19.9,361,92,1.0,19.9,361,92,1.0,19.9,361,92,1.0,19.9,361,92,1.0,19.9,361,92,1.0,19.9,361,92,1.0,19.9,361,92,1.0,19.9
328,170.52,1.51,3.77,0,362,92,1.0,19.9,362,92,1.0,19.9,362,92,1.0,19.9,362,92,1.0,19.9,362,92,1.0,19.9,362,92,1.0,19.9,362,92,1.0,19.9,362,92,1.0,19.9,362,92,1.0,19.9,362,92,1.0,19.9,362,92,1.0,19.9,362,92,1.0,19.9,362,92,1.0,19.9,362,92,1.0,19.9,362,92,1.0,19.9,362,92,1.0,19.9,362,92,1.0,19.9,362,92,1.0,19.9,362,92,1.0,19.9,362,92,1.0,19.9,362,92,1.0,19.9,362,92,1.0,19.9,362,92,1.0,19.9,362,92,1.0,19.9,362,92,1.0,19.9,362,92,1.0,19.9,362,92,1.0,19.9,362,92,1.0,19.9,362,92,1.0,19.9,362,92,1.0,19.9,362,92,1.0,19.9,362,92,1.0,19.9
329,170.98,1.52,3.79,0,364,91,1.0,20.0,364,91,1.0,20.0,364,91,1.0,20.0,364,91,1.0,20.0,364,91,1.0,20.0,364,91,1.0,20.0,364,91,1.0,20.0,364,91,1.0,20.0,364,91,1.0,20.0,364,91,1.0,20.0,364,91,1.0,20.0,364,91,1.0,20.0,364,91,1.0,20.0,364,91,1.0,20.0,364,91,1.0,20.0,364,91,1.0,20.0,364,91,1.0,20.0,364,91,1.0,20.0,364,91,1.0,20.0,364,91,1.0,20.0,364,91,1.0,20.0,364,91,1.0,20.0,364,91,1.0,20.0,364,91,1.0,20.0,364,91,1.0,20.0,364,91,1.0,20.0,364,91,1.0,20.0,364,91,1.0,20.0,364,91,1.0,20.0,364,91,1.0,20.0,364,91,1.0,20.0,364,91,1.0,20.0
330,171.44,1.53,3.82,0,367,88,1.0,20.2,367,88,1.0,20.2,367,88,1.0,20.2,367,88,1.0,20.2,367,88,1.0,20.2,367,88,1.0,20.2,367,88,1.0,20.2,367,88,1.0,20.2,367,88,1.0,20.2,367,88,1.0,20.2,367,88,1.0,20.2,367,88,1.0,20.2,367,88,1.0,20.2,367,88,1.0,20.2,367,88,1.0,20.2,367,88,1.0,20.2,367,88,1.0,20.2,367,88,1.0,20.2,367,88,1.0,20.2,367,88,1.0,20.2,367,88,1.0,20.2,367,88,1.0,20.2,367,88,1.0,20.2,367,88,1.0,20.2,367,88,1.0,20.2,367,88,1.0,20.2,367,88,1.0,20.2,367,88,1.0,20.2,367,88,1.0,20.2,367,88,1.0,20.2,367,88,1.0,20.2,367,88,1.0,20.2
331,172.15,1.53,3.82,0,367,87,1.0,20.2,367,87,1.0,20.2,367,87,1.0,20.2,367,87,1.0,20.2,367,87,1.0,20.2,367,87,1.0,20.2,367,87,1.0,20.2,367,87,1.0,20.2,367,87,1.0,20.2,367,87,1.0,20.2,367,87,1.0,20.2,367,87,1.0,20.2,367,87,1.0,20.2,367,87,1.0,20.2,367,87,1.0,20.2,367,87,1.0,20.2,367,87,1.0,20.2,367,87,1.0,20.2,367,87,1.0,20.2,367,87,1.0,20.2,367,87,1.0,20.2,367,87,1.0,20.2,367,87,1.0,20.2,367,87,1.0,20.2,367,87,1.0,20.2,367,87,1.0,20.2,367,87,1.0,20.2,367,87,1.0,20.2,367,87,1.0,20.2,367,87,1.0,20.2,367,87,1.0,20.2,367,87,1.0,20.2
332,172.61,1.52,3.81,0,366,90,1.0,20.1,366,90,1.0,20.1,366,90,1.0,20.1,366,90,1.0,20.1,366,90,1.0,20.1,366,90,1.0,20.1,366,90,1.0,20.1,366,90,1.0,20.1,366,90,1.0,20.1,366,90,1.0,20.1,366,90,1.0,20.1,366,90,1.0,20.1,366,90,1.0,20.1,366,90,1.0,20.1,366,90,1.0,20.1,366,90,1.0,20.1,366,90,1.0,20.1,366,90,1.0,20.1,366,90,1.0,20.1,366,90,1.0,20.1,366,90,1.0,20.1,366,90,1.0,20.1,366,90,1.0,20.1,366,90,1.0,20.1,366,90,1.0,20.1,366,90,1.0,20.1,366,90,1.0,20.1,366,90,1.0,20.1,366,90,1.0,20.1,366,90,1.0,20.1,366,90,1.0,20.1,366,90,1.0,20.1
333,173.07,1.53,3.82,0,367,89,1.0,20.1,367,89,1.0,20.1,367,89,1.0,20.1,367,89,1.0,20.1,367,89,1.0,20.1,367,89,1.0,20.1,367,89,1.0,20.1,367,89,1.0,20.1,367,89,1.0,20.1,367,89,1.0,20.1,367,89,1.0,20.1,367,89,1.0,20.1,367,89,1.0,20.1,367,89,1.0,20.1,367,89,1.0,20.1,367,89,1.0,20.1,367,89,1.0,20.1,367,89,1.0,20.1,367,89,1.0,20.1,367,89,1.0,20.1,367,89,1.0,20.1,367,89,1.0,20.1,367,89,1.0,20.1,367,89,1.0,20.1,367,89,1.0,20.1,367,89,1.0,20.1,367,89,1.0,20.1,367,89,1.0,20.1,367,89,1.0,20.1,367,89,1.0,20.1,367,89,1.0,20.1,367,89,1.0,20.1
334,173.53,1.52,3.81,0,366,88,1.0,20.2,366,88,1.0,20.2,366,88,1.0,20.2,366,88,1.0,20.2,366,88,1.0,20.2,366,88,1.0,20.2,366,88,1.0,20.2,366,88,1.0,20.2,366,88,1.0,20.2,366,88,1.0,20.2,366,88,1.0,20.2,366,88,1.0,20.2,366,88,1.0,20.2,366,88,1.0,20.2,366,88,1.0,20.2,366,88,1.0,20.2,366,88,1.0,20.2,366,88,1.0,20.2,366,88,1.0,20.2,366,88,1.0,20.2,366,88,1.0,20.2,366,88,1.0,20.2,366,88,1.0,20.2,366,88,1.0,20.2,366,88,1.0,20.2,366,88,1.0,20.2,366,88,1.0,20.2,366,88,1.0,20.2,366,88,1.0,20.2,366,88,1.0,20.2,366,88,1.0,20.2,366,88,1.0,20.2
335,174.48,1.52,3.79,0,364,92,1.0,20.0,364,92,1.0,20.0,364,92,1.0,20.0,364,92,1.0,20.0,364,92,1.0,20.0,364,92,1.0,20.0,364,92,1.0,20.0,364,92,1.0,20.0,364,92,1.0,20.0,364,92,1.0,20.0,364,92,1.0,20.0,364,92,1.0,20.0,364,92,1.0,20.0,364,92,1.0,20.0,364,92,1.0,20.0,364,92,1.0,20.0,364,92,1.0,20.0,364,92,1.0,20.0,364,92,1.0,20.0,364,92,1.0,20.0,364,92,1.0,20.0,364,92,1.0,20.0,364,92,1.0,20.0,364,92,1.0,20.0,364,92,1.0,20.0,364,92,1.0,20.0,364,92,1.0,20.0,364,92,1.0,20.0,364,92,1.0,20.0,364,92,1.0,20.0,364,92,1.0,20.0,364,92,1.0,20.0
336,175.18,1.52,3.79,0,364,93,1.0,19.9,364,93,1.0,19.9,364,93,1.0,19.9,364,93,1.0,19.9,364,93,1.0,19.9,364,93,1.0,19.9,364,93,1.0,19.9,364,93,1.0,19.9,364,93,1.0,19.9,364,93,1.0,19.9,364,93,1.0,19.9,364,93,1.0,19.9,364,93,1.0,19.9,364,93,1.0,19.9,364,93,1.0,19.9,364,93,1.0,19.9,364,93,1.0,19.9,364,93,1.0,19.9,364,93,1.0,19.9,364,93,1.0,19.9,364,93,1.0,19.9,364,93,1.0,19.9,364,93,1.0,19.9,364,93,1.0,19.9,364,93,1.0,19.9,364,93,1.0,19.9,364,93,1.0,19.9,364,93,1.0,19.9,364,93,1.0,19.9,364,93,1.0,19.9,364,93,1.0,19.9,364,93,1.0,19.9
337,175.14,1.52,3.79,0,364,93,1.0,19.9,364,93,1.0,19.9,364,93,1.0,19.9,364,93,1.0,19.9,364,93,1.0,19.9,364,93,1.0,19.9,364,93,1.0,19.9,364,93,1.0,19.9,364,93,1.0,19.9,364,93,1.0,19.9,364,93,1.0,19.9,364,93,1.0,19.9,364,93,1.0,19.9,364,93,1.0,19.9,364,93,1.0,19.9,364,93,1.0,19.9,364,93,1.0,19.9,364,93,1.0,19.9,364,93,1.0,19.9,364,93,1.0,19.9,364,93,1.0,19.9,364,93,1.0,19.9,364,93,1.0,19.9,364,93,1.0,19.9,364,93,1.0,19.9,364,93,1.0,19.9,364,93,1.0,19.9,364,93,1.0,19.9,364,93,1.0,19.9,364,93,1.0,19.9,364,93,1.0,19.9,364,93,1.0,19.9
338,176.09,1.52,3.8,0,365,93,1.0,19.9,365,93,1.0,19.9,365,93,1.0,19.9,365,93,1.0,19.9,365,93,1.0,19.9,365,93,1.0,19.9,365,93,1.0,19.9,365,93,1.0,19.9,365,93,1.0,19.9,365,93,1.0,19.9,365,93,1.0,19.9,365,93,1.0,19.9,365,93,1.0,19.9,365,93,1.0,19.9,365,93,1.0,19.9,365,93,1.0,19.9,365,93,1.0,19.9,365,93,1.0,19.9,365,93,1.0,19.9,365,93,1.0,19.9,365,93,1.0,19.9,365,93,1.0,19.9,365,93,1.0,19.9,365,93,1.0,19.9,365,93,1.0,19.9,365,93,1.0,19.9,365,93,1.0,19.9,365,93,1.0,19.9,365,93,1.0,19.9,365,93,1.0,19.9,365,93,1.0,19.9,365,93,1.0,19.9
339,176.05,1.53,3.82,0,367,90,1.0,20.1,367,90,1.0,20.1,367,90,1.0,20.1,367,90,1.0,20.1,367,90,1.0,20.1,367,90,1.0,20.1,367,90,1.0,20.1,367,90,1.0,20.1,367,90,1.0,20.1,367,90,1.0,20.1,367,90,1.0,20.1,367,90,1.0,20.1,367,90,1.0,20.1,367,90,1.0,20.1,367,90,1.0,20.1,367,90,1.0,20.1,367,90,1.0,20.1,367,90,1.0,20.1,367,90,1.0,20.1,367,90,1.0,20.1,367,90,1.0,20.1,367,90,1.0,20.1,367,90,1.0,20.1,367,90,1.0,20.1,367,90,1.0,20.1,367,90,1.0,20.1,367,90,1.0,20.1,367,90,1.0,20.1,367,90,1.0,20.1,367,90,1.0,20.1,367,90,1.0,20.1,367,90,1.0,20.1
340,176.26,1.52,3.8,0,365,96,1.0,19.8,365,96,1.0,19.8,365,96,1.0,19.8,365,96,1.0,19.8,365,96,1.0,19.8,365,96,1.0,19.8,365,96,1.0,19.8,365,96,1.0,19.8,365,96,1.0,19.8,365,96,1.0,19.8,365,96,1.0,19.8,365,96,1.0,19.8,365,96,1.0,19.8,365,96,1.0,19.8,365,96,1.0,19.8,365,96,1.0,19.8,365,96,1.0,19.8,365,96,1.0,19.8,365,96,1.0,19.8,365,96,1.0,19.8,365,96,1.0,19.8,365,96,1.0,19.8,365,96,1.0,19.8,365,96,1.0,19.8,365,96,1.0,19.8,365,96,1.0,19.8,365,96,1.0,19.8,365,96,1.0,19.8,365,96,1.0,19.8,365,96,1.0,19.8,365,96,1.0,19.8,365,96,1.0,19.8
341,176.23,1.52,3.8,0,365,97,1.0,19.8,365,97,1.0,19.8,365,97,1.0,19.8,365,97,1.0,19.8,365,97,1.0,19.8,365,97,1.0,19.8,365,97,1.0,19.8,365,97,1.0,19.8,365,97,1.0,19.8,365,97,1.0,19.8,365,97,1.0,19.8,365,97,1.0,19.8,365,97,1.0,19.8,365,97,1.0,19.8,365,97,1.0,19.8,365,97,1.0,19.8,365,97,1.0,19.8,365,97,1.0,19.8,365,97,1.0,19.8,365,97,1.0,19.8,365,97,1.0,19.8,365,97,1.0,19.8,365,97,1.0,19.8,365,97,1.0,19.8,365,97,1.0,19.8,365,97,1.0,19.8,365,97,1.0,19.8,365,97,1.0,19.8,365,97,1.0,19.8,365,97,1.0,19.8,365,97,1.0,19.8,365,97,1.0,19.8
342,175.48,1.52,3.8,0,365,97,1.0,19.8,365,97,1.0,19.8,365,97,1.0,19.8,365,97,1.0,19.8,365,97,1.0,19.8,365,97,1.0,19.8,365,97,1.0,19.8,365,97,1.0,19.8,365,97,1.0,19.8,365,97,1.0,19.8,365,97,1.0,19.8,365,97,1.0,19.8,365,97,1.0,19.8,365,97,1.0,19.8,365,97,1.0,19.8,365,97,1.0,19.8,365,97,1.0,19.8,365,97,1.0,19.8,365,97,1.0,19.8,365,97,1.0,19.8,365,97,1.0,19.8,365,97,1.0,19.8,365,97,1.0,19.8,365,97,1.0,19.8,365,97,1.0,19.8,365,97,1.0,19.8,365,97,1.0,19.8,365,97,1.0,19.8,365,97,1.0,19.8,365,97,1.0,19.8,365,97,1.0,19.8,365,97,1.0,19.8
343,176.19,1.51,3.78,0,363,102,1.0,19.5,363,102,1.0,19.5,363,102,1.0,19.5,363,102,1.0,19.5,363,102,1.0,19.5,363,102,1.0,19.5,363,102,1.0,19.5,363,102,1.0,19.5,363,102,1.0,19.5,363,102,1.0,19.5,363,102,1.0,19.5,363,102,1.0,19.5,363,102,1.0,19.5,363,102,1.0,19.5,363,102,1.0,19.5,363,102,1.0,19.5,363,102,1.0,19.5,363,102,1.0,19.5,363,102,1.0,19.5,363,102,1.0,19.5,363,102,1.0,19.5,363,102,1.0,19.5,363,102,1.0,19.5,363,102,1.0,19.5,363,102,1.0,19.5,363,102,1.0,19.5,363,102,1.0,19.5,363,102,1.0,19.5,363,102,1.0,19.5,363,102,1.0,19.5,363,102,1.0,19.5,363,102,1.0,19.5
344,176.66,1.5,3.76,0,361,105,1.0,19.4,361,105,1.0,19.4,361,105,1.0,19.4,361,105,1.0,19.4,361,105,1.0,19.4,361,105,1.0,19.4,361,105,1.0,19.4,361,105,1.0,19.4,361,105,1.0,19.4,361,105,1.0,19.4,361,105,1.0,19.4,361,105,1.0,19.4,361,105,1.0,19.4,361,105,1.0,19.4,361,105,1.0,19.4,361,105,1.0,19.4,361,105,1.0,19.4,361,105,1.0,19.4,361,105,1.0,19.4,361,105,1.0,19.4,361,105,1.0,19.4,361,105,1.0,19.4,361,105,1.0,19.4,361,105,1.0,19.4,361,105,1.0,19.4,361,105,1.0,19.4,361,105,1.0,19.4,361,105,1.0,19.4,361,105,1.0,19.4,361,105,1.0,19.4,361,105,1.0,19.4,361,105,1.0,19.4
345,176.4,1.51,3.77,0,362,105,1.0,19.4,362,105,1.0,19.4,362,105,1.0,19.4,362,105,1.0,19.4,362,105,1.0,19.4,362,105,1.0,19.4,362,105,1.0,19.4,362,105,1.0,19.4,362,105,1.0,19.4,362,105,1.0,19.4,362,105,1.0,19.4,362,105,1.0,19.4,362,105,1.0,19.4,362,105,1.0,19.4,362,105,1.0,19.4,362,105,1.0,19.4,362,105,1.0,19.4,362,105,1.0,19.4,362,105,1.0,19.4,362,105,1.0,19.4,362,105,1.0,19.4,362,105,1.0,19.4,362,105,1.0,19.4,362,105,1.0,19.4,362,105,1.0,19.4,362,105,1.0,19.4,362,105,1.0,19.4,362,105,1.0,19.4,362,105,1.0,19.4,362,105,1.0,19.4,362,105,1.0,19.4,362,105,1.0,19.4
346,176.87,1.51,3.77,0,362,108,1.0,19.3,362,108,1.0,19.3,362,108,1.0,19.3,362,108,1.0,19.3,362,108,1.0,19.3,362,108,1.0,19.3,362,108,1.0,19.3,362,108,1.0,19.3,362,108,1.0,19.3,362,108,1.0,19.3,362,108,1.0,19.3,362,108,1.0,19.3,362,108,1.0,19.3,362,108,1.0,19.3,362,108,1.0,19.3,362,108,1.0,19.3,362,108,1.0,19.3,362,108,1.0,19.3,362,108,1.0,19.3,362,108,1.0,19.3,362,108,1.0,19.3,362,108,1.0,19.3,362,108,1.0,19.3,362,108,1.0,19.3,362,108,1.0,19.3,362,108,1.0,19.3,362,108,1.0,19.3,362,108,1.0,19.3,362,108,1.0,19.3,362,108,1.0,19.3,362,108,1.0,19.3,362,108,1.0,19.3
347,177.59,1.51,3.77,0,362,104,1.0,19.4,362,104,1.0,19.4,362,104,1.0,19.4,362,104,1.0,19.4,362,104,1.0,19.4,362,104,1.0,19.4,362,104,1.0,19.4,362,104,1.0,19.4,362,104,1.0,19.4,362,104,1.0,19.4,362,104,1.0,19.4,362,104,1.0,19.4,362,104,1.0,19.4,362,104,1.0,19.4,362,104,1.0,19.4,362,104,1.0,19.4,362,104,1.0,19.4,362,104,1.0,19.4,362,104,1.0,19.4,362,104,1.0,19.4,362,104,1.0,19.4,362,104,1.0,19.4,362,104,1.0,19.4,362,104,1.0,19.4,362,104,1.0,19.4,362,104,1.0,19.4,362,104,1.0,19.4,362,104,1.0,19.4,362,104,1.0,19.4,362,104,1.0,19.4,362,104,1.0,19.4,362,104,1.0,19.4
348,178.54,1.5,3.76,0,361,107,1.0,19.3,361,107,1.0,19.3,361,107,1.0,19.3,361,107,1.0,19.3,361,107,1.0,19.3,361,107,1.0,19.3,361,107,1.0,19.3,361,107,1.0,19.3,361,107,1.0,19.3,361,107,1.0,19.3,361,107,1.0,19.3,361,107,1.0,19.3,361,107,1.0,19.3,361,107,1.0,19.3,361,107,1.0,19.3,361,107,1.0,19.3,361,107,1.0,19.3,361,107,1.0,19.3,361,107,1.0,19.3,361,107,1.0,19.3,361,107,1.0,19.3,361,107,1.0,19.3,361,107,1.0,19.3,361,107,1.0,19.3,361,107,1.0,19.3,361,107,1.0,19.3,361,107,1.0,19.3,361,107,1.0,19.3,361,107,1.0,19.3,361,107,1.0,19.3,361,107,1.0,19.3,361,107,1.0,19.3
349,178.28,1.52,3.79,0,364,106,1.0,19.4,364,106,1.0,19.4,364,106,1.0,19.4,364,106,1.0,19.4,364,106,1.0,19.4,364,106,1.0,19.4,364,106,1.0,19.4,364,106,1.0,19.4,364,106,1.0,19.4,364,106,1.0,19.4,364,106,1.0,19.4,364,106,1.0,19.4,364,106,1.0,19.4,364,106,1.0,19.4,364,106,1.0,19.4,364,106,1.0,19.4,364,106,1.0,19.4,364,106,1.0,19.4,364,106,1.0,19.4,364,106,1.0,19.4,364,106,1.0,19.4,364,106,1.0,19.4,364,106,1.0,19.4,364,106,1.0,19.4,364,106,1.0,19.4,364,106,1.0,19.4,364,106,1.0,19.4,364,106,1.0,19.4,364,106,1.0,19.4,364,106,1.0,19.4,364,106,1.0,19.4,364,106,1.0,19.4
350,178.51,1.52,3.79,0,364,105,1.0,19.4,364,105,1.0,19.4,364,105,1.0,19.4,364,105,1.0,19.4,364,105,1.0,19.4,364,105,1.0,19.4,364,105,1.0,19.4,364,105,1.0,19.4,364,105,1.0,19.4,364,105,1.0,19.4,364,105,1.0,19.4,364,105,1.0,19.4,364,105,1.0,19.4,364,105,1.0,19.4,364,105,1.0,19.4,364,105,1.0,19.4,364,105,1.0,19.4,364,105,1.0,19.4,364,105,1.0,19.4,364,105,1.0,19.4,364,105,1.0,19.4,364,105,1.0,19.4,364,105,1.0,19.4,364,105,1.0,19.4,364,105,1.0,19.4,364,105,1.0,19.4,364,105,1.0,19.4,364,105,1.0,19.4,364,105,1.0,19.4,364,105,1.0,19.4,364,105,1.0,19.4,364,105,1.0,19.4
351,178.99,1.52,3.79,0,364,108,1.0,19.3,364,108,1.0,19.3,364,108,1.0,19.3,364,108,1.0,19.3,364,108,1.0,19.3,364,108,1.0,19.3,364,108,1.0,19.3,364,108,1.0,19.3,364,108,1.0,19.3,364,108,1.0,19.3,364,108,1.0,19.3,364,108,1.0,19.3,364,108,1.0,19.3,364,108,1.0,19.3,364,108,1.0,19.3,364,108,1.0,19.3,364,108,1.0,19.3,364,108,1.0,19.3,364,108,1.0,19.3,364,108,1.0,19.3,364,108,1.0,19.3,364,108,1.0,19.3,364,108,1.0,19.3,364,108,1.0,19.3,364,108,1.0,19.3,364,108,1.0,19.3,364,108,1.0,19.3,364,108,1.0,19.3,364,108,1.0,19.3,364,108,1.0,19.3,364,108,1.0,19.3,364,108,1.0,19.3
352,179.22,1.52,3.79,0,364,110,1.0,19.2,364,110,1.0,19.2,364,110,1.0,19.2,364,110,1.0,19.2,364,110,1.0,19.2,364,110,1.0,19.2,364,110,1.0,19.2,364,110,1.0,19.2,364,110,1.0,19.2,364,110,1.0,19.2,364,110,1.0,19.2,364,110,1.0,19.2,364,110,1.0,19.2,364,110,1.0,19.2,364,110,1.0,19.2,364,110,1.0,19.2,364,110,1.0,19.2,364,110,1.0,19.2,364,110,1.0,19.2,364,110,1.0,19.2,364,110,1.0,19.2,364,110,1.0,19.2,364,110,1.0,19.2,364,110,1.0,19.2,364,110,1.0,19.2,364,110,1.0,19.2,364,110,1.0,19.2,364,110,1.0,19.2,364,110,1.0,19.2,364,110,1.0,19.2,364,110,1.0,19.2,364,110,1.0,19.2
353,179.94,1.51,3.78,0,363,110,1.0,19.2,363,110,1.0,19.2,363,110,1.0,19.2,363,110,1.0,19.2,363,110,1.0,19.2,363,110,1.0,19.2,363,110,1.0,19.2,363,110,1.0,19.2,363,110,1.0,19.2,363,110,1.0,19.2,363,110,1.0,19.2,363,110,1.0,19.2,363,110,1.0,19.2,363,110,1.0,19.2,363,110,1.0,19.2,363,110,1.0,19.2,363,110,1.0,19.2,363,110,1.0,19.2,363,110,1.0,19.2,363,110,1.0,19.2,363,110,1.0,19.2,363,110,1.0,19.2,363,110,1.0,19.2,363,110,1.0,19.2,363,110,1.0,19.2,363,110,1.0,19.2,363,110,1.0,19.2,363,110,1.0,19.2,363,110,1.0,19.2,363,110,1.0,19.2,363,110,1.0,19.2,363,110,1.0,19.2
354,180.65,1.52,3.8,0,365,109,1.0,19.3,365,109,1.0,19.3,365,109,1.0,19.3,365,109,1.0,19.3,365,109,1.0,19.3,365,109,1.0,19.3,365,109,1.0,19.3,365,109,1.0,19.3,365,109,1.0,19.3,365,109,1.0,19.3,365,109,1.0,19.3,365,109,1.0,19.3,365,109,1.0,19.3,365,109,1.0,19.3,365,109,1.0,19.3,365,109,1.0,19.3,365,109,1.0,19.3,365,109,1.0,19.3,365,109,1.0,19.3,365,109,1.0,19.3,365,109,1.0,19.3,365,109,1.0,19.3,365,109,1.0,19.3,365,109,1.0,19.3,365,109,1.0,19.3,365,109,1.0,19.3,365,109,1.0,19.3,365,109,1.0,19.3,365,109,1.0,19.3,365,109,1.0,19.3,365,109,1.0,19.3,365,109,1.0,19.3
355,181.12,1.52,3.8,0,365,111,1.0,19.2,365,111,1.0,19.2,365,111,1.0,19.2,365,111,1.0,19.2,365,111,1.0,19.2,365,111,1.0,19.2,365,111,1.0,19.2,365,111,1.0,19.2,365,111,1.0,19.2,365,111,1.0,19.2,365,111,1.0,19.2,365,111,1.0,19.2,365,111,1.0,19.2,365,111,1.0,19.2,365,111,1.0,19.2,365,111,1.0,19.2,365,111,1.0,19.2,365,111,1.0,19.2,365,111,1.0,19.2,365,111,1.0,19.2,365,111,1.0,19.2,365,111,1.0,19.2,365,111,1.0,19.2,365,111,1.0,19.2,365,111,1.0,19.2,365,111,1.0,19.2,365,111,1.0,19.2,365,111,1.0,19.2,365,111,1.0,19.2,365,111,1.0,19.2,365,111,1.0,19.2,365,111,1.0,19.2
356,181.83,1.52,3.8,0,365,110,1.0,19.2,365,110,1.0,19.2,365,110,1.0,19.2,365,110,1.0,19.2,365,110,1.0,19.2,365,110,1.0,19.2,365,110,1.0,19.2,365,110,1.0,19.2,365,110,1.0,19.2,365,110,1.0,19.2,365,110,1.0,19.2,365,110,1.0,19.2,365,110,1.0,19.2,365,110,1.0,19.2,365,110,1.0,19.2,365,110,1.0,19.2,365,110,1.0,19.2,365,110,1.0,19.2,365,110,1.0,19.2,365,110,1.0,19.2,365,110,1.0,19.2,365,110,1.0,19.2,365,110,1.0,19.2,365,110,1.0,19.2,365,110,1.0,19.2,365,110,1.0,19.2,365,110,1.0,19.2,365,110,1.0,19.2,365,110,1.0,19.2,365,110,1.0,19.2,365,110,1.0,19.2,365,110,1.0,19.2
357,182.31,1.53,3.83,0,368,108,1.0,19.3,368,108,1.0,19.3,368,108,1.0,19.3,368,108,1.0,19.3,368,108,1.0,19.3,368,108,1.0,19.3,368,108,1.0,19.3,368,108,1.0,19.3,368,108,1.0,19.3,368,108,1.0,19.3,368,108,1.0,19.3,368,108,1.0,19.3,368,108,1.0,19.3,368,108,1.0,19.3,368,108,1.0,19.3,368,108,1.0,19.3,368,108,1.0,19.3,368,108,1.0,19.3,368,108,1.0,19.3,368,108,1.0,19.3,368,108,1.0,19.3,368,108,1.0,19.3,368,108,1.0,19.3,368,108,1.0,19.3,368,108,1.0,19.3,368,108,1.0,19.3,368,108,1.0,19.3,368,108,1.0,19.3,368,108,1.0,19.3,368,108,1.0,19.3,368,108,1.0,19.3,368,108,1.0,19.3
358,182.54,1.53,3.82,0,367,111,1.0,19.2,367,111,1.0,19.2,367,111,1.0,19.2,367,111,1.0,19.2,367,111,1.0,19.2,367,111,1.0,19.2,367,111,1.0,19.2,367,111,1.0,19.2,367,111,1.0,19.2,367,111,1.0,19.2,367,111,1.0,19.2,367,111,1.0,19.2,367,111,1.0,19.2,367,111,1.0,19.2,367,111,1.0,19.2,367,111,1.0,19.2,367,111,1.0,19.2,367,111,1.0,19.2,367,111,1.0,19.2,367,111,1.0,19.2,367,111,1.0,19.2,367,111,1.0,19.2,367,111,1.0,19.2,367,111,1.0,19.2,367,111,1.0,19.2,367,111,1.0,19.2,367,111,1.0,19.2,367,111,1.0,19.2,367,111,1.0,19.2,367,111,1.0,19.2,367,111,1.0,19.2,367,111,1.0,19.2
359,182.53,1.53,3.82,0,367,110,1.0,19.2,367,110,1.0,19.2,367,110,1.0,19.2,367,110,1.0,19.2,367,110,1.0,19.2,367,110,1.0,19.2,367,110,1.0,19.2,367,110,1.0,19.2,367,110,1.0,19.2,367,110,1.0,19.2,367,110,1.0,19.2,367,110,1.0,19.2,367,110,1.0,19.2,367,110,1.0,19.2,367,110,1.0,19.2,367,110,1.0,19.2,367,110,1.0,19.2,367,110,1.0,19.2,367,110,1.0,19.2,367,110,1.0,19.2,367,110,1.0,19.2,367,110,1.0,19.2,367,110,1.0,19.2,367,110,1.0,19.2,367,110,1.0,19.2,367,110,1.0,19.2,367,110,1.0,19.2,367,110,1.0,19.2,367,110,1.0,19.2,367,110,1.0,19.2,367,110,1.0,19.2,367,110,1.0,19.2
